Player ID,Name,Pos,Team,Cost,Total Points,Bonus,Points/$,Games,Goals,Assists,xG,xA,xGI,gc,xGc,clean_sheets,def_con,Saves,h_Games,h_Goals,h_Assists,h_xG,h_xA,h_xGI,h_Gc,h_xGc,a_Games,a_Goals,a_Assists,a_xG,a_xA,a_xGI,a_Gc,a_xGc
249,João Pedro,FWD,Chelsea,7.8,32,4,4.1,5,4,1,4.73,0.23,4.96,7,4.37,1,18,0,0,2,1,1.45,0.08,1.53,1,1.81,3,3,1,3.28,0.15,3.43,6,2.56
449,B.Fernandes,MID,Manchester Utd,10.2,46,11,4.51,5,2,5,2.16,2.33,4.49,6,6.28,1,32,0,3,2,1,0.94,0.78,1.72,2,1.38,3,1,2,1.22,1.55,2.77,4,4.9
485,Gordon,MID,Newcastle Utd,7.4,32,6,4.32,5,3,0,3.19,0.22,3.41,7,7.22,1,24,0,0,3,2,1.86,0.2,2.06,5,4.84,2,1,0,1.33,0.02,1.35,2,2.38
136,Thiago,FWD,Brentford,7.3,20,1,2.74,5,2,0,2.79,0.54,3.33,7,5.89,2,41,0,0,2,1,2.16,0.44,2.6,4,2.48,3,1,0,0.63,0.1,0.73,3,3.41
84,Tavernier,MID,Bournemouth,5.4,15,2,2.78,5,0,1,2.09,0.75,2.84,3,5.09,2,34,0,1,3,0,1.89,0.37,2.26,3,3.51,2,0,0,0.2,0.38,0.58,0,1.58
337,Raúl,FWD,Fulham,6.2,21,2,3.39,5,3,0,2.49,0.17,2.66,1,2.63,2,19,0,0,3,1,1.46,0.06,1.52,1,1.72,2,2,0,1.03,0.11,1.14,0,0.91
163,Hinshelwood,MID,Brighton,5.1,21,0,4.12,5,0,3,1.36,1.1,2.46,3,4.63,2,16,0,2,3,0,0.41,0.91,1.32,3,2.21,2,0,1,0.95,0.19,1.14,0,2.42
178,Welbeck,FWD,Brighton,6.1,33,9,5.41,5,4,0,1.92,0.53,2.45,2,4.52,2,19,0,0,3,3,1.45,0.41,1.86,2,2.1,2,1,0,0.47,0.12,0.59,0,2.42
82,Semenyo,MID,Manchester City,8.2,35,3,4.27,5,3,1,2.08,0.3,2.38,4,4.87,2,32,0,1,3,2,1.1,0.26,1.36,3,2.84,2,1,0,0.98,0.04,1.02,1,2.03
691,Calvert-Lewin,FWD,Leeds United,5.6,8,0,1.43,5,0,0,2.32,0.06,2.38,3,5.45,2,26,0,0,3,0,1.0,0.02,1.02,2,3.32,2,0,0,1.32,0.04,1.36,1,2.13
83,O.Dango,MID,Brentford,6.0,19,3,3.17,5,0,2,0.52,1.84,2.36,7,5.11,1,32,0,1,2,0,0.35,1.64,1.99,4,2.42,3,0,1,0.17,0.2,0.37,3,2.69
215,Flemming,FWD,Burnley,5.3,24,4,4.53,4,3,0,2.06,0.12,2.18,7,8.79,1,24,0,0,2,1,1.18,0.1,1.28,3,3.65,2,2,0,0.88,0.02,0.9,4,5.14
311,Beto,FWD,Everton,5.0,30,6,6.0,5,3,1,2.01,0.06,2.07,1,2.41,3,22,0,1,3,2,0.88,0.05,0.93,0,0.97,2,1,0,1.13,0.01,1.14,1,1.44
16,Saka,MID,Arsenal,9.8,31,4,3.16,5,2,1,1.41,0.64,2.05,3,3.67,2,44,0,0,2,0,0.16,0.38,0.54,1,2.1,3,2,1,1.25,0.26,1.51,2,1.57
661,Ekitiké,FWD,Liverpool,9.3,21,3,2.26,5,1,2,1.48,0.57,2.05,5,3.9,1,18,0,2,2,1,0.71,0.18,0.89,3,2.27,3,0,0,0.77,0.39,1.16,2,1.63
411,O'Reilly,DEF,Manchester City,5.0,38,4,7.6,4,3,0,1.83,0.18,2.01,2,3.97,2,8,0,0,2,3,0.8,0.12,0.92,1,2.04,2,0,0,1.03,0.06,1.09,1,1.93
624,Bowen,FWD,West Ham,7.5,23,1,3.07,5,0,3,0.4,1.57,1.97,8,7.09,2,54,0,1,2,0,0.14,1.04,1.18,1,2.68,3,0,2,0.26,0.53,0.79,7,4.41
515,Gibbs-White,MID,Nott'ham Forest,7.4,30,3,4.05,5,3,0,1.83,0.13,1.96,4,5.91,3,25,0,0,2,0,0.31,0.05,0.36,0,2.12,3,3,0,1.52,0.08,1.6,4,3.79
267,Sarr,MID,Crystal Palace,6.3,24,3,3.81,5,2,0,1.82,0.09,1.91,6,6.91,2,27,0,0,3,0,0.55,0.05,0.6,3,3.28,2,2,0,1.27,0.04,1.31,3,3.63
615,Summerville,MID,West Ham,5.6,15,3,2.68,3,1,0,1.12,0.76,1.88,5,3.38,2,30,0,0,1,0,0.72,0.33,1.05,0,0.65,2,1,0,0.4,0.43,0.83,5,2.73
100,Kroupi.Jr,FWD,Bournemouth,4.7,12,0,2.55,5,1,0,1.48,0.4,1.88,1,6.14,2,26,0,0,3,1,1.2,0.1,1.3,1,1.59,2,0,0,0.28,0.3,0.58,0,4.55
235,Palmer,MID,Chelsea,10.6,17,2,1.6,5,1,0,0.92,0.93,1.85,7,4.53,1,32,0,0,2,0,0.7,0.54,1.24,1,1.69,3,1,0,0.22,0.39,0.61,6,2.84
671,Wilson,FWD,West Ham,5.8,3,0,0.52,3,0,0,1.63,0.21,1.84,1,1.28,0,3,0,0,1,0,1.03,0.13,1.16,0,0.31,2,0,0,0.6,0.08,0.68,1,0.97
266,Eze,MID,Arsenal,7.2,23,2,3.19,5,2,0,1.28,0.53,1.81,3,3.44,2,22,0,0,2,0,0.4,0.16,0.56,1,2.1,3,2,0,0.88,0.37,1.25,2,1.34
666,Gyökeres,FWD,Arsenal,8.8,25,5,2.84,5,3,0,1.35,0.44,1.78,3,2.51,0,16,0,0,2,1,1.03,0.05,1.07,1,1.08,3,2,0,0.32,0.39,0.71,2,1.43
720,Tolu,FWD,Wolves,5.3,12,0,2.26,5,1,1,1.71,0.05,1.76,3,3.89,0,18,0,1,3,0,0.02,0.02,0.04,2,1.75,2,1,0,1.69,0.03,1.72,1,2.14
200,Anthony,MID,Burnley,5.0,21,0,4.2,5,1,1,0.89,0.86,1.75,10,11.17,1,43,0,1,2,1,0.62,0.26,0.88,4,4.8,3,0,0,0.27,0.6,0.87,6,6.37
242,Dewsbury-Hall,MID,Everton,5.1,24,1,4.71,5,1,1,0.97,0.76,1.73,5,6.69,2,46,0,0,3,1,0.89,0.13,1.02,1,2.99,2,0,1,0.08,0.63,0.71,4,3.7
387,Szoboszlai,MID,Liverpool,7.0,26,3,3.71,5,1,1,0.28,1.42,1.7,7,6.84,1,63,0,1,2,1,0.1,0.72,0.82,3,3.04,3,0,0,0.18,0.7,0.88,4,3.8
273,Wharton,MID,Crystal Palace,5.0,22,2,4.4,5,0,3,0.35,1.28,1.63,6,4.84,1,39,0,1,3,0,0.23,0.68,0.91,3,2.05,2,0,2,0.12,0.6,0.72,3,2.79
453,Garnacho,MID,Chelsea,6.4,9,1,1.41,4,0,1,0.61,1.02,1.63,4,2.67,0,12,0,0,1,0,0.15,0.11,0.26,1,1.41,3,0,1,0.46,0.91,1.37,3,1.26
597,Richarlison,FWD,Tottenham,6.3,18,4,2.86,5,2,0,1.57,0.02,1.59,4,3.61,0,15,0,0,3,0,0.51,0.0,0.51,3,1.5,2,2,0,1.06,0.02,1.08,1,2.11
157,Mitoma,MID,Brighton,6.1,6,0,0.98,4,0,0,1.07,0.46,1.53,2,2.39,1,14,0,0,3,0,0.78,0.4,1.18,2,0.79,1,0,0,0.29,0.06,0.35,0,1.6
384,Gakpo,MID,Liverpool,7.3,17,0,2.33,5,1,0,1.34,0.18,1.52,4,5.69,3,26,0,0,2,1,0.55,0.09,0.64,2,2.62,3,0,0,0.79,0.09,0.88,2,3.07
47,Rogers,MID,Aston Villa,7.5,13,0,1.73,5,0,1,0.93,0.58,1.51,10,7.5,1,30,0,1,3,0,0.66,0.36,1.02,5,5.54,2,0,0,0.27,0.22,0.49,5,1.96
421,Rodrigo,MID,Manchester City,6.3,25,4,3.97,5,1,0,0.52,0.98,1.5,4,4.46,2,53,0,0,3,1,0.4,0.32,0.72,3,2.43,2,0,0,0.12,0.66,0.78,1,2.03
544,Diarra,MID,Sunderland,5.3,21,0,3.96,5,1,2,1.37,0.12,1.49,5,7.2,1,21,0,0,2,0,0.05,0.09,0.14,3,3.13,3,1,2,1.32,0.03,1.35,2,4.07
381,M.Salah,MID,Liverpool,14.0,15,2,1.07,4,1,0,0.76,0.73,1.49,5,3.78,1,23,0,0,2,0,0.48,0.39,0.87,3,2.44,2,1,0,0.28,0.34,0.62,2,1.34
417,Cherki,MID,Manchester City,6.3,11,0,1.75,5,0,1,0.39,1.09,1.48,2,3.15,1,18,0,1,3,0,0.31,0.68,0.99,2,1.71,2,0,0,0.08,0.41,0.49,0,1.44
547,E.Le Fée,MID,Sunderland,5.0,18,1,3.6,4,1,0,0.81,0.66,1.47,4,4.81,1,40,0,0,1,1,0.79,0.06,0.85,3,1.88,3,0,0,0.02,0.6,0.62,1,2.93
237,Enzo,MID,Chelsea,6.6,11,0,1.67,5,0,1,0.61,0.85,1.46,8,5.01,0,34,0,0,2,0,0.18,0.18,0.36,2,2.26,3,0,1,0.43,0.67,1.1,6,2.75
120,Schade,MID,Brentford,6.9,16,0,2.32,5,1,0,1.29,0.14,1.43,4,3.97,2,19,0,0,2,0,0.0,0.05,0.05,1,0.79,3,1,0,1.29,0.09,1.38,3,3.18
686,Ngumoha,MID,Liverpool,4.3,7,0,1.63,5,0,0,0.45,0.96,1.41,2,2.06,1,8,0,0,2,0,0.37,0.23,0.6,0,0.76,3,0,0,0.08,0.73,0.81,2,1.3
660,Stach,MID,Leeds United,4.7,25,3,5.32,5,1,0,0.37,1.0,1.37,2,5.07,3,55,0,0,3,0,0.28,0.47,0.75,2,3.32,2,1,0,0.09,0.53,0.62,0,1.75
329,Wilson,MID,Fulham,6.1,32,5,5.25,4,2,2,0.88,0.49,1.37,3,4.46,1,28,0,1,2,2,0.62,0.08,0.7,2,1.79,2,0,1,0.26,0.41,0.67,1,2.67
90,Scott,MID,Bournemouth,5.1,18,0,3.53,5,0,0,0.89,0.48,1.37,3,8.26,3,63,0,0,3,0,0.73,0.37,1.1,3,3.59,2,0,0,0.16,0.11,0.27,0,4.67
160,Minteh,MID,Brighton,5.5,11,2,2.0,3,1,0,0.25,1.12,1.37,1,2.14,1,20,0,0,2,0,0.23,0.41,0.64,1,1.37,1,1,0,0.02,0.71,0.73,0,0.77
324,Iwobi,MID,Fulham,6.4,29,6,4.53,5,2,1,0.47,0.89,1.36,4,5.8,1,35,0,0,3,1,0.18,0.47,0.65,3,3.13,2,1,1,0.29,0.42,0.71,1,2.67
681,Šeško,FWD,Manchester Utd,7.4,23,5,3.11,5,3,0,1.33,0.02,1.35,4,4.28,0,8,0,0,2,2,0.6,0.01,0.61,1,0.35,3,1,0,0.73,0.01,0.74,3,3.93
730,Brobbey,FWD,Sunderland,5.3,11,3,2.08,3,1,0,1.19,0.16,1.35,4,4.37,0,6,0,0,2,0,0.13,0.11,0.24,3,3.13,1,1,0,1.06,0.05,1.11,1,1.24
119,Mbeumo,MID,Manchester Utd,8.6,13,0,1.51,5,0,1,0.86,0.49,1.35,4,4.3,1,22,0,0,2,0,0.08,0.26,0.34,2,1.34,3,0,1,0.78,0.23,1.01,2,2.96
386,Mac Allister,MID,Liverpool,6.3,33,6,5.24,5,2,1,1.14,0.18,1.32,7,6.81,1,49,0,1,2,1,0.29,0.08,0.37,3,3.01,3,1,0,0.85,0.1,0.95,4,3.8
807,Rayan,MID,Bournemouth,5.6,13,0,2.32,5,0,0,0.8,0.5,1.3,3,8.01,3,30,0,0,3,0,0.48,0.37,0.85,3,3.34,2,0,0,0.32,0.13,0.45,0,4.67
59,Onana,MID,Aston Villa,4.8,13,0,2.71,5,0,0,0.89,0.38,1.27,10,6.93,1,45,0,0,3,0,0.49,0.25,0.74,5,4.97,2,0,0,0.4,0.13,0.53,5,1.96
613,Souček,MID,West Ham,5.7,18,0,3.16,5,1,0,1.22,0.03,1.25,8,6.34,2,41,0,0,2,0,0.27,0.01,0.28,1,2.37,3,1,0,0.95,0.02,0.97,7,3.97
684,Thiaw,DEF,Newcastle Utd,5.1,17,1,3.33,5,0,0,1.09,0.15,1.24,8,8.61,1,44,0,0,3,0,0.92,0.14,1.06,6,5.87,2,0,0,0.17,0.01,0.18,2,2.74
516,Hudson-Odoi,MID,Nott'ham Forest,5.7,16,0,2.81,5,0,2,0.49,0.75,1.24,2,4.41,2,16,0,0,2,0,0.44,0.17,0.61,0,1.42,3,0,2,0.05,0.58,0.63,2,2.99
64,Watkins,FWD,Aston Villa,8.5,14,3,1.65,5,1,0,1.14,0.1,1.24,7,6.43,1,14,0,0,3,1,1.06,0.08,1.14,5,5.47,2,0,0,0.08,0.02,0.1,2,0.96
113,Van den Berg,DEF,Brentford,4.6,22,0,4.78,5,0,1,0.9,0.33,1.23,7,5.89,2,44,0,0,2,0,0.52,0.3,0.82,4,2.48,3,0,1,0.38,0.03,0.41,3,3.41
527,Awoniyi,FWD,Nott'ham Forest,5.2,7,0,1.35,4,1,0,1.22,0.0,1.22,0,1.72,0,3,0,0,1,0,0.54,0.0,0.54,0,0.14,3,1,0,0.68,0.0,0.68,0,1.58
783,Groß,MID,Brighton,5.5,20,0,3.64,5,0,2,0.17,1.04,1.21,3,4.93,2,42,0,1,3,0,0.01,0.91,0.92,3,2.43,2,0,1,0.16,0.13,0.29,0,2.5
596,Solanke,FWD,Tottenham,7.2,14,1,1.94,5,1,0,1.16,0.06,1.21,10,7.07,0,28,0,0,3,1,1.14,0.04,1.17,7,3.23,2,0,0,0.02,0.02,0.04,3,3.84
169,Gomez,MID,Brighton,4.9,30,4,6.12,5,2,1,0.82,0.38,1.2,3,4.07,2,55,0,1,3,1,0.41,0.34,0.75,3,2.14,2,1,0,0.41,0.04,0.45,0,1.93
21,Rice,MID,Arsenal,7.3,24,2,3.29,5,0,2,0.13,1.07,1.2,4,3.92,2,56,0,1,2,0,0.1,0.38,0.48,1,2.05,3,0,1,0.03,0.69,0.72,3,1.87
373,Virgil,DEF,Liverpool,6.3,24,2,3.81,5,1,1,0.76,0.43,1.19,7,6.84,1,40,0,0,2,1,0.2,0.18,0.38,3,3.04,3,0,1,0.56,0.25,0.81,4,3.8
121,Damsgaard,MID,Brentford,5.6,24,3,4.29,4,2,1,0.72,0.46,1.18,4,3.58,1,29,0,0,2,0,0.33,0.19,0.52,1,0.69,2,2,1,0.39,0.27,0.66,3,2.89
260,Guéhi,DEF,Manchester City,5.1,18,1,3.53,5,0,0,0.83,0.33,1.16,4,5.04,2,35,0,0,3,0,0.24,0.27,0.51,3,3.01,2,0,0,0.59,0.06,0.65,1,2.03
97,Evanilson,FWD,Bournemouth,6.8,17,1,2.5,5,1,1,0.94,0.22,1.16,2,6.99,3,21,0,1,3,1,0.2,0.22,0.42,2,2.5,2,0,0,0.74,0.0,0.74,0,4.49
561,Mayenda,FWD,Sunderland,5.2,13,3,2.5,5,1,0,1.08,0.08,1.16,2,2.34,0,6,0,0,2,0,0.09,0.06,0.15,1,0.43,3,1,0,0.99,0.02,1.01,1,1.91
55,Barkley,MID,Aston Villa,4.8,18,3,3.75,5,1,0,0.26,0.89,1.15,6,4.32,1,25,0,0,3,0,0.15,0.77,0.92,1,2.85,2,1,0,0.11,0.12,0.23,5,1.47
299,Ndiaye,MID,Everton,6.2,24,2,3.87,5,1,1,0.61,0.53,1.14,5,6.05,2,48,0,1,3,1,0.14,0.49,0.63,1,2.32,2,0,0,0.47,0.04,0.51,4,3.73
584,Tel,MID,Tottenham,6.2,8,0,1.29,5,0,0,0.44,0.7,1.14,7,4.58,0,21,0,0,3,0,0.37,0.46,0.83,6,2.86,2,0,0,0.07,0.24,0.31,1,1.72
430,Haaland,FWD,Manchester City,14.5,15,1,1.03,4,1,1,0.83,0.3,1.13,4,2.75,0,10,0,1,3,1,0.53,0.25,0.78,3,2.21,1,0,0,0.3,0.05,0.35,1,0.54
791,Taty,FWD,West Ham,5.5,14,1,2.55,5,1,0,0.8,0.32,1.12,7,5.45,2,14,0,0,2,0,0.29,0.25,0.54,1,1.64,3,1,0,0.51,0.07,0.58,6,3.81
256,Muñoz,DEF,Crystal Palace,5.8,12,1,2.07,4,0,0,0.16,0.95,1.11,5,4.12,1,22,0,0,2,0,0.11,0.91,1.02,3,2.03,2,0,0,0.05,0.04,0.09,2,2.09
815,Disasi,DEF,West Ham,4.5,13,0,2.89,5,0,0,1.08,0.01,1.09,8,7.09,2,26,0,0,2,0,0.67,0.0,0.67,1,2.68,3,0,0,0.41,0.01,0.42,7,4.41
606,Mavropanos,DEF,West Ham,4.4,24,2,5.45,5,1,0,0.9,0.18,1.08,8,6.2,1,56,0,0,2,1,0.54,0.02,0.56,1,2.68,3,0,0,0.36,0.16,0.52,7,3.52
553,Talbi,MID,Sunderland,4.9,12,1,2.45,3,1,0,0.65,0.41,1.06,3,4.02,0,13,0,0,1,0,0.11,0.33,0.44,1,1.68,2,1,0,0.54,0.08,0.62,2,2.34
416,Bernardo,MID,Manchester City,6.2,15,3,2.42,5,1,0,0.39,0.68,1.06,4,4.43,1,33,0,0,3,0,0.28,0.44,0.72,3,2.4,2,1,0,0.11,0.24,0.34,1,2.03
457,Casemiro,MID,Manchester Utd,5.7,24,1,4.21,5,2,0,0.55,0.5,1.05,5,5.0,1,52,0,0,2,1,0.47,0.38,0.85,2,1.34,3,1,0,0.08,0.12,0.2,3,3.66
591,Gray,MID,Tottenham,4.8,15,0,3.12,5,0,2,0.21,0.84,1.05,12,8.68,0,38,0,1,3,0,0.21,0.59,0.8,9,4.84,2,0,1,0.0,0.25,0.25,3,3.84
271,Kamada,MID,Crystal Palace,5.0,7,0,1.4,5,0,0,0.52,0.53,1.05,6,3.96,0,29,0,0,3,0,0.52,0.47,0.99,3,0.69,2,0,0,0.0,0.06,0.06,3,3.27
335,King,MID,Fulham,4.4,20,3,4.55,4,1,1,0.94,0.1,1.04,1,2.65,2,18,0,1,3,1,0.55,0.1,0.65,1,2.3,1,0,0,0.39,0.0,0.39,0,0.35
402,Aït-Nouri,DEF,Manchester City,5.7,27,6,4.74,5,0,2,0.11,0.91,1.02,4,4.89,2,26,0,1,3,0,0.0,0.3,0.3,3,2.86,2,0,1,0.11,0.61,0.72,1,2.03
450,Cunha,MID,Manchester Utd,8.0,24,2,3.0,5,1,2,0.67,0.35,1.02,6,6.18,1,42,0,1,2,1,0.27,0.07,0.34,2,1.38,3,0,1,0.4,0.28,0.68,4,4.8
225,James,DEF,Chelsea,5.6,16,2,2.86,4,0,1,0.16,0.85,1.01,4,3.88,1,19,0,0,2,0,0.12,0.48,0.6,1,1.97,2,0,1,0.04,0.37,0.41,3,1.91
700,Dowman,MID,Arsenal,4.2,6,0,1.43,1,1,0,0.97,0.02,0.99,0,0.06,0,4,0,0,1,1,0.97,0.02,0.99,0,0.06,0,0,0,0.0,0.0,0.0,0,0.0
517,Anderson,MID,Nott'ham Forest,5.5,25,3,4.55,5,1,0,0.35,0.63,0.98,4,6.13,3,68,0,0,2,0,0.17,0.27,0.44,0,1.56,3,1,0,0.18,0.36,0.54,4,4.57
532,Hume,DEF,Sunderland,4.5,14,2,3.11,5,0,0,0.41,0.55,0.96,6,7.69,1,30,0,0,2,0,0.14,0.02,0.16,4,3.56,3,0,0,0.27,0.53,0.8,2,4.13
19,Martinelli,MID,Arsenal,6.8,9,0,1.32,5,0,1,0.74,0.22,0.96,2,1.56,0,22,0,1,2,0,0.04,0.1,0.14,0,0.3,3,0,0,0.7,0.12,0.82,2,1.26
424,Bobb,MID,Fulham,5.1,12,0,2.35,5,0,1,0.58,0.37,0.95,4,3.78,1,19,0,1,3,0,0.58,0.35,0.93,3,1.64,2,0,0,0.0,0.02,0.02,1,2.14
654,Strand Larsen,FWD,Crystal Palace,6.1,22,3,3.61,5,3,0,0.74,0.2,0.94,5,5.84,1,19,0,0,3,2,0.38,0.07,0.45,3,3.26,2,1,0,0.36,0.13,0.49,2,2.58
303,Garner,MID,Everton,5.2,28,2,5.38,5,0,3,0.19,0.74,0.93,5,6.72,2,56,0,2,3,0,0.19,0.68,0.87,1,2.99,2,0,1,0.0,0.06,0.06,4,3.73
310,Barry,FWD,Everton,5.7,11,2,1.93,5,1,0,0.91,0.02,0.93,4,4.31,0,9,0,0,3,0,0.0,0.02,0.02,1,2.02,2,1,0,0.91,0.0,0.91,3,2.29
350,Aaronson,MID,Leeds United,5.4,11,0,2.04,5,0,0,0.73,0.18,0.91,2,3.86,2,25,0,0,3,0,0.68,0.12,0.8,2,2.62,2,0,0,0.05,0.06,0.11,0,1.24
126,Jensen,MID,Brentford,4.9,15,0,3.06,5,0,0,0.23,0.67,0.9,7,5.89,2,48,0,0,2,0,0.07,0.3,0.37,4,2.48,3,0,0,0.16,0.37,0.53,3,3.41
817,Armstrong,FWD,Wolves,5.2,14,0,2.69,5,1,1,0.65,0.25,0.9,4,7.23,2,19,0,1,3,0,0.03,0.01,0.04,2,3.85,2,1,0,0.62,0.24,0.86,2,3.38
808,Abraham,FWD,Aston Villa,6.0,11,2,1.83,5,1,0,0.62,0.28,0.9,3,1.75,0,5,0,0,3,1,0.52,0.0,0.52,0,0.7,2,0,0,0.1,0.28,0.38,3,1.05
217,Foster,FWD,Burnley,4.9,9,0,1.84,4,0,1,0.8,0.09,0.89,5,4.77,1,17,0,0,2,0,0.09,0.02,0.11,1,1.62,2,0,1,0.71,0.07,0.78,4,3.15
452,Amad,MID,Manchester Utd,6.2,7,0,1.13,5,0,0,0.61,0.28,0.89,4,3.65,0,28,0,0,2,0,0.18,0.19,0.37,1,1.06,3,0,0,0.43,0.09,0.52,3,2.59
473,Hall,DEF,Newcastle Utd,5.4,16,0,2.96,5,1,0,0.21,0.67,0.88,8,8.8,1,30,0,0,3,0,0.15,0.54,0.69,6,6.06,2,1,0,0.06,0.13,0.19,2,2.74
603,Diouf,DEF,West Ham,4.1,21,1,5.12,5,0,1,0.07,0.8,0.87,8,6.67,2,33,0,0,2,0,0.0,0.34,0.34,1,2.68,3,0,1,0.07,0.46,0.53,7,3.99
86,Brooks,MID,Bournemouth,5.0,4,0,0.8,4,0,0,0.52,0.34,0.86,1,2.81,0,6,0,0,2,0,0.06,0.04,0.1,1,0.98,2,0,0,0.46,0.3,0.76,0,1.83
646,J.Gomes,MID,Wolves,5.3,25,5,4.72,4,1,2,0.32,0.53,0.85,4,6.29,1,37,0,1,2,1,0.32,0.02,0.34,1,2.86,2,0,1,0.0,0.51,0.51,3,3.43
723,Canvot,DEF,Crystal Palace,4.5,21,3,4.67,4,0,0,0.74,0.11,0.85,3,6.36,2,44,0,0,2,0,0.56,0.06,0.62,0,2.73,2,0,0,0.18,0.05,0.23,3,3.63
5,Gabriel,DEF,Arsenal,7.2,35,7,4.86,5,0,2,0.06,0.78,0.84,4,3.97,2,50,0,1,2,0,0.06,0.63,0.69,1,2.1,3,0,1,0.0,0.15,0.15,3,1.87
236,Neto,MID,Chelsea,7.0,9,2,1.29,3,0,1,0.2,0.64,0.84,4,2.39,1,7,0,1,1,0,0.11,0.58,0.69,0,0.56,2,0,0,0.09,0.06,0.15,4,1.83
338,Muniz,FWD,Fulham,5.3,6,0,1.13,5,0,0,0.79,0.05,0.84,3,3.38,0,15,0,0,3,0,0.73,0.02,0.75,2,1.49,2,0,0,0.06,0.03,0.09,1,1.89
414,Foden,MID,Manchester City,8.0,9,0,1.12,4,0,1,0.39,0.45,0.84,2,1.83,1,15,0,1,3,0,0.39,0.24,0.63,2,1.83,1,0,0,0.0,0.21,0.21,0,0.0
49,Bailey,MID,Aston Villa,5.5,9,0,1.64,5,0,1,0.16,0.67,0.83,8,4.26,0,20,0,1,3,0,0.06,0.39,0.45,4,3.04,2,0,0,0.1,0.28,0.38,4,1.22
713,A.Jimenez,DEF,Bournemouth,4.5,17,2,3.78,5,0,0,0.14,0.68,0.82,3,6.8,2,27,0,0,3,0,0.14,0.63,0.77,3,3.57,2,0,0,0.0,0.05,0.05,0,3.23
727,Chukwueze,MID,Fulham,5.3,5,0,0.94,4,0,0,0.34,0.48,0.82,1,2.32,0,17,0,0,3,0,0.34,0.47,0.81,1,1.72,1,0,0,0.0,0.01,0.01,0,0.6
74,Truffert,DEF,Bournemouth,4.7,33,5,7.02,5,0,1,0.08,0.73,0.81,3,8.26,3,39,0,1,3,0,0.04,0.46,0.5,3,3.59,2,0,0,0.04,0.27,0.31,0,4.67
354,Ampadu,MID,Leeds United,4.9,24,1,4.9,5,0,1,0.17,0.64,0.81,3,5.45,2,75,0,0,3,0,0.12,0.51,0.63,2,3.32,2,0,1,0.05,0.13,0.18,1,2.13
725,Hincapie,DEF,Arsenal,5.1,25,2,4.9,5,1,1,0.33,0.48,0.81,4,2.98,1,43,0,1,2,0,0.0,0.04,0.04,1,1.11,3,1,0,0.33,0.44,0.77,3,1.87
491,Tonali,MID,Newcastle Utd,5.3,10,1,1.89,3,0,1,0.06,0.75,0.81,6,4.96,0,21,0,1,2,0,0.06,0.57,0.63,4,3.61,1,0,0,0.0,0.18,0.18,2,1.35
98,Enes Ünal,FWD,Bournemouth,5.4,4,0,0.74,4,0,0,0.8,0.01,0.81,0,0.31,0,4,0,0,2,0,0.3,0.01,0.31,0,0.21,2,0,0,0.5,0.0,0.5,0,0.1
173,Wieffer,MID,Brighton,4.9,13,0,2.65,5,0,0,0.47,0.32,0.79,3,3.47,2,57,0,0,3,0,0.35,0.04,0.39,3,1.84,2,0,0,0.12,0.28,0.4,0,1.63
342,Bogle,DEF,Leeds United,4.4,11,0,2.5,5,0,0,0.26,0.53,0.79,3,5.17,1,25,0,0,3,0,0.25,0.45,0.7,2,3.32,2,0,0,0.01,0.08,0.09,1,1.85
325,Smith Rowe,MID,Fulham,5.6,6,0,1.07,4,0,0,0.68,0.11,0.79,3,2.63,0,13,0,0,3,0,0.68,0.08,0.76,2,0.91,1,0,0,0.0,0.03,0.03,1,1.72
318,Bassey,DEF,Fulham,4.4,20,3,4.55,5,0,1,0.7,0.09,0.78,4,6.01,1,33,0,0,3,0,0.29,0.08,0.37,3,3.21,2,0,1,0.41,0.01,0.41,1,2.8
300,McNeil,MID,Everton,5.5,17,1,3.09,4,0,1,0.61,0.16,0.77,1,2.67,3,34,0,0,2,0,0.11,0.14,0.25,0,0.97,2,0,1,0.5,0.02,0.52,1,1.7
50,Buendía,MID,Aston Villa,5.3,8,0,1.51,5,0,0,0.33,0.44,0.77,8,5.14,0,26,0,0,3,0,0.14,0.23,0.37,4,3.68,2,0,0,0.19,0.21,0.4,4,1.46
413,Marmoush,MID,Manchester City,8.3,11,0,1.33,4,0,2,0.64,0.1,0.74,2,3.08,1,11,0,1,2,0,0.26,0.08,0.34,1,1.15,2,0,1,0.38,0.02,0.4,1,1.93
77,Hill,DEF,Bournemouth,4.2,23,0,5.48,5,0,0,0.44,0.29,0.73,3,8.26,3,53,0,0,3,0,0.16,0.16,0.32,3,3.59,2,0,0,0.28,0.13,0.41,0,4.67
8,J.Timber,DEF,Arsenal,6.3,26,2,4.13,5,1,2,0.41,0.32,0.73,4,3.33,1,27,0,0,2,1,0.41,0.02,0.43,1,1.87,3,0,2,0.0,0.3,0.3,3,1.46
40,Mings,DEF,Aston Villa,4.3,5,0,1.16,3,0,0,0.45,0.27,0.72,8,6.05,0,23,0,0,2,0,0.09,0.26,0.35,5,4.95,1,0,0,0.36,0.01,0.37,3,1.1
633,H.Bueno,DEF,Wolves,4.3,19,0,4.42,5,1,0,0.04,0.67,0.71,6,8.07,1,29,0,0,3,1,0.04,0.05,0.09,3,3.51,2,0,0,0.0,0.62,0.62,3,4.56
228,Gusto,DEF,Chelsea,4.9,14,0,2.86,5,0,1,0.0,0.69,0.69,3,2.82,1,9,0,0,2,0,0.0,0.21,0.21,1,1.59,3,0,1,0.0,0.48,0.48,2,1.23
110,Kayode,DEF,Brentford,4.5,19,1,4.22,4,1,0,0.36,0.3,0.66,5,4.8,2,27,0,0,1,1,0.36,0.08,0.44,2,1.39,3,0,0,0.0,0.22,0.22,3,3.41
365,Nmecha,FWD,Leeds United,5.0,6,0,1.2,5,0,0,0.54,0.11,0.65,2,2.61,1,7,0,0,3,0,0.03,0.11,0.14,1,1.81,2,0,0,0.51,0.0,0.51,1,0.8
440,Dalot,DEF,Manchester Utd,4.6,12,1,2.61,5,0,0,0.21,0.43,0.64,5,4.95,1,24,0,0,2,0,0.16,0.14,0.3,2,1.38,3,0,0,0.05,0.29,0.34,3,3.57
677,Guessand,MID,Crystal Palace,6.2,13,0,2.1,5,1,0,0.37,0.27,0.64,5,3.72,1,23,0,0,3,1,0.37,0.22,0.59,3,1.61,2,0,0,0.0,0.05,0.05,2,2.11
551,Rigg,MID,Sunderland,4.7,6,1,1.28,3,0,0,0.28,0.36,0.64,2,3.24,0,19,0,0,1,0,0.1,0.01,0.11,1,1.68,2,0,0,0.18,0.35,0.53,1,1.56
322,Tete,DEF,Fulham,4.5,14,0,3.11,4,0,0,0.27,0.36,0.63,3,4.64,1,32,0,0,2,0,0.22,0.33,0.55,2,1.97,2,0,0,0.05,0.03,0.08,1,2.67
726,Kolo Muani,FWD,Tottenham,6.9,14,1,2.03,5,1,1,0.42,0.2,0.62,7,5.34,0,20,0,0,3,1,0.33,0.0,0.33,5,3.22,2,0,1,0.09,0.2,0.29,2,2.12
548,Mundle,MID,Sunderland,4.9,1,0,0.2,1,0,0,0.42,0.2,0.62,3,1.64,0,6,0,0,1,0,0.42,0.2,0.62,3,1.64,0,0,0,0.0,0.0,0.0,0,0.0
6,Saliba,DEF,Arsenal,6.1,24,5,3.93,4,1,0,0.5,0.11,0.61,4,3.15,1,34,0,0,2,1,0.26,0.09,0.35,1,2.1,2,0,0,0.24,0.02,0.26,3,1.05
526,Igor Jesus,FWD,Nott'ham Forest,5.8,22,2,3.79,5,1,2,0.39,0.22,0.61,4,4.41,3,19,0,0,2,0,0.06,0.01,0.07,0,1.42,3,1,2,0.33,0.21,0.54,4,2.99
635,R.Gomes,DEF,Wolves,4.4,16,0,3.64,4,2,0,0.59,0.02,0.61,1,1.13,0,4,0,0,3,2,0.59,0.0,0.59,1,1.06,1,0,0,0.0,0.02,0.02,0,0.07
444,Yoro,DEF,Manchester Utd,4.1,13,0,3.17,5,0,0,0.46,0.15,0.61,6,6.28,1,37,0,0,2,0,0.0,0.02,0.02,2,1.38,3,0,0,0.46,0.13,0.59,4,4.9
699,Douglas Luiz,MID,Aston Villa,4.9,12,0,2.45,5,1,0,0.27,0.34,0.61,4,4.45,0,22,0,0,3,1,0.14,0.22,0.36,4,3.96,2,0,0,0.13,0.12,0.25,0,0.49
456,Sancho,MID,Aston Villa,5.8,9,0,1.55,4,0,1,0.03,0.58,0.61,1,3.07,1,9,0,1,3,0,0.03,0.56,0.59,1,2.85,1,0,0,0.0,0.02,0.02,0,0.22
508,N.Williams,DEF,Nott'ham Forest,4.7,25,3,5.32,5,0,2,0.15,0.45,0.6,5,6.5,2,32,0,0,2,0,0.07,0.04,0.11,1,2.76,3,0,2,0.08,0.41,0.49,4,3.74
695,Tchatchoua,DEF,Wolves,4.4,15,0,3.41,5,0,1,0.07,0.52,0.59,6,9.06,1,23,0,1,3,0,0.0,0.06,0.06,3,4.5,2,0,0,0.07,0.46,0.53,3,4.56
37,Digne,DEF,Aston Villa,4.5,13,1,2.89,3,0,1,0.07,0.52,0.59,4,2.16,1,15,0,0,1,0,0.07,0.21,0.28,0,0.94,2,0,1,0.0,0.31,0.31,4,1.22
390,Gravenberch,MID,Liverpool,5.5,13,1,2.36,5,0,1,0.31,0.28,0.59,5,6.4,1,31,0,1,2,0,0.31,0.22,0.53,3,3.04,3,0,0,0.0,0.06,0.06,2,3.36
487,Barnes,MID,Newcastle Utd,6.1,7,0,1.15,5,0,0,0.42,0.17,0.59,3,5.1,1,12,0,0,3,0,0.41,0.12,0.53,3,3.14,2,0,0,0.01,0.05,0.06,0,1.96
26,Zubimendi,MID,Arsenal,5.1,14,0,2.75,5,0,0,0.21,0.37,0.58,4,3.91,2,37,0,0,2,0,0.18,0.33,0.51,1,2.04,3,0,0,0.03,0.04,0.07,3,1.87
20,Trossard,MID,Arsenal,6.6,5,0,0.76,4,0,0,0.39,0.19,0.58,2,1.45,0,20,0,0,1,0,0.02,0.06,0.08,1,0.83,3,0,0,0.37,0.13,0.5,1,0.62
371,Kerkez,DEF,Liverpool,5.6,20,0,3.57,4,1,0,0.52,0.04,0.56,4,4.72,2,11,0,0,1,0,0.0,0.01,0.01,2,1.86,3,1,0,0.52,0.03,0.55,2,2.86
106,Collins,DEF,Brentford,4.9,13,0,2.65,4,0,0,0.13,0.43,0.56,3,4.3,2,22,0,0,2,0,0.09,0.26,0.35,3,1.86,2,0,0,0.04,0.17,0.21,0,2.44
644,Bellegarde,MID,Wolves,5.1,12,0,2.35,5,0,1,0.21,0.34,0.55,5,6.5,2,30,0,0,3,0,0.0,0.04,0.04,3,2.95,2,0,1,0.21,0.3,0.51,2,3.55
107,Lewis-Potter,DEF,Brentford,4.8,12,0,2.5,5,0,1,0.22,0.32,0.54,4,3.17,1,7,0,1,2,0,0.12,0.24,0.36,4,2.37,3,0,0,0.1,0.08,0.18,0,0.8
486,Elanga,MID,Newcastle Utd,6.5,8,0,1.23,5,0,0,0.2,0.34,0.54,6,4.66,0,14,0,0,3,0,0.19,0.3,0.49,4,3.32,2,0,0,0.01,0.04,0.05,2,1.34
257,Lacroix,DEF,Crystal Palace,5.1,15,1,2.94,3,1,0,0.5,0.03,0.53,5,2.09,1,31,0,0,2,0,0.48,0.02,0.5,3,1.65,1,1,0,0.02,0.01,0.03,2,0.44
593,P.M.Sarr,MID,Tottenham,4.5,12,0,2.67,5,0,0,0.41,0.12,0.53,11,7.8,0,58,0,0,3,0,0.26,0.05,0.31,10,5.33,2,0,0,0.15,0.07,0.22,1,2.47
407,Matheus N.,DEF,Manchester City,5.3,17,2,3.21,5,0,1,0.09,0.43,0.52,4,4.43,1,16,0,1,3,0,0.0,0.11,0.11,3,2.4,2,0,0,0.09,0.32,0.41,1,2.03
388,C.Jones,MID,Liverpool,5.4,11,2,2.04,4,0,0,0.41,0.1,0.51,5,4.09,1,30,0,0,1,0,0.0,0.01,0.01,1,0.58,3,0,0,0.41,0.09,0.5,4,3.51
490,Joelinton,MID,Newcastle Utd,5.9,10,0,1.69,5,0,1,0.34,0.17,0.51,6,7.16,0,35,0,1,3,0,0.31,0.16,0.47,6,6.06,2,0,0,0.03,0.01,0.04,0,1.1
261,Richards,DEF,Crystal Palace,4.4,21,2,4.77,5,0,0,0.32,0.18,0.5,6,6.91,2,47,0,0,3,0,0.32,0.13,0.45,3,3.28,2,0,0,0.0,0.05,0.05,3,3.63
36,Cash,DEF,Aston Villa,4.7,7,0,1.49,4,0,0,0.07,0.43,0.5,5,5.32,1,19,0,0,3,0,0.07,0.36,0.43,3,4.46,1,0,0,0.0,0.07,0.07,2,0.86
717,Xavi,MID,Tottenham,6.5,6,0,0.92,5,0,0,0.24,0.26,0.5,7,5.34,0,17,0,0,3,0,0.15,0.18,0.33,5,2.84,2,0,0,0.09,0.08,0.17,2,2.5
415,Savinho,MID,Manchester City,6.9,1,0,0.14,2,0,0,0.49,0.01,0.5,0,0.21,0,2,0,0,1,0,0.49,0.01,0.5,0,0.11,1,0,0,0.0,0.0,0.0,0,0.1
749,Mané,FWD,Wolves,4.4,9,0,2.05,5,0,0,0.12,0.37,0.49,5,8.41,2,30,0,0,3,0,0.09,0.05,0.14,2,4.08,2,0,0,0.03,0.32,0.35,3,4.33
241,Caicedo,MID,Chelsea,5.7,11,0,1.93,5,0,0,0.21,0.28,0.49,8,4.88,0,42,0,0,2,0,0.07,0.19,0.26,2,2.07,3,0,0,0.14,0.09,0.23,6,2.81
521,Sangaré,MID,Nott'ham Forest,4.9,14,0,2.86,5,0,0,0.13,0.35,0.48,5,7.33,2,59,0,0,2,0,0.05,0.34,0.39,1,2.76,3,0,0,0.08,0.01,0.09,4,4.57
52,J.Ramsey,MID,Newcastle Utd,5.3,15,1,2.83,5,1,1,0.25,0.22,0.47,7,6.8,1,31,0,0,3,1,0.12,0.05,0.17,5,4.06,2,0,1,0.13,0.17,0.3,2,2.74
712,Yeremy,MID,Crystal Palace,5.8,6,0,1.03,4,0,0,0.38,0.09,0.47,0,2.03,1,8,0,0,3,0,0.38,0.05,0.43,0,1.67,1,0,0,0.0,0.04,0.04,0,0.36
568,Pedro Porro,DEF,Tottenham,5.1,4,0,0.78,4,0,0,0.11,0.36,0.47,9,6.81,0,21,0,0,2,0,0.0,0.25,0.25,6,2.97,2,0,0,0.11,0.11,0.22,3,3.84
258,Mitchell,DEF,Crystal Palace,5.0,21,2,4.2,5,0,1,0.2,0.26,0.46,6,6.91,2,23,0,1,3,0,0.19,0.19,0.38,3,3.28,2,0,0,0.01,0.07,0.08,3,3.63
580,Johnson,MID,Crystal Palace,6.5,9,0,1.38,5,0,1,0.15,0.31,0.46,1,2.88,1,14,0,0,3,0,0.15,0.29,0.44,0,1.36,2,0,1,0.0,0.02,0.02,1,1.52
209,Laurent,MID,Burnley,4.8,5,0,1.04,5,0,0,0.32,0.14,0.46,7,7.53,1,25,0,0,2,0,0.0,0.06,0.06,3,3.49,3,0,0,0.32,0.08,0.4,4,4.04
344,Bijol,DEF,Leeds United,3.9,20,3,5.13,5,0,0,0.32,0.13,0.45,1,1.88,2,37,0,0,3,0,0.28,0.13,0.41,0,0.46,2,0,0,0.04,0.0,0.04,1,1.42
302,Gana,MID,Everton,5.4,19,0,3.52,5,0,1,0.23,0.22,0.45,4,5.1,2,54,0,1,3,0,0.2,0.2,0.4,1,2.28,2,0,0,0.03,0.02,0.05,3,2.82
207,Hannibal,MID,Burnley,4.7,16,2,3.4,5,0,2,0.16,0.29,0.45,6,7.74,1,36,0,2,2,0,0.1,0.24,0.34,3,4.48,3,0,0,0.06,0.05,0.11,3,3.26
708,M.Fernandes,MID,West Ham,5.5,12,0,2.18,5,0,0,0.09,0.36,0.45,8,7.09,2,41,0,0,2,0,0.02,0.05,0.07,1,2.68,3,0,0,0.07,0.31,0.38,7,4.41
552,Sadiki,MID,Sunderland,4.9,9,0,1.84,5,0,0,0.31,0.14,0.45,6,7.69,1,35,0,0,2,0,0.11,0.04,0.15,4,3.56,3,0,0,0.2,0.1,0.3,2,4.13
38,Konsa,DEF,Aston Villa,4.4,15,0,3.41,5,0,1,0.39,0.05,0.44,10,7.85,1,33,0,1,3,0,0.39,0.02,0.41,5,5.89,2,0,0,0.0,0.03,0.03,5,1.96
226,Chalobah,DEF,Chelsea,5.5,7,0,1.27,4,0,0,0.16,0.27,0.43,5,4.17,0,24,0,0,2,0,0.16,0.03,0.19,2,2.26,2,0,0,0.0,0.24,0.24,3,1.91
230,Fofana,DEF,Chelsea,4.4,6,0,1.36,4,0,0,0.35,0.06,0.41,6,3.31,0,31,0,0,2,0,0.05,0.05,0.1,2,1.69,2,0,0,0.3,0.01,0.31,4,1.62
319,Castagne,DEF,Fulham,4.3,4,0,0.93,3,0,0,0.25,0.16,0.41,1,1.37,0,10,0,0,2,0,0.25,0.16,0.41,1,1.24,1,0,0,0.0,0.0,0.0,0,0.13
494,Willock,MID,Newcastle Utd,5.0,8,0,1.6,5,0,1,0.1,0.3,0.4,4,5.1,1,28,0,0,3,0,0.02,0.03,0.05,2,3.27,2,0,1,0.08,0.27,0.35,2,1.83
573,Spence,DEF,Tottenham,4.2,5,0,1.19,3,0,0,0.04,0.36,0.4,6,3.22,0,20,0,0,2,0,0.0,0.35,0.35,5,2.27,1,0,0,0.04,0.01,0.05,1,0.95
348,Rodon,DEF,Leeds United,3.9,22,0,5.64,5,0,0,0.24,0.15,0.39,3,5.45,2,42,0,0,3,0,0.0,0.12,0.12,2,3.32,2,0,0,0.24,0.03,0.27,1,2.13
54,McGinn,MID,Aston Villa,5.3,12,2,2.26,2,1,0,0.1,0.29,0.39,1,1.11,1,3,0,0,1,1,0.04,0.04,0.08,0,0.59,1,0,0,0.06,0.25,0.31,1,0.52
418,Doku,MID,Manchester City,6.4,2,0,0.31,2,0,0,0.07,0.32,0.39,0,0.15,0,4,0,0,1,0,0.04,0.11,0.15,0,0.15,1,0,0,0.03,0.21,0.24,0,0.0
151,Van Hecke,DEF,Brighton,4.5,28,2,6.22,5,0,0,0.13,0.25,0.38,3,4.93,2,56,0,0,3,0,0.05,0.24,0.29,3,2.43,2,0,0,0.08,0.01,0.09,0,2.5
148,F.Kadıoğlu,DEF,Brighton,4.4,21,0,4.77,5,0,1,0.2,0.18,0.38,3,4.93,2,28,0,0,3,0,0.05,0.13,0.18,3,2.43,2,0,1,0.15,0.05,0.2,0,2.5
291,Tarkowski,DEF,Everton,5.7,25,3,4.39,4,1,0,0.36,0.02,0.38,3,4.02,2,32,0,0,3,1,0.36,0.02,0.38,1,2.99,1,0,0,0.0,0.0,0.0,2,1.03
250,Delap,FWD,Chelsea,6.2,5,0,0.81,5,0,0,0.36,0.02,0.38,1,1.18,0,8,0,0,2,0,0.36,0.0,0.36,1,0.66,3,0,0,0.0,0.02,0.02,0,0.52
396,Nyoni,MID,Liverpool,4.3,2,0,0.47,2,0,0,0.37,0.01,0.38,1,0.41,0,2,0,0,2,0,0.37,0.01,0.38,1,0.41,0,0,0,0.0,0.0,0.0,0,0.0
87,Christie,MID,Bournemouth,4.9,18,2,3.67,5,1,0,0.2,0.17,0.37,2,5.28,2,40,0,0,3,1,0.17,0.15,0.32,2,2.13,2,0,0,0.03,0.02,0.05,0,3.15
72,Senesi,DEF,Bournemouth,5.1,31,5,6.08,5,0,0,0.22,0.13,0.35,3,8.26,3,50,0,0,3,0,0.03,0.09,0.12,3,3.59,2,0,0,0.19,0.04,0.23,0,4.67
343,Struijk,DEF,Leeds United,4.3,19,0,4.42,5,0,0,0.11,0.24,0.35,3,5.35,2,35,0,0,3,0,0.11,0.24,0.35,2,3.22,2,0,0,0.0,0.0,0.0,1,2.13
634,Mosquera,DEF,Wolves,4.3,18,2,4.19,5,0,0,0.16,0.19,0.35,6,7.49,1,42,0,0,3,0,0.06,0.09,0.15,3,3.55,2,0,0,0.1,0.1,0.2,3,3.94
158,Georginio,MID,Brighton,5.6,5,0,0.89,2,0,0,0.21,0.14,0.35,1,0.5,0,15,0,0,2,0,0.21,0.14,0.35,1,0.5,0,0,0,0.0,0.0,0.0,0,0.0
231,M.Sarr,DEF,Chelsea,4.5,2,0,0.44,2,0,0,0.35,0.0,0.35,3,1.42,0,8,0,0,1,0,0.0,0.0,0.0,1,0.29,1,0,0,0.35,0.0,0.35,2,1.13
466,Zirkzee,FWD,Manchester Utd,5.8,2,0,0.34,2,0,0,0.32,0.03,0.35,1,0.64,0,1,0,0,1,0,0.3,0.01,0.31,0,0.0,1,0,0,0.02,0.02,0.04,1,0.64
458,Mainoo,MID,Manchester Utd,4.6,13,0,2.83,5,0,0,0.07,0.27,0.34,5,5.65,1,48,0,0,2,0,0.04,0.11,0.15,2,1.38,3,0,0,0.03,0.16,0.19,3,4.27
643,André,MID,Wolves,5.2,24,3,4.62,5,1,0,0.24,0.09,0.33,6,9.01,1,64,0,0,3,1,0.1,0.07,0.17,3,4.45,2,0,0,0.14,0.02,0.16,3,4.56
478,Trippier,DEF,Newcastle Utd,4.9,9,0,1.84,4,0,1,0.03,0.3,0.33,6,5.1,0,21,0,1,3,0,0.03,0.19,0.22,4,3.75,1,0,0,0.0,0.11,0.11,2,1.35
39,Maatsen,DEF,Aston Villa,4.2,4,0,0.95,4,0,0,0.2,0.13,0.33,6,5.69,0,15,0,0,2,0,0.0,0.04,0.04,5,4.95,2,0,0,0.2,0.09,0.29,1,0.74
210,Tchaouna,MID,Burnley,4.9,4,0,0.82,4,0,0,0.1,0.23,0.33,3,2.13,0,0,0,0,1,0,0.0,0.09,0.09,1,0.31,3,0,0,0.1,0.14,0.24,2,1.82
224,Cucurella,DEF,Chelsea,6.0,4,0,0.67,3,0,0,0.08,0.25,0.33,4,2.93,0,11,0,0,1,0,0.0,0.06,0.06,1,1.41,2,0,0,0.08,0.19,0.27,3,1.52
427,Reijnders,MID,Manchester City,5.0,3,0,0.6,3,0,0,0.04,0.29,0.33,0,0.71,0,12,0,0,1,0,0.0,0.01,0.01,0,0.61,2,0,0,0.04,0.28,0.32,0,0.1
328,Sessegnon,MID,Fulham,5.4,9,0,1.67,5,0,0,0.24,0.08,0.32,2,3.26,0,30,0,0,3,0,0.15,0.06,0.21,1,1.28,2,0,0,0.09,0.02,0.11,1,1.98
813,Angulo,MID,Sunderland,5.0,6,0,1.2,3,0,0,0.28,0.04,0.32,2,2.62,1,18,0,0,1,0,0.28,0.01,0.29,2,1.45,2,0,0,0.0,0.03,0.03,0,1.17
18,Madueke,MID,Arsenal,6.8,6,0,0.88,3,0,0,0.21,0.11,0.32,1,1.23,1,4,0,0,1,0,0.07,0.08,0.15,0,0.98,2,0,0,0.14,0.03,0.17,1,0.25
706,Justin,DEF,Leeds United,3.9,18,0,4.62,5,0,0,0.13,0.18,0.31,3,5.45,2,39,0,0,3,0,0.11,0.08,0.19,2,3.32,2,0,0,0.02,0.1,0.12,1,2.13
191,Estève,DEF,Burnley,3.9,12,0,3.08,5,0,0,0.25,0.05,0.3,10,10.36,1,44,0,0,2,0,0.09,0.05,0.14,4,3.92,3,0,0,0.16,0.0,0.16,6,6.44
614,Ward-Prowse,MID,Burnley,5.6,13,0,2.32,5,0,1,0.0,0.3,0.3,6,7.19,1,35,0,0,2,0,0.0,0.15,0.15,3,4.44,3,0,1,0.0,0.15,0.15,3,2.75
668,Xhaka,MID,Sunderland,5.1,9,0,1.76,5,0,0,0.11,0.19,0.3,4,5.38,0,44,0,0,2,0,0.05,0.14,0.19,2,2.11,3,0,0,0.06,0.05,0.11,2,3.27
382,Wirtz,MID,Liverpool,8.3,5,0,0.6,2,0,0,0.03,0.27,0.3,2,2.77,1,13,0,0,1,0,0.0,0.21,0.21,0,0.6,1,0,0,0.03,0.06,0.09,2,2.17
385,Chiesa,MID,Liverpool,6.3,3,0,0.48,4,0,0,0.18,0.11,0.29,1,0.66,0,3,0,0,1,0,0.0,0.1,0.1,0,0.03,3,0,0,0.18,0.01,0.19,1,0.63
570,Danso,DEF,Tottenham,4.2,11,0,2.62,4,0,0,0.26,0.02,0.28,7,4.96,0,34,0,0,2,0,0.26,0.02,0.28,6,3.26,2,0,0,0.0,0.0,0.0,1,1.7
693,Hutchinson,MID,Nott'ham Forest,5.4,8,0,1.48,4,0,0,0.19,0.09,0.28,2,2.8,2,18,0,0,2,0,0.03,0.07,0.1,0,0.67,2,0,0,0.16,0.02,0.18,2,2.13
724,Geertruida,DEF,Sunderland,4.5,11,0,2.44,5,0,0,0.13,0.14,0.27,6,6.96,0,35,0,0,2,0,0.13,0.09,0.22,4,3.56,3,0,0,0.0,0.05,0.05,2,3.4
477,Livramento,DEF,Newcastle Utd,4.9,7,0,1.43,2,0,0,0.01,0.26,0.27,1,2.79,1,3,0,0,1,0,0.01,0.05,0.06,1,1.4,1,0,0,0.0,0.21,0.21,0,1.39
195,Lucas Pires,DEF,Burnley,3.8,3,0,0.79,4,0,0,0.02,0.25,0.27,6,5.11,0,12,0,0,2,0,0.0,0.22,0.22,4,3.13,2,0,0,0.02,0.03,0.05,2,1.98
531,Ballard,DEF,Sunderland,4.7,21,1,4.47,4,0,1,0.19,0.07,0.26,5,6.04,1,52,0,1,2,0,0.05,0.06,0.11,4,3.18,2,0,0,0.14,0.01,0.15,1,2.86
683,Alderete,DEF,Sunderland,4.1,15,0,3.66,5,0,0,0.14,0.12,0.26,6,7.69,1,66,0,0,2,0,0.14,0.1,0.24,4,3.56,3,0,0,0.0,0.02,0.02,2,4.13
370,Frimpong,DEF,Liverpool,5.7,17,1,2.98,4,0,1,0.04,0.22,0.26,2,2.36,2,9,0,1,2,0,0.0,0.16,0.16,0,0.76,2,0,0,0.04,0.06,0.1,2,1.6
672,Hato,DEF,Chelsea,4.6,4,0,0.87,5,0,0,0.08,0.18,0.26,7,3.43,0,23,0,0,2,0,0.04,0.03,0.07,1,0.44,3,0,0,0.04,0.15,0.19,6,2.99
330,Berge,MID,Fulham,4.9,17,0,3.47,5,0,1,0.14,0.11,0.25,4,5.42,1,43,0,1,3,0,0.0,0.07,0.07,3,3.21,2,0,0,0.14,0.04,0.18,1,2.21
193,Humphreys,DEF,Burnley,3.9,10,0,2.56,5,0,0,0.1,0.15,0.25,10,11.17,1,39,0,0,2,0,0.1,0.14,0.24,4,4.8,3,0,0,0.0,0.01,0.01,6,6.37
192,Hartman,DEF,Burnley,4.0,7,0,1.75,2,0,0,0.02,0.23,0.25,3,4.82,1,13,0,0,1,0,0.0,0.01,0.01,0,1.67,1,0,0,0.02,0.22,0.24,3,3.15
7,Calafiori,DEF,Arsenal,5.6,8,0,1.43,3,0,0,0.15,0.1,0.25,1,1.34,1,4,0,0,1,0,0.15,0.09,0.24,0,0.99,2,0,0,0.0,0.01,0.01,1,0.35
560,Isidor,FWD,Sunderland,5.0,6,0,1.2,3,0,1,0.15,0.1,0.25,1,1.43,0,5,0,0,1,0,0.09,0.1,0.19,1,0.43,2,0,1,0.06,0.0,0.06,0,1.0
206,Edwards,MID,Burnley,4.7,4,0,0.85,3,0,0,0.23,0.02,0.25,2,4.67,0,13,0,0,1,0,0.02,0.0,0.02,0,1.38,2,0,0,0.21,0.02,0.23,2,3.29
586,Bergvall,MID,Tottenham,5.2,1,0,0.19,1,0,0,0.22,0.01,0.23,2,1.28,0,2,0,0,1,0,0.22,0.01,0.23,2,1.28,0,0,0,0.0,0.0,0.0,0,0.0
475,Botman,DEF,Newcastle Utd,4.9,12,2,2.45,3,0,0,0.14,0.08,0.22,0,1.58,1,15,0,0,2,0,0.14,0.08,0.22,0,0.19,1,0,0,0.0,0.0,0.0,0,1.39
673,J.Palhinha,MID,Tottenham,5.5,10,0,1.82,3,0,0,0.22,0.0,0.22,8,5.9,0,38,0,0,2,0,0.03,0.0,0.03,6,3.76,1,0,0,0.19,0.0,0.19,2,2.14
785,Pablo,FWD,West Ham,5.4,4,0,0.74,2,0,0,0.21,0.01,0.22,3,2.29,0,13,0,0,1,0,0.0,0.0,0.0,1,0.61,1,0,0,0.21,0.01,0.22,2,1.68
372,Robertson,DEF,Liverpool,5.7,4,0,0.7,4,0,0,0.1,0.12,0.22,3,2.12,0,8,0,0,1,0,0.1,0.03,0.13,1,1.18,3,0,0,0.0,0.09,0.09,2,0.94
124,Henderson,MID,Brentford,5.0,13,0,2.6,5,0,0,0.0,0.21,0.21,4,4.84,2,39,0,0,2,0,0.0,0.18,0.18,4,2.47,3,0,0,0.0,0.03,0.03,0,2.37
442,Maguire,DEF,Manchester Utd,4.4,11,0,2.5,5,0,0,0.08,0.13,0.21,6,5.39,1,35,0,0,2,0,0.05,0.08,0.13,2,1.38,3,0,0,0.03,0.05,0.08,4,4.01
476,Burn,DEF,Newcastle Utd,5.0,8,0,1.6,5,0,0,0.2,0.01,0.21,8,7.76,0,46,0,0,3,0,0.2,0.01,0.21,6,6.06,2,0,0,0.0,0.0,0.0,2,1.7
714,Woltemade,FWD,Newcastle Utd,6.7,9,0,1.34,4,0,1,0.14,0.07,0.21,5,3.78,1,20,0,1,2,0,0.14,0.06,0.2,3,2.13,2,0,0,0.0,0.01,0.01,2,1.65
167,Baleba,MID,Brighton,4.5,5,0,1.11,4,0,0,0.2,0.01,0.21,1,0.78,0,12,0,0,3,0,0.2,0.01,0.21,1,0.78,1,0,0,0.0,0.0,0.0,0,0.0
362,Piroe,FWD,Leeds United,4.9,2,0,0.41,2,0,0,0.16,0.05,0.21,0,0.0,0,1,0,0,2,0,0.16,0.05,0.21,0,0.0,0,0,0,0.0,0.0,0.0,0,0.0
336,Reed,MID,Fulham,4.3,1,0,0.23,1,0,0,0.09,0.12,0.21,0,0.1,0,0,0,0,1,0,0.09,0.12,0.21,0,0.1,0,0,0,0.0,0.0,0.0,0,0.0
489,J.Murphy,MID,Newcastle Utd,5.9,12,0,2.03,5,1,0,0.14,0.06,0.2,2,4.15,1,17,0,0,3,1,0.11,0.05,0.16,2,2.75,2,0,0,0.03,0.01,0.04,0,1.4
697,Adli,MID,Bournemouth,5.4,8,0,1.48,5,0,0,0.06,0.14,0.2,2,3.58,1,21,0,0,3,0,0.04,0.08,0.12,2,2.06,2,0,0,0.02,0.06,0.08,0,1.52
244,Lavia,MID,Chelsea,4.9,4,0,0.82,4,0,0,0.14,0.06,0.2,1,1.33,0,13,0,0,1,0,0.0,0.03,0.03,0,0.19,3,0,0,0.14,0.03,0.17,1,1.14
610,Wan-Bissaka,DEF,West Ham,4.1,15,0,3.66,5,0,0,0.0,0.19,0.19,8,7.07,2,32,0,0,2,0,0.0,0.04,0.04,1,2.68,3,0,0,0.0,0.15,0.15,7,4.39
316,Robinson,DEF,Fulham,4.9,7,0,1.43,3,0,0,0.0,0.19,0.19,2,2.89,1,25,0,0,2,0,0.0,0.17,0.17,2,1.94,1,0,0,0.0,0.02,0.02,0,0.95
459,Ugarte,MID,Manchester Utd,4.7,3,0,0.64,3,0,0,0.19,0.0,0.19,1,1.29,0,8,0,0,1,0,0.0,0.0,0.0,0,0.03,2,0,0,0.19,0.0,0.19,1,1.26
493,Longstaff,MID,Leeds United,4.8,1,0,0.21,1,0,0,0.0,0.19,0.19,1,0.38,0,0,0,0,0,0,0.0,0.0,0.0,0,0.0,1,0,0,0.0,0.19,0.19,1,0.38
101,Kelleher,GK,Brentford,4.8,18,2,3.75,4,0,0,0.0,0.18,0.18,4,4.92,2,0,13,0,2,0,0.0,0.18,0.18,4,2.48,2,0,0,0.0,0.0,0.0,0,2.44
408,Rúben,DEF,Manchester City,5.5,16,1,2.91,4,0,0,0.04,0.14,0.18,3,4.2,2,29,0,0,3,0,0.0,0.12,0.12,3,2.71,1,0,0,0.04,0.02,0.06,0,1.49
170,Milner,MID,Brighton,4.9,10,0,2.04,4,0,0,0.1,0.08,0.18,2,4.1,2,36,0,0,2,0,0.07,0.04,0.11,2,1.6,2,0,0,0.03,0.04,0.07,0,2.5
637,Toti,DEF,Wolves,4.2,8,0,1.9,1,0,0,0.18,0.0,0.18,0,1.03,1,12,0,0,1,0,0.18,0.0,0.18,0,1.03,0,0,0,0.0,0.0,0.0,0,0.0
331,Cairney,MID,Fulham,4.8,5,0,1.04,4,0,0,0.1,0.08,0.18,0,1.9,1,10,0,0,2,0,0.1,0.07,0.17,0,1.18,2,0,0,0.0,0.01,0.01,0,0.72
651,Edozie,MID,Wolves,4.3,6,0,1.4,1,1,0,0.17,0.0,0.17,0,0.2,0,0,0,0,1,1,0.17,0.0,0.17,0,0.2,0,0,0,0.0,0.0,0.0,0,0.0
676,Ugochukwu,MID,Burnley,5.0,7,0,1.4,5,0,0,0.13,0.04,0.17,7,7.3,0,14,0,0,2,0,0.1,0.01,0.11,1,1.31,3,0,0,0.03,0.03,0.06,6,5.99
406,Khusanov,DEF,Manchester City,5.4,5,0,0.93,4,0,0,0.14,0.03,0.17,1,1.6,0,16,0,0,3,0,0.0,0.01,0.01,0,1.06,1,0,0,0.14,0.02,0.16,1,0.54
347,Gudmundsson,DEF,Leeds United,3.8,3,0,0.79,4,0,0,0.12,0.05,0.17,2,3.86,0,18,0,0,2,0,0.06,0.02,0.08,2,2.86,2,0,0,0.06,0.03,0.09,0,1.0
270,Hughes,MID,Crystal Palace,4.7,3,0,0.64,5,0,0,0.09,0.08,0.17,0,3.42,0,14,0,0,3,0,0.04,0.08,0.12,0,2.58,2,0,0,0.05,0.0,0.05,0,0.84
801,Tóth.A,MID,Bournemouth,4.9,0,0,0.0,1,0,0,0.0,0.17,0.17,0,0.0,0,0,0,0,1,0,0.0,0.17,0.17,0,0.0,0,0,0,0.0,0.0,0.0,0,0.0
292,Mykolenko,DEF,Everton,4.9,17,1,3.47,4,0,0,0.0,0.16,0.16,4,5.45,2,33,0,0,2,0,0.0,0.12,0.12,0,1.72,2,0,0,0.0,0.04,0.04,4,3.73
293,O'Brien,DEF,Everton,4.9,16,0,3.27,4,0,0,0.0,0.16,0.16,4,5.45,2,28,0,0,2,0,0.0,0.02,0.02,0,1.72,2,0,0,0.0,0.14,0.14,4,3.73
438,Mazraoui,DEF,Manchester Utd,4.9,8,1,1.63,3,0,0,0.11,0.05,0.16,1,2.98,1,11,0,0,1,0,0.05,0.03,0.08,0,0.2,2,0,0,0.06,0.02,0.08,1,2.78
129,Yarmoliuk,MID,Brentford,5.0,6,0,1.2,5,0,0,0.0,0.16,0.16,4,2.38,1,29,0,0,2,0,0.0,0.15,0.15,1,0.81,3,0,0,0.0,0.01,0.01,3,1.57
272,Lerma,MID,Crystal Palace,4.9,4,0,0.82,2,0,1,0.04,0.12,0.16,3,1.49,1,14,0,1,2,0,0.04,0.12,0.16,3,1.49,0,0,0,0.0,0.0,0.0,0,0.0
469,Pope,GK,Newcastle Utd,5.1,3,0,0.59,2,0,0,0.16,0.0,0.16,5,3.48,0,0,7,0,1,0,0.0,0.0,0.0,3,2.13,1,0,0,0.16,0.0,0.16,2,1.35
146,Dunk,DEF,Brighton,4.5,19,3,4.22,4,0,0,0.1,0.05,0.15,2,4.46,2,31,0,0,2,0,0.0,0.02,0.02,2,1.96,2,0,0,0.1,0.03,0.13,0,2.5
507,Aina,DEF,Nott'ham Forest,4.7,19,2,4.04,5,0,0,0.08,0.07,0.15,5,7.33,2,40,0,0,2,0,0.08,0.02,0.1,1,2.76,3,0,0,0.0,0.05,0.05,4,4.57
506,Murillo,DEF,Nott'ham Forest,5.2,19,0,3.65,5,0,0,0.12,0.03,0.15,5,7.33,2,42,0,0,2,0,0.12,0.03,0.15,1,2.76,3,0,0,0.0,0.0,0.0,4,4.57
290,Branthwaite,DEF,Everton,5.3,18,0,3.4,4,1,0,0.1,0.05,0.15,3,2.42,1,24,0,0,3,0,0.06,0.05,0.11,1,1.39,1,1,0,0.04,0.0,0.04,2,1.03
356,Gruev,MID,Leeds United,4.7,7,0,1.49,4,0,0,0.08,0.07,0.15,2,3.86,1,16,0,0,2,0,0.0,0.06,0.06,1,2.01,2,0,0,0.08,0.01,0.09,1,1.85
718,S.Magassa,MID,West Ham,5.0,6,0,1.2,5,0,0,0.13,0.02,0.15,4,3.75,1,21,0,0,2,0,0.13,0.01,0.14,0,2.05,3,0,0,0.0,0.01,0.01,4,1.7
816,Angel,MID,Wolves,4.7,4,0,0.85,5,0,0,0.06,0.09,0.15,1,3.46,0,10,0,0,3,0,0.0,0.01,0.01,1,2.61,2,0,0,0.06,0.08,0.14,0,0.85
295,Keane,DEF,Everton,4.6,15,0,3.26,5,0,0,0.12,0.02,0.14,3,5.63,1,45,0,0,3,0,0.06,0.01,0.07,1,2.91,2,0,0,0.06,0.01,0.07,2,2.72
572,Dragusin,DEF,Tottenham,4.5,9,0,2.0,3,0,0,0.13,0.01,0.14,7,5.91,0,46,0,0,1,0,0.0,0.0,0.0,4,2.07,2,0,0,0.13,0.01,0.14,3,3.84
510,Jair Cunha,DEF,Nott'ham Forest,4.2,2,0,0.48,2,0,0,0.14,0.0,0.14,2,2.17,0,9,0,0,0,0,0.0,0.0,0.0,0,0.0,2,0,0,0.14,0.0,0.14,2,2.17
731,Kevin,MID,Fulham,5.8,1,0,0.17,1,0,0,0.12,0.02,0.14,0,0.06,0,7,0,0,0,0,0.0,0.0,0.0,0,0.0,1,0,0,0.12,0.02,0.14,0,0.06
505,Milenković,DEF,Nott'ham Forest,5.1,20,1,3.92,5,0,0,0.08,0.05,0.13,5,7.33,2,38,0,0,2,0,0.08,0.0,0.08,1,2.76,3,0,0,0.0,0.05,0.05,4,4.57
305,Armstrong,MID,Everton,4.5,4,0,0.89,3,0,0,0.09,0.04,0.13,4,3.3,0,8,0,0,1,0,0.09,0.04,0.13,1,1.27,2,0,0,0.0,0.0,0.0,3,2.03
376,Gomez,DEF,Liverpool,4.9,4,0,0.82,4,0,0,0.05,0.08,0.13,5,3.6,0,13,0,0,2,0,0.05,0.07,0.12,3,2.87,2,0,0,0.0,0.01,0.01,2,0.73
30,Havertz,FWD,Arsenal,7.3,4,0,0.55,3,0,0,0.1,0.03,0.13,0,1.3,1,4,0,0,2,0,0.0,0.03,0.03,0,1.03,1,0,0,0.1,0.0,0.1,0,0.27
709,Krejčí,DEF,Wolves,4.5,4,0,0.89,4,0,0,0.04,0.08,0.12,6,7.14,0,32,0,0,2,0,0.0,0.07,0.07,3,3.69,2,0,0,0.04,0.01,0.05,3,3.45
522,Yates,MID,Nott'ham Forest,4.7,3,0,0.64,3,0,0,0.12,0.0,0.12,0,1.3,0,5,0,0,1,0,0.01,0.0,0.01,0,0.0,2,0,0,0.11,0.0,0.11,0,1.3
166,Ayari,MID,Brighton,4.8,2,0,0.42,3,0,0,0.07,0.05,0.12,0,0.15,0,2,0,0,2,0,0.07,0.05,0.12,0,0.07,1,0,0,0.0,0.0,0.0,0,0.08
574,Udogie,DEF,Tottenham,4.3,-1,0,-0.23,1,0,0,0.0,0.12,0.12,2,1.28,0,1,0,0,1,0,0.0,0.12,0.12,2,1.28,0,0,0,0.0,0.0,0.0,0,0.0
246,Andrey Santos,MID,Chelsea,4.5,6,0,1.33,4,0,0,0.0,0.11,0.11,5,2.6,0,13,0,0,1,0,0.0,0.09,0.09,1,0.85,3,0,0,0.0,0.02,0.02,4,1.75
519,Dominguez,MID,Nott'ham Forest,5.0,5,0,1.0,4,0,0,0.06,0.05,0.11,3,3.14,0,21,0,0,2,0,0.06,0.0,0.06,1,2.09,2,0,0,0.0,0.05,0.05,2,1.05
734,Bakwa,MID,Nott'ham Forest,5.9,2,0,0.34,2,0,0,0.11,0.0,0.11,1,1.22,0,3,0,0,1,0,0.05,0.0,0.05,1,1.2,1,0,0,0.06,0.0,0.06,0,0.02
283,Mateta,FWD,Crystal Palace,7.5,1,0,0.13,1,0,0,0.11,0.0,0.11,0,0.02,0,1,0,0,1,0,0.11,0.0,0.11,0,0.02,0,0,0,0.0,0.0,0.0,0,0.0
443,Shaw,DEF,Manchester Utd,4.5,15,0,3.33,5,0,0,0.04,0.06,0.1,5,4.95,1,31,0,0,2,0,0.0,0.03,0.03,2,1.19,3,0,0,0.04,0.03,0.07,3,3.76
636,S.Bueno,DEF,Wolves,4.4,13,0,2.95,5,0,1,0.06,0.04,0.1,6,9.28,1,36,0,1,3,0,0.0,0.03,0.03,3,4.72,2,0,0,0.06,0.01,0.07,3,4.56
108,Ajer,DEF,Brentford,4.4,8,0,1.82,4,0,0,0.02,0.08,0.1,6,4.68,1,15,0,0,2,0,0.02,0.0,0.02,3,1.79,2,0,0,0.0,0.08,0.08,3,2.89
109,Henry,DEF,Brentford,4.3,6,0,1.4,3,0,1,0.0,0.1,0.1,5,2.06,0,10,0,0,1,0,0.0,0.02,0.02,2,1.09,2,0,1,0.0,0.08,0.08,3,0.97
202,Bruun Larsen,MID,Burnley,5.3,2,0,0.38,2,0,0,0.1,0.0,0.1,3,1.91,0,2,0,0,1,0,0.0,0.0,0.0,3,1.8,1,0,0,0.1,0.0,0.1,0,0.11
732,Uche,FWD,Crystal Palace,5.5,2,0,0.36,2,0,0,0.1,0.0,0.1,0,0.34,0,1,0,0,1,0,0.0,0.0,0.0,0,0.12,1,0,0,0.1,0.0,0.1,0,0.22
73,Smith,DEF,Bournemouth,4.4,9,2,2.05,3,0,0,0.0,0.09,0.09,0,1.47,1,12,0,0,1,0,0.0,0.0,0.0,0,0.02,2,0,0,0.0,0.09,0.09,0,1.45
304,Iroegbunam,MID,Everton,4.8,7,0,1.46,4,0,0,0.06,0.03,0.09,1,2.73,1,20,0,0,3,0,0.06,0.01,0.07,1,1.98,1,0,0,0.0,0.02,0.02,0,0.75
587,Bissouma,MID,Tottenham,5.2,5,0,0.96,3,0,0,0.08,0.01,0.09,8,4.97,0,34,0,0,2,0,0.0,0.0,0.0,6,2.95,1,0,0,0.08,0.01,0.09,2,2.02
792,Alysson,MID,Aston Villa,5.0,2,0,0.4,2,0,0,0.05,0.04,0.09,2,1.76,0,3,0,0,1,0,0.05,0.01,0.06,1,1.34,1,0,0,0.0,0.03,0.03,1,0.42
125,Janelt,MID,Brentford,4.9,1,0,0.2,1,0,0,0.07,0.02,0.09,2,0.98,0,2,0,0,1,0,0.07,0.02,0.09,2,0.98,0,0,0,0.0,0.0,0.0,0,0.0
199,Worrall,DEF,Burnley,3.8,10,0,2.63,4,0,0,0.08,0.0,0.08,6,5.93,0,40,0,0,2,0,0.08,0.0,0.08,4,3.13,2,0,0,0.0,0.0,0.0,2,2.8
332,Lukić,MID,Fulham,4.9,1,0,0.2,1,0,0,0.08,0.0,0.08,0,0.6,0,3,0,0,0,0,0.0,0.0,0.0,0,0.0,1,0,0,0.08,0.0,0.08,0,0.6
41,Pau,DEF,Aston Villa,4.3,7,0,1.63,2,0,0,0.04,0.03,0.07,2,1.8,1,12,0,0,1,0,0.0,0.02,0.02,0,0.94,1,0,0,0.04,0.01,0.05,2,0.86
243,George,MID,Everton,4.8,3,0,0.62,3,0,0,0.06,0.01,0.07,1,1.62,0,2,0,0,2,0,0.06,0.01,0.07,0,0.71,1,0,0,0.0,0.0,0.0,1,0.91
135,Wissa,FWD,Newcastle Utd,7.3,2,0,0.27,2,0,0,0.07,0.0,0.07,2,1.84,0,1,0,0,2,0,0.07,0.0,0.07,2,1.84,0,0,0,0.0,0.0,0.0,0,0.0
535,Cirkin,DEF,Sunderland,4.0,1,0,0.25,1,0,0,0.08,0.0,0.07,0,0.0,0,0,0,0,1,0,0.08,0.0,0.07,0,0.0,0,0,0,0.0,0.0,0.0,0,0.0
143,Boscagli,DEF,Brighton,4.2,1,0,0.24,1,0,0,0.0,0.07,0.07,1,0.47,0,8,0,0,1,0,0.0,0.07,0.07,1,0.47,0,0,0,0.0,0.0,0.0,0,0.0
27,Nelson,MID,Brentford,4.8,1,0,0.21,1,0,0,0.07,0.0,0.07,0,0.06,0,1,0,0,1,0,0.07,0.0,0.07,0,0.06,0,0,0,0.0,0.0,0.0,0,0.0
374,Konaté,DEF,Liverpool,5.5,12,1,2.18,4,0,0,0.0,0.06,0.06,5,5.32,1,32,0,0,1,0,0.0,0.01,0.01,2,1.86,3,0,0,0.0,0.05,0.05,3,3.46
500,Osula,FWD,Newcastle Utd,5.4,10,2,1.85,4,1,0,0.05,0.01,0.06,1,1.76,0,8,0,0,3,1,0.05,0.01,0.06,1,1.4,1,0,0,0.0,0.0,0.0,0,0.36
669,Ndoye,MID,Nott'ham Forest,5.5,4,0,0.73,4,0,0,0.05,0.01,0.06,1,1.61,0,5,0,0,2,0,0.05,0.0,0.05,1,1.34,2,0,0,0.0,0.01,0.01,0,0.27
358,Tanaka,MID,Leeds United,4.8,1,0,0.21,1,0,0,0.02,0.04,0.06,0,0.1,0,0,0,0,1,0,0.02,0.04,0.06,0,0.1,0,0,0,0.0,0.0,0.0,0,0.0
351,Gnonto,MID,Leeds United,5.1,1,0,0.2,2,0,0,0.04,0.02,0.06,0,0.0,0,4,0,0,2,0,0.04,0.02,0.06,0,0.0,0,0,0,0.0,0.0,0.0,0,0.0
569,Romero,DEF,Tottenham,5.0,1,0,0.2,1,0,0,0.02,0.04,0.06,3,1.48,0,6,0,0,1,0,0.02,0.04,0.06,3,1.48,0,0,0,0.0,0.0,0.0,0,0.0
187,Walker,DEF,Burnley,4.4,11,0,2.5,4,0,0,0.0,0.05,0.05,5,7.06,1,29,0,0,1,0,0.0,0.01,0.01,0,2.55,3,0,0,0.0,0.04,0.04,5,4.51
262,Chadi Riad,DEF,Crystal Palace,4.0,9,0,2.25,4,0,0,0.02,0.03,0.05,2,4.09,1,15,0,0,2,0,0.02,0.01,0.03,0,1.68,2,0,0,0.0,0.02,0.02,2,2.41
85,Adams,MID,Bournemouth,4.9,10,0,2.04,3,0,0,0.0,0.05,0.05,1,3.08,2,36,0,0,2,0,0.0,0.04,0.04,1,1.61,1,0,0,0.0,0.01,0.01,0,1.47
682,Møller Wolfe,DEF,Wolves,4.2,7,0,1.67,2,0,0,0.0,0.05,0.05,1,2.33,1,9,0,0,1,0,0.0,0.0,0.0,0,1.22,1,0,0,0.0,0.05,0.05,1,1.11
662,Mosquera,DEF,Arsenal,5.3,7,0,1.32,3,0,0,0.0,0.05,0.05,0,1.3,1,21,0,0,1,0,0.0,0.03,0.03,0,0.24,2,0,0,0.0,0.02,0.02,0,1.06
758,Mohamadou Kanté,MID,West Ham,4.5,4,0,0.89,5,0,0,0.04,0.01,0.05,0,0.45,0,7,0,0,2,0,0.0,0.01,0.01,0,0.02,3,0,0,0.04,0.0,0.04,0,0.43
804,Souza,DEF,Tottenham,4.0,2,0,0.5,3,0,0,0.02,0.03,0.05,2,1.57,0,4,0,0,1,0,0.0,0.0,0.0,1,0.89,2,0,0,0.02,0.03,0.05,1,0.68
747,Mayers,DEF,West Ham,4.0,1,0,0.25,1,0,0,0.0,0.05,0.05,0,0.41,0,0,0,0,0,0,0.0,0.0,0.0,0,0.0,1,0,0,0.0,0.05,0.05,0,0.41
317,Andersen,DEF,Fulham,4.6,15,0,3.26,3,0,0,0.0,0.04,0.04,2,4.04,1,33,0,0,1,0,0.0,0.02,0.02,1,1.24,2,0,0,0.0,0.02,0.02,1,2.8
728,Röhl,MID,Everton,5.0,2,0,0.4,2,0,0,0.0,0.04,0.04,2,1.95,0,5,0,0,1,0,0.0,0.0,0.0,0,0.0,1,0,0,0.0,0.04,0.04,2,1.95
263,Clyne,DEF,Crystal Palace,3.8,1,0,0.26,1,0,0,0.0,0.04,0.04,1,1.54,0,5,0,0,0,0,0.0,0.0,0.0,0,0.0,1,0,0,0.0,0.04,0.04,1,1.54
800,Jocelin.T,MID,Sunderland,5.0,1,0,0.2,1,0,0,0.0,0.04,0.04,0,0.24,0,3,0,0,1,0,0.0,0.04,0.04,0,0.24,0,0,0,0.0,0.0,0.0,0,0.0
539,O'Nien,DEF,Sunderland,4.0,8,0,2.0,3,0,0,0.0,0.03,0.03,1,2.8,1,11,0,0,1,0,0.0,0.01,0.01,0,0.38,2,0,0,0.0,0.02,0.02,1,2.42
670,Roefs,GK,Sunderland,4.8,3,0,0.62,2,0,0,0.0,0.03,0.03,4,3.59,0,0,5,0,1,0,0.0,0.03,0.03,3,1.88,1,0,0,0.0,0.0,0.0,1,1.71
44,Bogarde,DEF,Aston Villa,4.0,2,0,0.5,3,0,0,0.0,0.03,0.03,5,2.53,0,9,0,0,2,0,0.0,0.0,0.0,2,1.43,1,0,0,0.0,0.03,0.03,3,1.1
233,Acheampong,DEF,Chelsea,3.7,1,0,0.27,1,0,0,0.0,0.03,0.03,1,0.29,0,0,0,0,1,0,0.0,0.03,0.03,1,0.29,0,0,0,0.0,0.0,0.0,0,0.0
812,Ellborg,GK,Sunderland,4.0,16,3,4.0,3,0,0,0.0,0.02,0.02,2,4.1,1,0,10,0,1,0,0.0,0.02,0.02,1,1.68,2,0,0,0.0,0.0,0.0,1,2.42
609,Todibo,DEF,West Ham,4.3,13,1,3.02,2,0,0,0.0,0.02,0.02,1,2.92,1,20,0,0,1,0,0.0,0.02,0.02,1,2.03,1,0,0,0.0,0.0,0.0,0,0.89
565,Vicario,GK,Tottenham,4.7,7,0,1.49,5,0,0,0.0,0.02,0.02,13,9.17,0,0,12,0,3,0,0.0,0.0,0.0,10,5.33,2,0,0,0.0,0.02,0.02,3,3.84
796,Gallagher,MID,Tottenham,5.1,5,0,0.98,4,0,0,0.0,0.02,0.02,8,4.55,0,15,0,0,3,0,0.0,0.0,0.0,6,3.18,1,0,0,0.0,0.02,0.02,2,1.37
353,James,MID,Leeds United,5.2,3,0,0.58,3,0,0,0.0,0.02,0.02,0,0.1,0,6,0,0,3,0,0.0,0.02,0.02,0,0.1,0,0,0,0.0,0.0,0.0,0,0.0
130,Donovan,MID,Brentford,4.4,2,0,0.45,2,0,0,0.02,0.0,0.02,0,0.15,0,3,0,0,1,0,0.0,0.0,0.0,0,0.0,1,0,0,0.02,0.0,0.02,0,0.15
698,Okafor,MID,Leeds United,5.5,1,0,0.18,1,0,0,0.02,0.0,0.02,0,0.1,0,0,0,0,1,0,0.02,0.0,0.02,0,0.1,0,0,0,0.0,0.0,0.0,0,0.0
139,Verbruggen,GK,Brighton,4.5,22,0,4.89,5,0,0,0.0,0.01,0.01,3,4.93,2,0,15,0,3,0,0.0,0.0,0.0,3,2.43,2,0,0,0.0,0.01,0.01,0,2.5
341,Darlow,GK,Leeds United,3.9,19,0,4.87,5,0,0,0.0,0.01,0.01,3,5.45,2,0,9,0,3,0,0.0,0.01,0.01,2,3.32,2,0,0,0.0,0.0,0.0,1,2.13
253,Henderson,GK,Crystal Palace,5.0,23,3,4.6,4,0,0,0.0,0.01,0.01,6,5.79,1,0,20,0,2,0,0.0,0.01,0.01,3,2.16,2,0,0,0.0,0.0,0.0,3,3.63
1,Raya,GK,Arsenal,6.0,21,1,3.5,5,0,0,0.0,0.01,0.01,4,3.97,2,0,13,0,2,0,0.0,0.01,0.01,1,2.1,3,0,0,0.0,0.0,0.0,3,1.87
287,Pickford,GK,Everton,5.6,18,0,3.21,5,0,0,0.0,0.01,0.01,5,6.72,2,0,15,0,3,0,0.0,0.0,0.0,1,2.99,2,0,0,0.0,0.01,0.01,4,3.73
470,Dúbravka,GK,Burnley,4.0,12,0,3.0,5,0,0,0.0,0.01,0.01,10,11.24,1,0,11,0,2,0,0.0,0.01,0.01,4,4.8,3,0,0,0.0,0.0,0.0,6,6.44
32,Martinez,GK,Aston Villa,5.1,13,0,2.55,5,0,0,0.0,0.01,0.01,10,7.85,1,0,11,0,3,0,0.0,0.01,0.01,5,5.89,2,0,0,0.0,0.0,0.0,5,1.96
111,Pinnock,DEF,Brentford,4.2,10,2,2.38,1,0,0,0.01,0.0,0.01,0,0.52,1,13,0,0,0,0,0.0,0.0,0.0,0,0.0,1,0,0,0.01,0.0,0.01,0,0.52
152,Veltman,DEF,Brighton,4.3,5,0,1.16,5,0,0,0.0,0.01,0.01,0,1.55,0,7,0,0,3,0,0.0,0.01,0.01,0,0.6,2,0,0,0.0,0.0,0.0,0,0.95
326,Adama,MID,West Ham,5.1,4,0,0.78,4,0,0,0.0,0.01,0.01,2,2.25,0,3,0,0,1,0,0.0,0.0,0.0,0,1.04,3,0,0,0.0,0.01,0.01,2,1.21
320,Diop,DEF,Fulham,4.3,3,0,0.7,2,0,0,0.0,0.01,0.01,2,1.97,0,13,0,0,2,0,0.0,0.01,0.01,2,1.97,0,0,0,0.0,0.0,0.0,0,0.0
426,McAtee,MID,Nott'ham Forest,5.0,3,0,0.6,3,0,0,0.0,0.01,0.01,1,0.64,0,2,0,0,2,0,0.0,0.01,0.01,1,0.64,1,0,0,0.0,0.0,0.0,0,0.0
17,Ødegaard,MID,Arsenal,7.8,4,0,0.51,1,0,1,0.0,0.01,0.01,0,0.42,0,1,0,0,0,0,0.0,0.0,0.0,0,0.0,1,0,1,0.0,0.01,0.01,0,0.42
722,Florentino,MID,Burnley,5.0,2,0,0.4,2,0,0,0.0,0.01,0.01,2,1.17,0,10,0,0,1,0,0.0,0.0,0.0,1,0.36,1,0,0,0.0,0.01,0.01,1,0.81
595,Olusesi,MID,Tottenham,4.3,1,0,0.23,1,0,0,0.0,0.01,0.01,0,0.75,0,2,0,0,0,0,0.0,0.0,0.0,0,0.0,1,0,0,0.0,0.01,0.01,0,0.75
623,Potts,MID,West Ham,4.4,1,0,0.23,1,0,0,0.0,0.01,0.01,1,1.13,0,4,0,0,0,0,0.0,0.0,0.0,0,0.0,1,0,0,0.0,0.01,0.01,1,1.13
391,Gannon-Doak,MID,Bournemouth,4.8,1,0,0.21,1,0,0,0.0,0.01,0.01,0,0.02,0,1,0,0,1,0,0.0,0.01,0.01,0,0.02,0,0,0,0.0,0.0,0.0,0,0.0
805,Lucca,FWD,Nott'ham Forest,5.5,1,0,0.18,1,0,0,0.0,0.01,0.01,1,1.2,0,2,0,0,1,0,0.0,0.01,0.01,1,1.2,0,0,0,0.0,0.0,0.0,0,0.0
238,Estêvão,MID,Chelsea,6.4,1,0,0.16,1,0,0,0.0,0.01,0.01,1,0.37,0,3,0,0,0,0,0.0,0.0,0.0,0,0.0,1,0,0,0.0,0.01,0.01,1,0.37
31,G.Jesus,FWD,Arsenal,6.4,0,0,0.0,1,0,0,0.0,0.01,0.01,1,0.17,0,3,0,0,0,0,0.0,0.0,0.0,0,0.0,1,0,0,0.0,0.01,0.01,1,0.17
67,Petrović,GK,Bournemouth,4.5,26,2,5.78,5,0,0,0.0,0.0,0.0,3,8.26,3,0,14,0,3,0,0.0,0.0,0.0,3,3.59,2,0,0,0.0,0.0,0.0,0,4.67
679,Hermansen,GK,West Ham,4.2,24,5,5.71,5,0,0,0.0,0.0,0.0,8,7.09,2,0,21,0,2,0,0.0,0.0,0.0,1,2.68,3,0,0,0.0,0.0,0.0,7,4.41
736,Donnarumma,GK,Manchester City,5.6,20,1,3.57,5,0,0,0.0,0.0,0.0,4,5.04,2,0,13,0,3,0,0.0,0.0,0.0,3,3.01,2,0,0,0.0,0.0,0.0,1,2.03
502,Sels,GK,Nott'ham Forest,4.6,16,0,3.48,4,0,0,0.0,0.0,0.0,4,5.6,2,0,12,0,1,0,0.0,0.0,0.0,0,1.03,3,0,0,0.0,0.0,0.0,4,4.57
314,Leno,GK,Fulham,4.9,17,1,3.47,5,0,0,0.0,0.0,0.0,4,6.01,1,0,10,0,3,0,0.0,0.0,0.0,3,3.21,2,0,0,0.0,0.0,0.0,1,2.8
733,Lammens,GK,Manchester Utd,5.0,17,2,3.4,5,0,0,0.0,0.0,0.0,6,6.28,1,0,13,0,2,0,0.0,0.0,0.0,2,1.38,3,0,0,0.0,0.0,0.0,4,4.9
628,José Sá,GK,Wolves,4.2,14,1,3.33,5,0,0,0.0,0.0,0.0,6,9.28,1,0,14,0,3,0,0.0,0.0,0.0,3,4.72,2,0,0,0.0,0.0,0.0,3,4.56
366,A.Becker,GK,Liverpool,5.4,14,1,2.59,4,0,0,0.0,0.0,0.0,5,4.67,1,0,12,0,2,0,0.0,0.0,0.0,3,3.04,2,0,0,0.0,0.0,0.0,2,1.63
674,Ramsdale,GK,Newcastle Utd,4.8,12,1,2.5,3,0,0,0.0,0.0,0.0,3,5.32,1,0,11,0,2,0,0.0,0.0,0.0,3,3.93,1,0,0,0.0,0.0,0.0,0,1.39
220,Sánchez,GK,Chelsea,4.8,9,0,1.88,4,0,0,0.0,0.0,0.0,7,4.57,0,0,15,0,2,0,0.0,0.0,0.0,2,2.26,2,0,0,0.0,0.0,0.0,5,2.31
254,Benitez,GK,Crystal Palace,4.0,7,0,1.75,1,0,0,0.0,0.0,0.0,0,1.12,1,0,3,0,1,0,0.0,0.0,0.0,0,1.12,0,0,0,0.0,0.0,0.0,0,0.0
232,Tosin,DEF,Chelsea,4.0,4,0,1.0,4,0,0,0.0,0.0,0.0,1,1.17,0,7,0,0,1,0,0.0,0.0,0.0,1,0.56,3,0,0,0.0,0.0,0.0,0,0.61
218,Barnes,FWD,Burnley,4.2,4,0,0.95,4,0,0,0.0,0.0,0.0,2,1.66,0,1,0,0,1,0,0.0,0.0,0.0,1,0.29,3,0,0,0.0,0.0,0.0,1,1.37
145,De Cuyper,DEF,Brighton,4.3,3,0,0.7,3,0,0,0.0,0.0,0.0,0,0.86,0,4,0,0,1,0,0.0,0.0,0.0,0,0.25,2,0,0,0.0,0.0,0.0,0,0.61
221,Jörgensen,GK,Chelsea,4.3,3,0,0.7,1,0,0,0.0,0.0,0.0,1,0.78,0,0,3,0,0,0,0.0,0.0,0.0,0,0.0,1,0,0,0.0,0.0,0.0,1,0.78
400,Ortega Moreno,GK,Nott'ham Forest,4.7,3,0,0.64,1,0,0,0.0,0.0,0.0,1,1.73,0,0,3,0,1,0,0.0,0.0,0.0,1,1.73,0,0,0,0.0,0.0,0.0,0,0.0
447,Heaven,DEF,Manchester Utd,3.7,2,0,0.54,3,0,0,0.0,0.0,0.0,0,0.11,0,2,0,0,1,0,0.0,0.0,0.0,0,0.0,2,0,0,0.0,0.0,0.0,0,0.11
42,A.García,DEF,Aston Villa,3.9,2,0,0.51,2,0,0,0.0,0.0,0.0,0,0.03,0,1,0,0,1,0,0.0,0.0,0.0,0,0.0,1,0,0,0.0,0.0,0.0,0,0.03
367,Mamardashvili,GK,Liverpool,4.1,2,0,0.49,1,0,0,0.0,0.0,0.0,2,2.17,0,0,4,0,0,0,0.0,0.0,0.0,0,0.0,1,0,0,0.0,0.0,0.0,2,2.17
321,J.Cuenca,DEF,Fulham,4.3,2,0,0.47,2,0,0,0.0,0.0,0.0,0,0.21,0,3,0,0,1,0,0.0,0.0,0.0,0,0.08,1,0,0,0.0,0.0,0.0,0,0.13
24,Nørgaard,MID,Arsenal,5.1,2,0,0.39,2,0,0,0.0,0.0,0.0,0,0.05,0,2,0,0,1,0,0.0,0.0,0.0,0,0.05,1,0,0,0.0,0.0,0.0,0,0.0
735,Traoré,MID,Sunderland,5.5,2,0,0.36,2,0,0,0.0,0.0,0.0,0,0.75,0,0,0,0,0,0,0.0,0.0,0.0,0,0.0,2,0,0,0.0,0.0,0.0,0,0.75
105,Valdimarsson,GK,Brentford,3.9,1,0,0.26,1,0,0,0.0,0.0,0.0,3,0.97,0,0,1,0,0,0,0.0,0.0,0.0,0,0.0,1,0,0,0.0,0.0,0.0,3,0.97
448,Malacia,DEF,Manchester Utd,3.8,1,0,0.26,1,0,0,0.0,0.0,0.0,1,0.05,0,0,0,0,0,0,0.0,0.0,0.0,0,0.0,1,0,0,0.0,0.0,0.0,1,0.05
116,Hickey,DEF,Brentford,4.0,1,0,0.25,1,0,0,0.0,0.0,0.0,1,0.62,0,5,0,0,1,0,0.0,0.0,0.0,1,0.62,0,0,0,0.0,0.0,0.0,0,0.0
750,Rowswell,DEF,Tottenham,4.0,1,0,0.25,1,0,0,0.0,0.0,0.0,0,0.36,0,0,0,0,0,0,0.0,0.0,0.0,0,0.0,1,0,0,0.0,0.0,0.0,0,0.36
511,Morato,DEF,Nott'ham Forest,4.3,1,0,0.23,1,0,0,0.0,0.0,0.0,0,0.79,0,4,0,0,0,0,0.0,0.0,0.0,0,0.0,1,0,0,0.0,0.0,0.0,0,0.79
632,Doherty,DEF,Wolves,4.4,1,0,0.23,1,0,0,0.0,0.0,0.0,0,1.17,0,5,0,0,1,0,0.0,0.0,0.0,0,1.17,0,0,0,0.0,0.0,0.0,0,0.0
694,Mukiele,DEF,Sunderland,4.5,1,0,0.22,1,0,0,0.0,0.0,0.0,0,0.0,0,0,0,0,1,0,0.0,0.0,0.0,0,0.0,0,0,0,0.0,0.0,0.0,0,0.0
795,Howell,MID,Brighton,4.5,1,0,0.22,1,0,0,0.0,0.0,0.0,0,0.04,0,3,0,0,1,0,0.0,0.0,0.0,0,0.04,0,0,0,0.0,0.0,0.0,0,0.0
814,Netz,DEF,Nott'ham Forest,4.5,1,0,0.22,1,0,0,0.0,0.0,0.0,0,0.05,0,1,0,0,0,0,0.0,0.0,0.0,0,0.0,1,0,0,0.0,0.0,0.0,0,0.05
405,Aké,DEF,Manchester City,5.2,1,0,0.19,1,0,0,0.0,0.0,0.0,0,0.05,0,1,0,0,0,0,0.0,0.0,0.0,0,0.0,1,0,0,0.0,0.0,0.0,0,0.05
680,Broja,FWD,Burnley,5.2,1,0,0.19,1,0,0,0.0,0.0,0.0,0,0.86,0,1,0,0,1,0,0.0,0.0,0.0,0,0.86,0,0,0,0.0,0.0,0.0,0,0.0
707,Dibling,MID,Everton,5.3,1,0,0.19,1,0,0,0.0,0.0,0.0,0,0.67,0,0,0,0,1,0,0.0,0.0,0.0,0,0.67,0,0,0,0.0,0.0,0.0,0,0.0
164,O'Riley,MID,Brighton,5.5,1,0,0.18,1,0,0,0.0,0.0,0.0,0,0.08,0,0,0,0,0,0,0.0,0.0,0.0,0,0.0,1,0,0,0.0,0.0,0.0,0,0.08
48,Tielemans,MID,Aston Villa,5.9,1,0,0.17,1,0,0,0.0,0.0,0.0,0,0.35,0,7,0,0,1,0,0.0,0.0,0.0,0,0.35,0,0,0,0.0,0.0,0.0,0,0.0
159,March,MID,Brighton,5.8,1,0,0.17,1,0,0,0.0,0.0,0.0,0,0.25,0,0,0,0,1,0,0.0,0.0,0.0,0,0.25,0,0,0,0.0,0.0,0.0,0,0.0
455,Mount,MID,Manchester Utd,5.9,1,0,0.17,1,0,0,0.0,0.0,0.0,0,0.0,0,1,0,0,0,0,0.0,0.0,0.0,0,0.0,1,0,0,0.0,0.0,0.0,0,0.0
2,Arrizabalaga,GK,Arsenal,4.0,0,0,0.0,0,0,0,0.0,0.0,0.0,0,0.0,0,0,0,0,0,0,0.0,0.0,0.0,0,0.0,0,0,0,0.0,0.0,0.0,0,0.0
3,Hein,GK,Arsenal,4.0,0,0,0.0,0,0,0,0.0,0.0,0.0,0,0.0,0,0,0,0,0,0,0.0,0.0,0.0,0,0.0,0,0,0,0.0,0.0,0.0,0,0.0
4,Setford,GK,Arsenal,3.9,0,0,0.0,0,0,0,0.0,0.0,0.0,0,0.0,0,0,0,0,0,0,0.0,0.0,0.0,0,0.0,0,0,0,0.0,0.0,0.0,0,0.0
9,Kiwior,DEF,Arsenal,5.4,0,0,0.0,0,0,0,0.0,0.0,0.0,0,0.0,0,0,0,0,0,0,0.0,0.0,0.0,0,0.0,0,0,0,0.0,0.0,0.0,0,0.0
10,Lewis-Skelly,DEF,Arsenal,5.1,0,0,0.0,0,0,0,0.0,0.0,0.0,0,0.0,0,0,0,0,0,0,0.0,0.0,0.0,0,0.0,0,0,0,0.0,0.0,0.0,0,0.0
11,White,DEF,Arsenal,5.1,0,0,0.0,0,0,0,0.0,0.0,0.0,0,0.0,0,0,0,0,0,0,0.0,0.0,0.0,0,0.0,0,0,0,0.0,0.0,0.0,0,0.0
12,Zinchenko,DEF,Nott'ham Forest,4.9,0,0,0.0,0,0,0,0.0,0.0,0.0,0,0.0,0,0,0,0,0,0,0.0,0.0,0.0,0,0.0,0,0,0,0.0,0.0,0.0,0,0.0
13,Clarke,DEF,Arsenal,3.8,0,0,0.0,0,0,0,0.0,0.0,0.0,0,0.0,0,0,0,0,0,0,0.0,0.0,0.0,0,0.0,0,0,0,0.0,0.0,0.0,0,0.0
14,Kacurri,DEF,Arsenal,3.9,0,0,0.0,0,0,0,0.0,0.0,0.0,0,0.0,0,0,0,0,0,0,0.0,0.0,0.0,0,0.0,0,0,0,0.0,0.0,0.0,0,0.0
15,Nichols,DEF,Arsenal,3.7,0,0,0.0,0,0,0,0.0,0.0,0.0,0,0.0,0,0,0,0,0,0,0.0,0.0,0.0,0,0.0,0,0,0,0.0,0.0,0.0,0,0.0
22,Merino,MID,Arsenal,5.4,0,0,0.0,0,0,0,0.0,0.0,0.0,0,0.0,0,0,0,0,0,0,0.0,0.0,0.0,0,0.0,0,0,0,0.0,0.0,0.0,0,0.0
23,Fábio Vieira,MID,Arsenal,5.4,0,0,0.0,0,0,0,0.0,0.0,0.0,0,0.0,0,0,0,0,0,0,0.0,0.0,0.0,0,0.0,0,0,0,0.0,0.0,0.0,0,0.0
25,Nwaneri,MID,Arsenal,5.0,0,0,0.0,0,0,0,0.0,0.0,0.0,0,0.0,0,0,0,0,0,0,0.0,0.0,0.0,0,0.0,0,0,0,0.0,0.0,0.0,0,0.0
28,Kabia,MID,Arsenal,4.5,0,0,0.0,0,0,0,0.0,0.0,0.0,0,0.0,0,0,0,0,0,0,0.0,0.0,0.0,0,0.0,0,0,0,0.0,0.0,0.0,0,0.0
29,Sambi,MID,Arsenal,4.5,0,0,0.0,0,0,0,0.0,0.0,0.0,0,0.0,0,0,0,0,0,0,0.0,0.0,0.0,0,0.0,0,0,0,0.0,0.0,0.0,0,0.0
33,M.Bizot,GK,Aston Villa,4.2,0,0,0.0,0,0,0,0.0,0.0,0.0,0,0.0,0,0,0,0,0,0,0.0,0.0,0.0,0,0.0,0,0,0,0.0,0.0,0.0,0,0.0
34,Gauci,GK,Aston Villa,4.0,0,0,0.0,0,0,0,0.0,0.0,0.0,0,0.0,0,0,0,0,0,0,0.0,0.0,0.0,0,0.0,0,0,0,0.0,0.0,0.0,0,0.0
35,Marschall,GK,Aston Villa,4.0,0,0,0.0,0,0,0,0.0,0.0,0.0,0,0.0,0,0,0,0,0,0,0.0,0.0,0.0,0,0.0,0,0,0,0.0,0.0,0.0,0,0.0
43,Alex Moreno,DEF,Aston Villa,4.0,0,0,0.0,0,0,0,0.0,0.0,0.0,0,0.0,0,0,0,0,0,0,0.0,0.0,0.0,0,0.0,0,0,0,0.0,0.0,0.0,0,0.0
45,Sousa,DEF,Aston Villa,3.8,0,0,0.0,0,0,0,0.0,0.0,0.0,0,0.0,0,0,0,0,0,0,0.0,0.0,0.0,0,0.0,0,0,0,0.0,0.0,0.0,0,0.0
46,Yasin,DEF,Aston Villa,4.0,0,0,0.0,0,0,0,0.0,0.0,0.0,0,0.0,0,0,0,0,0,0,0.0,0.0,0.0,0,0.0,0,0,0,0.0,0.0,0.0,0,0.0
51,Iling Jr,MID,Aston Villa,5.5,0,0,0.0,0,0,0,0.0,0.0,0.0,0,0.0,0,0,0,0,0,0,0.0,0.0,0.0,0,0.0,0,0,0,0.0,0.0,0.0,0,0.0
53,Malen,MID,Aston Villa,5.1,0,0,0.0,0,0,0,0.0,0.0,0.0,0,0.0,0,0,0,0,0,0,0.0,0.0,0.0,0,0.0,0,0,0,0.0,0.0,0.0,0,0.0
56,Barrenechea,MID,Aston Villa,5.0,0,0,0.0,0,0,0,0.0,0.0,0.0,0,0.0,0,0,0,0,0,0,0.0,0.0,0.0,0,0.0,0,0,0,0.0,0.0,0.0,0,0.0
57,Dobbin,MID,Aston Villa,5.0,0,0,0.0,0,0,0,0.0,0.0,0.0,0,0.0,0,0,0,0,0,0,0.0,0.0,0.0,0,0.0,0,0,0,0.0,0.0,0.0,0,0.0
58,Kamara,MID,Aston Villa,4.9,0,0,0.0,0,0,0,0.0,0.0,0.0,0,0.0,0,0,0,0,0,0,0.0,0.0,0.0,0,0.0,0,0,0,0.0,0.0,0.0,0,0.0
60,Broggio,MID,Aston Villa,4.4,0,0,0.0,0,0,0,0.0,0.0,0.0,0,0.0,0,0,0,0,0,0,0.0,0.0,0.0,0,0.0,0,0,0,0.0,0.0,0.0,0,0.0
61,Dendoncker,MID,Aston Villa,4.5,0,0,0.0,0,0,0,0.0,0.0,0.0,0,0.0,0,0,0,0,0,0,0.0,0.0,0.0,0,0.0,0,0,0,0.0,0.0,0.0,0,0.0
62,Jimoh-Aloba,MID,Aston Villa,4.5,0,0,0.0,0,0,0,0.0,0.0,0.0,0,0.0,0,0,0,0,0,0,0.0,0.0,0.0,0,0.0,0,0,0,0.0,0.0,0.0,0,0.0
63,Young,MID,Aston Villa,4.3,0,0,0.0,0,0,0,0.0,0.0,0.0,0,0.0,0,0,0,0,0,0,0.0,0.0,0.0,0,0.0,0,0,0,0.0,0.0,0.0,0,0.0
65,Redmond,FWD,Aston Villa,4.5,0,0,0.0,0,0,0,0.0,0.0,0.0,0,0.0,0,0,0,0,0,0,0.0,0.0,0.0,0,0.0,0,0,0,0.0,0.0,0.0,0,0.0
66,Neto,GK,Bournemouth,4.5,0,0,0.0,0,0,0,0.0,0.0,0.0,0,0.0,0,0,0,0,0,0,0.0,0.0,0.0,0,0.0,0,0,0,0.0,0.0,0.0,0,0.0
68,Dennis,GK,Bournemouth,4.0,0,0,0.0,0,0,0,0.0,0.0,0.0,0,0.0,0,0,0,0,0,0,0.0,0.0,0.0,0,0.0,0,0,0,0.0,0.0,0.0,0,0.0
69,McKenna,GK,Bournemouth,3.9,0,0,0.0,0,0,0,0.0,0.0,0.0,0,0.0,0,0,0,0,0,0,0.0,0.0,0.0,0,0.0,0,0,0,0.0,0.0,0.0,0,0.0
70,Paulsen,GK,Bournemouth,4.0,0,0,0.0,0,0,0,0.0,0.0,0.0,0,0.0,0,0,0,0,0,0,0.0,0.0,0.0,0,0.0,0,0,0,0.0,0.0,0.0,0,0.0
71,Zabarnyi,DEF,Bournemouth,5.0,0,0,0.0,0,0,0,0.0,0.0,0.0,0,0.0,0,0,0,0,0,0,0.0,0.0,0.0,0,0.0,0,0,0,0.0,0.0,0.0,0,0.0
75,Akinmboni,DEF,Bournemouth,3.8,0,0,0.0,0,0,0,0.0,0.0,0.0,0,0.0,0,0,0,0,0,0,0.0,0.0,0.0,0,0.0,0,0,0,0.0,0.0,0.0,0,0.0
76,Bevan,DEF,Bournemouth,3.8,0,0,0.0,0,0,0,0.0,0.0,0.0,0,0.0,0,0,0,0,0,0,0.0,0.0,0.0,0,0.0,0,0,0,0.0,0.0,0.0,0,0.0
78,J.Araujo,DEF,Bournemouth,3.8,0,0,0.0,0,0,0,0.0,0.0,0.0,0,0.0,0,0,0,0,0,0,0.0,0.0,0.0,0,0.0,0,0,0,0.0,0.0,0.0,0,0.0
79,Mepham,DEF,Bournemouth,4.0,0,0,0.0,0,0,0,0.0,0.0,0.0,0,0.0,0,0,0,0,0,0,0.0,0.0,0.0,0,0.0,0,0,0,0.0,0.0,0.0,0,0.0
80,Soler,DEF,Bournemouth,4.0,0,0,0.0,0,0,0,0.0,0.0,0.0,0,0.0,0,0,0,0,0,0,0.0,0.0,0.0,0,0.0,0,0,0,0.0,0.0,0.0,0,0.0
81,Kluivert,MID,Bournemouth,6.9,0,0,0.0,0,0,0,0.0,0.0,0.0,0,0.0,0,0,0,0,0,0,0.0,0.0,0.0,0,0.0,0,0,0,0.0,0.0,0.0,0,0.0
88,Cook,MID,Bournemouth,4.9,0,0,0.0,0,0,0,0.0,0.0,0.0,0,0.0,0,0,0,0,0,0,0.0,0.0,0.0,0,0.0,0,0,0,0.0,0.0,0.0,0,0.0
89,Philip,MID,Bournemouth,4.9,0,0,0.0,0,0,0,0.0,0.0,0.0,0,0.0,0,0,0,0,0,0,0.0,0.0,0.0,0,0.0,0,0,0,0.0,0.0,0.0,0,0.0
91,Sinisterra,MID,Bournemouth,5.0,0,0,0.0,0,0,0,0.0,0.0,0.0,0,0.0,0,0,0,0,0,0,0.0,0.0,0.0,0,0.0,0,0,0,0.0,0.0,0.0,0,0.0
92,Faivre,MID,Bournemouth,4.5,0,0,0.0,0,0,0,0.0,0.0,0.0,0,0.0,0,0,0,0,0,0,0.0,0.0,0.0,0,0.0,0,0,0,0.0,0.0,0.0,0,0.0
93,H.Traorè,MID,Bournemouth,4.5,0,0,0.0,0,0,0,0.0,0.0,0.0,0,0.0,0,0,0,0,0,0,0.0,0.0,0.0,0,0.0,0,0,0,0.0,0.0,0.0,0,0.0
94,Sadi,MID,Bournemouth,4.5,0,0,0.0,0,0,0,0.0,0.0,0.0,0,0.0,0,0,0,0,0,0,0.0,0.0,0.0,0,0.0,0,0,0,0.0,0.0,0.0,0,0.0
95,Silcott-Duberry,MID,Bournemouth,4.4,0,0,0.0,0,0,0,0.0,0.0,0.0,0,0.0,0,0,0,0,0,0,0.0,0.0,0.0,0,0.0,0,0,0,0.0,0.0,0.0,0,0.0
96,Winterburn,MID,Bournemouth,4.5,0,0,0.0,0,0,0,0.0,0.0,0.0,0,0.0,0,0,0,0,0,0,0.0,0.0,0.0,0,0.0,0,0,0,0.0,0.0,0.0,0,0.0
99,Adu-Adjei,FWD,Bournemouth,4.4,0,0,0.0,0,0,0,0.0,0.0,0.0,0,0.0,0,0,0,0,0,0,0.0,0.0,0.0,0,0.0,0,0,0,0.0,0.0,0.0,0,0.0
102,Balcombe,GK,Brentford,3.9,0,0,0.0,0,0,0,0.0,0.0,0.0,0,0.0,0,0,0,0,0,0,0.0,0.0,0.0,0,0.0,0,0,0,0.0,0.0,0.0,0,0.0
103,Cox,GK,Brentford,3.9,0,0,0.0,0,0,0,0.0,0.0,0.0,0,0.0,0,0,0,0,0,0,0.0,0.0,0.0,0,0.0,0,0,0,0.0,0.0,0.0,0,0.0
104,Eyestone,GK,Brentford,3.9,0,0,0.0,0,0,0,0.0,0.0,0.0,0,0.0,0,0,0,0,0,0,0.0,0.0,0.0,0,0.0,0,0,0,0.0,0.0,0.0,0,0.0
112,Roerslev,DEF,Brentford,4.5,0,0,0.0,0,0,0,0.0,0.0,0.0,0,0.0,0,0,0,0,0,0,0.0,0.0,0.0,0,0.0,0,0,0,0.0,0.0,0.0,0,0.0
114,Arthur,DEF,Brentford,3.8,0,0,0.0,0,0,0,0.0,0.0,0.0,0,0.0,0,0,0,0,0,0,0.0,0.0,0.0,0,0.0,0,0,0,0.0,0.0,0.0,0,0.0
115,Fredrick,DEF,Brentford,4.0,0,0,0.0,0,0,0,0.0,0.0,0.0,0,0.0,0,0,0,0,0,0,0.0,0.0,0.0,0,0.0,0,0,0,0.0,0.0,0.0,0,0.0
117,Ji-soo,DEF,Brentford,3.9,0,0,0.0,0,0,0,0.0,0.0,0.0,0,0.0,0,0,0,0,0,0,0.0,0.0,0.0,0,0.0,0,0,0,0.0,0.0,0.0,0,0.0
118,Meghoma,DEF,Brentford,4.0,0,0,0.0,0,0,0,0.0,0.0,0.0,0,0.0,0,0,0,0,0,0,0.0,0.0,0.0,0,0.0,0,0,0,0.0,0.0,0.0,0,0.0
122,Milambo,MID,Brentford,5.2,0,0,0.0,0,0,0,0.0,0.0,0.0,0,0.0,0,0,0,0,0,0,0.0,0.0,0.0,0,0.0,0,0,0,0.0,0.0,0.0,0,0.0
123,Carvalho,MID,Brentford,4.7,0,0,0.0,0,0,0,0.0,0.0,0.0,0,0.0,0,0,0,0,0,0,0.0,0.0,0.0,0,0.0,0,0,0,0.0,0.0,0.0,0,0.0
127,Nunes,MID,Brentford,4.9,0,0,0.0,0,0,0,0.0,0.0,0.0,0,0.0,0,0,0,0,0,0,0.0,0.0,0.0,0,0.0,0,0,0,0.0,0.0,0.0,0,0.0
128,Onyeka,MID,Brentford,4.8,0,0,0.0,0,0,0,0.0,0.0,0.0,0,0.0,0,0,0,0,0,0,0.0,0.0,0.0,0,0.0,0,0,0,0.0,0.0,0.0,0,0.0
131,Konak,MID,Brentford,4.3,0,0,0.0,0,0,0,0.0,0.0,0.0,0,0.0,0,0,0,0,0,0,0.0,0.0,0.0,0,0.0,0,0,0,0.0,0.0,0.0,0,0.0
132,Maghoma,MID,Brentford,4.5,0,0,0.0,0,0,0,0.0,0.0,0.0,0,0.0,0,0,0,0,0,0,0.0,0.0,0.0,0,0.0,0,0,0,0.0,0.0,0.0,0,0.0
133,Peart-Harris,MID,Brentford,4.4,0,0,0.0,0,0,0,0.0,0.0,0.0,0,0.0,0,0,0,0,0,0,0.0,0.0,0.0,0,0.0,0,0,0,0.0,0.0,0.0,0,0.0
134,Trevitt,MID,Brentford,4.5,0,0,0.0,0,0,0,0.0,0.0,0.0,0,0.0,0,0,0,0,0,0,0.0,0.0,0.0,0,0.0,0,0,0,0.0,0.0,0.0,0,0.0
137,Morgan,FWD,Brentford,4.4,0,0,0.0,0,0,0,0.0,0.0,0.0,0,0.0,0,0,0,0,0,0,0.0,0.0,0.0,0,0.0,0,0,0,0.0,0.0,0.0,0,0.0
138,Steele,GK,Brighton,4.2,0,0,0.0,0,0,0,0.0,0.0,0.0,0,0.0,0,0,0,0,0,0,0.0,0.0,0.0,0,0.0,0,0,0,0.0,0.0,0.0,0,0.0
140,McGill,GK,Brighton,3.9,0,0,0.0,0,0,0,0.0,0.0,0.0,0,0.0,0,0,0,0,0,0,0.0,0.0,0.0,0,0.0,0,0,0,0.0,0.0,0.0,0,0.0
141,Rushworth,GK,Brighton,4.0,0,0,0.0,0,0,0,0.0,0.0,0.0,0,0.0,0,0,0,0,0,0,0.0,0.0,0.0,0,0.0,0,0,0,0.0,0.0,0.0,0,0.0
142,Scherpen,GK,Brighton,4.0,0,0,0.0,0,0,0,0.0,0.0,0.0,0,0.0,0,0,0,0,0,0,0.0,0.0,0.0,0,0.0,0,0,0,0.0,0.0,0.0,0,0.0
144,Coppola,DEF,Brighton,4.2,0,0,0.0,0,0,0,0.0,0.0,0.0,0,0.0,0,0,0,0,0,0,0.0,0.0,0.0,0,0.0,0,0,0,0.0,0.0,0.0,0,0.0
147,Estupiñan,DEF,Brighton,4.5,0,0,0.0,0,0,0,0.0,0.0,0.0,0,0.0,0,0,0,0,0,0,0.0,0.0,0.0,0,0.0,0,0,0,0.0,0.0,0.0,0,0.0
149,Igor,DEF,Brighton,4.5,0,0,0.0,0,0,0,0.0,0.0,0.0,0,0.0,0,0,0,0,0,0,0.0,0.0,0.0,0,0.0,0,0,0,0.0,0.0,0.0,0,0.0
150,Lamptey,DEF,Brighton,4.4,0,0,0.0,0,0,0,0.0,0.0,0.0,0,0.0,0,0,0,0,0,0,0.0,0.0,0.0,0,0.0,0,0,0,0.0,0.0,0.0,0,0.0
153,Webster,DEF,Brighton,4.4,0,0,0.0,0,0,0,0.0,0.0,0.0,0,0.0,0,0,0,0,0,0,0.0,0.0,0.0,0,0.0,0,0,0,0.0,0.0,0.0,0,0.0
154,Cashin,DEF,Brighton,4.0,0,0,0.0,0,0,0,0.0,0.0,0.0,0,0.0,0,0,0,0,0,0,0.0,0.0,0.0,0,0.0,0,0,0,0.0,0.0,0.0,0,0.0
155,Slater,DEF,Brighton,4.0,0,0,0.0,0,0,0,0.0,0.0,0.0,0,0.0,0,0,0,0,0,0,0.0,0.0,0.0,0,0.0,0,0,0,0.0,0.0,0.0,0,0.0
156,Tasker,DEF,Brighton,3.8,0,0,0.0,0,0,0,0.0,0.0,0.0,0,0.0,0,0,0,0,0,0,0.0,0.0,0.0,0,0.0,0,0,0,0.0,0.0,0.0,0,0.0
161,Enciso,MID,Brighton,5.4,0,0,0.0,0,0,0,0.0,0.0,0.0,0,0.0,0,0,0,0,0,0,0.0,0.0,0.0,0,0.0,0,0,0,0.0,0.0,0.0,0,0.0
162,Gruda,MID,Brighton,5.4,0,0,0.0,0,0,0,0.0,0.0,0.0,0,0.0,0,0,0,0,0,0,0.0,0.0,0.0,0,0.0,0,0,0,0.0,0.0,0.0,0,0.0
165,Sima,MID,Brighton,5.4,0,0,0.0,0,0,0,0.0,0.0,0.0,0,0.0,0,0,0,0,0,0,0.0,0.0,0.0,0,0.0,0,0,0,0.0,0.0,0.0,0,0.0
168,Buonanotte,MID,Leeds United,4.6,0,0,0.0,0,0,0,0.0,0.0,0.0,0,0.0,0,0,0,0,0,0,0.0,0.0,0.0,0,0.0,0,0,0,0.0,0.0,0.0,0,0.0
171,Sarmiento,MID,Brighton,4.9,0,0,0.0,0,0,0,0.0,0.0,0.0,0,0.0,0,0,0,0,0,0,0.0,0.0,0.0,0,0.0,0,0,0,0.0,0.0,0.0,0,0.0
172,Watson,MID,Brighton,4.8,0,0,0.0,0,0,0,0.0,0.0,0.0,0,0.0,0,0,0,0,0,0,0.0,0.0,0.0,0,0.0,0,0,0,0.0,0.0,0.0,0,0.0
174,Yalcouye,MID,Brighton,5.0,0,0,0.0,0,0,0,0.0,0.0,0.0,0,0.0,0,0,0,0,0,0,0.0,0.0,0.0,0,0.0,0,0,0,0.0,0.0,0.0,0,0.0
175,Knight,MID,Brighton,4.4,0,0,0.0,0,0,0,0.0,0.0,0.0,0,0.0,0,0,0,0,0,0,0.0,0.0,0.0,0,0.0,0,0,0,0.0,0.0,0.0,0,0.0
176,Mazilu,MID,Brighton,4.5,0,0,0.0,0,0,0,0.0,0.0,0.0,0,0.0,0,0,0,0,0,0,0.0,0.0,0.0,0,0.0,0,0,0,0.0,0.0,0.0,0,0.0
177,Moran,MID,Brighton,4.5,0,0,0.0,0,0,0,0.0,0.0,0.0,0,0.0,0,0,0,0,0,0,0.0,0.0,0.0,0,0.0,0,0,0,0.0,0.0,0.0,0,0.0
179,Ferguson,FWD,Brighton,5.5,0,0,0.0,0,0,0,0.0,0.0,0.0,0,0.0,0,0,0,0,0,0,0.0,0.0,0.0,0,0.0,0,0,0,0.0,0.0,0.0,0,0.0
180,Tzimas,FWD,Brighton,5.2,0,0,0.0,0,0,0,0.0,0.0,0.0,0,0.0,0,0,0,0,0,0,0.0,0.0,0.0,0,0.0,0,0,0,0.0,0.0,0.0,0,0.0
181,Kostoulas,FWD,Brighton,4.8,0,0,0.0,0,0,0,0.0,0.0,0.0,0,0.0,0,0,0,0,0,0,0.0,0.0,0.0,0,0.0,0,0,0,0.0,0.0,0.0,0,0.0
182,Trafford,GK,Manchester City,4.5,0,0,0.0,0,0,0,0.0,0.0,0.0,0,0.0,0,0,0,0,0,0,0.0,0.0,0.0,0,0.0,0,0,0,0.0,0.0,0.0,0,0.0
183,Weiss,GK,Burnley,4.3,0,0,0.0,0,0,0,0.0,0.0,0.0,0,0.0,0,0,0,0,0,0,0.0,0.0,0.0,0,0.0,0,0,0,0.0,0.0,0.0,0,0.0
184,Green,GK,Burnley,4.0,0,0,0.0,0,0,0,0.0,0.0,0.0,0,0.0,0,0,0,0,0,0,0.0,0.0,0.0,0,0.0,0,0,0,0.0,0.0,0.0,0,0.0
185,Hladký,GK,Burnley,3.9,0,0,0.0,0,0,0,0.0,0.0,0.0,0,0.0,0,0,0,0,0,0,0.0,0.0,0.0,0,0.0,0,0,0,0.0,0.0,0.0,0,0.0
186,Roberts,DEF,Burnley,4.3,0,0,0.0,0,0,0,0.0,0.0,0.0,0,0.0,0,0,0,0,0,0,0.0,0.0,0.0,0,0.0,0,0,0,0.0,0.0,0.0,0,0.0
188,Delcroix,DEF,Burnley,3.8,0,0,0.0,0,0,0,0.0,0.0,0.0,0,0.0,0,0,0,0,0,0,0.0,0.0,0.0,0,0.0,0,0,0,0.0,0.0,0.0,0,0.0
189,Dodgson,DEF,Burnley,4.0,0,0,0.0,0,0,0,0.0,0.0,0.0,0,0.0,0,0,0,0,0,0,0.0,0.0,0.0,0,0.0,0,0,0,0.0,0.0,0.0,0,0.0
190,Ekdal,DEF,Burnley,3.8,0,0,0.0,0,0,0,0.0,0.0,0.0,0,0.0,0,0,0,0,0,0,0.0,0.0,0.0,0,0.0,0,0,0,0.0,0.0,0.0,0,0.0
194,Jordan,DEF,Burnley,3.9,0,0,0.0,0,0,0,0.0,0.0,0.0,0,0.0,0,0,0,0,0,0,0.0,0.0,0.0,0,0.0,0,0,0,0.0,0.0,0.0,0,0.0
196,Sambo,DEF,Burnley,4.0,0,0,0.0,0,0,0,0.0,0.0,0.0,0,0.0,0,0,0,0,0,0,0.0,0.0,0.0,0,0.0,0,0,0,0.0,0.0,0.0,0,0.0
197,Sonne,DEF,Burnley,3.8,0,0,0.0,0,0,0,0.0,0.0,0.0,0,0.0,0,0,0,0,0,0,0.0,0.0,0.0,0,0.0,0,0,0,0.0,0.0,0.0,0,0.0
198,Tuanzebe,DEF,Burnley,3.9,0,0,0.0,0,0,0,0.0,0.0,0.0,0,0.0,0,0,0,0,0,0,0.0,0.0,0.0,0,0.0,0,0,0,0.0,0.0,0.0,0,0.0
201,Benson,MID,Burnley,5.4,0,0,0.0,0,0,0,0.0,0.0,0.0,0,0.0,0,0,0,0,0,0,0.0,0.0,0.0,0,0.0,0,0,0,0.0,0.0,0.0,0,0.0
203,Boateng,MID,Burnley,4.7,0,0,0.0,0,0,0,0.0,0.0,0.0,0,0.0,0,0,0,0,0,0,0.0,0.0,0.0,0,0.0,0,0,0,0.0,0.0,0.0,0,0.0
204,Churlinov,MID,Burnley,4.9,0,0,0.0,0,0,0,0.0,0.0,0.0,0,0.0,0,0,0,0,0,0,0.0,0.0,0.0,0,0.0,0,0,0,0.0,0.0,0.0,0,0.0
205,Cullen,MID,Burnley,4.9,0,0,0.0,0,0,0,0.0,0.0,0.0,0,0.0,0,0,0,0,0,0,0.0,0.0,0.0,0,0.0,0,0,0,0.0,0.0,0.0,0,0.0
208,Koleosho,MID,Burnley,5.0,0,0,0.0,0,0,0,0.0,0.0,0.0,0,0.0,0,0,0,0,0,0,0.0,0.0,0.0,0,0.0,0,0,0,0.0,0.0,0.0,0,0.0
211,A.Ramsey,MID,Burnley,4.4,0,0,0.0,0,0,0,0.0,0.0,0.0,0,0.0,0,0,0,0,0,0,0.0,0.0,0.0,0,0.0,0,0,0,0.0,0.0,0.0,0,0.0
212,Adewumi,MID,Burnley,4.5,0,0,0.0,0,0,0,0.0,0.0,0.0,0,0.0,0,0,0,0,0,0,0.0,0.0,0.0,0,0.0,0,0,0,0.0,0.0,0.0,0,0.0
213,Banel,MID,Burnley,4.5,0,0,0.0,0,0,0,0.0,0.0,0.0,0,0.0,0,0,0,0,0,0,0.0,0.0,0.0,0,0.0,0,0,0,0.0,0.0,0.0,0,0.0
214,Trésor,MID,Burnley,4.3,0,0,0.0,0,0,0,0.0,0.0,0.0,0,0.0,0,0,0,0,0,0,0.0,0.0,0.0,0,0.0,0,0,0,0.0,0.0,0.0,0,0.0
216,Amdouni,FWD,Burnley,4.8,0,0,0.0,0,0,0,0.0,0.0,0.0,0,0.0,0,0,0,0,0,0,0.0,0.0,0.0,0,0.0,0,0,0,0.0,0.0,0.0,0,0.0
219,Obafemi,FWD,Burnley,4.4,0,0,0.0,0,0,0,0.0,0.0,0.0,0,0.0,0,0,0,0,0,0,0.0,0.0,0.0,0,0.0,0,0,0,0.0,0.0,0.0,0,0.0
222,Penders,GK,Chelsea,4.0,0,0,0.0,0,0,0,0.0,0.0,0.0,0,0.0,0,0,0,0,0,0,0.0,0.0,0.0,0,0.0,0,0,0,0.0,0.0,0.0,0,0.0
223,Slonina,GK,Chelsea,3.9,0,0,0.0,0,0,0,0.0,0.0,0.0,0,0.0,0,0,0,0,0,0,0.0,0.0,0.0,0,0.0,0,0,0,0.0,0.0,0.0,0,0.0
227,Colwill,DEF,Chelsea,4.7,0,0,0.0,0,0,0,0.0,0.0,0.0,0,0.0,0,0,0,0,0,0,0.0,0.0,0.0,0,0.0,0,0,0,0.0,0.0,0.0,0,0.0
229,B.Badiashile,DEF,Chelsea,4.4,0,0,0.0,0,0,0,0.0,0.0,0.0,0,0.0,0,0,0,0,0,0,0.0,0.0,0.0,0,0.0,0,0,0,0.0,0.0,0.0,0,0.0
234,Anselmino,DEF,Chelsea,4.0,0,0,0.0,0,0,0,0.0,0.0,0.0,0,0.0,0,0,0,0,0,0,0.0,0.0,0.0,0,0.0,0,0,0,0.0,0.0,0.0,0,0.0
239,Gittens,MID,Chelsea,6.0,0,0,0.0,0,0,0,0.0,0.0,0.0,0,0.0,0,0,0,0,0,0,0.0,0.0,0.0,0,0.0,0,0,0,0.0,0.0,0.0,0,0.0
240,Nkunku,MID,Chelsea,5.9,0,0,0.0,0,0,0,0.0,0.0,0.0,0,0.0,0,0,0,0,0,0,0.0,0.0,0.0,0,0.0,0,0,0,0.0,0.0,0.0,0,0.0
245,Mudryk,MID,Chelsea,4.9,0,0,0.0,0,0,0,0.0,0.0,0.0,0,0.0,0,0,0,0,0,0,0.0,0.0,0.0,0,0.0,0,0,0,0.0,0.0,0.0,0,0.0
247,D.Essugo,MID,Chelsea,4.3,0,0,0.0,0,0,0,0.0,0.0,0.0,0,0.0,0,0,0,0,0,0,0.0,0.0,0.0,0,0.0,0,0,0,0.0,0.0,0.0,0,0.0
248,Paez,MID,Chelsea,4.5,0,0,0.0,0,0,0,0.0,0.0,0.0,0,0.0,0,0,0,0,0,0,0.0,0.0,0.0,0,0.0,0,0,0,0.0,0.0,0.0,0,0.0
251,N.Jackson,FWD,Chelsea,6.5,0,0,0.0,0,0,0,0.0,0.0,0.0,0,0.0,0,0,0,0,0,0,0.0,0.0,0.0,0,0.0,0,0,0,0.0,0.0,0.0,0,0.0
252,Marc Guiu,FWD,Chelsea,4.1,0,0,0.0,0,0,0,0.0,0.0,0.0,0,0.0,0,0,0,0,0,0,0.0,0.0,0.0,0,0.0,0,0,0,0.0,0.0,0.0,0,0.0
255,Matthews,GK,Crystal Palace,3.9,0,0,0.0,0,0,0,0.0,0.0,0.0,0,0.0,0,0,0,0,0,0,0.0,0.0,0.0,0,0.0,0,0,0,0.0,0.0,0.0,0,0.0
259,Sosa,DEF,Crystal Palace,4.8,0,0,0.0,0,0,0,0.0,0.0,0.0,0,0.0,0,0,0,0,0,0,0.0,0.0,0.0,0,0.0,0,0,0,0.0,0.0,0.0,0,0.0
264,Holding,DEF,Crystal Palace,4.0,0,0,0.0,0,0,0,0.0,0.0,0.0,0,0.0,0,0,0,0,0,0,0.0,0.0,0.0,0,0.0,0,0,0,0.0,0.0,0.0,0,0.0
265,Kporha,DEF,Crystal Palace,4.0,0,0,0.0,0,0,0,0.0,0.0,0.0,0,0.0,0,0,0,0,0,0,0.0,0.0,0.0,0,0.0,0,0,0,0.0,0.0,0.0,0,0.0
268,Doucouré,MID,Crystal Palace,4.9,0,0,0.0,0,0,0,0.0,0.0,0.0,0,0.0,0,0,0,0,0,0,0.0,0.0,0.0,0,0.0,0,0,0,0.0,0.0,0.0,0,0.0
269,Esse,MID,Crystal Palace,4.7,0,0,0.0,0,0,0,0.0,0.0,0.0,0,0.0,0,0,0,0,0,0,0.0,0.0,0.0,0,0.0,0,0,0,0.0,0.0,0.0,0,0.0
274,Agbinone,MID,Crystal Palace,4.3,0,0,0.0,0,0,0,0.0,0.0,0.0,0,0.0,0,0,0,0,0,0,0.0,0.0,0.0,0,0.0,0,0,0,0.0,0.0,0.0,0,0.0
275,Ahamada,MID,Crystal Palace,4.3,0,0,0.0,0,0,0,0.0,0.0,0.0,0,0.0,0,0,0,0,0,0,0.0,0.0,0.0,0,0.0,0,0,0,0.0,0.0,0.0,0,0.0
276,Devenny,MID,Crystal Palace,4.3,0,0,0.0,0,0,0,0.0,0.0,0.0,0,0.0,0,0,0,0,0,0,0.0,0.0,0.0,0,0.0,0,0,0,0.0,0.0,0.0,0,0.0
277,Ebiowei,MID,Crystal Palace,4.5,0,0,0.0,0,0,0,0.0,0.0,0.0,0,0.0,0,0,0,0,0,0,0.0,0.0,0.0,0,0.0,0,0,0,0.0,0.0,0.0,0,0.0
278,J.Rak-Sakyi,MID,Crystal Palace,4.4,0,0,0.0,0,0,0,0.0,0.0,0.0,0,0.0,0,0,0,0,0,0,0.0,0.0,0.0,0,0.0,0,0,0,0.0,0.0,0.0,0,0.0
279,M.França,MID,Crystal Palace,4.5,0,0,0.0,0,0,0,0.0,0.0,0.0,0,0.0,0,0,0,0,0,0,0.0,0.0,0.0,0,0.0,0,0,0,0.0,0.0,0.0,0,0.0
280,Ozoh,MID,Crystal Palace,4.5,0,0,0.0,0,0,0,0.0,0.0,0.0,0,0.0,0,0,0,0,0,0,0.0,0.0,0.0,0,0.0,0,0,0,0.0,0.0,0.0,0,0.0
281,Rodney,MID,Crystal Palace,4.4,0,0,0.0,0,0,0,0.0,0.0,0.0,0,0.0,0,0,0,0,0,0,0.0,0.0,0.0,0,0.0,0,0,0,0.0,0.0,0.0,0,0.0
282,Umeh,MID,Crystal Palace,4.5,0,0,0.0,0,0,0,0.0,0.0,0.0,0,0.0,0,0,0,0,0,0,0.0,0.0,0.0,0,0.0,0,0,0,0.0,0.0,0.0,0,0.0
284,Nketiah,FWD,Crystal Palace,5.4,0,0,0.0,0,0,0,0.0,0.0,0.0,0,0.0,0,0,0,0,0,0,0.0,0.0,0.0,0,0.0,0,0,0,0.0,0.0,0.0,0,0.0
285,Édouard,FWD,Crystal Palace,5.0,0,0,0.0,0,0,0,0.0,0.0,0.0,0,0.0,0,0,0,0,0,0,0.0,0.0,0.0,0,0.0,0,0,0,0.0,0.0,0.0,0,0.0
286,Marsh,FWD,Crystal Palace,4.4,0,0,0.0,0,0,0,0.0,0.0,0.0,0,0.0,0,0,0,0,0,0,0.0,0.0,0.0,0,0.0,0,0,0,0.0,0.0,0.0,0,0.0
288,Travers,GK,Everton,4.3,0,0,0.0,0,0,0,0.0,0.0,0.0,0,0.0,0,0,0,0,0,0,0.0,0.0,0.0,0,0.0,0,0,0,0.0,0.0,0.0,0,0.0
289,Tyrer,GK,Everton,3.9,0,0,0.0,0,0,0,0.0,0.0,0.0,0,0.0,0,0,0,0,0,0,0.0,0.0,0.0,0,0.0,0,0,0,0.0,0.0,0.0,0,0.0
294,Coleman,DEF,Everton,4.2,0,0,0.0,0,0,0,0.0,0.0,0.0,0,0.0,0,0,0,0,0,0,0.0,0.0,0.0,0,0.0,0,0,0,0.0,0.0,0.0,0,0.0
296,Patterson,DEF,Everton,4.4,0,0,0.0,0,0,0,0.0,0.0,0.0,0,0.0,0,0,0,0,0,0,0.0,0.0,0.0,0,0.0,0,0,0,0.0,0.0,0.0,0,0.0
297,Dixon,DEF,Everton,3.8,0,0,0.0,0,0,0,0.0,0.0,0.0,0,0.0,0,0,0,0,0,0,0.0,0.0,0.0,0,0.0,0,0,0,0.0,0.0,0.0,0,0.0
298,Welch,DEF,Everton,3.8,0,0,0.0,0,0,0,0.0,0.0,0.0,0,0.0,0,0,0,0,0,0,0.0,0.0,0.0,0,0.0,0,0,0,0.0,0.0,0.0,0,0.0
301,Alcaraz,MID,Everton,5.2,0,0,0.0,0,0,0,0.0,0.0,0.0,0,0.0,0,0,0,0,0,0,0.0,0.0,0.0,0,0.0,0,0,0,0.0,0.0,0.0,0,0.0
306,Bates,MID,Everton,4.3,0,0,0.0,0,0,0,0.0,0.0,0.0,0,0.0,0,0,0,0,0,0,0.0,0.0,0.0,0,0.0,0,0,0,0.0,0.0,0.0,0,0.0
307,Ebere,MID,Everton,4.4,0,0,0.0,0,0,0,0.0,0.0,0.0,0,0.0,0,0,0,0,0,0,0.0,0.0,0.0,0,0.0,0,0,0,0.0,0.0,0.0,0,0.0
308,Heath,MID,Everton,4.5,0,0,0.0,0,0,0,0.0,0.0,0.0,0,0.0,0,0,0,0,0,0,0.0,0.0,0.0,0,0.0,0,0,0,0.0,0.0,0.0,0,0.0
309,Metcalfe,MID,Everton,4.5,0,0,0.0,0,0,0,0.0,0.0,0.0,0,0.0,0,0,0,0,0,0,0.0,0.0,0.0,0,0.0,0,0,0,0.0,0.0,0.0,0,0.0
312,Y.Chermiti,FWD,Everton,4.9,0,0,0.0,0,0,0,0.0,0.0,0.0,0,0.0,0,0,0,0,0,0,0.0,0.0,0.0,0,0.0,0,0,0,0.0,0.0,0.0,0,0.0
313,Sherif,FWD,Everton,4.4,0,0,0.0,0,0,0,0.0,0.0,0.0,0,0.0,0,0,0,0,0,0,0.0,0.0,0.0,0,0.0,0,0,0,0.0,0.0,0.0,0,0.0
315,Benda,GK,Fulham,4.0,0,0,0.0,0,0,0,0.0,0.0,0.0,0,0.0,0,0,0,0,0,0,0.0,0.0,0.0,0,0.0,0,0,0,0.0,0.0,0.0,0,0.0
323,Amissah,DEF,Fulham,3.8,0,0,0.0,0,0,0,0.0,0.0,0.0,0,0.0,0,0,0,0,0,0,0.0,0.0,0.0,0,0.0,0,0,0,0.0,0.0,0.0,0,0.0
327,Andreas,MID,Fulham,5.3,0,0,0.0,0,0,0,0.0,0.0,0.0,0,0.0,0,0,0,0,0,0,0.0,0.0,0.0,0,0.0,0,0,0,0.0,0.0,0.0,0,0.0
333,Godo,MID,Fulham,4.5,0,0,0.0,0,0,0,0.0,0.0,0.0,0,0.0,0,0,0,0,0,0,0.0,0.0,0.0,0,0.0,0,0,0,0.0,0.0,0.0,0,0.0
334,Harris,MID,Fulham,4.5,0,0,0.0,0,0,0,0.0,0.0,0.0,0,0.0,0,0,0,0,0,0,0.0,0.0,0.0,0,0.0,0,0,0,0.0,0.0,0.0,0,0.0
339,Meslier,GK,Leeds United,4.1,0,0,0.0,0,0,0,0.0,0.0,0.0,0,0.0,0,0,0,0,0,0,0.0,0.0,0.0,0,0.0,0,0,0,0.0,0.0,0.0,0,0.0
340,Cairns,GK,Leeds United,3.9,0,0,0.0,0,0,0,0.0,0.0,0.0,0,0.0,0,0,0,0,0,0,0.0,0.0,0.0,0,0.0,0,0,0,0.0,0.0,0.0,0,0.0
345,Bornauw,DEF,Leeds United,3.8,0,0,0.0,0,0,0,0.0,0.0,0.0,0,0.0,0,0,0,0,0,0,0.0,0.0,0.0,0,0.0,0,0,0,0.0,0.0,0.0,0,0.0
346,Byram,DEF,Leeds United,3.7,0,0,0.0,0,0,0,0.0,0.0,0.0,0,0.0,0,0,0,0,0,0,0.0,0.0,0.0,0,0.0,0,0,0,0.0,0.0,0.0,0,0.0
349,Schmidt,DEF,Leeds United,4.0,0,0,0.0,0,0,0,0.0,0.0,0.0,0,0.0,0,0,0,0,0,0,0.0,0.0,0.0,0,0.0,0,0,0,0.0,0.0,0.0,0,0.0
352,Harrison,MID,Leeds United,5.1,0,0,0.0,0,0,0,0.0,0.0,0.0,0,0.0,0,0,0,0,0,0,0.0,0.0,0.0,0,0.0,0,0,0,0.0,0.0,0.0,0,0.0
355,Greenwood,MID,Leeds United,4.9,0,0,0.0,0,0,0,0.0,0.0,0.0,0,0.0,0,0,0,0,0,0,0.0,0.0,0.0,0,0.0,0,0,0,0.0,0.0,0.0,0,0.0
357,Ramazani,MID,Leeds United,4.9,0,0,0.0,0,0,0,0.0,0.0,0.0,0,0.0,0,0,0,0,0,0,0.0,0.0,0.0,0,0.0,0,0,0,0.0,0.0,0.0,0,0.0
359,Crew,MID,Leeds United,4.5,0,0,0.0,0,0,0,0.0,0.0,0.0,0,0.0,0,0,0,0,0,0,0.0,0.0,0.0,0,0.0,0,0,0,0.0,0.0,0.0,0,0.0
360,Gelhardt,MID,Leeds United,4.5,0,0,0.0,0,0,0,0.0,0.0,0.0,0,0.0,0,0,0,0,0,0,0.0,0.0,0.0,0,0.0,0,0,0,0.0,0.0,0.0,0,0.0
361,Gyabi,MID,Leeds United,4.5,0,0,0.0,0,0,0,0.0,0.0,0.0,0,0.0,0,0,0,0,0,0,0.0,0.0,0.0,0,0.0,0,0,0,0.0,0.0,0.0,0,0.0
363,Bamford,FWD,Leeds United,4.9,0,0,0.0,0,0,0,0.0,0.0,0.0,0,0.0,0,0,0,0,0,0,0.0,0.0,0.0,0,0.0,0,0,0,0.0,0.0,0.0,0,0.0
364,Mateo Joseph,FWD,Leeds United,5.0,0,0,0.0,0,0,0,0.0,0.0,0.0,0,0.0,0,0,0,0,0,0,0.0,0.0,0.0,0,0.0,0,0,0,0.0,0.0,0.0,0,0.0
368,Pécsi,GK,Liverpool,3.8,0,0,0.0,0,0,0,0.0,0.0,0.0,0,0.0,0,0,0,0,0,0,0.0,0.0,0.0,0,0.0,0,0,0,0.0,0.0,0.0,0,0.0
369,Woodman,GK,Liverpool,3.9,0,0,0.0,0,0,0,0.0,0.0,0.0,0,0.0,0,0,0,0,0,0,0.0,0.0,0.0,0,0.0,0,0,0,0.0,0.0,0.0,0,0.0
375,Bradley,DEF,Liverpool,4.9,0,0,0.0,0,0,0,0.0,0.0,0.0,0,0.0,0,0,0,0,0,0,0.0,0.0,0.0,0,0.0,0,0,0,0.0,0.0,0.0,0,0.0
377,Tsimikas,DEF,Liverpool,4.8,0,0,0.0,0,0,0,0.0,0.0,0.0,0,0.0,0,0,0,0,0,0,0.0,0.0,0.0,0,0.0,0,0,0,0.0,0.0,0.0,0,0.0
378,Nallo,DEF,Liverpool,3.7,0,0,0.0,0,0,0,0.0,0.0,0.0,0,0.0,0,0,0,0,0,0,0.0,0.0,0.0,0,0.0,0,0,0,0.0,0.0,0.0,0,0.0
379,R.Williams,DEF,Liverpool,3.7,0,0,0.0,0,0,0,0.0,0.0,0.0,0,0.0,0,0,0,0,0,0,0.0,0.0,0.0,0,0.0,0,0,0,0.0,0.0,0.0,0,0.0
380,Ramsay,DEF,Liverpool,3.8,0,0,0.0,0,0,0,0.0,0.0,0.0,0,0.0,0,0,0,0,0,0,0.0,0.0,0.0,0,0.0,0,0,0,0.0,0.0,0.0,0,0.0
383,Luis Díaz,MID,Liverpool,8.0,0,0,0.0,0,0,0,0.0,0.0,0.0,0,0.0,0,0,0,0,0,0,0.0,0.0,0.0,0,0.0,0,0,0,0.0,0.0,0.0,0,0.0
389,Elliott,MID,Aston Villa,5.1,0,0,0.0,0,0,0,0.0,0.0,0.0,0,0.0,0,0,0,0,0,0,0.0,0.0,0.0,0,0.0,0,0,0,0.0,0.0,0.0,0,0.0
392,Endo,MID,Liverpool,4.9,0,0,0.0,0,0,0,0.0,0.0,0.0,0,0.0,0,0,0,0,0,0,0.0,0.0,0.0,0,0.0,0,0,0,0.0,0.0,0.0,0,0.0
393,Bajcetic,MID,Liverpool,4.2,0,0,0.0,0,0,0,0.0,0.0,0.0,0,0.0,0,0,0,0,0,0,0.0,0.0,0.0,0,0.0,0,0,0,0.0,0.0,0.0,0,0.0
394,McConnell,MID,Liverpool,4.4,0,0,0.0,0,0,0,0.0,0.0,0.0,0,0.0,0,0,0,0,0,0,0.0,0.0,0.0,0,0.0,0,0,0,0.0,0.0,0.0,0,0.0
395,Morton,MID,Liverpool,4.5,0,0,0.0,0,0,0,0.0,0.0,0.0,0,0.0,0,0,0,0,0,0,0.0,0.0,0.0,0,0.0,0,0,0,0.0,0.0,0.0,0,0.0
397,Darwin,FWD,Liverpool,6.5,0,0,0.0,0,0,0,0.0,0.0,0.0,0,0.0,0,0,0,0,0,0,0.0,0.0,0.0,0,0.0,0,0,0,0.0,0.0,0.0,0,0.0
398,Danns,FWD,Liverpool,4.3,0,0,0.0,0,0,0,0.0,0.0,0.0,0,0.0,0,0,0,0,0,0,0.0,0.0,0.0,0,0.0,0,0,0,0.0,0.0,0.0,0,0.0
399,Ederson M.,GK,Manchester City,5.3,0,0,0.0,0,0,0,0.0,0.0,0.0,0,0.0,0,0,0,0,0,0,0.0,0.0,0.0,0,0.0,0,0,0,0.0,0.0,0.0,0,0.0
401,Bettinelli,GK,Manchester City,3.8,0,0,0.0,0,0,0,0.0,0.0,0.0,0,0.0,0,0,0,0,0,0,0.0,0.0,0.0,0,0.0,0,0,0,0.0,0.0,0.0,0,0.0
403,Gvardiol,DEF,Manchester City,5.9,0,0,0.0,0,0,0,0.0,0.0,0.0,0,0.0,0,0,0,0,0,0,0.0,0.0,0.0,0,0.0,0,0,0,0.0,0.0,0.0,0,0.0
404,Akanji,DEF,Manchester City,5.4,0,0,0.0,0,0,0,0.0,0.0,0.0,0,0.0,0,0,0,0,0,0,0.0,0.0,0.0,0,0.0,0,0,0,0.0,0.0,0.0,0,0.0
409,Stones,DEF,Manchester City,5.4,0,0,0.0,0,0,0,0.0,0.0,0.0,0,0.0,0,0,0,0,0,0,0.0,0.0,0.0,0,0.0,0,0,0,0.0,0.0,0.0,0,0.0
410,Lewis,DEF,Manchester City,4.6,0,0,0.0,0,0,0,0.0,0.0,0.0,0,0.0,0,0,0,0,0,0,0.0,0.0,0.0,0,0.0,0,0,0,0.0,0.0,0.0,0,0.0
412,Vitor Reis,DEF,Manchester City,5.0,0,0,0.0,0,0,0,0.0,0.0,0.0,0,0.0,0,0,0,0,0,0,0.0,0.0,0.0,0,0.0,0,0,0,0.0,0.0,0.0,0,0.0
419,Grealish,MID,Everton,6.3,0,0,0.0,0,0,0,0.0,0.0,0.0,0,0.0,0,0,0,0,0,0,0.0,0.0,0.0,0,0.0,0,0,0,0.0,0.0,0.0,0,0.0
420,Gündoğan,MID,Manchester City,6.3,0,0,0.0,0,0,0,0.0,0.0,0.0,0,0.0,0,0,0,0,0,0,0.0,0.0,0.0,0,0.0,0,0,0,0.0,0.0,0.0,0,0.0
422,Kovačić,MID,Manchester City,5.8,0,0,0.0,0,0,0,0.0,0.0,0.0,0,0.0,0,0,0,0,0,0,0.0,0.0,0.0,0,0.0,0,0,0,0.0,0.0,0.0,0,0.0
423,N.Gonzalez,MID,Manchester City,5.9,0,0,0.0,1,0,0,0.0,0.0,0.0,0,0.58,0,3,0,0,1,0,0.0,0.0,0.0,0,0.58,0,0,0,0.0,0.0,0.0,0,0.0
425,Echeverri,MID,Manchester City,5.4,0,0,0.0,0,0,0,0.0,0.0,0.0,0,0.0,0,0,0,0,0,0,0.0,0.0,0.0,0,0.0,0,0,0,0.0,0.0,0.0,0,0.0
428,Nypan,MID,Manchester City,5.0,0,0,0.0,0,0,0,0.0,0.0,0.0,0,0.0,0,0,0,0,0,0,0.0,0.0,0.0,0,0.0,0,0,0,0.0,0.0,0.0,0,0.0
429,Phillips,MID,Manchester City,4.7,0,0,0.0,0,0,0,0.0,0.0,0.0,0,0.0,0,0,0,0,0,0,0.0,0.0,0.0,0,0.0,0,0,0,0.0,0.0,0.0,0,0.0
431,Bayindir,GK,Manchester Utd,4.7,0,0,0.0,0,0,0,0.0,0.0,0.0,0,0.0,0,0,0,0,0,0,0.0,0.0,0.0,0,0.0,0,0,0,0.0,0.0,0.0,0,0.0
432,Onana,GK,Manchester Utd,4.9,0,0,0.0,0,0,0,0.0,0.0,0.0,0,0.0,0,0,0,0,0,0,0.0,0.0,0.0,0,0.0,0,0,0,0.0,0.0,0.0,0,0.0
433,Harrison,GK,Manchester Utd,4.0,0,0,0.0,0,0,0,0.0,0.0,0.0,0,0.0,0,0,0,0,0,0,0.0,0.0,0.0,0,0.0,0,0,0,0.0,0.0,0.0,0,0.0
434,Heaton,GK,Manchester Utd,3.8,0,0,0.0,0,0,0,0.0,0.0,0.0,0,0.0,0,0,0,0,0,0,0.0,0.0,0.0,0,0.0,0,0,0,0.0,0.0,0.0,0,0.0
435,Mee,GK,Manchester Utd,3.9,0,0,0.0,0,0,0,0.0,0.0,0.0,0,0.0,0,0,0,0,0,0,0.0,0.0,0.0,0,0.0,0,0,0,0.0,0.0,0.0,0,0.0
436,De Ligt,DEF,Manchester Utd,4.9,0,0,0.0,0,0,0,0.0,0.0,0.0,0,0.0,0,0,0,0,0,0,0.0,0.0,0.0,0,0.0,0,0,0,0.0,0.0,0.0,0,0.0
437,Martinez,DEF,Manchester Utd,4.8,0,0,0.0,0,0,0,0.0,0.0,0.0,0,0.0,0,0,0,0,0,0,0.0,0.0,0.0,0,0.0,0,0,0,0.0,0.0,0.0,0,0.0
439,D.Leon,DEF,Manchester Utd,4.1,0,0,0.0,0,0,0,0.0,0.0,0.0,0,0.0,0,0,0,0,0,0,0.0,0.0,0.0,0,0.0,0,0,0,0.0,0.0,0.0,0,0.0
441,Dorgu,DEF,Manchester Utd,4.1,0,0,0.0,0,0,0,0.0,0.0,0.0,0,0.0,0,0,0,0,0,0,0.0,0.0,0.0,0,0.0,0,0,0,0.0,0.0,0.0,0,0.0
445,Amass,DEF,Manchester Utd,4.0,0,0,0.0,0,0,0,0.0,0.0,0.0,0,0.0,0,0,0,0,0,0,0.0,0.0,0.0,0,0.0,0,0,0,0.0,0.0,0.0,0,0.0
446,Fredricson,DEF,Manchester Utd,3.7,0,0,0.0,0,0,0,0.0,0.0,0.0,0,0.0,0,0,0,0,0,0,0.0,0.0,0.0,0,0.0,0,0,0,0.0,0.0,0.0,0,0.0
451,Rashford,MID,Manchester Utd,7.0,0,0,0.0,0,0,0,0.0,0.0,0.0,0,0.0,0,0,0,0,0,0,0.0,0.0,0.0,0,0.0,0,0,0,0.0,0.0,0.0,0,0.0
454,Antony,MID,Manchester Utd,5.9,0,0,0.0,0,0,0,0.0,0.0,0.0,0,0.0,0,0,0,0,0,0,0.0,0.0,0.0,0,0.0,0,0,0,0.0,0.0,0.0,0,0.0
460,Collyer,MID,Manchester Utd,4.5,0,0,0.0,0,0,0,0.0,0.0,0.0,0,0.0,0,0,0,0,0,0,0.0,0.0,0.0,0,0.0,0,0,0,0.0,0.0,0.0,0,0.0
461,Fitzgerald,MID,Manchester Utd,4.3,0,0,0.0,0,0,0,0.0,0.0,0.0,0,0.0,0,0,0,0,0,0,0.0,0.0,0.0,0,0.0,0,0,0,0.0,0.0,0.0,0,0.0
462,J.Fletcher,MID,Manchester Utd,4.3,0,0,0.0,0,0,0,0.0,0.0,0.0,0,0.0,0,0,0,0,0,0,0.0,0.0,0.0,0,0.0,0,0,0,0.0,0.0,0.0,0,0.0
463,Kone,MID,Manchester Utd,4.3,0,0,0.0,0,0,0,0.0,0.0,0.0,0,0.0,0,0,0,0,0,0,0.0,0.0,0.0,0,0.0,0,0,0,0.0,0.0,0.0,0,0.0
464,Moorhouse,MID,Manchester Utd,4.5,0,0,0.0,0,0,0,0.0,0.0,0.0,0,0.0,0,0,0,0,0,0,0.0,0.0,0.0,0,0.0,0,0,0,0.0,0.0,0.0,0,0.0
465,Højlund,FWD,Manchester Utd,6.3,0,0,0.0,0,0,0,0.0,0.0,0.0,0,0.0,0,0,0,0,0,0,0.0,0.0,0.0,0,0.0,0,0,0,0.0,0.0,0.0,0,0.0
467,Obi,FWD,Manchester Utd,4.2,0,0,0.0,0,0,0,0.0,0.0,0.0,0,0.0,0,0,0,0,0,0,0.0,0.0,0.0,0,0.0,0,0,0,0.0,0.0,0.0,0,0.0
468,Wheatley,FWD,Manchester Utd,4.5,0,0,0.0,0,0,0,0.0,0.0,0.0,0,0.0,0,0,0,0,0,0,0.0,0.0,0.0,0,0.0,0,0,0,0.0,0.0,0.0,0,0.0
471,Gillespie,GK,Newcastle Utd,3.9,0,0,0.0,0,0,0,0.0,0.0,0.0,0,0.0,0,0,0,0,0,0,0.0,0.0,0.0,0,0.0,0,0,0,0.0,0.0,0.0,0,0.0
472,Odysseas,GK,Newcastle Utd,4.0,0,0,0.0,0,0,0,0.0,0.0,0.0,0,0.0,0,0,0,0,0,0,0.0,0.0,0.0,0,0.0,0,0,0,0.0,0.0,0.0,0,0.0
474,Schär,DEF,Newcastle Utd,5.2,0,0,0.0,0,0,0,0.0,0.0,0.0,0,0.0,0,0,0,0,0,0,0.0,0.0,0.0,0,0.0,0,0,0,0.0,0.0,0.0,0,0.0
479,Krafth,DEF,Newcastle Utd,4.3,0,0,0.0,0,0,0,0.0,0.0,0.0,0,0.0,0,0,0,0,0,0,0.0,0.0,0.0,0,0.0,0,0,0,0.0,0.0,0.0,0,0.0
480,Lascelles,DEF,Newcastle Utd,4.3,0,0,0.0,0,0,0,0.0,0.0,0.0,0,0.0,0,0,0,0,0,0,0.0,0.0,0.0,0,0.0,0,0,0,0.0,0.0,0.0,0,0.0
481,A.Murphy,DEF,Newcastle Utd,3.8,0,0,0.0,0,0,0,0.0,0.0,0.0,0,0.0,0,0,0,0,0,0,0.0,0.0,0.0,0,0.0,0,0,0,0.0,0.0,0.0,0,0.0
482,Ashby,DEF,Newcastle Utd,3.9,0,0,0.0,0,0,0,0.0,0.0,0.0,0,0.0,0,0,0,0,0,0,0.0,0.0,0.0,0,0.0,0,0,0,0.0,0.0,0.0,0,0.0
483,Pivas,DEF,Newcastle Utd,3.8,0,0,0.0,0,0,0,0.0,0.0,0.0,0,0.0,0,0,0,0,0,0,0.0,0.0,0.0,0,0.0,0,0,0,0.0,0.0,0.0,0,0.0
484,Targett,DEF,Newcastle Utd,4.0,0,0,0.0,0,0,0,0.0,0.0,0.0,0,0.0,0,0,0,0,0,0,0.0,0.0,0.0,0,0.0,0,0,0,0.0,0.0,0.0,0,0.0
488,Bruno G.,MID,Newcastle Utd,6.8,0,0,0.0,0,0,0,0.0,0.0,0.0,0,0.0,0,0,0,0,0,0,0.0,0.0,0.0,0,0.0,0,0,0,0.0,0.0,0.0,0,0.0
492,Antoñito C.,MID,Newcastle Utd,4.9,0,0,0.0,0,0,0,0.0,0.0,0.0,0,0.0,0,0,0,0,0,0,0.0,0.0,0.0,0,0.0,0,0,0,0.0,0.0,0.0,0,0.0
495,Hayden,MID,Newcastle Utd,4.5,0,0,0.0,0,0,0,0.0,0.0,0.0,0,0.0,0,0,0,0,0,0,0.0,0.0,0.0,0,0.0,0,0,0,0.0,0.0,0.0,0,0.0
496,Kuol,MID,Newcastle Utd,4.4,0,0,0.0,0,0,0,0.0,0.0,0.0,0,0.0,0,0,0,0,0,0,0.0,0.0,0.0,0,0.0,0,0,0,0.0,0.0,0.0,0,0.0
497,L.Miley,MID,Newcastle Utd,4.4,0,0,0.0,0,0,0,0.0,0.0,0.0,0,0.0,0,0,0,0,0,0,0.0,0.0,0.0,0,0.0,0,0,0,0.0,0.0,0.0,0,0.0
498,White,MID,Newcastle Utd,4.5,0,0,0.0,0,0,0,0.0,0.0,0.0,0,0.0,0,0,0,0,0,0,0.0,0.0,0.0,0,0.0,0,0,0,0.0,0.0,0.0,0,0.0
499,Isak,FWD,Liverpool,10.3,0,0,0.0,0,0,0,0.0,0.0,0.0,0,0.0,0,0,0,0,0,0,0.0,0.0,0.0,0,0.0,0,0,0,0.0,0.0,0.0,0,0.0
501,Neave,FWD,Newcastle Utd,4.3,0,0,0.0,0,0,0,0.0,0.0,0.0,0,0.0,0,0,0,0,0,0,0.0,0.0,0.0,0,0.0,0,0,0,0.0,0.0,0.0,0,0.0
503,C.Miguel,GK,Nott'ham Forest,4.0,0,0,0.0,0,0,0,0.0,0.0,0.0,0,0.0,0,0,0,0,0,0,0.0,0.0,0.0,0,0.0,0,0,0,0.0,0.0,0.0,0,0.0
504,Turner,GK,Nott'ham Forest,4.0,0,0,0.0,0,0,0,0.0,0.0,0.0,0,0.0,0,0,0,0,0,0,0.0,0.0,0.0,0,0.0,0,0,0,0.0,0.0,0.0,0,0.0
509,David Carmo,DEF,Nott'ham Forest,4.5,0,0,0.0,0,0,0,0.0,0.0,0.0,0,0.0,0,0,0,0,0,0,0.0,0.0,0.0,0,0.0,0,0,0,0.0,0.0,0.0,0,0.0
512,O.Richards,DEF,Nott'ham Forest,4.5,0,0,0.0,0,0,0,0.0,0.0,0.0,0,0.0,0,0,0,0,0,0,0.0,0.0,0.0,0,0.0,0,0,0,0.0,0.0,0.0,0,0.0
513,Abbott,DEF,Nott'ham Forest,3.8,0,0,0.0,0,0,0,0.0,0.0,0.0,0,0.0,0,0,0,0,0,0,0.0,0.0,0.0,0,0.0,0,0,0,0.0,0.0,0.0,0,0.0
514,Boly,DEF,Nott'ham Forest,3.8,0,0,0.0,0,0,0,0.0,0.0,0.0,0,0.0,0,0,0,0,0,0,0.0,0.0,0.0,0,0.0,0,0,0,0.0,0.0,0.0,0,0.0
518,Jota,MID,Nott'ham Forest,5.4,0,0,0.0,0,0,0,0.0,0.0,0.0,0,0.0,0,0,0,0,0,0,0.0,0.0,0.0,0,0.0,0,0,0,0.0,0.0,0.0,0,0.0
520,O'Brien,MID,Nott'ham Forest,5.0,0,0,0.0,0,0,0,0.0,0.0,0.0,0,0.0,0,0,0,0,0,0,0.0,0.0,0.0,0,0.0,0,0,0,0.0,0.0,0.0,0,0.0
523,Da Silva Moreira,MID,Nott'ham Forest,4.5,0,0,0.0,0,0,0,0.0,0.0,0.0,0,0.0,0,0,0,0,0,0,0.0,0.0,0.0,0,0.0,0,0,0,0.0,0.0,0.0,0,0.0
524,Stamenic,MID,Nott'ham Forest,4.5,0,0,0.0,0,0,0,0.0,0.0,0.0,0,0.0,0,0,0,0,0,0,0.0,0.0,0.0,0,0.0,0,0,0,0.0,0.0,0.0,0,0.0
525,Wood,FWD,Nott'ham Forest,7.1,0,0,0.0,0,0,0,0.0,0.0,0.0,0,0.0,0,0,0,0,0,0,0.0,0.0,0.0,0,0.0,0,0,0,0.0,0.0,0.0,0,0.0
528,Patterson,GK,Sunderland,4.2,0,0,0.0,0,0,0,0.0,0.0,0.0,0,0.0,0,0,0,0,0,0,0.0,0.0,0.0,0,0.0,0,0,0,0.0,0.0,0.0,0,0.0
529,Moore,GK,Sunderland,3.9,0,0,0.0,0,0,0,0.0,0.0,0.0,0,0.0,0,0,0,0,0,0,0.0,0.0,0.0,0,0.0,0,0,0,0.0,0.0,0.0,0,0.0
530,Nna Noukeu,GK,Sunderland,3.9,0,0,0.0,0,0,0,0.0,0.0,0.0,0,0.0,0,0,0,0,0,0,0.0,0.0,0.0,0,0.0,0,0,0,0.0,0.0,0.0,0,0.0
533,Alese,DEF,Sunderland,4.0,0,0,0.0,0,0,0,0.0,0.0,0.0,0,0.0,0,0,0,0,0,0,0.0,0.0,0.0,0,0.0,0,0,0,0.0,0.0,0.0,0,0.0
534,Anderson,DEF,Sunderland,3.8,0,0,0.0,0,0,0,0.0,0.0,0.0,0,0.0,0,0,0,0,0,0,0.0,0.0,0.0,0,0.0,0,0,0,0.0,0.0,0.0,0,0.0
536,Hjelde,DEF,Sunderland,4.0,0,0,0.0,0,0,0,0.0,0.0,0.0,0,0.0,0,0,0,0,0,0,0.0,0.0,0.0,0,0.0,0,0,0,0.0,0.0,0.0,0,0.0
537,Huggins,DEF,Sunderland,4.0,0,0,0.0,0,0,0,0.0,0.0,0.0,0,0.0,0,0,0,0,0,0,0.0,0.0,0.0,0,0.0,0,0,0,0.0,0.0,0.0,0,0.0
538,Johnson,DEF,Sunderland,3.8,0,0,0.0,0,0,0,0.0,0.0,0.0,0,0.0,0,0,0,0,0,0,0.0,0.0,0.0,0,0.0,0,0,0,0.0,0.0,0.0,0,0.0
540,Pembele,DEF,Sunderland,3.9,0,0,0.0,0,0,0,0.0,0.0,0.0,0,0.0,0,0,0,0,0,0,0.0,0.0,0.0,0,0.0,0,0,0,0.0,0.0,0.0,0,0.0
541,Reinildo,DEF,Sunderland,3.8,0,0,0.0,1,0,0,0.0,0.0,0.0,0,0.04,0,1,0,0,0,0,0.0,0.0,0.0,0,0.0,1,0,0,0.0,0.0,0.0,0,0.04
542,Seelt,DEF,Sunderland,4.0,0,0,0.0,0,0,0,0.0,0.0,0.0,0,0.0,0,0,0,0,0,0,0.0,0.0,0.0,0,0.0,0,0,0,0.0,0.0,0.0,0,0.0
543,Adingra,MID,Sunderland,4.9,0,0,0.0,0,0,0,0.0,0.0,0.0,0,0.0,0,0,0,0,0,0,0.0,0.0,0.0,0,0.0,0,0,0,0.0,0.0,0.0,0,0.0
545,Roberts,MID,Sunderland,5.4,0,0,0.0,0,0,0,0.0,0.0,0.0,0,0.0,0,0,0,0,0,0,0.0,0.0,0.0,0,0.0,0,0,0,0.0,0.0,0.0,0,0.0
546,Aleksić,MID,Sunderland,4.9,0,0,0.0,0,0,0,0.0,0.0,0.0,0,0.0,0,0,0,0,0,0,0.0,0.0,0.0,0,0.0,0,0,0,0.0,0.0,0.0,0,0.0
549,Neil,MID,Sunderland,4.8,0,0,0.0,0,0,0,0.0,0.0,0.0,0,0.0,0,0,0,0,0,0,0.0,0.0,0.0,0,0.0,0,0,0,0.0,0.0,0.0,0,0.0
550,Poveda,MID,Sunderland,4.7,0,0,0.0,0,0,0,0.0,0.0,0.0,0,0.0,0,0,0,0,0,0,0.0,0.0,0.0,0,0.0,0,0,0,0.0,0.0,0.0,0,0.0
554,Ba,MID,Sunderland,4.3,0,0,0.0,0,0,0,0.0,0.0,0.0,0,0.0,0,0,0,0,0,0,0.0,0.0,0.0,0,0.0,0,0,0,0.0,0.0,0.0,0,0.0
555,Browne,MID,Sunderland,4.5,0,0,0.0,0,0,0,0.0,0.0,0.0,0,0.0,0,0,0,0,0,0,0.0,0.0,0.0,0,0.0,0,0,0,0.0,0.0,0.0,0,0.0
556,Ekwah,MID,Sunderland,4.5,0,0,0.0,0,0,0,0.0,0.0,0.0,0,0.0,0,0,0,0,0,0,0.0,0.0,0.0,0,0.0,0,0,0,0.0,0.0,0.0,0,0.0
557,H.Jones,MID,Sunderland,4.3,0,0,0.0,0,0,0,0.0,0.0,0.0,0,0.0,0,0,0,0,0,0,0.0,0.0,0.0,0,0.0,0,0,0,0.0,0.0,0.0,0,0.0
558,Matete,MID,Sunderland,4.3,0,0,0.0,0,0,0,0.0,0.0,0.0,0,0.0,0,0,0,0,0,0,0.0,0.0,0.0,0,0.0,0,0,0,0.0,0.0,0.0,0,0.0
559,Triantis,MID,Sunderland,4.4,0,0,0.0,0,0,0,0.0,0.0,0.0,0,0.0,0,0,0,0,0,0,0.0,0.0,0.0,0,0.0,0,0,0,0.0,0.0,0.0,0,0.0
562,Abdullahi,FWD,Sunderland,4.2,0,0,0.0,0,0,0,0.0,0.0,0.0,0,0.0,0,0,0,0,0,0,0.0,0.0,0.0,0,0.0,0,0,0,0.0,0.0,0.0,0,0.0
563,Luís Hemir,FWD,Sunderland,4.4,0,0,0.0,0,0,0,0.0,0.0,0.0,0,0.0,0,0,0,0,0,0,0.0,0.0,0.0,0,0.0,0,0,0,0.0,0.0,0.0,0,0.0
564,Rusyn,FWD,Sunderland,4.4,0,0,0.0,0,0,0,0.0,0.0,0.0,0,0.0,0,0,0,0,0,0,0.0,0.0,0.0,0,0.0,0,0,0,0.0,0.0,0.0,0,0.0
566,Austin,GK,Tottenham,3.9,0,0,0.0,0,0,0,0.0,0.0,0.0,0,0.0,0,0,0,0,0,0,0.0,0.0,0.0,0,0.0,0,0,0,0.0,0.0,0.0,0,0.0
567,Kinsky,GK,Tottenham,3.9,0,0,0.0,0,0,0,0.0,0.0,0.0,0,0.0,0,0,0,0,0,0,0.0,0.0,0.0,0,0.0,0,0,0,0.0,0.0,0.0,0,0.0
571,Davies,DEF,Tottenham,4.3,0,0,0.0,0,0,0,0.0,0.0,0.0,0,0.0,0,0,0,0,0,0,0.0,0.0,0.0,0,0.0,0,0,0,0.0,0.0,0.0,0,0.0
576,Phillips,DEF,Tottenham,4.0,0,0,0.0,0,0,0,0.0,0.0,0.0,0,0.0,0,0,0,0,0,0,0.0,0.0,0.0,0,0.0,0,0,0,0.0,0.0,0.0,0,0.0
577,Takai,DEF,Tottenham,4.0,0,0,0.0,0,0,0,0.0,0.0,0.0,0,0.0,0,0,0,0,0,0,0.0,0.0,0.0,0,0.0,0,0,0,0.0,0.0,0.0,0,0.0
578,Vuskovic,DEF,Tottenham,3.9,0,0,0.0,0,0,0,0.0,0.0,0.0,0,0.0,0,0,0,0,0,0,0.0,0.0,0.0,0,0.0,0,0,0,0.0,0.0,0.0,0,0.0
579,Son,MID,Tottenham,8.5,0,0,0.0,0,0,0,0.0,0.0,0.0,0,0.0,0,0,0,0,0,0,0.0,0.0,0.0,0,0.0,0,0,0,0.0,0.0,0.0,0,0.0
581,Maddison,MID,Tottenham,6.8,0,0,0.0,0,0,0,0.0,0.0,0.0,0,0.0,0,0,0,0,0,0,0.0,0.0,0.0,0,0.0,0,0,0,0.0,0.0,0.0,0,0.0
582,Kudus,MID,Tottenham,6.4,0,0,0.0,0,0,0,0.0,0.0,0.0,0,0.0,0,0,0,0,0,0,0.0,0.0,0.0,0,0.0,0,0,0,0.0,0.0,0.0,0,0.0
583,Kulusevski,MID,Tottenham,6.4,0,0,0.0,0,0,0,0.0,0.0,0.0,0,0.0,0,0,0,0,0,0,0.0,0.0,0.0,0,0.0,0,0,0,0.0,0.0,0.0,0,0.0
585,Bentancur,MID,Tottenham,5.2,0,0,0.0,0,0,0,0.0,0.0,0.0,0,0.0,0,0,0,0,0,0,0.0,0.0,0.0,0,0.0,0,0,0,0.0,0.0,0.0,0,0.0
588,Odobert,MID,Tottenham,5.3,0,0,0.0,0,0,0,0.0,0.0,0.0,0,0.0,0,0,0,0,0,0,0.0,0.0,0.0,0,0.0,0,0,0,0.0,0.0,0.0,0,0.0
589,Solomon,MID,Tottenham,5.4,0,0,0.0,0,0,0,0.0,0.0,0.0,0,0.0,0,0,0,0,0,0,0.0,0.0,0.0,0,0.0,0,0,0,0.0,0.0,0.0,0,0.0
590,Bryan,MID,Tottenham,4.9,0,0,0.0,0,0,0,0.0,0.0,0.0,0,0.0,0,0,0,0,0,0,0.0,0.0,0.0,0,0.0,0,0,0,0.0,0.0,0.0,0,0.0
592,Moore,MID,Tottenham,5.0,0,0,0.0,0,0,0,0.0,0.0,0.0,0,0.0,0,0,0,0,0,0,0.0,0.0,0.0,0,0.0,0,0,0,0.0,0.0,0.0,0,0.0
594,Min-hyeok,MID,Tottenham,4.5,0,0,0.0,0,0,0,0.0,0.0,0.0,0,0.0,0,0,0,0,0,0,0.0,0.0,0.0,0,0.0,0,0,0,0.0,0.0,0.0,0,0.0
598,Lankshear,FWD,Tottenham,4.5,0,0,0.0,0,0,0,0.0,0.0,0.0,0,0.0,0,0,0,0,0,0,0.0,0.0,0.0,0,0.0,0,0,0,0.0,0.0,0.0,0,0.0
599,Scarlett,FWD,Tottenham,4.3,0,0,0.0,0,0,0,0.0,0.0,0.0,0,0.0,0,0,0,0,0,0,0.0,0.0,0.0,0,0.0,0,0,0,0.0,0.0,0.0,0,0.0
600,Areola,GK,West Ham,4.3,0,0,0.0,0,0,0,0.0,0.0,0.0,0,0.0,0,0,0,0,0,0,0.0,0.0,0.0,0,0.0,0,0,0,0.0,0.0,0.0,0,0.0
601,Foderingham,GK,West Ham,4.0,0,0,0.0,0,0,0,0.0,0.0,0.0,0,0.0,0,0,0,0,0,0,0.0,0.0,0.0,0,0.0,0,0,0,0.0,0.0,0.0,0,0.0
602,Hegyi,GK,West Ham,3.9,0,0,0.0,0,0,0,0.0,0.0,0.0,0,0.0,0,0,0,0,0,0,0.0,0.0,0.0,0,0.0,0,0,0,0.0,0.0,0.0,0,0.0
604,Emerson,DEF,West Ham,4.4,0,0,0.0,0,0,0,0.0,0.0,0.0,0,0.0,0,0,0,0,0,0,0.0,0.0,0.0,0,0.0,0,0,0,0.0,0.0,0.0,0,0.0
605,Kilman,DEF,West Ham,4.1,0,0,0.0,0,0,0,0.0,0.0,0.0,0,0.0,0,0,0,0,0,0,0.0,0.0,0.0,0,0.0,0,0,0,0.0,0.0,0.0,0,0.0
607,N.Aguerd,DEF,West Ham,4.4,0,0,0.0,0,0,0,0.0,0.0,0.0,0,0.0,0,0,0,0,0,0,0.0,0.0,0.0,0,0.0,0,0,0,0.0,0.0,0.0,0,0.0
608,Scarles,DEF,West Ham,4.3,0,0,0.0,0,0,0,0.0,0.0,0.0,0,0.0,0,0,0,0,0,0,0.0,0.0,0.0,0,0.0,0,0,0,0.0,0.0,0.0,0,0.0
611,Casey,DEF,West Ham,4.0,0,0,0.0,0,0,0,0.0,0.0,0.0,0,0.0,0,0,0,0,0,0,0.0,0.0,0.0,0,0.0,0,0,0,0.0,0.0,0.0,0,0.0
612,L.Paquetá,MID,West Ham,5.9,0,0,0.0,0,0,0,0.0,0.0,0.0,0,0.0,0,0,0,0,0,0,0.0,0.0,0.0,0,0.0,0,0,0,0.0,0.0,0.0,0,0.0
616,Álvarez,MID,West Ham,4.9,0,0,0.0,0,0,0,0.0,0.0,0.0,0,0.0,0,0,0,0,0,0,0.0,0.0,0.0,0,0.0,0,0,0,0.0,0.0,0.0,0,0.0
617,Cornet,MID,West Ham,4.9,0,0,0.0,0,0,0,0.0,0.0,0.0,0,0.0,0,0,0,0,0,0,0.0,0.0,0.0,0,0.0,0,0,0,0.0,0.0,0.0,0,0.0
618,G.Rodriguez,MID,West Ham,4.8,0,0,0.0,0,0,0,0.0,0.0,0.0,0,0.0,0,0,0,0,0,0,0.0,0.0,0.0,0,0.0,0,0,0,0.0,0.0,0.0,0,0.0
619,L.Guilherme,MID,West Ham,4.9,0,0,0.0,0,0,0,0.0,0.0,0.0,0,0.0,0,0,0,0,0,0,0.0,0.0,0.0,0,0.0,0,0,0,0.0,0.0,0.0,0,0.0
620,Earthy,MID,West Ham,4.5,0,0,0.0,0,0,0,0.0,0.0,0.0,0,0.0,0,0,0,0,0,0,0.0,0.0,0.0,0,0.0,0,0,0,0.0,0.0,0.0,0,0.0
621,Irving,MID,West Ham,4.3,0,0,0.0,0,0,0,0.0,0.0,0.0,0,0.0,0,0,0,0,0,0,0.0,0.0,0.0,0,0.0,0,0,0,0.0,0.0,0.0,0,0.0
622,Orford,MID,West Ham,4.4,0,0,0.0,0,0,0,0.0,0.0,0.0,0,0.0,0,0,0,0,0,0,0.0,0.0,0.0,0,0.0,0,0,0,0.0,0.0,0.0,0,0.0
625,Füllkrug,FWD,West Ham,5.6,0,0,0.0,0,0,0,0.0,0.0,0.0,0,0.0,0,0,0,0,0,0,0.0,0.0,0.0,0,0.0,0,0,0,0.0,0.0,0.0,0,0.0
626,Marshall,FWD,West Ham,4.3,0,0,0.0,0,0,0,0.0,0.0,0.0,0,0.0,0,0,0,0,0,0,0.0,0.0,0.0,0,0.0,0,0,0,0.0,0.0,0.0,0,0.0
627,Johnstone,GK,Wolves,4.4,0,0,0.0,0,0,0,0.0,0.0,0.0,0,0.0,0,0,0,0,0,0,0.0,0.0,0.0,0,0.0,0,0,0,0.0,0.0,0.0,0,0.0
629,Bentley,GK,Wolves,3.9,0,0,0.0,0,0,0,0.0,0.0,0.0,0,0.0,0,0,0,0,0,0,0.0,0.0,0.0,0,0.0,0,0,0,0.0,0.0,0.0,0,0.0
630,King,GK,Everton,3.9,0,0,0.0,0,0,0,0.0,0.0,0.0,0,0.0,0,0,0,0,0,0,0.0,0.0,0.0,0,0.0,0,0,0,0.0,0.0,0.0,0,0.0
631,Agbadou,DEF,Wolves,4.2,0,0,0.0,0,0,0,0.0,0.0,0.0,0,0.0,0,0,0,0,0,0,0.0,0.0,0.0,0,0.0,0,0,0,0.0,0.0,0.0,0,0.0
638,Hoever,DEF,Wolves,3.8,0,0,0.0,0,0,0,0.0,0.0,0.0,0,0.0,0,0,0,0,0,0,0.0,0.0,0.0,0,0.0,0,0,0,0.0,0.0,0.0,0,0.0
639,Meupiyou,DEF,Wolves,4.0,0,0,0.0,0,0,0,0.0,0.0,0.0,0,0.0,0,0,0,0,0,0,0.0,0.0,0.0,0,0.0,0,0,0,0.0,0.0,0.0,0,0.0
640,Pedro Lima,DEF,Wolves,4.0,0,0,0.0,0,0,0,0.0,0.0,0.0,0,0.0,0,0,0,0,0,0,0.0,0.0,0.0,0,0.0,0,0,0,0.0,0.0,0.0,0,0.0
641,Pond,DEF,Wolves,3.9,0,0,0.0,0,0,0,0.0,0.0,0.0,0,0.0,0,0,0,0,0,0,0.0,0.0,0.0,0,0.0,0,0,0,0.0,0.0,0.0,0,0.0
642,Hee Chan,MID,Wolves,5.6,0,0,0.0,0,0,0,0.0,0.0,0.0,0,0.0,0,0,0,0,0,0,0.0,0.0,0.0,0,0.0,0,0,0,0.0,0.0,0.0,0,0.0
645,Fer López,MID,Wolves,5.1,0,0,0.0,0,0,0,0.0,0.0,0.0,0,0.0,0,0,0,0,0,0,0.0,0.0,0.0,0,0.0,0,0,0,0.0,0.0,0.0,0,0.0
647,Guedes,MID,Wolves,5.5,0,0,0.0,0,0,0,0.0,0.0,0.0,0,0.0,0,0,0,0,0,0,0.0,0.0,0.0,0,0.0,0,0,0,0.0,0.0,0.0,0,0.0
648,Munetsi,MID,Wolves,5.3,0,0,0.0,0,0,0,0.0,0.0,0.0,0,0.0,0,0,0,0,0,0,0.0,0.0,0.0,0,0.0,0,0,0,0.0,0.0,0.0,0,0.0
649,B.Traore,MID,Wolves,5.0,0,0,0.0,0,0,0,0.0,0.0,0.0,0,0.0,0,0,0,0,0,0,0.0,0.0,0.0,0,0.0,0,0,0,0.0,0.0,0.0,0,0.0
650,Chirewa,MID,Wolves,4.3,0,0,0.0,0,0,0,0.0,0.0,0.0,0,0.0,0,0,0,0,0,0,0.0,0.0,0.0,0,0.0,0,0,0,0.0,0.0,0.0,0,0.0
652,Gonzalez,MID,Wolves,4.3,0,0,0.0,0,0,0,0.0,0.0,0.0,0,0.0,0,0,0,0,0,0,0.0,0.0,0.0,0,0.0,0,0,0,0.0,0.0,0.0,0,0.0
653,Hodge,MID,Wolves,4.5,0,0,0.0,0,0,0,0.0,0.0,0.0,0,0.0,0,0,0,0,0,0,0.0,0.0,0.0,0,0.0,0,0,0,0.0,0.0,0.0,0,0.0
655,Fábio Silva,FWD,Wolves,4.9,0,0,0.0,0,0,0,0.0,0.0,0.0,0,0.0,0,0,0,0,0,0,0.0,0.0,0.0,0,0.0,0,0,0,0.0,0.0,0.0,0,0.0
656,Kalajdžić,FWD,Wolves,4.9,0,0,0.0,0,0,0,0.0,0.0,0.0,0,0.0,0,0,0,0,0,0,0.0,0.0,0.0,0,0.0,0,0,0,0.0,0.0,0.0,0,0.0
657,Chiwome,FWD,Wolves,4.4,0,0,0.0,0,0,0,0.0,0.0,0.0,0,0.0,0,0,0,0,0,0,0.0,0.0,0.0,0,0.0,0,0,0,0.0,0.0,0.0,0,0.0
658,Fraser,FWD,Wolves,4.2,0,0,0.0,0,0,0,0.0,0.0,0.0,0,0.0,0,0,0,0,0,0,0.0,0.0,0.0,0,0.0,0,0,0,0.0,0.0,0.0,0,0.0
659,Walker-Peters,DEF,West Ham,4.2,0,0,0.0,0,0,0,0.0,0.0,0.0,0,0.0,0,0,0,0,0,0,0.0,0.0,0.0,0,0.0,0,0,0,0.0,0.0,0.0,0,0.0
663,J.Arias,MID,Wolves,4.9,0,0,0.0,0,0,0,0.0,0.0,0.0,0,0.0,0,0,0,0,0,0,0.0,0.0,0.0,0,0.0,0,0,0,0.0,0.0,0.0,0,0.0
664,Lecomte,GK,Fulham,3.9,0,0,0.0,0,0,0,0.0,0.0,0.0,0,0.0,0,0,0,0,0,0,0.0,0.0,0.0,0,0.0,0,0,0,0.0,0.0,0.0,0,0.0
665,Perri,GK,Leeds United,4.4,0,0,0.0,0,0,0,0.0,0.0,0.0,0,0.0,0,0,0,0,0,0,0.0,0.0,0.0,0,0.0,0,0,0,0.0,0.0,0.0,0,0.0
667,Aznou,DEF,Everton,4.2,0,0,0.0,0,0,0,0.0,0.0,0.0,0,0.0,0,0,0,0,0,0,0.0,0.0,0.0,0,0.0,0,0,0,0.0,0.0,0.0,0,0.0
675,Gunn,GK,Nott'ham Forest,4.0,0,0,0.0,0,0,0,0.0,0.0,0.0,0,0.0,0,0,0,0,0,0,0.0,0.0,0.0,0,0.0,0,0,0,0.0,0.0,0.0,0,0.0
678,Masuaku,DEF,Sunderland,3.9,0,0,0.0,0,0,0,0.0,0.0,0.0,0,0.0,0,0,0,0,0,0,0.0,0.0,0.0,0,0.0,0,0,0,0.0,0.0,0.0,0,0.0
685,Diakité,DEF,Bournemouth,4.2,0,0,0.0,0,0,0,0.0,0.0,0.0,0,0.0,0,0,0,0,0,0,0.0,0.0,0.0,0,0.0,0,0,0,0.0,0.0,0.0,0,0.0
687,Rees-Dottin,MID,Bournemouth,4.3,0,0,0.0,0,0,0,0.0,0.0,0.0,0,0.0,0,0,0,0,0,0,0.0,0.0,0.0,0,0.0,0,0,0,0.0,0.0,0.0,0,0.0
688,Wright,GK,Aston Villa,3.9,0,0,0.0,0,0,0,0.0,0.0,0.0,0,0.0,0,0,0,0,0,0,0.0,0.0,0.0,0,0.0,0,0,0,0.0,0.0,0.0,0,0.0
689,Seung soo,MID,Newcastle Utd,4.3,0,0,0.0,0,0,0,0.0,0.0,0.0,0,0.0,0,0,0,0,0,0,0.0,0.0,0.0,0,0.0,0,0,0,0.0,0.0,0.0,0,0.0
690,Cardines,MID,Crystal Palace,4.4,0,0,0.0,0,0,0,0.0,0.0,0.0,0,0.0,0,0,0,0,0,0,0.0,0.0,0.0,0,0.0,0,0,0,0.0,0.0,0.0,0,0.0
692,Leoni,DEF,Liverpool,4.9,0,0,0.0,0,0,0,0.0,0.0,0.0,0,0.0,0,0,0,0,0,0,0.0,0.0,0.0,0,0.0,0,0,0,0.0,0.0,0.0,0,0.0
696,Kalimuendo,FWD,Nott'ham Forest,6.0,0,0,0.0,0,0,0,0.0,0.0,0.0,0,0.0,0,0,0,0,0,0,0.0,0.0,0.0,0,0.0,0,0,0,0.0,0.0,0.0,0,0.0
701,Rowe,DEF,Aston Villa,4.0,0,0,0.0,0,0,0,0.0,0.0,0.0,0,0.0,0,0,0,0,0,0,0.0,0.0,0.0,0,0.0,0,0,0,0.0,0.0,0.0,0,0.0
702,Burrowes,MID,Aston Villa,4.4,0,0,0.0,0,0,0,0.0,0.0,0.0,0,0.0,0,0,0,0,0,0,0.0,0.0,0.0,0,0.0,0,0,0,0.0,0.0,0.0,0,0.0
703,Proctor,GK,Aston Villa,3.9,0,0,0.0,0,0,0,0.0,0.0,0.0,0,0.0,0,0,0,0,0,0,0.0,0.0,0.0,0,0.0,0,0,0,0.0,0.0,0.0,0,0.0
704,Onyango,MID,Everton,4.5,0,0,0.0,0,0,0,0.0,0.0,0.0,0,0.0,0,0,0,0,0,0,0.0,0.0,0.0,0,0.0,0,0,0,0.0,0.0,0.0,0,0.0
705,Campbell,DEF,Everton,3.9,0,0,0.0,0,0,0,0.0,0.0,0.0,0,0.0,0,0,0,0,0,0,0.0,0.0,0.0,0,0.0,0,0,0,0.0,0.0,0.0,0,0.0
710,Patterson,DEF,Aston Villa,3.9,0,0,0.0,0,0,0,0.0,0.0,0.0,0,0.0,0,0,0,0,0,0,0.0,0.0,0.0,0,0.0,0,0,0,0.0,0.0,0.0,0,0.0
711,Harriman-Annous,MID,Arsenal,4.4,0,0,0.0,0,0,0,0.0,0.0,0.0,0,0.0,0,0,0,0,0,0,0.0,0.0,0.0,0,0.0,0,0,0,0.0,0.0,0.0,0,0.0
715,John,GK,Nott'ham Forest,4.0,0,0,0.0,0,0,0,0.0,0.0,0.0,0,0.0,0,0,0,0,0,0,0.0,0.0,0.0,0,0.0,0,0,0,0.0,0.0,0.0,0,0.0
716,Savona,DEF,Nott'ham Forest,4.5,0,0,0.0,0,0,0,0.0,0.0,0.0,0,0.0,0,0,0,0,0,0,0.0,0.0,0.0,0,0.0,0,0,0,0.0,0.0,0.0,0,0.0
719,Lindelöf,DEF,Aston Villa,4.5,0,0,0.0,0,0,0,0.0,0.0,0.0,0,0.0,0,0,0,0,0,0,0.0,0.0,0.0,0,0.0,0,0,0,0.0,0.0,0.0,0,0.0
721,Milosavljević,DEF,Bournemouth,4.4,0,0,0.0,0,0,0,0.0,0.0,0.0,0,0.0,0,0,0,0,0,0,0.0,0.0,0.0,0,0.0,0,0,0,0.0,0.0,0.0,0,0.0
729,Cuiabano,DEF,Nott'ham Forest,4.5,0,0,0.0,0,0,0,0.0,0.0,0.0,0,0.0,0,0,0,0,0,0,0.0,0.0,0.0,0,0.0,0,0,0,0.0,0.0,0.0,0,0.0
737,Kusi-Asare,FWD,Fulham,4.5,0,0,0.0,0,0,0,0.0,0.0,0.0,0,0.0,0,0,0,0,0,0,0.0,0.0,0.0,0,0.0,0,0,0,0.0,0.0,0.0,0,0.0
738,Fabianski,GK,West Ham,4.5,0,0,0.0,0,0,0,0.0,0.0,0.0,0,0.0,0,0,0,0,0,0,0.0,0.0,0.0,0,0.0,0,0,0,0.0,0.0,0.0,0,0.0
739,Mukasa,MID,Manchester City,4.4,0,0,0.0,0,0,0,0.0,0.0,0.0,0,0.0,0,0,0,0,0,0,0.0,0.0,0.0,0,0.0,0,0,0,0.0,0.0,0.0,0,0.0
740,Mfuni,DEF,Manchester City,3.9,0,0,0.0,0,0,0,0.0,0.0,0.0,0,0.0,0,0,0,0,0,0,0.0,0.0,0.0,0,0.0,0,0,0,0.0,0.0,0.0,0,0.0
741,Gray,FWD,Leeds United,4.5,0,0,0.0,0,0,0,0.0,0.0,0.0,0,0.0,0,0,0,0,0,0,0.0,0.0,0.0,0,0.0,0,0,0,0.0,0.0,0.0,0,0.0
742,McAidoo,MID,Manchester City,4.5,0,0,0.0,0,0,0,0.0,0.0,0.0,0,0.0,0,0,0,0,0,0,0.0,0.0,0.0,0,0.0,0,0,0,0.0,0.0,0.0,0,0.0
743,Emenalo,MID,Chelsea,4.5,0,0,0.0,0,0,0,0.0,0.0,0.0,0,0.0,0,0,0,0,0,0,0.0,0.0,0.0,0,0.0,0,0,0,0.0,0.0,0.0,0,0.0
744,Oriola,MID,Brighton,4.5,0,0,0.0,0,0,0,0.0,0.0,0.0,0,0.0,0,0,0,0,0,0,0.0,0.0,0.0,0,0.0,0,0,0,0.0,0.0,0.0,0,0.0
745,Byfield,DEF,Tottenham,4.0,0,0,0.0,0,0,0,0.0,0.0,0.0,0,0.0,0,0,0,0,0,0,0.0,0.0,0.0,0,0.0,0,0,0,0.0,0.0,0.0,0,0.0
746,Morrison,MID,Liverpool,4.5,0,0,0.0,0,0,0,0.0,0.0,0.0,0,0.0,0,0,0,0,0,0,0.0,0.0,0.0,0,0.0,0,0,0,0.0,0.0,0.0,0,0.0
748,Dasilva,MID,Brentford,4.9,0,0,0.0,0,0,0,0.0,0.0,0.0,0,0.0,0,0,0,0,0,0,0.0,0.0,0.0,0,0.0,0,0,0,0.0,0.0,0.0,0,0.0
751,Akhamrich,MID,Tottenham,4.5,0,0,0.0,0,0,0,0.0,0.0,0.0,0,0.0,0,0,0,0,0,0,0.0,0.0,0.0,0,0.0,0,0,0,0.0,0.0,0.0,0,0.0
752,Golambeckis,DEF,West Ham,4.0,0,0,0.0,0,0,0,0.0,0.0,0.0,0,0.0,0,0,0,0,0,0,0.0,0.0,0.0,0,0.0,0,0,0,0.0,0.0,0.0,0,0.0
753,Ruddy,GK,Newcastle Utd,4.0,0,0,0.0,0,0,0,0.0,0.0,0.0,0,0.0,0,0,0,0,0,0,0.0,0.0,0.0,0,0.0,0,0,0,0.0,0.0,0.0,0,0.0
754,George Hemmings,MID,Aston Villa,4.5,0,0,0.0,0,0,0,0.0,0.0,0.0,0,0.0,0,0,0,0,0,0,0.0,0.0,0.0,0,0.0,0,0,0,0.0,0.0,0.0,0,0.0
755,Lacey,MID,Manchester Utd,4.5,0,0,0.0,0,0,0,0.0,0.0,0.0,0,0.0,0,0,0,0,0,0,0.0,0.0,0.0,0,0.0,0,0,0,0.0,0.0,0.0,0,0.0
756,DaCosta,MID,Bournemouth,4.5,0,0,0.0,0,0,0,0.0,0.0,0.0,0,0.0,0,0,0,0,0,0,0.0,0.0,0.0,0,0.0,0,0,0,0.0,0.0,0.0,0,0.0
757,Hollingshead,GK,Aston Villa,4.0,0,0,0.0,0,0,0,0.0,0.0,0.0,0,0.0,0,0,0,0,0,0,0.0,0.0,0.0,0,0.0,0,0,0,0.0,0.0,0.0,0,0.0
759,Salmon,DEF,Arsenal,4.0,0,0,0.0,0,0,0,0.0,0.0,0.0,0,0.0,0,0,0,0,0,0,0.0,0.0,0.0,0,0.0,0,0,0,0.0,0.0,0.0,0,0.0
760,Lucky,DEF,Liverpool,4.0,0,0,0.0,0,0,0,0.0,0.0,0.0,0,0.0,0,0,0,0,0,0,0.0,0.0,0.0,0,0.0,0,0,0,0.0,0.0,0.0,0,0.0
761,Simmonds,DEF,Brighton,4.0,0,0,0.0,0,0,0,0.0,0.0,0.0,0,0.0,0,0,0,0,0,0,0.0,0.0,0.0,0,0.0,0,0,0,0.0,0.0,0.0,0,0.0
762,Drakes-Thomas,MID,Crystal Palace,4.5,0,0,0.0,0,0,0,0.0,0.0,0.0,0,0.0,0,0,0,0,0,0,0.0,0.0,0.0,0,0.0,0,0,0,0.0,0.0,0.0,0,0.0
763,Gray,MID,Manchester City,4.5,0,0,0.0,0,0,0,0.0,0.0,0.0,0,0.0,0,0,0,0,0,0,0.0,0.0,0.0,0,0.0,0,0,0,0.0,0.0,0.0,0,0.0
764,Heskey,MID,Manchester City,4.5,0,0,0.0,0,0,0,0.0,0.0,0.0,0,0.0,0,0,0,0,0,0,0.0,0.0,0.0,0,0.0,0,0,0,0.0,0.0,0.0,0,0.0
765,Shahar,DEF,Newcastle Utd,4.0,0,0,0.0,0,0,0,0.0,0.0,0.0,0,0.0,0,0,0,0,0,0,0.0,0.0,0.0,0,0.0,0,0,0,0.0,0.0,0.0,0,0.0
766,Olagunju,DEF,Wolves,4.0,0,0,0.0,0,0,0,0.0,0.0,0.0,0,0.0,0,0,0,0,0,0,0.0,0.0,0.0,0,0.0,0,0,0,0.0,0.0,0.0,0,0.0
767,Rawlings,MID,Wolves,4.5,0,0,0.0,0,0,0,0.0,0.0,0.0,0,0.0,0,0,0,0,0,0,0.0,0.0,0.0,0,0.0,0,0,0,0.0,0.0,0.0,0,0.0
768,Leon Routh,DEF,Aston Villa,4.0,0,0,0.0,0,0,0,0.0,0.0,0.0,0,0.0,0,0,0,0,0,0,0.0,0.0,0.0,0,0.0,0,0,0,0.0,0.0,0.0,0,0.0
769,Bendito Mantato,MID,Manchester Utd,4.5,0,0,0.0,0,0,0,0.0,0.0,0.0,0,0.0,0,0,0,0,0,0,0.0,0.0,0.0,0,0.0,0,0,0,0.0,0.0,0.0,0,0.0
770,Ridgeon,MID,Fulham,4.5,0,0,0.0,0,0,0,0.0,0.0,0.0,0,0.0,0,0,0,0,0,0,0.0,0.0,0.0,0,0.0,0,0,0,0.0,0.0,0.0,0,0.0
771,Fletcher,MID,Manchester Utd,4.4,0,0,0.0,0,0,0,0.0,0.0,0.0,0,0.0,0,0,0,0,0,0,0.0,0.0,0.0,0,0.0,0,0,0,0.0,0.0,0.0,0,0.0
772,Alabi,MID,Newcastle Utd,4.5,0,0,0.0,0,0,0,0.0,0.0,0.0,0,0.0,0,0,0,0,0,0,0.0,0.0,0.0,0,0.0,0,0,0,0.0,0.0,0.0,0,0.0
773,Benamar,DEF,Crystal Palace,4.0,0,0,0.0,0,0,0,0.0,0.0,0.0,0,0.0,0,0,0,0,0,0,0.0,0.0,0.0,0,0.0,0,0,0,0.0,0.0,0.0,0,0.0
774,Jenson Jones,DEF,Sunderland,4.0,0,0,0.0,0,0,0,0.0,0.0,0.0,0,0.0,0,0,0,0,0,0,0.0,0.0,0.0,0,0.0,0,0,0,0.0,0.0,0.0,0,0.0
775,Tutierov,MID,Sunderland,4.5,0,0,0.0,0,0,0,0.0,0.0,0.0,0,0.0,0,0,0,0,0,0,0.0,0.0,0.0,0,0.0,0,0,0,0.0,0.0,0.0,0,0.0
776,Pimlott,MID,Burnley,4.5,0,0,0.0,0,0,0,0.0,0.0,0.0,0,0.0,0,0,0,0,0,0,0.0,0.0,0.0,0,0.0,0,0,0,0.0,0.0,0.0,0,0.0
777,Ojinnaka,MID,Wolves,4.5,0,0,0.0,0,0,0,0.0,0.0,0.0,0,0.0,0,0,0,0,0,0,0.0,0.0,0.0,0,0.0,0,0,0,0.0,0.0,0.0,0,0.0
778,Sutherland,MID,Wolves,4.5,0,0,0.0,0,0,0,0.0,0.0,0.0,0,0.0,0,0,0,0,0,0,0.0,0.0,0.0,0,0.0,0,0,0,0.0,0.0,0.0,0,0.0
779,Graham,FWD,Everton,4.5,0,0,0.0,0,0,0,0.0,0.0,0.0,0,0.0,0,0,0,0,0,0,0.0,0.0,0.0,0,0.0,0,0,0,0.0,0.0,0.0,0,0.0
780,Casey,FWD,Crystal Palace,4.5,0,0,0.0,0,0,0,0.0,0.0,0.0,0,0.0,0,0,0,0,0,0,0.0,0.0,0.0,0,0.0,0,0,0,0.0,0.0,0.0,0,0.0
781,Carroll,DEF,Aston Villa,4.0,0,0,0.0,0,0,0,0.0,0.0,0.0,0,0.0,0,0,0,0,0,0,0.0,0.0,0.0,0,0.0,0,0,0,0.0,0.0,0.0,0,0.0
782,Forster,GK,Bournemouth,4.0,0,0,0.0,0,0,0,0.0,0.0,0.0,0,0.0,0,0,0,0,0,0,0.0,0.0,0.0,0,0.0,0,0,0,0.0,0.0,0.0,0,0.0
784,Brierley,MID,Burnley,4.5,0,0,0.0,0,0,0,0.0,0.0,0.0,0,0.0,0,0,0,0,0,0,0.0,0.0,0.0,0,0.0,0,0,0,0.0,0.0,0.0,0,0.0
786,McNally,GK,Fulham,4.0,0,0,0.0,0,0,0,0.0,0.0,0.0,0,0.0,0,0,0,0,0,0,0.0,0.0,0.0,0,0.0,0,0,0,0.0,0.0,0.0,0,0.0
787,Chambers,MID,Leeds United,4.4,0,0,0.0,0,0,0,0.0,0.0,0.0,0,0.0,0,0,0,0,0,0,0.0,0.0,0.0,0,0.0,0,0,0,0.0,0.0,0.0,0,0.0
788,Kukonki,DEF,Manchester Utd,4.0,0,0,0.0,0,0,0,0.0,0.0,0.0,0,0.0,0,0,0,0,0,0,0.0,0.0,0.0,0,0.0,0,0,0,0.0,0.0,0.0,0,0.0
789,Merrick,GK,Chelsea,4.0,0,0,0.0,0,0,0,0.0,0.0,0.0,0,0.0,0,0,0,0,0,0,0.0,0.0,0.0,0,0.0,0,0,0,0.0,0.0,0.0,0,0.0
790,Williams-Barnett,MID,Tottenham,4.5,0,0,0.0,0,0,0,0.0,0.0,0.0,0,0.0,0,0,0,0,0,0,0.0,0.0,0.0,0,0.0,0,0,0,0.0,0.0,0.0,0,0.0
793,King,DEF,Crystal Palace,4.0,0,0,0.0,0,0,0,0.0,0.0,0.0,0,0.0,0,0,0,0,0,0,0.0,0.0,0.0,0,0.0,0,0,0,0.0,0.0,0.0,0,0.0
794,Alleyne,DEF,Manchester City,3.9,0,0,0.0,0,0,0,0.0,0.0,0.0,0,0.0,0,0,0,0,0,0,0.0,0.0,0.0,0,0.0,0,0,0,0.0,0.0,0.0,0,0.0
797,Furo,FWD,Brentford,4.5,0,0,0.0,0,0,0,0.0,0.0,0.0,0,0.0,0,0,0,0,0,0,0.0,0.0,0.0,0,0.0,0,0,0,0.0,0.0,0.0,0,0.0
798,Imray,DEF,Crystal Palace,4.0,0,0,0.0,0,0,0,0.0,0.0,0.0,0,0.0,0,0,0,0,0,0,0.0,0.0,0.0,0,0.0,0,0,0,0.0,0.0,0.0,0,0.0
799,Stevens,MID,Bournemouth,4.5,0,0,0.0,0,0,0,0.0,0.0,0.0,0,0.0,0,0,0,0,0,0,0.0,0.0,0.0,0,0.0,0,0,0,0.0,0.0,0.0,0,0.0
802,Lamadrid,MID,West Ham,5.0,0,0,0.0,0,0,0,0.0,0.0,0.0,0,0.0,0,0,0,0,0,0,0.0,0.0,0.0,0,0.0,0,0,0,0.0,0.0,0.0,0,0.0
803,Sharman-Lowe,GK,Chelsea,4.0,0,0,0.0,0,0,0,0.0,0.0,0.0,0,0.0,0,0,0,0,0,0,0.0,0.0,0.0,0,0.0,0,0,0,0.0,0.0,0.0,0,0.0
806,Mandas,GK,Bournemouth,4.0,0,0,0.0,0,0,0,0.0,0.0,0.0,0,0.0,0,0,0,0,0,0,0.0,0.0,0.0,0,0.0,0,0,0,0.0,0.0,0.0,0,0.0
809,Abbey,MID,Wolves,4.5,0,0,0.0,0,0,0,0.0,0.0,0.0,0,0.0,0,0,0,0,0,0,0.0,0.0,0.0,0,0.0,0,0,0,0.0,0.0,0.0,0,0.0
810,Bentt,MID,Brentford,4.5,0,0,0.0,0,0,0,0.0,0.0,0.0,0,0.0,0,0,0,0,0,0,0.0,0.0,0.0,0,0.0,0,0,0,0.0,0.0,0.0,0,0.0
811,Kyerematen,MID,Tottenham,4.5,0,0,0.0,0,0,0,0.0,0.0,0.0,0,0.0,0,0,0,0,0,0,0.0,0.0,0.0,0,0.0,0,0,0,0.0,0.0,0.0,0,0.0
818,Wilson,FWD,Tottenham,4.5,0,0,0.0,0,0,0,0.0,0.0,0.0,0,0.0,0,0,0,0,0,0,0.0,0.0,0.0,0,0.0,0,0,0,0.0,0.0,0.0,0,0.0
819,Shield,DEF,Brentford,4.0,0,0,0.0,0,0,0,0.0,0.0,0.0,0,0.0,0,0,0,0,0,0,0.0,0.0,0.0,0,0.0,0,0,0,0.0,0.0,0.0,0,0.0
820,McMahon-Brown,MID,Burnley,4.5,0,0,0.0,0,0,0,0.0,0.0,0.0,0,0.0,0,0,0,0,0,0,0.0,0.0,0.0,0,0.0,0,0,0,0.0,0.0,0.0,0,0.0
821,Whittaker,MID,Sunderland,4.5,0,0,0.0,0,0,0,0.0,0.0,0.0,0,0.0,0,0,0,0,0,0,0.0,0.0,0.0,0,0.0,0,0,0,0.0,0.0,0.0,0,0.0
822,Jones,MID,Sunderland,4.5,0,0,0.0,0,0,0,0.0,0.0,0.0,0,0.0,0,0,0,0,0,0,0.0,0.0,0.0,0,0.0,0,0,0,0.0,0.0,0.0,0,0.0
823,Stephenson,DEF,Brentford,4.0,0,0,0.0,0,0,0,0.0,0.0,0.0,0,0.0,0,0,0,0,0,0,0.0,0.0,0.0,0,0.0,0,0,0,0.0,0.0,0.0,0,0.0
824,McManus,DEF,Brentford,4.0,0,0,0.0,0,0,0,0.0,0.0,0.0,0,0.0,0,0,0,0,0,0,0.0,0.0,0.0,0,0.0,0,0,0,0.0,0.0,0.0,0,0.0
825,Herrick,GK,West Ham,4.0,0,0,0.0,0,0,0,0.0,0.0,0.0,0,0.0,0,0,0,0,0,0,0.0,0.0,0.0,0,0.0,0,0,0,0.0,0.0,0.0,0,0.0
575,Van de Ven,DEF,Tottenham,4.4,-2,0,-0.45,4,0,0,0.0,0.0,0.0,10,4.52,0,17,0,0,3,0,0.0,0.0,0.0,8,2.38,1,0,0,0.0,0.0,0.0,2,2.14
