Player ID,Name,Pos,Team,Cost,Total Points,Bonus,Points/$,Games,Goals,Assists,xG,xA,xGI,gc,xGc,clean_sheets,def_con,Saves,h_Games,h_Goals,h_Assists,h_xG,h_xA,h_xGI,h_Gc,h_xGc,a_Games,a_Goals,a_Assists,a_xG,a_xA,a_xGI,a_Gc,a_xGc
430,Haaland,FWD,Manchester City,14.7,239,43,16.26,35,27,8,25.5,2.67,28.17,32,38.6,13,104,0,17,15,4,12.68,1.18,13.86,12,15.73,18,12,4,12.82,1.49,14.31,20,22.87
449,B.Fernandes,MID,Manchester Utd,10.4,221,38,21.25,34,8,23,10.72,12.13,22.85,46,43.63,6,278,0,17,5,12,5.56,6.96,12.52,23,18.41,17,3,11,5.16,5.17,10.33,23,25.22
136,Thiago,FWD,Brentford,7.3,179,22,24.52,37,22,1,20.55,1.83,22.38,49,50.13,10,209,0,19,13,1,13.1,1.31,14.41,20,24.09,18,9,0,7.45,0.52,7.97,29,26.04
237,Enzo,MID,Chelsea,6.4,156,19,24.38,35,10,5,11.26,7.22,18.48,44,43.05,8,237,0,18,5,3,5.3,4.28,9.58,22,24.06,17,5,2,5.96,2.94,8.9,22,18.99
249,João Pedro,FWD,Chelsea,7.4,176,30,23.78,34,15,9,14.32,1.96,16.28,34,35.41,10,132,0,17,8,2,6.89,0.7,7.59,15,17.98,17,7,7,7.43,1.26,8.69,19,17.43
691,Calvert-Lewin,FWD,Leeds United,5.8,140,20,24.14,34,14,2,15.09,1.05,16.13,33,33.77,8,102,0,18,8,0,8.17,0.69,8.85,16,17.81,16,6,2,6.92,0.36,7.28,17,15.96
119,Mbeumo,MID,Manchester Utd,8.3,139,15,16.75,32,10,3,11.06,4.98,16.04,37,35.39,7,136,0,17,6,1,7.01,3.17,10.18,19,15.02,15,4,2,4.05,1.81,5.86,18,20.37
283,Mateta,FWD,Crystal Palace,7.6,108,12,14.21,31,11,0,14.04,1.32,15.36,29,30.78,8,125,0,16,9,0,9.8,0.6,10.4,13,14.77,15,2,0,4.24,0.72,4.96,16,16.01
64,Watkins,FWD,Aston Villa,8.7,154,23,17.7,36,14,4,14.16,1.17,15.33,37,42.05,9,92,0,18,7,3,7.57,0.58,8.15,16,19.42,18,7,1,6.59,0.59,7.18,21,22.63
16,Saka,MID,Arsenal,10.0,157,18,15.7,31,7,10,7.57,7.16,14.73,16,15.57,12,184,0,16,4,6,3.67,4.19,7.86,7,6.51,15,3,4,3.9,2.97,6.87,9,9.06
82,Semenyo,MID,Manchester City,8.0,196,18,24.5,36,16,6,11.0,3.05,14.04,51,47.22,12,234,0,17,9,4,4.91,1.59,6.49,13,13.52,19,7,2,6.09,1.46,7.55,38,33.7
666,Gyökeres,FWD,Arsenal,9.1,127,16,13.96,35,14,1,12.1,1.84,13.93,13,17.06,12,83,0,18,9,1,8.53,0.27,8.79,6,7.32,17,5,0,3.57,1.57,5.14,7,9.74
178,Welbeck,FWD,Brighton,6.4,125,18,19.53,36,13,1,12.36,1.39,13.75,25,30.18,10,111,0,17,8,0,5.37,0.87,6.24,10,11.93,19,5,1,6.99,0.52,7.51,15,18.25
84,Tavernier,MID,Bournemouth,5.3,127,11,23.96,33,6,4,8.82,4.45,13.27,43,39.33,11,245,0,17,3,2,4.33,1.91,6.24,15,12.62,16,3,2,4.49,2.54,7.03,28,26.71
120,Schade,MID,Brentford,6.8,118,5,17.35,34,7,5,11.17,2.05,13.22,33,37.01,11,184,0,17,6,3,6.81,1.37,8.18,12,17.53,17,1,2,4.36,0.68,5.04,21,19.48
515,Gibbs-White,MID,Nott'ham Forest,7.5,179,16,23.87,36,14,4,10.34,2.87,13.21,44,48.75,10,175,0,17,6,1,5.65,1.42,7.07,18,20.07,19,8,3,4.69,1.45,6.14,26,28.68
417,Cherki,MID,Manchester City,6.6,134,16,20.3,32,4,13,4.25,8.78,13.02,17,23.91,8,135,0,16,1,7,2.08,4.57,6.64,7,8.52,16,3,6,2.17,4.21,6.38,10,15.39
381,M.Salah,MID,Liverpool,14.0,117,10,8.36,26,7,6,7.98,5.0,12.98,34,29.87,7,101,0,14,3,3,3.75,2.82,6.57,15,15.34,12,4,3,4.23,2.18,6.41,19,14.53
235,Palmer,MID,Chelsea,10.3,106,9,10.29,25,9,2,10.34,2.47,12.81,31,29.29,3,134,0,13,4,1,7.3,1.84,9.14,16,16.92,12,5,1,3.04,0.63,3.67,15,12.37
384,Gakpo,MID,Liverpool,7.3,129,5,17.67,35,7,5,8.14,4.62,12.76,38,33.38,10,148,0,17,3,1,3.37,1.84,5.21,15,15.39,18,4,4,4.77,2.78,7.55,23,17.99
661,Ekitiké,FWD,Liverpool,9.0,125,22,13.89,28,11,4,10.1,2.45,12.55,25,26.11,7,85,0,15,7,4,6.83,1.62,8.45,12,13.94,13,4,0,3.27,0.83,4.1,13,12.17
337,Raúl,FWD,Fulham,5.9,111,7,18.81,35,9,5,11.55,0.9,12.45,28,34.81,9,131,0,17,4,4,5.7,0.66,6.36,12,15.67,18,5,1,5.85,0.24,6.09,16,19.14
485,Gordon,MID,Newcastle Utd,7.2,101,10,14.03,26,6,4,8.77,3.38,12.15,30,24.78,8,91,0,13,4,2,5.71,2.55,8.26,17,13.16,13,2,2,3.06,0.83,3.89,13,11.62
267,Sarr,MID,Crystal Palace,6.4,116,9,18.12,27,9,2,10.93,1.15,12.07,28,30.08,9,134,0,14,3,0,4.11,0.58,4.69,15,14.58,13,6,2,6.82,0.57,7.38,13,15.5
97,Evanilson,FWD,Bournemouth,6.6,113,6,17.12,35,6,7,10.58,1.47,12.05,39,37.8,11,128,0,18,4,4,5.5,1.0,6.5,16,11.61,17,2,3,5.08,0.47,5.55,23,26.19
624,Bowen,FWD,West Ham,7.7,175,25,22.73,37,8,12,6.99,5.04,12.03,63,56.57,7,275,0,18,4,8,4.35,3.1,7.45,29,25.0,19,4,4,2.64,1.94,4.58,34,31.57
83,O.Dango,MID,Brentford,5.6,134,16,23.93,31,7,8,7.42,4.11,11.53,34,31.71,6,178,0,16,5,5,5.55,3.08,8.63,17,15.85,15,2,3,1.87,1.03,2.9,17,15.86
236,Neto,MID,Chelsea,7.0,119,8,17.0,33,5,6,4.59,6.73,11.32,31,35.98,11,120,0,17,1,4,1.44,4.7,6.14,14,17.36,16,4,2,3.15,2.03,5.18,17,18.62
382,Wirtz,MID,Liverpool,8.3,124,17,14.94,32,5,4,6.14,5.11,11.24,32,33.5,10,170,0,15,4,3,3.72,2.91,6.63,10,13.68,17,1,1,2.42,2.2,4.61,22,19.82
47,Rogers,MID,Aston Villa,7.3,169,17,23.15,37,10,8,6.84,4.32,11.16,48,51.55,9,230,0,19,4,5,4.27,2.24,6.51,22,23.85,18,6,3,2.57,2.08,4.65,26,27.7
299,Ndiaye,MID,Everton,6.3,126,7,20.0,31,6,3,6.63,4.39,11.02,43,41.53,8,277,0,16,4,2,4.36,3.25,7.61,21,17.92,15,2,1,2.27,1.14,3.41,22,23.61
387,Szoboszlai,MID,Liverpool,7.1,158,21,22.25,35,6,7,4.34,6.48,10.82,51,44.07,9,329,0,17,3,1,2.2,3.11,5.31,18,19.42,18,3,6,2.14,3.37,5.51,33,24.65
414,Foden,MID,Manchester City,8.0,129,13,16.12,32,7,5,6.03,4.68,10.71,17,25.61,11,158,0,18,4,5,3.63,2.96,6.59,8,13.68,14,3,0,2.4,1.72,4.12,9,11.93
329,Wilson,MID,Fulham,5.9,164,21,27.8,35,10,8,5.78,4.77,10.55,38,40.0,9,176,0,17,8,3,3.51,1.74,5.25,17,17.48,18,2,5,2.27,3.03,5.3,21,22.52
488,Bruno G.,MID,Newcastle Utd,6.9,153,22,22.17,28,9,7,5.57,4.91,10.48,36,30.77,6,247,0,15,8,6,3.89,2.5,6.39,21,18.34,13,1,1,1.68,2.41,4.09,15,12.43
21,Rice,MID,Arsenal,7.2,184,23,25.56,36,4,9,3.15,7.32,10.47,25,23.87,18,376,0,18,1,5,1.82,3.85,5.67,10,9.44,18,3,4,1.33,3.47,4.8,15,14.43
547,E.Le Fée,MID,Sunderland,4.8,142,13,29.58,35,5,6,5.14,5.29,10.43,42,45.61,10,308,0,17,4,2,3.51,2.5,6.01,17,18.78,18,1,4,1.63,2.79,4.42,25,26.83
450,Cunha,MID,Manchester Utd,8.1,143,14,17.65,33,10,4,6.9,3.36,10.26,35,35.75,8,211,0,17,6,2,3.3,1.74,5.04,16,15.1,16,4,2,3.6,1.62,5.22,19,20.65
712,Yeremy,MID,Crystal Palace,5.8,73,3,12.59,33,2,1,4.25,5.81,10.06,27,28.65,7,165,0,16,0,0,3.36,2.43,5.79,10,13.01,17,2,1,0.89,3.38,4.27,17,15.64
597,Richarlison,FWD,Tottenham,6.4,117,17,18.28,31,11,4,8.58,1.37,9.95,27,25.48,6,143,0,14,5,0,3.47,0.4,3.87,12,9.8,17,6,4,5.11,0.97,6.08,15,15.68
242,Dewsbury-Hall,MID,Everton,5.3,149,18,28.11,30,8,7,4.33,5.3,9.63,38,39.23,8,224,0,15,3,3,2.34,3.04,5.38,18,17.11,15,5,4,1.99,2.26,4.25,20,22.12
100,Kroupi.Jr,FWD,Bournemouth,4.7,111,13,23.62,32,13,0,8.1,1.43,9.53,20,24.69,10,109,0,15,7,0,4.94,0.65,5.59,8,6.89,17,6,0,3.16,0.78,3.94,12,17.8
681,Šeško,FWD,Manchester Utd,7.2,111,19,15.42,30,11,2,9.21,0.28,9.48,30,27.05,2,64,0,15,6,2,4.98,0.15,5.12,9,9.08,15,5,0,4.23,0.13,4.36,21,17.97
487,Barnes,MID,Newcastle Utd,6.1,105,9,17.21,36,7,1,6.76,2.69,9.45,30,29.61,5,100,0,18,5,1,4.91,1.69,6.6,18,16.42,18,2,0,1.85,1.0,2.85,12,13.19
452,Amad,MID,Manchester Utd,6.2,84,6,13.55,31,2,4,5.3,3.95,9.25,33,30.9,5,188,0,17,1,1,4.21,2.3,6.51,18,15.37,14,1,3,1.09,1.65,2.74,15,15.53
86,Brooks,MID,Bournemouth,5.0,59,4,11.8,31,1,3,5.81,3.4,9.21,20,20.25,5,94,0,16,0,2,2.59,1.41,4.0,9,6.62,15,1,1,3.22,1.99,5.21,11,13.63
20,Trossard,MID,Arsenal,6.6,119,11,18.03,31,6,6,5.6,3.59,9.18,15,13.94,11,133,0,16,2,5,2.57,2.37,4.93,9,8.19,15,4,1,3.03,1.22,4.25,6,5.75
311,Beto,FWD,Everton,5.1,103,15,20.2,36,9,1,8.9,0.23,9.13,19,24.16,5,89,0,19,4,1,4.57,0.09,4.66,10,11.1,17,5,0,4.33,0.14,4.47,9,13.06
273,Wharton,MID,Crystal Palace,5.0,111,8,22.2,33,1,6,1.52,7.45,8.96,42,39.04,8,302,0,15,0,1,1.02,3.62,4.64,19,16.67,18,1,5,0.5,3.83,4.32,23,22.37
411,O'Reilly,DEF,Manchester City,5.3,160,10,30.19,34,5,4,6.12,2.67,8.79,25,34.97,14,172,0,15,4,4,2.71,1.46,4.17,7,13.63,19,1,0,3.41,1.21,4.62,18,21.34
160,Minteh,MID,Brighton,5.5,116,9,21.09,33,3,8,3.81,4.95,8.76,32,33.62,11,182,0,16,2,4,2.28,1.44,3.72,10,14.53,17,1,4,1.53,3.51,5.04,22,19.09
418,Doku,MID,Manchester City,6.5,119,15,18.31,29,5,8,2.82,5.81,8.63,18,22.85,8,126,0,15,2,5,1.5,3.79,5.29,7,9.85,14,3,3,1.32,2.02,3.34,11,13.0
457,Casemiro,MID,Manchester Utd,5.9,165,20,27.97,34,9,4,5.44,3.17,8.61,32,31.77,9,355,0,19,7,4,3.69,1.65,5.34,19,16.48,15,2,0,1.75,1.52,3.27,13,15.29
310,Barry,FWD,Everton,5.7,93,9,16.32,37,8,0,8.14,0.44,8.58,33,32.34,7,70,0,19,5,0,4.02,0.14,4.16,20,15.19,18,3,0,4.12,0.3,4.42,13,17.15
615,Summerville,MID,West Ham,5.4,104,10,19.26,30,5,3,5.39,3.01,8.4,42,35.98,7,208,0,15,1,1,2.32,1.76,4.08,16,13.9,15,4,2,3.07,1.25,4.32,26,22.08
215,Flemming,FWD,Burnley,5.3,90,8,16.98,28,10,0,7.82,0.39,8.21,34,35.27,3,95,0,14,2,0,3.76,0.19,3.95,14,15.86,14,8,0,4.06,0.2,4.26,20,19.41
714,Woltemade,FWD,Newcastle Utd,6.7,106,12,15.82,32,8,4,6.59,1.46,8.05,28,24.24,8,104,0,16,6,3,5.12,0.74,5.86,14,13.91,16,2,1,1.47,0.72,2.19,14,10.33
126,Jensen,MID,Brentford,4.9,96,1,19.59,35,3,2,2.17,5.86,8.03,32,33.77,9,213,0,19,1,0,0.44,3.17,3.61,15,16.72,16,2,2,1.73,2.69,4.42,17,17.05
303,Garner,MID,Everton,5.2,155,13,29.81,37,2,7,2.05,5.92,7.97,49,55.03,11,445,0,19,1,4,1.46,3.76,5.22,27,25.06,18,1,3,0.59,2.16,2.75,22,29.97
365,Nmecha,FWD,Leeds United,5.0,71,8,14.2,30,6,1,6.85,1.03,7.88,20,19.23,3,52,0,15,3,0,2.81,0.46,3.27,6,6.17,15,3,1,4.04,0.57,4.61,14,13.06
200,Anthony,MID,Burnley,5.0,125,6,25.0,36,8,4,5.07,2.79,7.86,58,57.21,4,227,0,17,5,2,3.3,0.73,4.03,19,24.07,19,3,2,1.77,2.06,3.83,39,33.14
121,Damsgaard,MID,Brentford,5.6,112,9,20.0,32,4,4,2.61,5.12,7.73,32,30.46,5,239,0,17,1,2,1.4,2.85,4.25,11,13.53,15,3,2,1.21,2.27,3.48,21,16.93
169,Gomez,MID,Brighton,4.9,96,9,19.59,31,5,1,5.96,1.71,7.67,26,27.85,8,229,0,14,3,1,2.41,0.59,3.0,13,11.17,17,2,0,3.55,1.12,4.67,13,16.68
671,Wilson,FWD,West Ham,5.8,75,7,12.93,31,6,2,7.15,0.49,7.64,24,20.96,1,39,0,15,2,1,3.69,0.21,3.9,11,9.7,16,4,1,3.46,0.28,3.74,13,11.26
350,Aaronson,MID,Leeds United,5.4,125,5,23.15,36,4,8,4.25,3.31,7.56,30,35.0,9,210,0,18,2,5,2.95,1.1,4.05,12,13.54,18,2,3,1.3,2.21,3.51,18,21.46
526,Igor Jesus,FWD,Nott'ham Forest,5.9,112,13,18.98,36,6,6,6.3,1.23,7.53,36,37.82,9,117,0,18,1,2,3.8,0.84,4.64,15,15.77,18,5,4,2.5,0.39,2.89,21,22.05
266,Eze,MID,Arsenal,7.3,112,8,15.34,32,7,3,4.82,2.65,7.47,13,13.46,11,117,0,16,5,3,2.68,1.78,4.46,4,5.54,16,2,0,2.14,0.87,3.01,9,7.92
660,Stach,MID,Leeds United,4.8,137,14,28.54,29,5,6,2.88,4.47,7.35,36,34.05,7,266,0,15,3,4,1.67,2.17,3.84,16,15.99,14,2,2,1.21,2.3,3.51,20,18.06
517,Anderson,MID,Nott'ham Forest,5.7,178,16,31.23,37,4,5,2.93,4.4,7.33,49,52.83,10,506,0,18,2,1,2.26,2.32,4.58,21,22.0,19,2,4,0.67,2.08,2.75,28,30.83
163,Hinshelwood,MID,Brighton,5.2,89,2,17.12,26,4,5,4.94,2.32,7.26,20,26.23,7,111,0,12,3,4,2.3,1.13,3.43,10,11.24,14,1,1,2.64,1.19,3.83,10,14.99
453,Garnacho,MID,Chelsea,6.4,56,3,8.75,24,1,4,3.44,3.68,7.12,20,20.52,4,71,0,13,1,3,2.34,1.69,4.03,11,11.66,11,0,1,1.1,1.99,3.09,9,8.86
54,McGinn,MID,Aston Villa,5.3,102,6,19.25,29,5,4,2.94,4.11,7.05,28,32.98,8,148,0,14,5,3,1.47,2.23,3.7,8,12.72,15,0,1,1.47,1.88,3.35,20,20.26
717,Xavi,MID,Tottenham,6.3,80,7,12.7,28,2,5,3.06,3.85,6.91,36,30.71,4,149,0,14,2,3,1.77,2.34,4.11,20,15.57,14,0,2,1.29,1.51,2.8,16,15.14
157,Mitoma,MID,Brighton,6.1,62,2,10.16,25,3,1,4.04,2.74,6.78,20,23.76,5,107,0,13,0,1,2.15,1.2,3.35,8,9.21,12,3,0,1.89,1.54,3.43,12,14.55
90,Scott,MID,Bournemouth,4.9,136,9,27.76,37,3,2,3.8,2.94,6.74,41,47.02,11,386,0,19,1,1,1.63,1.74,3.37,19,15.74,18,2,1,2.17,1.2,3.37,22,31.28
416,Bernardo,MID,Manchester City,6.2,101,4,16.29,37,2,4,2.53,4.07,6.59,29,35.14,13,254,0,18,0,3,1.07,1.58,2.65,9,14.67,19,2,1,1.46,2.49,3.94,20,20.47
698,Okafor,MID,Leeds United,5.5,109,11,19.82,28,8,3,5.25,1.32,6.57,26,24.54,6,113,0,14,4,3,3.2,0.9,4.1,10,9.82,14,4,0,2.05,0.42,2.47,16,14.72
260,Guéhi,DEF,Manchester City,5.1,179,14,35.1,35,3,5,4.05,2.37,6.42,35,44.58,14,278,0,17,0,2,1.53,1.2,2.73,16,19.03,18,3,3,2.52,1.17,3.69,19,25.55
427,Reijnders,MID,Manchester City,5.0,87,6,17.4,27,5,2,4.07,2.3,6.37,16,17.4,7,100,0,13,2,0,2.04,0.9,2.94,6,8.45,14,3,2,2.03,1.4,3.43,10,8.95
654,Strand Larsen,FWD,Crystal Palace,5.8,73,3,12.59,35,4,1,5.23,1.11,6.34,39,34.48,5,92,0,17,3,0,3.15,0.51,3.66,22,18.86,18,1,1,2.08,0.6,2.68,17,15.62
256,Muñoz,DEF,Crystal Palace,5.9,135,9,22.88,28,4,4,2.4,3.93,6.33,32,33.11,10,196,0,13,0,3,0.93,2.65,3.58,16,15.13,15,4,1,1.47,1.28,2.75,16,17.98
8,J.Timber,DEF,Arsenal,6.0,149,9,24.83,30,3,6,4.71,1.53,6.24,20,17.45,13,148,0,14,3,4,2.67,0.33,3.0,7,6.32,16,0,2,2.04,1.2,3.24,13,11.13
72,Senesi,DEF,Bournemouth,5.2,173,14,33.27,36,0,6,1.53,4.7,6.23,52,53.04,11,412,0,18,0,4,1.06,3.32,4.38,19,14.62,18,0,2,0.47,1.38,1.85,33,38.42
324,Iwobi,MID,Fulham,6.1,100,13,16.39,28,4,3,1.65,4.53,6.18,40,35.39,4,180,0,13,3,2,0.69,2.38,3.07,16,15.54,15,1,1,0.96,2.15,3.11,24,19.85
508,N.Williams,DEF,Nott'ham Forest,4.8,126,15,26.25,36,2,3,1.94,3.92,5.86,47,50.41,9,239,0,18,1,0,1.29,2.86,4.15,22,22.12,18,1,3,0.65,1.06,1.71,25,28.29
516,Hudson-Odoi,MID,Nott'ham Forest,5.7,88,8,15.44,30,3,4,2.77,3.02,5.79,26,30.88,6,106,0,15,2,2,2.12,2.06,4.18,12,14.4,15,1,2,0.65,0.96,1.61,14,16.48
730,Brobbey,FWD,Sunderland,5.3,87,12,16.42,30,7,1,5.11,0.66,5.77,29,30.59,6,72,0,14,3,0,2.35,0.38,2.73,12,12.82,16,4,1,2.76,0.28,3.04,17,17.77
325,Smith Rowe,MID,Fulham,5.6,77,1,13.75,36,3,1,4.65,1.12,5.77,27,31.1,5,144,0,18,2,1,2.74,0.6,3.34,12,13.01,18,1,0,1.91,0.52,2.43,15,18.09
684,Thiaw,DEF,Newcastle Utd,4.9,125,12,25.51,34,4,0,4.8,0.95,5.75,50,47.4,5,286,0,18,1,0,3.37,0.53,3.9,27,26.71,16,3,0,1.43,0.42,1.85,23,20.69
158,Georginio,MID,Brighton,5.6,86,2,15.36,31,3,5,2.84,2.9,5.74,20,21.53,7,129,0,16,2,4,1.59,1.37,2.96,5,8.92,15,1,1,1.25,1.53,2.78,15,12.61
693,Hutchinson,MID,Nott'ham Forest,5.4,77,3,14.26,30,1,6,2.01,3.71,5.72,23,23.6,6,123,0,14,1,3,1.0,1.98,2.98,9,7.8,16,0,3,1.01,1.73,2.74,14,15.8
791,Taty,FWD,West Ham,5.5,53,3,9.64,17,5,1,4.92,0.8,5.72,16,18.36,8,67,0,8,2,1,2.06,0.36,2.42,4,6.39,9,3,0,2.86,0.44,3.3,12,11.97
489,J.Murphy,MID,Newcastle Utd,5.9,81,5,13.73,32,3,2,3.07,2.63,5.7,19,23.23,8,89,0,16,2,2,2.09,2.07,4.16,10,14.43,16,1,0,0.98,0.56,1.54,9,8.8
720,Tolu,FWD,Wolves,5.1,65,4,12.75,32,3,2,5.3,0.39,5.69,28,22.47,3,81,0,17,1,1,2.4,0.14,2.54,16,11.54,15,2,1,2.9,0.25,3.15,12,10.93
224,Cucurella,DEF,Chelsea,6.1,103,5,16.89,33,1,4,2.34,3.22,5.56,37,39.61,9,180,0,17,1,2,1.7,1.71,3.41,17,20.33,16,0,2,0.64,1.51,2.15,20,19.28
145,De Cuyper,DEF,Brighton,4.3,84,9,19.53,29,2,3,1.64,3.9,5.54,21,22.9,5,63,0,13,0,3,0.37,2.76,3.13,8,11.18,16,2,0,1.27,1.14,2.41,13,11.72
50,Buendía,MID,Aston Villa,5.3,96,8,18.11,35,6,2,3.3,2.17,5.47,23,26.69,3,182,0,18,4,2,2.13,1.41,3.54,13,11.84,17,2,0,1.17,0.76,1.93,10,14.85
727,Chukwueze,MID,Fulham,5.3,62,1,11.7,23,3,4,2.1,3.36,5.46,20,18.76,2,81,0,11,3,1,1.59,1.5,3.09,5,6.41,12,0,3,0.51,1.86,2.37,15,12.35
613,Souček,MID,West Ham,5.7,100,9,17.54,34,5,2,4.9,0.51,5.41,43,36.88,6,216,0,17,4,2,3.26,0.21,3.47,19,15.13,17,1,0,1.64,0.3,1.94,24,21.75
419,Grealish,MID,Everton,6.3,79,12,12.54,20,2,6,2.05,3.37,5.41,23,25.81,7,135,0,11,1,4,0.8,2.28,3.08,15,15.65,9,1,2,1.25,1.09,2.33,8,10.16
107,Lewis-Potter,DEF,Brentford,4.8,110,5,22.92,35,3,3,2.98,2.33,5.31,31,31.69,9,67,0,17,1,2,1.95,1.68,3.63,13,17.57,18,2,1,1.03,0.65,1.68,18,14.12
148,F.Kadıoğlu,DEF,Brighton,4.5,117,7,26.0,36,1,2,2.01,3.29,5.3,38,42.95,10,166,0,17,1,0,0.56,1.71,2.27,15,16.68,19,0,2,1.45,1.58,3.03,23,26.27
568,Pedro Porro,DEF,Tottenham,5.2,107,6,20.58,33,1,3,0.99,4.26,5.25,40,37.34,8,207,0,15,1,1,0.45,2.37,2.82,21,15.21,18,0,2,0.54,1.89,2.43,19,22.13
386,Mac Allister,MID,Liverpool,6.1,107,9,17.54,36,2,5,3.55,1.6,5.15,40,35.41,7,225,0,18,1,5,2.14,0.92,3.06,16,18.09,18,1,0,1.41,0.68,2.09,24,17.32
783,Groß,MID,Brighton,5.6,76,10,13.57,18,1,6,1.28,3.8,5.08,14,18.7,6,138,0,9,1,3,0.68,2.0,2.68,5,6.39,9,0,3,0.6,1.8,2.4,9,12.31
26,Zubimendi,MID,Arsenal,4.9,131,9,26.73,37,5,1,2.84,2.23,5.07,24,25.11,16,300,0,19,4,0,2.01,1.0,3.01,9,11.42,18,1,1,0.83,1.23,2.06,15,13.69
238,Estêvão,MID,Chelsea,6.4,58,4,9.06,22,2,5,2.91,2.14,5.05,11,10.29,4,56,0,13,1,2,1.84,1.46,3.3,6,7.25,9,1,3,1.07,0.68,1.75,5,3.04
19,Martinelli,MID,Arsenal,6.8,50,1,7.35,29,1,4,3.99,1.03,5.02,7,9.53,2,73,0,14,1,2,1.3,0.51,1.81,1,3.23,15,0,2,2.69,0.52,3.21,6,6.3
560,Isidor,FWD,Sunderland,5.0,73,7,14.6,31,6,1,4.61,0.37,4.98,17,19.74,4,50,0,15,3,0,1.73,0.14,1.87,8,7.19,16,3,1,2.88,0.23,3.11,9,12.55
373,Virgil,DEF,Liverpool,6.0,173,10,28.83,37,6,1,3.7,1.27,4.97,52,46.07,10,346,0,18,1,0,1.32,0.63,1.95,19,20.79,19,5,1,2.38,0.64,3.02,33,25.28
342,Bogle,DEF,Leeds United,4.4,94,1,21.36,33,1,5,2.05,2.89,4.94,43,37.96,6,170,0,17,1,2,1.03,1.29,2.32,19,15.75,16,0,3,1.02,1.6,2.62,24,22.21
500,Osula,FWD,Newcastle Utd,5.5,74,13,13.45,23,7,1,4.28,0.62,4.9,13,13.26,2,29,0,12,6,1,2.39,0.52,2.91,9,7.5,11,1,0,1.89,0.1,1.99,4,5.76
17,Ødegaard,MID,Arsenal,7.8,74,5,9.49,24,1,7,1.25,3.65,4.9,13,16.2,6,102,0,11,1,2,0.95,1.39,2.34,5,6.4,13,0,5,0.3,2.26,2.56,8,9.8
271,Kamada,MID,Crystal Palace,5.0,66,0,13.2,27,0,2,1.64,3.23,4.87,27,24.87,6,203,0,13,0,1,1.01,2.13,3.14,12,9.27,14,0,1,0.63,1.1,1.73,15,15.6
612,L.Paquetá,MID,West Ham,5.9,69,8,11.69,18,4,2,2.85,2.0,4.85,33,24.22,3,146,0,11,3,2,1.49,0.98,2.47,22,14.9,7,1,0,1.36,1.02,2.38,11,9.32
151,Van Hecke,DEF,Brighton,4.7,147,8,31.28,35,3,3,3.31,1.53,4.83,41,44.61,10,310,0,16,2,2,1.94,0.88,2.82,16,17.33,19,1,1,1.37,0.65,2.01,25,27.28
749,Mané,FWD,Wolves,4.2,72,9,17.14,26,3,2,1.83,2.99,4.82,29,30.77,5,129,0,13,2,1,0.8,1.85,2.65,12,14.64,13,1,1,1.03,1.14,2.17,17,16.13
113,Van den Berg,DEF,Brentford,4.4,109,3,24.77,31,0,3,3.36,1.42,4.78,40,38.55,8,262,0,16,0,2,2.64,1.26,3.9,17,17.35,15,0,1,0.72,0.16,0.88,23,21.2
708,M.Fernandes,MID,West Ham,5.5,126,6,22.91,35,3,3,1.98,2.79,4.77,50,46.71,7,357,0,17,2,1,1.2,1.33,2.53,22,19.84,18,1,2,0.78,1.46,2.24,28,26.87
250,Delap,FWD,Chelsea,6.2,44,1,7.1,27,1,2,4.54,0.23,4.76,18,16.6,2,41,0,15,0,2,2.7,0.09,2.79,10,9.7,12,1,0,1.84,0.14,1.97,8,6.9
5,Gabriel,DEF,Arsenal,7.3,208,30,28.49,31,3,5,2.94,1.75,4.69,19,21.08,18,272,0,16,1,2,1.69,0.88,2.57,7,9.32,15,2,3,1.25,0.87,2.12,12,11.76
354,Ampadu,MID,Leeds United,4.9,131,11,26.73,34,1,4,2.47,2.17,4.64,46,46.05,8,403,0,17,1,1,1.1,1.25,2.35,19,18.54,17,0,3,1.37,0.92,2.29,27,27.51
491,Tonali,MID,Newcastle Utd,5.3,81,2,15.28,35,0,2,1.75,2.87,4.62,38,36.19,7,257,0,18,0,2,1.45,1.5,2.95,20,20.46,17,0,0,0.3,1.37,1.67,18,15.73
291,Tarkowski,DEF,Everton,5.8,167,12,28.79,36,2,3,2.47,2.1,4.57,47,52.39,11,366,0,19,1,1,1.25,0.83,2.08,27,25.06,17,1,2,1.22,1.27,2.49,20,27.33
584,Tel,MID,Tottenham,6.2,75,7,12.1,30,4,2,2.41,2.17,4.57,23,17.13,2,105,0,15,2,0,1.61,0.79,2.39,14,8.66,15,2,2,0.8,1.38,2.18,9,8.47
440,Dalot,DEF,Manchester Utd,4.5,111,9,24.67,34,1,6,1.93,2.57,4.5,40,36.57,7,180,0,18,1,5,1.5,1.69,3.19,18,17.1,16,0,1,0.43,0.88,1.31,22,19.47
668,Xhaka,MID,Sunderland,5.1,123,8,24.12,33,1,6,1.01,3.46,4.47,38,44.79,9,352,0,16,1,4,0.44,2.12,2.56,16,17.71,17,0,2,0.57,1.34,1.91,22,27.08
22,Merino,MID,Arsenal,5.3,66,5,12.45,21,4,3,2.99,1.45,4.44,9,6.59,4,111,0,10,2,2,1.65,0.79,2.44,5,3.07,11,2,1,1.34,0.66,2.0,4,3.52
807,Rayan,MID,Bournemouth,5.4,65,3,12.04,14,5,2,2.61,1.8,4.41,9,17.92,6,76,0,7,3,0,1.86,0.63,2.49,6,5.85,7,2,2,0.75,1.17,1.92,3,12.07
53,Malen,MID,Aston Villa,5.1,55,3,10.78,21,4,2,4.03,0.35,4.38,10,10.59,1,16,0,10,3,0,1.96,0.09,2.05,4,4.21,11,1,2,2.07,0.26,2.33,6,6.38
582,Kudus,MID,Tottenham,6.4,75,7,11.72,19,2,6,1.92,2.41,4.33,20,22.74,7,133,0,9,1,2,0.64,1.25,1.89,8,8.58,10,1,4,1.28,1.16,2.44,12,14.16
74,Truffert,DEF,Bournemouth,4.8,159,18,33.12,37,1,5,1.35,2.96,4.31,50,52.69,11,292,0,19,0,3,0.18,1.67,1.85,20,16.57,18,1,2,1.17,1.29,2.46,30,36.12
388,C.Jones,MID,Liverpool,5.4,71,3,13.15,33,0,3,1.58,2.7,4.28,36,29.88,3,226,0,16,0,3,0.45,1.29,1.74,11,10.71,17,0,0,1.13,1.41,2.54,25,19.17
527,Awoniyi,FWD,Nott'ham Forest,5.2,43,4,8.27,16,4,2,3.51,0.77,4.28,4,10.19,1,25,0,7,0,0,1.04,0.4,1.44,2,3.83,9,4,2,2.47,0.37,2.84,2,6.36
633,H.Bueno,DEF,Wolves,4.3,82,4,19.07,34,1,3,0.78,3.49,4.27,44,39.77,4,172,0,17,1,2,0.46,1.72,2.18,16,15.47,17,0,1,0.32,1.77,2.09,28,24.3
697,Adli,MID,Bournemouth,5.4,66,4,12.22,30,3,2,2.6,1.62,4.22,17,17.71,3,120,0,17,1,0,1.08,1.22,2.3,7,6.11,13,2,2,1.52,0.4,1.92,10,11.6
225,James,DEF,Chelsea,5.6,114,11,20.36,28,2,6,1.02,3.16,4.18,20,28.29,8,128,0,14,0,3,0.44,1.69,2.13,10,14.35,14,2,3,0.58,1.47,2.05,10,13.94
110,Kayode,DEF,Brentford,4.6,111,9,24.13,36,1,2,1.28,2.88,4.16,48,49.61,10,214,0,18,1,2,0.64,1.16,1.8,18,23.36,18,0,0,0.64,1.72,2.36,30,26.25
332,Lukić,MID,Fulham,4.9,67,4,13.67,26,1,4,2.23,1.91,4.14,22,27.64,6,183,0,10,0,2,0.98,1.05,2.03,8,8.58,16,1,2,1.25,0.86,2.11,14,19.06
258,Mitchell,DEF,Crystal Palace,5.0,134,8,26.8,37,1,3,1.59,2.53,4.12,46,48.42,12,242,0,18,0,3,0.73,1.87,2.6,21,22.06,19,1,0,0.86,0.66,1.52,25,26.36
48,Tielemans,MID,Aston Villa,5.9,67,3,11.36,24,0,4,1.12,2.98,4.1,27,31.21,4,199,0,12,0,2,0.63,1.49,2.12,13,13.36,12,0,2,0.49,1.49,1.98,14,17.85
36,Cash,DEF,Aston Villa,4.6,116,7,25.22,34,3,3,1.14,2.93,4.07,38,45.3,8,185,0,18,2,2,0.77,1.42,2.19,19,21.29,16,1,1,0.37,1.51,1.88,19,24.01
390,Gravenberch,MID,Liverpool,5.4,142,17,26.3,35,5,5,1.79,2.24,4.03,41,37.28,9,291,0,17,4,3,1.34,1.34,2.68,15,16.19,18,1,2,0.45,0.9,1.35,26,21.09
7,Calafiori,DEF,Arsenal,5.6,108,6,19.29,25,1,2,3.36,0.66,4.02,8,9.67,13,102,0,11,0,2,1.43,0.43,1.86,2,4.12,14,1,0,1.93,0.23,2.16,6,5.55
663,J.Arias,MID,Wolves,4.9,45,2,9.18,23,1,0,3.38,0.62,4.0,21,16.0,2,125,0,12,1,0,2.99,0.37,3.36,12,9.8,11,0,0,0.39,0.25,0.64,9,6.2
261,Richards,DEF,Crystal Palace,4.4,128,5,29.09,33,1,0,2.42,1.56,3.98,42,41.19,11,311,0,15,1,0,1.4,0.76,2.16,19,17.57,18,0,0,1.02,0.8,1.82,23,23.62
228,Gusto,DEF,Chelsea,4.8,97,7,20.21,33,2,3,1.56,2.42,3.98,34,35.36,7,119,0,16,2,2,1.22,1.02,2.24,20,19.39,17,0,1,0.34,1.4,1.74,14,15.97
347,Gudmundsson,DEF,Leeds United,3.8,68,8,17.89,32,0,0,1.1,2.89,3.98,45,41.06,5,184,0,16,0,0,1.02,0.98,1.99,19,17.34,16,0,0,0.08,1.91,1.99,26,23.72
532,Hume,DEF,Sunderland,4.5,102,6,22.67,37,1,1,2.09,1.86,3.95,41,46.38,9,200,0,18,0,1,1.41,0.91,2.32,17,18.9,19,1,0,0.68,0.95,1.63,24,27.48
37,Digne,DEF,Aston Villa,4.5,97,5,21.56,31,0,7,0.67,3.28,3.95,23,27.79,7,113,0,13,0,4,0.43,1.75,2.18,6,10.37,18,0,3,0.24,1.53,1.77,17,17.42
544,Diarra,MID,Sunderland,5.3,65,3,12.26,19,2,6,3.14,0.81,3.95,19,21.44,5,77,0,8,1,3,0.92,0.47,1.39,9,9.14,11,1,3,2.22,0.34,2.56,10,12.3
525,Wood,FWD,Nott'ham Forest,7.1,39,4,5.49,14,3,0,3.71,0.23,3.94,13,13.64,2,26,0,7,2,0,2.46,0.11,2.57,5,4.61,7,1,0,1.25,0.12,1.37,8,9.03
166,Ayari,MID,Brighton,4.8,98,7,20.42,29,3,4,2.7,1.15,3.85,24,26.85,6,225,0,13,2,1,1.46,0.71,2.17,6,9.09,16,1,3,1.24,0.44,1.68,18,17.76
302,Gana,MID,Everton,5.4,83,4,15.37,25,2,3,1.99,1.84,3.83,26,31.26,5,218,0,12,1,2,0.79,0.72,1.51,10,14.15,13,1,1,1.2,1.12,2.32,16,17.11
441,Dorgu,DEF,Manchester Utd,4.1,77,8,18.78,25,3,3,2.04,1.78,3.82,20,19.23,3,97,0,12,2,1,1.08,0.94,2.02,7,6.74,13,1,2,0.96,0.84,1.8,13,12.49
694,Mukiele,DEF,Sunderland,4.6,147,11,31.96,31,3,5,1.52,2.29,3.81,39,43.82,9,261,0,16,2,4,1.28,1.34,2.62,15,17.57,15,1,1,0.24,0.95,1.19,24,26.25
343,Struijk,DEF,Leeds United,4.2,107,4,25.48,33,0,1,3.06,0.75,3.81,45,40.31,7,291,0,17,0,1,1.99,0.48,2.47,20,18.23,16,0,0,1.07,0.27,1.34,25,22.08
415,Savinho,MID,Manchester City,6.9,41,1,5.94,23,1,2,2.39,1.42,3.81,5,9.47,3,57,0,11,1,1,1.45,0.73,2.18,1,4.37,12,0,1,0.94,0.69,1.63,4,5.1
81,Kluivert,MID,Bournemouth,6.9,40,3,5.8,19,2,0,2.24,1.54,3.78,19,17.45,4,64,0,10,1,0,0.52,0.82,1.34,5,4.8,9,1,0,1.72,0.72,2.44,14,12.65
173,Wieffer,MID,Brighton,4.8,92,6,19.17,25,2,4,1.92,1.85,3.77,23,22.29,6,264,0,12,0,3,1.01,0.65,1.66,11,10.87,13,2,1,0.91,1.2,2.11,12,11.42
580,Johnson,MID,Crystal Palace,6.5,65,2,10.0,34,2,1,2.45,1.31,3.76,24,28.29,6,121,0,15,1,0,1.62,0.69,2.31,10,13.08,19,1,1,0.83,0.62,1.45,14,15.21
241,Caicedo,MID,Chelsea,5.7,108,10,18.95,32,3,1,1.41,2.33,3.74,45,40.77,6,360,0,18,1,0,0.52,1.5,2.02,25,24.09,14,2,1,0.89,0.83,1.72,20,16.68
490,Joelinton,MID,Newcastle Utd,5.9,73,2,12.37,27,2,1,2.36,1.35,3.71,27,28.75,5,238,0,15,1,1,1.46,0.65,2.11,19,19.31,12,1,0,0.9,0.7,1.6,8,9.44
726,Kolo Muani,FWD,Tottenham,6.9,51,1,7.39,29,1,1,2.05,1.63,3.68,31,24.99,4,113,0,15,1,0,1.69,0.85,2.54,18,13.1,14,0,1,0.36,0.78,1.14,13,11.89
473,Hall,DEF,Newcastle Utd,5.3,78,4,14.72,29,1,2,0.99,2.68,3.67,37,35.91,4,166,0,15,0,1,0.58,1.43,2.01,23,20.84,14,1,1,0.41,1.25,1.66,14,15.07
135,Wissa,FWD,Newcastle Utd,7.3,27,0,3.7,18,1,1,3.13,0.54,3.67,10,9.38,1,21,0,10,0,1,1.35,0.52,1.87,7,6.65,8,1,0,1.78,0.02,1.8,3,2.73
709,Krejčí,DEF,Wolves,4.5,62,0,13.78,27,2,1,2.17,1.49,3.66,45,39.73,3,190,0,12,1,1,1.48,0.9,2.38,19,16.72,15,1,0,0.69,0.59,1.28,26,23.01
106,Collins,DEF,Brentford,4.9,126,7,25.71,34,1,2,2.24,1.38,3.62,43,44.48,9,305,0,18,0,1,1.68,1.06,2.74,19,23.57,16,1,1,0.56,0.32,0.88,24,20.91
18,Madueke,MID,Arsenal,6.8,61,6,8.97,25,2,1,1.06,2.56,3.62,9,12.54,7,66,0,13,0,0,0.4,1.87,2.27,4,6.57,12,2,1,0.66,0.69,1.35,5,5.97
421,Rodrigo,MID,Manchester City,6.3,69,6,10.95,21,1,1,1.15,2.45,3.6,15,20.74,5,206,0,10,1,0,0.49,0.71,1.2,5,7.55,11,0,1,0.66,1.74,2.4,10,13.19
217,Foster,FWD,Burnley,4.9,58,4,11.84,26,3,2,3.22,0.37,3.59,30,27.91,4,85,0,13,1,1,1.12,0.17,1.29,8,11.25,13,2,1,2.1,0.2,2.3,22,16.66
642,Hee Chan,MID,Wolves,5.6,53,0,9.46,25,2,2,2.32,1.23,3.55,28,22.39,2,85,0,13,2,2,1.66,1.04,2.7,13,10.4,12,0,0,0.66,0.19,0.85,15,11.99
413,Marmoush,MID,Manchester City,8.3,56,5,6.75,21,3,3,2.78,0.77,3.55,5,7.92,4,39,0,10,3,1,1.98,0.26,2.24,3,3.18,11,0,2,0.8,0.51,1.31,2,4.74
39,Maatsen,DEF,Aston Villa,4.2,49,0,11.67,29,0,1,1.24,2.25,3.49,26,25.3,2,114,0,14,0,1,0.47,1.39,1.86,17,14.19,15,0,0,0.77,0.86,1.63,9,11.11
497,L.Miley,MID,Newcastle Utd,4.4,72,5,16.36,23,1,4,1.36,2.1,3.46,22,21.22,2,155,0,11,0,1,0.95,1.16,2.11,14,12.9,12,1,3,0.41,0.94,1.35,8,8.32
636,S.Bueno,DEF,Wolves,4.4,90,4,20.45,28,3,2,1.97,1.45,3.42,46,42.74,4,208,0,14,1,2,0.41,0.88,1.29,19,18.87,14,2,0,1.56,0.57,2.13,27,23.87
328,Sessegnon,MID,Fulham,5.4,95,8,17.59,27,3,3,1.6,1.8,3.4,29,26.33,6,218,0,14,2,2,0.86,1.34,2.2,11,11.52,13,1,1,0.74,0.46,1.2,18,14.81
646,J.Gomes,MID,Wolves,5.3,107,6,20.19,35,1,2,1.29,2.09,3.38,56,48.6,4,387,0,17,1,1,0.84,1.09,1.93,26,20.94,18,0,1,0.45,1.0,1.45,30,27.66
424,Bobb,MID,Fulham,5.1,39,0,7.65,22,0,2,1.47,1.91,3.38,13,12.54,3,71,0,10,0,1,0.93,0.84,1.77,6,3.32,12,0,1,0.54,1.07,1.61,7,9.22
30,Havertz,FWD,Arsenal,7.3,32,3,4.38,11,2,2,2.91,0.46,3.37,3,5.75,4,29,0,6,1,2,1.56,0.44,2.0,1,2.42,5,1,0,1.35,0.02,1.37,2,3.33
486,Elanga,MID,Newcastle Utd,6.5,47,0,7.23,31,0,1,1.65,1.71,3.36,27,20.52,2,54,0,16,0,0,1.0,1.14,2.14,15,10.33,15,0,1,0.65,0.57,1.22,12,10.19
553,Talbi,MID,Sunderland,4.9,83,6,16.94,28,4,2,2.13,1.18,3.3,14,22.26,7,92,0,13,1,2,0.55,0.62,1.17,5,7.3,15,3,0,1.58,0.56,2.13,9,14.96
596,Solanke,FWD,Tottenham,7.1,40,4,5.63,15,3,0,2.97,0.34,3.3,21,17.8,0,71,0,8,3,0,1.79,0.18,1.96,14,9.79,7,0,0,1.18,0.16,1.34,7,8.01
257,Lacroix,DEF,Crystal Palace,5.2,154,11,29.62,35,1,2,2.45,0.83,3.28,47,44.04,11,370,0,17,0,0,1.57,0.53,2.1,21,20.43,18,1,2,0.88,0.3,1.18,26,23.61
300,McNeil,MID,Everton,5.5,53,1,9.64,22,0,3,1.37,1.91,3.28,9,18.8,6,111,0,11,0,0,0.49,0.7,1.19,6,7.99,11,0,3,0.88,1.21,2.09,3,10.81
338,Muniz,FWD,Fulham,5.3,34,3,6.42,20,1,1,3.14,0.14,3.28,13,13.66,2,50,0,10,0,1,2.38,0.04,2.42,7,5.87,10,1,0,0.76,0.1,0.86,6,7.79
317,Andersen,DEF,Fulham,4.4,123,8,27.95,33,0,1,1.43,1.83,3.26,45,44.88,8,329,0,16,0,1,0.47,1.26,1.73,17,17.89,17,0,0,0.96,0.57,1.53,28,26.99
206,Edwards,MID,Burnley,4.7,50,2,10.64,22,1,3,1.48,1.7,3.18,18,24.12,1,66,0,11,0,1,1.08,0.86,1.94,9,12.77,11,1,2,0.4,0.84,1.24,9,11.35
575,Van de Ven,DEF,Tottenham,4.4,110,10,25.0,34,4,1,2.79,0.38,3.17,50,42.58,8,206,0,17,0,1,1.11,0.25,1.36,27,19.9,17,4,0,1.68,0.13,1.81,23,22.68
606,Mavropanos,DEF,West Ham,4.5,114,5,25.33,30,3,0,2.47,0.69,3.16,44,39.44,5,301,0,14,3,0,1.22,0.17,1.39,19,15.67,16,0,0,1.25,0.52,1.77,25,23.77
686,Ngumoha,MID,Liverpool,4.3,41,4,9.53,18,2,1,1.21,1.95,3.16,11,7.85,2,28,0,7,1,1,0.49,0.93,1.42,2,2.56,11,1,0,0.72,1.02,1.74,9,5.29
588,Odobert,MID,Tottenham,5.3,46,6,8.68,24,0,2,1.92,1.21,3.13,13,14.24,2,77,0,13,0,1,1.21,0.55,1.76,4,7.1,11,0,1,0.71,0.66,1.37,9,7.14
272,Lerma,MID,Crystal Palace,4.9,65,3,13.27,30,0,5,1.84,1.26,3.1,23,22.58,7,207,0,14,0,4,1.23,0.74,1.97,10,10.68,16,0,1,0.61,0.52,1.13,13,11.9
493,Longstaff,MID,Leeds United,4.8,56,5,11.67,23,2,2,1.23,1.87,3.1,20,15.88,1,110,0,11,1,2,0.41,1.36,1.77,10,7.7,12,1,0,0.82,0.51,1.33,10,8.18
531,Ballard,DEF,Sunderland,4.6,116,9,25.22,29,2,2,2.46,0.63,3.09,35,33.2,6,264,0,13,2,2,1.76,0.39,2.15,17,14.04,16,0,0,0.7,0.24,0.94,18,19.16
466,Zirkzee,FWD,Manchester Utd,5.8,41,6,7.07,23,2,1,2.74,0.34,3.08,8,9.1,2,44,0,12,1,0,2.32,0.13,2.45,5,4.21,11,1,1,0.42,0.21,0.63,3,4.89
603,Diouf,DEF,West Ham,4.1,98,3,23.9,31,0,6,0.57,2.5,3.07,47,42.06,8,197,0,15,0,2,0.09,1.18,1.27,22,17.01,16,0,4,0.48,1.32,1.8,25,25.05
455,Mount,MID,Manchester Utd,5.9,53,3,8.98,22,3,0,1.56,1.49,3.05,15,11.98,4,89,0,11,1,0,0.59,0.76,1.35,7,4.17,11,2,0,0.97,0.73,1.7,8,7.81
335,King,MID,Fulham,4.4,62,3,14.09,31,1,3,2.38,0.65,3.03,18,18.83,5,103,0,15,1,2,1.23,0.32,1.55,5,7.83,16,0,1,1.15,0.33,1.48,13,11.0
270,Hughes,MID,Crystal Palace,4.7,43,0,9.15,30,0,1,1.11,1.92,3.03,16,22.82,5,143,0,16,0,0,0.5,1.08,1.58,6,10.96,14,0,1,0.61,0.84,1.45,10,11.86
330,Berge,MID,Fulham,4.9,88,3,17.96,34,0,3,1.54,1.47,3.01,45,42.78,7,274,0,17,0,3,0.53,0.79,1.32,17,19.4,17,0,0,1.01,0.68,1.69,28,23.38
403,Gvardiol,DEF,Manchester City,5.8,78,5,13.45,17,2,2,2.25,0.7,2.95,13,15.7,6,102,0,9,2,0,1.38,0.48,1.86,4,7.43,8,0,2,0.87,0.22,1.09,9,8.27
521,Sangaré,MID,Nott'ham Forest,4.9,85,2,17.35,27,2,2,1.16,1.77,2.93,25,32.35,8,251,0,14,2,2,0.82,1.56,2.38,12,15.14,13,0,0,0.34,0.21,0.55,13,17.21
125,Janelt,MID,Brentford,4.9,73,6,14.9,24,1,4,0.82,2.09,2.91,20,23.58,5,173,0,12,0,1,0.45,1.1,1.55,10,12.4,12,1,3,0.37,0.99,1.36,10,11.18
246,Andrey Santos,MID,Chelsea,4.4,47,3,10.68,27,1,0,2.0,0.88,2.88,18,18.91,1,129,0,13,1,0,0.75,0.55,1.3,7,8.07,14,0,0,1.25,0.33,1.58,11,10.84
552,Sadiki,MID,Sunderland,4.9,79,0,16.12,32,0,2,1.43,1.44,2.87,41,40.5,9,242,0,16,0,1,0.89,1.0,1.89,18,17.13,16,0,1,0.54,0.44,0.98,23,23.37
634,Mosquera,DEF,Wolves,4.3,58,3,13.49,26,0,0,2.28,0.59,2.87,39,35.44,4,206,0,13,0,0,0.97,0.32,1.29,18,17.11,13,0,0,1.31,0.27,1.58,21,18.33
706,Justin,DEF,Leeds United,4.0,93,9,23.25,28,2,1,1.71,1.15,2.86,23,30.4,6,175,0,15,1,1,1.07,0.96,2.03,9,12.88,13,1,0,0.64,0.19,0.83,14,17.52
673,J.Palhinha,MID,Tottenham,5.5,114,14,20.73,32,4,3,2.22,0.64,2.86,37,32.19,4,285,0,16,1,2,0.82,0.44,1.26,20,15.95,16,3,1,1.4,0.2,1.6,17,16.24
817,Armstrong,FWD,Wolves,5.1,32,0,6.27,13,1,2,1.98,0.85,2.83,19,22.37,3,36,0,7,0,2,1.04,0.53,1.57,8,10.34,6,1,0,0.94,0.32,1.26,11,12.03
713,A.Jimenez,DEF,Bournemouth,4.5,74,2,16.44,31,1,2,1.09,1.73,2.82,39,41.11,6,148,0,17,1,0,0.84,1.09,1.93,16,12.88,14,0,2,0.25,0.64,0.89,23,28.23
358,Tanaka,MID,Leeds United,4.8,63,4,13.12,27,2,1,1.44,1.38,2.82,21,19.52,3,135,0,14,2,1,0.76,0.39,1.15,6,7.71,13,0,0,0.68,0.99,1.67,15,11.81
591,Gray,MID,Tottenham,4.8,60,6,12.5,23,2,2,1.5,1.29,2.79,28,24.55,5,131,0,12,1,1,0.87,0.99,1.86,19,13.54,11,1,1,0.63,0.3,0.93,9,11.01
55,Barkley,MID,Aston Villa,4.8,51,5,10.62,20,3,1,1.58,1.18,2.76,14,11.95,1,71,0,11,1,0,0.6,0.95,1.55,6,6.35,9,2,1,0.98,0.23,1.21,8,5.6
593,P.M.Sarr,MID,Tottenham,4.5,71,2,15.78,25,2,4,1.63,1.11,2.74,23,26.42,3,181,0,13,0,3,0.58,0.81,1.39,16,16.21,12,2,1,1.05,0.3,1.35,7,10.21
276,Devenny,MID,Crystal Palace,4.3,34,0,7.91,20,1,0,2.38,0.36,2.74,13,12.18,1,67,0,9,0,0,0.84,0.26,1.1,3,4.31,11,1,0,1.54,0.1,1.64,10,7.87
162,Gruda,MID,Brighton,5.4,35,2,6.48,18,1,1,1.86,0.88,2.74,11,13.82,2,58,0,9,1,0,1.42,0.4,1.82,7,7.35,9,0,1,0.44,0.48,0.92,4,6.47
292,Mykolenko,DEF,Everton,4.9,93,2,18.98,32,0,1,0.28,2.45,2.73,46,47.26,9,225,0,16,0,0,0.23,1.52,1.75,26,20.82,16,0,1,0.05,0.93,0.98,20,26.44
319,Castagne,DEF,Fulham,4.3,53,1,12.33,29,0,2,1.41,1.32,2.73,31,32.35,2,140,0,13,0,1,0.55,0.91,1.46,13,15.85,16,0,1,0.86,0.41,1.27,18,16.5
676,Ugochukwu,MID,Burnley,5.0,95,5,19.0,34,3,3,2.33,0.34,2.67,50,51.22,3,209,0,16,2,1,1.76,0.22,1.98,19,22.84,18,1,2,0.57,0.12,0.69,31,28.38
499,Isak,FWD,Liverpool,10.3,41,4,3.98,14,3,1,2.59,0.08,2.67,9,8.38,1,30,0,8,1,0,1.02,0.05,1.07,5,4.64,6,2,1,1.57,0.03,1.6,4,3.74
443,Shaw,DEF,Manchester Utd,4.5,107,3,23.78,37,1,1,0.69,1.98,2.66,45,44.34,9,218,0,19,1,1,0.48,1.29,1.76,21,19.19,18,0,0,0.21,0.69,0.9,24,25.15
293,O'Brien,DEF,Everton,4.9,115,2,23.47,36,1,3,1.67,0.98,2.65,45,52.36,10,227,0,18,1,1,0.9,0.48,1.38,24,22.7,18,0,2,0.77,0.5,1.27,21,29.66
569,Romero,DEF,Tottenham,5.0,91,10,18.2,23,4,1,1.39,1.25,2.64,33,28.32,5,197,0,11,1,0,0.56,0.56,1.12,13,11.9,12,3,1,0.83,0.69,1.52,20,16.42
573,Spence,DEF,Tottenham,4.1,72,3,17.56,29,0,0,0.88,1.76,2.64,31,31.01,8,113,0,15,0,0,0.64,1.01,1.65,18,16.67,14,0,0,0.24,0.75,0.99,13,14.34
124,Henderson,MID,Brentford,5.0,76,5,15.2,31,1,3,0.33,2.29,2.62,27,26.37,6,180,0,16,1,3,0.32,1.53,1.85,13,13.74,15,0,0,0.01,0.76,0.77,14,12.63
52,J.Ramsey,MID,Newcastle Utd,5.3,58,3,10.94,27,2,3,1.2,1.42,2.62,29,25.43,1,135,0,13,1,1,0.34,0.69,1.03,13,11.35,14,1,2,0.86,0.73,1.59,16,14.08
731,Kevin,MID,Fulham,5.7,45,0,7.89,25,1,2,1.17,1.45,2.62,15,14.44,4,82,0,13,0,2,0.75,0.83,1.58,6,6.28,12,1,0,0.42,0.62,1.04,9,8.16
129,Yarmoliuk,MID,Brentford,5.0,104,1,20.8,37,1,3,1.22,1.39,2.61,42,40.31,8,338,0,19,1,3,0.94,0.85,1.79,15,18.93,18,0,0,0.28,0.54,0.82,27,21.38
87,Christie,MID,Bournemouth,4.9,47,2,9.59,26,2,1,1.81,0.79,2.6,14,19.14,3,123,0,13,1,0,0.99,0.44,1.43,5,4.29,13,1,1,0.82,0.35,1.17,9,14.85
475,Botman,DEF,Newcastle Utd,4.9,86,6,17.55,24,1,1,1.73,0.86,2.59,25,25.77,5,205,0,13,1,1,0.79,0.78,1.57,13,12.95,11,0,0,0.94,0.08,1.02,12,12.82
407,Matheus N.,DEF,Manchester City,5.3,154,16,29.06,34,1,8,0.34,2.23,2.57,28,34.89,12,195,0,16,1,6,0.2,1.04,1.24,10,14.05,18,0,2,0.14,1.19,1.33,18,20.84
669,Ndoye,MID,Nott'ham Forest,5.5,50,4,9.09,24,1,2,1.05,1.51,2.56,17,15.96,2,96,0,13,1,1,0.55,0.57,1.12,7,7.45,11,0,1,0.5,0.94,1.44,10,8.51
316,Robinson,DEF,Fulham,4.9,59,6,12.04,21,1,0,1.05,1.48,2.53,19,23.81,3,129,0,9,0,0,0.02,0.41,0.43,7,8.73,12,1,0,1.03,1.07,2.1,12,15.08
683,Alderete,DEF,Sunderland,4.1,125,5,30.49,33,1,1,1.62,0.91,2.52,40,44.52,10,312,0,16,0,1,0.72,0.34,1.05,16,18.5,17,1,0,0.9,0.57,1.47,24,26.02
207,Hannibal,MID,Burnley,4.7,58,4,12.34,26,1,5,0.75,1.78,2.52,26,26.69,2,106,0,13,0,3,0.19,1.33,1.51,11,12.34,13,1,2,0.56,0.45,1.01,15,14.35
402,Aït-Nouri,DEF,Manchester City,5.7,59,9,10.35,16,0,2,0.53,1.98,2.51,8,11.9,5,64,0,6,0,1,0.05,0.54,0.59,3,3.64,10,0,1,0.48,1.44,1.92,5,8.26
635,R.Gomes,DEF,Wolves,4.4,46,0,10.45,21,3,0,2.11,0.39,2.5,17,13.3,1,43,0,13,3,0,1.68,0.31,1.99,10,6.79,8,0,0,0.43,0.08,0.51,7,6.51
202,Bruun Larsen,MID,Burnley,5.2,40,0,7.69,27,0,1,1.35,1.14,2.49,29,23.16,3,63,0,12,0,0,0.94,0.47,1.41,9,7.7,15,0,1,0.41,0.67,1.08,20,15.46
456,Sancho,MID,Aston Villa,5.8,37,0,6.38,23,0,2,0.61,1.87,2.48,10,14.11,2,44,0,13,0,1,0.43,1.63,2.06,7,7.04,10,0,1,0.18,0.24,0.42,3,7.07
226,Chalobah,DEF,Chelsea,5.4,135,7,25.0,33,3,1,1.44,1.03,2.47,40,40.55,9,261,0,17,1,1,0.83,0.39,1.22,19,18.51,16,2,0,0.61,0.64,1.25,21,22.04
295,Keane,DEF,Everton,4.5,127,8,28.22,32,3,1,2.21,0.24,2.45,41,43.37,7,291,0,18,3,1,1.64,0.19,1.83,23,20.68,14,0,0,0.57,0.05,0.62,18,22.69
677,Guessand,MID,Crystal Palace,6.2,43,0,6.94,20,1,3,1.56,0.85,2.41,15,13.15,2,82,0,10,1,0,0.66,0.5,1.16,7,5.54,10,0,3,0.9,0.35,1.25,8,7.61
808,Abraham,FWD,Aston Villa,5.7,23,2,4.04,12,2,0,2.05,0.36,2.41,8,5.12,0,13,0,7,2,0,1.66,0.08,1.74,5,3.55,5,0,0,0.39,0.28,0.67,3,1.57
181,Kostoulas,FWD,Brighton,4.8,34,3,7.08,20,2,1,1.93,0.46,2.39,9,5.89,1,40,0,10,1,1,1.38,0.21,1.59,4,3.18,10,1,0,0.55,0.25,0.8,5,2.71
322,Tete,DEF,Fulham,4.5,81,5,18.0,22,1,0,0.92,1.46,2.38,25,25.79,6,165,0,11,0,0,0.38,1.21,1.59,10,9.17,11,1,0,0.54,0.25,0.79,15,16.62
59,Onana,MID,Aston Villa,4.8,75,4,15.62,24,2,0,1.68,0.69,2.37,26,28.4,6,217,0,12,1,0,0.86,0.38,1.24,10,14.58,12,1,0,0.82,0.31,1.13,16,13.82
146,Dunk,DEF,Brighton,4.5,99,5,22.0,32,1,1,1.83,0.53,2.36,37,40.24,7,226,0,15,1,1,0.93,0.19,1.12,15,16.79,17,0,0,0.9,0.34,1.24,22,23.45
680,Broja,FWD,Burnley,5.2,43,2,8.27,24,1,1,2.14,0.22,2.36,27,23.35,1,44,0,13,0,1,1.44,0.1,1.54,12,12.7,11,1,0,0.7,0.12,0.82,15,10.65
561,Mayenda,FWD,Sunderland,5.1,40,5,7.84,20,2,0,2.13,0.22,2.35,9,12.94,3,26,0,11,1,0,0.7,0.09,0.79,1,5.75,9,1,0,1.43,0.13,1.56,8,7.19
192,Hartman,DEF,Burnley,4.0,63,0,15.75,21,0,6,0.32,1.98,2.3,40,42.91,3,153,0,11,0,1,0.16,0.55,0.71,12,20.93,10,0,5,0.16,1.43,1.59,28,21.98
205,Cullen,MID,Burnley,4.9,70,8,14.29,18,2,2,0.94,1.36,2.3,29,32.5,3,173,0,9,1,2,0.27,0.56,0.83,9,12.9,9,1,0,0.67,0.8,1.47,20,19.6
284,Nketiah,FWD,Crystal Palace,5.4,23,3,4.26,12,2,0,1.77,0.46,2.23,12,9.49,0,38,0,5,1,0,0.84,0.35,1.19,6,2.81,7,1,0,0.93,0.11,1.04,6,6.68
372,Robertson,DEF,Liverpool,5.7,53,4,9.3,23,1,0,1.07,1.16,2.22,15,16.31,4,51,0,10,1,0,0.91,0.46,1.36,6,7.51,13,0,0,0.16,0.7,0.86,9,8.8
436,De Ligt,DEF,Manchester Utd,4.9,43,5,8.78,13,1,0,1.38,0.83,2.21,20,18.73,1,107,0,6,0,0,0.64,0.81,1.45,7,5.0,7,1,0,0.74,0.02,0.76,13,13.73
371,Kerkez,DEF,Liverpool,5.6,84,4,15.0,33,2,1,1.47,0.69,2.16,37,29.66,6,132,0,15,0,1,0.21,0.43,0.64,13,13.18,18,2,0,1.26,0.26,1.52,24,16.48
478,Trippier,DEF,Newcastle Utd,4.9,54,2,11.02,21,0,1,0.08,2.06,2.14,27,21.28,5,82,0,12,0,1,0.03,1.25,1.28,16,11.41,9,0,0,0.05,0.81,0.86,11,9.87
494,Willock,MID,Newcastle Utd,5.0,36,0,7.2,23,0,2,1.11,1.03,2.14,16,16.02,3,83,0,12,0,1,0.87,0.42,1.29,7,7.53,11,0,1,0.24,0.61,0.85,9,8.49
519,Dominguez,MID,Nott'ham Forest,5.0,47,3,9.4,26,1,1,1.36,0.77,2.13,20,23.07,3,140,0,12,0,1,0.32,0.44,0.76,8,9.9,14,1,0,1.04,0.33,1.37,12,13.17
210,Tchaouna,MID,Burnley,4.8,54,0,11.25,28,2,1,1.25,0.87,2.12,23,23.44,2,67,0,12,1,0,0.64,0.54,1.18,9,11.31,16,1,1,0.61,0.33,0.94,14,12.13
644,Bellegarde,MID,Wolves,5.1,44,0,8.63,26,1,1,1.04,1.06,2.1,30,23.51,3,105,0,14,1,0,0.48,0.49,0.97,17,12.23,12,0,1,0.56,0.57,1.13,13,11.28
6,Saliba,DEF,Arsenal,6.3,137,12,21.75,31,1,0,0.88,1.21,2.09,20,20.41,15,193,0,17,1,0,0.39,0.79,1.18,11,11.71,14,0,0,0.49,0.42,0.91,9,8.7
385,Chiesa,MID,Liverpool,6.3,37,0,5.87,26,2,1,1.45,0.61,2.06,9,6.5,0,30,0,13,1,1,0.73,0.56,1.29,3,3.22,13,1,0,0.72,0.05,0.77,6,3.28
31,G.Jesus,FWD,Arsenal,6.4,19,0,2.97,13,2,0,1.83,0.23,2.06,6,3.74,0,27,0,8,1,0,0.54,0.11,0.65,4,3.35,5,1,0,1.29,0.12,1.41,2,0.39
318,Bassey,DEF,Fulham,4.4,97,9,22.05,29,1,1,1.71,0.35,2.05,40,37.7,6,199,0,13,0,0,0.46,0.23,0.69,13,12.78,16,1,1,1.25,0.12,1.36,27,24.92
77,Hill,DEF,Bournemouth,4.2,107,4,25.48,28,0,3,0.89,1.15,2.03,23,31.69,8,250,0,15,0,2,0.54,0.74,1.28,15,11.85,13,0,1,0.35,0.41,0.75,8,19.84
648,Munetsi,MID,Wolves,5.3,38,1,7.17,13,1,2,1.64,0.38,2.02,19,13.36,0,80,0,7,1,2,1.36,0.11,1.47,11,7.59,6,0,0,0.28,0.27,0.55,8,5.77
374,Konaté,DEF,Liverpool,5.4,128,8,23.7,35,1,0,1.05,0.96,2.01,44,39.53,10,289,0,17,1,0,0.42,0.62,1.04,17,18.62,18,0,0,0.63,0.34,0.97,27,20.91
98,Enes Ünal,FWD,Bournemouth,5.4,26,1,4.81,22,1,0,1.93,0.07,2.0,3,5.65,0,22,0,13,1,0,1.01,0.02,1.03,3,2.96,9,0,0,0.92,0.05,0.97,0,2.69
725,Hincapie,DEF,Arsenal,5.1,85,7,16.67,24,1,2,0.33,1.65,1.98,18,16.55,5,166,0,13,0,1,0.0,0.51,0.51,7,7.04,11,1,1,0.33,1.14,1.47,11,9.51
348,Rodon,DEF,Leeds United,3.9,108,5,27.69,34,2,0,1.4,0.56,1.96,50,45.93,6,266,0,18,2,0,1.07,0.29,1.36,20,19.89,16,0,0,0.33,0.27,0.6,30,26.04
370,Frimpong,DEF,Liverpool,5.7,62,1,10.88,20,0,5,0.5,1.46,1.96,13,12.48,5,30,0,10,0,2,0.33,1.27,1.6,4,5.97,10,0,3,0.17,0.19,0.36,9,6.51
614,Ward-Prowse,MID,Burnley,5.6,39,0,6.96,17,0,1,0.24,1.71,1.95,27,22.83,2,107,0,8,0,0,0.16,1.37,1.53,16,15.98,9,0,1,0.08,0.34,0.42,11,6.85
444,Yoro,DEF,Manchester Utd,4.1,55,1,13.41,31,0,1,1.34,0.59,1.93,33,26.52,2,152,0,16,0,0,0.31,0.33,0.64,16,11.35,15,0,1,1.03,0.26,1.29,17,15.17
695,Tchatchoua,DEF,Wolves,4.4,52,0,11.82,31,0,1,0.33,1.6,1.93,37,30.68,3,108,0,14,0,1,0.0,0.65,0.65,14,11.46,17,0,0,0.33,0.95,1.28,23,19.22
699,Douglas Luiz,MID,Aston Villa,4.9,33,0,6.73,20,1,1,0.53,1.4,1.93,14,12.02,1,96,0,10,1,0,0.33,1.07,1.4,9,7.21,10,0,1,0.2,0.33,0.53,5,4.81
38,Konsa,DEF,Aston Villa,4.4,100,3,22.73,34,0,1,1.27,0.59,1.86,44,48.93,9,196,0,18,0,1,0.95,0.32,1.27,20,22.98,16,0,0,0.32,0.27,0.59,24,25.95
406,Khusanov,DEF,Manchester City,5.4,67,3,12.41,21,0,0,0.65,1.21,1.86,13,20.89,6,123,0,10,0,0,0.13,0.21,0.34,3,8.06,11,0,0,0.52,1.0,1.52,10,12.83
252,Marc Guiu,FWD,Chelsea,4.0,13,0,3.25,10,0,1,1.54,0.29,1.83,3,5.89,0,8,0,4,0,0,0.83,0.0,0.83,1,1.71,6,0,1,0.71,0.29,1.0,2,4.18
723,Canvot,DEF,Crystal Palace,4.5,72,9,16.0,20,0,0,1.48,0.33,1.81,23,23.84,5,169,0,10,0,0,1.3,0.27,1.57,7,11.55,10,0,0,0.18,0.06,0.24,16,12.29
785,Pablo,FWD,West Ham,5.4,25,0,4.63,13,0,1,0.82,0.99,1.81,12,11.76,3,71,0,6,0,1,0.26,0.86,1.12,4,4.21,7,0,0,0.56,0.13,0.69,8,7.55
716,Savona,DEF,Nott'ham Forest,4.5,39,0,8.67,14,2,0,1.34,0.45,1.79,18,15.04,3,57,0,6,1,0,0.9,0.33,1.23,8,5.39,8,1,0,0.44,0.12,0.56,10,9.65
551,Rigg,MID,Sunderland,4.7,35,1,7.45,17,1,1,0.86,0.93,1.79,11,12.46,3,57,0,7,0,0,0.32,0.43,0.75,6,5.93,10,1,1,0.54,0.5,1.04,5,6.53
243,George,MID,Everton,4.8,15,0,3.12,14,0,0,0.61,1.18,1.79,9,6.47,1,21,0,7,0,0,0.34,0.5,0.84,5,2.27,7,0,0,0.27,0.68,0.95,4,4.2
49,Bailey,MID,Aston Villa,5.5,16,0,2.91,12,0,1,0.31,1.45,1.76,8,5.69,0,38,0,6,0,1,0.19,1.12,1.31,4,3.47,6,0,0,0.12,0.33,0.45,4,2.22
239,Gittens,MID,Chelsea,6.0,25,0,4.17,16,0,2,0.81,0.94,1.75,7,8.89,1,29,0,9,0,0,0.23,0.17,0.4,3,3.15,7,0,2,0.58,0.77,1.35,4,5.74
195,Lucas Pires,DEF,Burnley,3.8,23,0,6.05,19,0,0,0.33,1.41,1.74,29,26.1,1,90,0,9,0,0,0.17,1.03,1.2,16,13.48,10,0,0,0.16,0.38,0.54,13,12.62
796,Gallagher,MID,Tottenham,5.0,41,3,8.2,15,1,1,1.05,0.68,1.73,23,18.87,1,116,0,8,0,1,0.31,0.38,0.69,14,12.25,7,1,0,0.74,0.3,1.04,9,6.62
40,Mings,DEF,Aston Villa,4.3,46,4,10.7,16,0,1,1.3,0.42,1.72,22,22.03,3,96,0,8,0,1,0.52,0.31,0.83,14,12.55,8,0,0,0.78,0.11,0.89,8,9.48
331,Cairney,MID,Fulham,4.8,35,1,7.29,23,1,0,1.01,0.7,1.71,10,11.49,2,56,0,12,0,0,0.54,0.33,0.87,4,6.47,11,1,0,0.47,0.37,0.84,6,5.02
170,Milner,MID,Brighton,4.9,34,0,6.94,19,1,1,1.03,0.65,1.68,14,11.32,2,76,0,9,1,0,0.9,0.19,1.09,6,3.73,10,0,1,0.13,0.46,0.59,8,7.59
586,Bergvall,MID,Tottenham,5.2,49,0,9.42,23,1,3,1.23,0.43,1.66,18,13.66,3,79,0,12,0,2,0.78,0.24,1.02,10,6.57,11,1,1,0.45,0.19,0.64,8,7.09
344,Bijol,DEF,Leeds United,3.9,98,6,25.13,24,1,3,0.9,0.74,1.64,25,29.51,5,210,0,11,1,2,0.43,0.5,0.93,7,10.66,13,0,1,0.47,0.24,0.71,18,18.85
423,N.Gonzalez,MID,Manchester City,5.9,59,1,10.0,24,1,0,0.58,1.05,1.63,16,18.58,7,192,0,12,1,0,0.38,0.69,1.07,7,8.9,12,0,0,0.2,0.36,0.56,9,9.68
458,Mainoo,MID,Manchester Utd,4.7,71,2,15.11,27,1,2,0.38,1.24,1.62,22,22.09,5,180,0,14,1,1,0.23,0.96,1.19,14,10.94,13,0,1,0.15,0.28,0.43,8,11.15
724,Geertruida,DEF,Sunderland,4.5,54,0,12.0,27,0,0,0.79,0.82,1.61,22,30.03,3,111,0,12,0,0,0.4,0.45,0.85,8,11.75,15,0,0,0.39,0.37,0.76,14,18.28
353,James,MID,Leeds United,5.2,22,0,4.23,18,0,0,0.91,0.69,1.6,14,13.74,1,34,0,10,0,0,0.75,0.22,0.97,3,3.84,8,0,0,0.16,0.47,0.63,11,9.9
41,Pau,DEF,Aston Villa,4.3,63,2,14.65,20,0,2,1.18,0.39,1.57,19,22.68,5,109,0,11,0,2,0.86,0.19,1.05,7,10.37,9,0,0,0.32,0.2,0.52,12,12.31
474,Schär,DEF,Newcastle Utd,5.2,51,0,9.81,16,0,0,0.97,0.6,1.57,13,13.85,4,115,0,9,0,0,0.53,0.25,0.78,9,8.86,7,0,0,0.44,0.35,0.79,4,4.99
585,Bentancur,MID,Tottenham,5.2,81,4,15.58,25,1,1,0.72,0.83,1.55,25,23.49,7,264,0,12,1,0,0.47,0.29,0.76,11,8.09,13,0,1,0.25,0.54,0.79,14,15.4
734,Bakwa,MID,Nott'ham Forest,5.9,26,1,4.41,14,0,2,0.54,1.01,1.55,10,10.94,2,35,0,6,0,0,0.2,0.36,0.56,4,3.74,8,0,2,0.34,0.65,0.99,6,7.2
442,Maguire,DEF,Manchester Utd,4.4,84,5,19.09,22,1,2,1.12,0.41,1.53,20,22.16,6,144,0,11,0,2,0.87,0.32,1.19,9,9.01,11,1,0,0.25,0.09,0.34,11,13.15
301,Alcaraz,MID,Everton,5.2,28,0,5.38,19,0,1,1.08,0.45,1.53,10,13.56,3,68,0,7,0,0,0.39,0.08,0.47,4,5.78,12,0,1,0.69,0.37,1.06,6,7.78
659,Walker-Peters,DEF,West Ham,4.2,47,0,11.19,22,1,0,1.13,0.37,1.5,25,26.03,3,92,0,12,1,0,1.13,0.26,1.39,14,14.07,10,0,0,0.0,0.11,0.11,11,11.96
643,André,MID,Wolves,5.2,92,4,17.69,34,1,0,0.5,0.99,1.49,52,46.31,2,370,0,18,1,0,0.32,0.44,0.76,25,22.86,16,0,0,0.18,0.55,0.73,27,23.45
511,Morato,DEF,Nott'ham Forest,4.3,49,1,11.4,20,1,0,1.32,0.15,1.47,22,23.39,2,132,0,8,0,0,0.4,0.11,0.51,7,6.73,12,1,0,0.92,0.04,0.96,15,16.66
476,Burn,DEF,Newcastle Utd,5.0,92,5,18.4,28,1,3,1.08,0.36,1.44,34,28.57,6,220,0,14,1,2,0.83,0.16,0.99,16,15.13,14,0,1,0.25,0.2,0.45,18,13.44
108,Ajer,DEF,Brentford,4.4,76,1,17.27,27,0,2,0.69,0.73,1.42,32,31.51,5,192,0,14,0,2,0.33,0.52,0.85,13,13.32,13,0,0,0.36,0.21,0.57,19,18.19
167,Baleba,MID,Brighton,4.5,55,0,12.22,30,0,0,0.75,0.67,1.42,19,20.25,7,200,0,16,0,0,0.45,0.57,1.02,9,11.23,14,0,0,0.3,0.1,0.4,10,9.02
410,Lewis,DEF,Manchester City,4.6,19,2,4.13,10,0,1,0.11,1.31,1.42,5,5.04,1,19,0,6,0,0,0.02,0.63,0.65,2,1.31,4,0,1,0.09,0.68,0.77,3,3.73
187,Walker,DEF,Burnley,4.4,68,3,15.45,35,0,2,0.15,1.24,1.39,65,65.44,4,209,0,16,0,2,0.0,0.65,0.65,20,28.12,19,0,0,0.15,0.59,0.74,45,37.32
164,O'Riley,MID,Brighton,5.5,16,2,2.91,6,1,0,1.21,0.18,1.39,3,2.53,1,10,0,3,1,0,0.79,0.15,0.94,0,0.73,3,0,0,0.42,0.03,0.45,3,1.8
58,Kamara,MID,Aston Villa,4.9,61,7,12.45,18,1,3,0.53,0.84,1.36,15,20.8,5,149,0,9,1,2,0.28,0.54,0.81,4,9.12,9,0,1,0.25,0.3,0.55,11,11.68
356,Gruev,MID,Leeds United,4.7,56,3,11.91,23,0,4,0.49,0.86,1.35,23,25.27,5,114,0,13,0,3,0.32,0.53,0.85,9,9.09,10,0,1,0.17,0.33,0.5,14,16.18
209,Laurent,MID,Burnley,4.8,56,1,11.67,33,1,0,0.87,0.48,1.35,41,39.2,2,186,0,15,1,0,0.3,0.2,0.5,15,20.67,18,0,0,0.57,0.28,0.85,26,18.53
152,Veltman,DEF,Brighton,4.3,46,1,10.7,24,1,0,1.15,0.2,1.35,13,17.27,2,99,0,13,0,0,0.36,0.1,0.46,6,8.56,11,1,0,0.79,0.1,0.89,7,8.71
548,Mundle,MID,Sunderland,4.9,14,0,2.86,14,0,0,0.87,0.48,1.35,11,8.54,0,33,0,8,0,0,0.42,0.45,0.87,4,2.86,6,0,0,0.45,0.03,0.48,7,5.68
700,Dowman,MID,Arsenal,4.2,13,0,3.1,5,1,1,1.19,0.14,1.33,1,0.67,0,11,0,4,1,1,1.13,0.14,1.27,1,0.55,1,0,0,0.06,0.0,0.06,0,0.12
191,Estève,DEF,Burnley,3.8,85,0,22.37,34,0,0,0.73,0.59,1.32,70,67.06,3,334,0,17,0,0,0.43,0.46,0.89,27,31.23,17,0,0,0.3,0.13,0.43,43,35.83
230,Fofana,DEF,Chelsea,4.4,67,3,15.23,24,0,2,0.72,0.6,1.32,23,24.25,4,199,0,12,0,1,0.42,0.55,0.97,10,12.37,12,0,1,0.3,0.05,0.35,13,11.88
505,Milenković,DEF,Nott'ham Forest,5.1,115,2,22.55,37,0,1,0.83,0.47,1.3,50,54.03,9,301,0,18,0,1,0.78,0.23,1.01,22,23.2,19,0,0,0.05,0.24,0.29,28,30.83
623,Potts,MID,West Ham,4.3,37,0,8.6,22,0,1,0.21,1.06,1.27,25,21.35,1,119,0,12,0,1,0.04,0.81,0.85,13,9.55,10,0,0,0.17,0.25,0.42,12,11.8
326,Adama,MID,West Ham,5.1,25,0,4.9,24,0,0,0.69,0.57,1.26,12,8.38,0,18,0,10,0,0,0.6,0.03,0.63,2,2.38,14,0,0,0.09,0.54,0.63,10,6.0
507,Aina,DEF,Nott'ham Forest,4.7,67,5,14.26,18,0,2,0.41,0.84,1.25,19,25.31,6,130,0,9,0,0,0.26,0.68,0.94,8,12.48,9,0,2,0.15,0.16,0.31,11,12.83
304,Iroegbunam,MID,Everton,4.8,64,1,13.33,28,0,3,0.54,0.7,1.24,17,23.49,8,176,0,13,0,3,0.35,0.15,0.5,12,12.34,15,0,0,0.19,0.55,0.74,5,11.15
85,Adams,MID,Bournemouth,4.9,73,3,14.9,24,2,2,0.61,0.61,1.22,27,25.45,7,215,0,12,0,2,0.09,0.41,0.5,8,8.12,12,2,0,0.52,0.2,0.72,19,17.33
408,Rúben,DEF,Manchester City,5.5,112,4,20.36,25,2,0,0.57,0.63,1.2,20,24.3,12,164,0,13,1,0,0.29,0.29,0.58,9,11.78,12,1,0,0.28,0.34,0.62,11,12.52
506,Murillo,DEF,Nott'ham Forest,5.2,83,3,15.96,25,1,0,0.73,0.47,1.2,29,32.99,6,223,0,14,0,0,0.39,0.2,0.59,16,18.0,11,1,0,0.34,0.27,0.61,13,14.99
682,Møller Wolfe,DEF,Wolves,4.2,33,0,7.86,21,0,2,0.13,1.06,1.19,22,19.77,1,44,0,13,0,2,0.13,0.94,1.07,16,13.74,8,0,0,0.0,0.12,0.12,6,6.03
351,Gnonto,MID,Leeds United,5.1,31,0,6.08,22,0,3,0.4,0.76,1.16,12,11.34,1,59,0,13,0,1,0.33,0.2,0.53,3,4.91,9,0,2,0.07,0.56,0.63,9,6.43
11,White,DEF,Arsenal,5.1,45,3,8.82,12,0,1,0.45,0.69,1.14,6,8.68,5,53,0,7,0,1,0.06,0.37,0.43,4,5.31,5,0,0,0.39,0.32,0.71,2,3.37
625,Füllkrug,FWD,West Ham,5.6,12,0,2.14,8,0,0,0.93,0.21,1.14,11,8.59,1,19,0,3,0,0,0.07,0.08,0.15,5,2.51,5,0,0,0.86,0.13,0.99,6,6.08
815,Disasi,DEF,West Ham,4.5,43,1,9.56,13,0,0,1.1,0.02,1.12,17,16.95,5,86,0,6,0,0,0.67,0.0,0.67,4,6.47,7,0,0,0.43,0.02,0.45,13,10.48
722,Florentino,MID,Burnley,5.0,80,0,16.0,30,0,2,0.61,0.5,1.11,44,44.17,2,296,0,16,0,1,0.44,0.32,0.76,20,23.19,14,0,1,0.17,0.18,0.35,24,20.98
405,Aké,DEF,Manchester City,5.2,35,1,6.73,17,0,0,0.64,0.46,1.1,7,8.43,3,45,0,10,0,0,0.64,0.29,0.93,4,4.81,7,0,0,0.0,0.17,0.17,3,3.62
193,Humphreys,DEF,Burnley,3.9,45,1,11.54,19,0,2,0.42,0.67,1.09,32,33.21,2,138,0,9,0,1,0.33,0.63,0.96,13,16.82,10,0,1,0.09,0.04,0.13,19,16.39
263,Clyne,DEF,Crystal Palace,3.8,16,2,4.21,9,0,1,0.43,0.6,1.03,10,7.91,0,42,0,3,0,1,0.23,0.54,0.77,4,2.65,6,0,0,0.2,0.06,0.26,6,5.26
477,Livramento,DEF,Newcastle Utd,4.9,59,3,12.04,17,0,1,0.13,0.89,1.02,14,18.62,6,68,0,10,0,1,0.04,0.49,0.53,10,11.93,7,0,0,0.09,0.4,0.49,4,6.69
375,Bradley,DEF,Liverpool,4.9,42,2,8.57,15,0,2,0.18,0.84,1.02,13,10.77,4,65,0,5,0,0,0.13,0.16,0.29,2,2.52,10,0,2,0.05,0.68,0.73,11,8.25
728,Röhl,MID,Everton,5.0,34,2,6.8,15,1,1,0.67,0.35,1.02,12,12.18,2,64,0,9,1,1,0.46,0.19,0.65,8,3.8,6,0,0,0.21,0.16,0.37,4,8.38
610,Wan-Bissaka,DEF,West Ham,4.1,67,0,16.34,25,0,3,0.0,1.0,1.0,43,35.44,3,174,0,11,0,1,0.0,0.29,0.29,18,12.17,14,0,2,0.0,0.71,0.71,25,23.27
305,Armstrong,MID,Everton,4.5,20,0,4.44,12,0,0,0.79,0.21,1.0,11,10.91,1,50,0,7,0,0,0.42,0.15,0.57,6,4.21,5,0,0,0.37,0.06,0.43,5,6.7
362,Piroe,FWD,Leeds United,4.9,16,0,3.27,15,0,0,0.85,0.13,0.98,7,6.16,1,13,0,11,0,0,0.67,0.12,0.79,2,3.47,4,0,0,0.18,0.01,0.19,5,2.69
543,Adingra,MID,Sunderland,4.9,34,3,6.94,14,1,1,0.35,0.62,0.97,8,11.3,4,45,0,5,1,1,0.3,0.24,0.54,3,5.41,9,0,0,0.05,0.38,0.43,5,5.89
631,Agbadou,DEF,Wolves,4.2,23,0,5.48,14,0,0,0.57,0.4,0.97,29,18.26,0,125,0,8,0,0,0.45,0.25,0.7,20,12.8,6,0,0,0.12,0.15,0.27,9,5.46
376,Gomez,DEF,Liverpool,4.9,32,2,6.53,20,0,2,0.28,0.64,0.92,14,8.87,2,46,0,9,0,1,0.1,0.22,0.32,4,4.55,11,0,1,0.18,0.42,0.6,10,4.32
459,Ugarte,MID,Manchester Utd,4.7,38,0,8.09,22,0,0,0.72,0.16,0.88,23,18.22,1,142,0,12,0,0,0.28,0.08,0.36,8,7.33,10,0,0,0.44,0.08,0.52,15,10.89
574,Udogie,DEF,Tottenham,4.3,22,0,5.12,19,0,1,0.16,0.7,0.86,25,18.99,0,65,0,9,0,1,0.16,0.3,0.46,10,8.35,10,0,0,0.0,0.4,0.4,15,10.64
672,Hato,DEF,Chelsea,4.6,19,0,4.13,21,0,0,0.3,0.55,0.85,25,17.12,0,95,0,10,0,0,0.04,0.3,0.34,11,8.35,11,0,0,0.26,0.25,0.51,14,8.77
637,Toti,DEF,Wolves,4.2,40,0,9.52,18,0,0,0.53,0.29,0.82,33,25.01,1,142,0,9,0,0,0.52,0.13,0.65,18,12.62,9,0,0,0.01,0.16,0.17,15,12.39
27,Nelson,MID,Brentford,4.8,12,0,2.5,9,0,1,0.71,0.11,0.82,2,2.03,0,23,0,7,0,0,0.65,0.06,0.71,2,1.97,2,0,1,0.06,0.05,0.11,0,0.06
605,Kilman,DEF,West Ham,4.1,36,0,8.78,21,0,0,0.56,0.25,0.81,37,33.28,1,160,0,9,0,0,0.54,0.04,0.58,18,14.79,12,0,0,0.02,0.21,0.23,19,18.49
805,Lucca,FWD,Nott'ham Forest,5.3,9,0,1.7,4,1,0,0.79,0.01,0.8,1,1.89,1,7,0,3,0,0,0.63,0.01,0.64,1,1.44,1,1,0,0.16,0.0,0.16,0,0.45
645,Fer López,MID,Wolves,5.1,12,0,2.35,9,0,1,0.16,0.61,0.77,9,3.98,0,12,0,5,0,1,0.13,0.44,0.57,7,3.53,4,0,0,0.03,0.17,0.2,2,0.45
718,S.Magassa,MID,West Ham,5.0,42,2,8.4,22,1,0,0.44,0.32,0.76,23,19.03,2,127,0,11,0,0,0.14,0.27,0.41,9,8.98,11,1,0,0.3,0.05,0.35,14,10.05
244,Lavia,MID,Chelsea,4.9,13,0,2.65,12,0,0,0.21,0.55,0.76,10,8.53,0,37,0,6,0,0,0.02,0.48,0.5,7,4.97,6,0,0,0.19,0.07,0.26,3,3.56
541,Reinildo,DEF,Sunderland,3.8,72,6,18.95,24,0,2,0.13,0.61,0.74,26,25.83,6,156,0,13,0,2,0.13,0.54,0.67,10,11.54,11,0,0,0.0,0.07,0.07,16,14.29
437,Martinez,DEF,Manchester Utd,4.8,45,3,9.38,17,0,0,0.15,0.59,0.74,15,14.43,4,101,0,9,0,0,0.09,0.42,0.51,8,9.31,8,0,0,0.06,0.17,0.23,7,5.12
233,Acheampong,DEF,Chelsea,3.7,38,5,10.27,16,1,0,0.6,0.13,0.73,13,15.59,2,44,0,11,0,0,0.09,0.08,0.17,11,11.76,5,1,0,0.51,0.05,0.56,2,3.83
735,Traoré,MID,Sunderland,5.5,30,1,5.45,12,1,1,0.48,0.25,0.73,9,9.74,3,40,0,5,1,0,0.13,0.12,0.25,4,3.97,7,0,1,0.35,0.13,0.48,5,5.77
123,Carvalho,MID,Brentford,4.6,13,1,2.83,6,1,0,0.7,0.03,0.73,4,2.08,0,8,0,2,1,0,0.67,0.0,0.67,0,0.09,4,0,0,0.03,0.03,0.06,4,1.99
109,Henry,DEF,Brentford,4.3,52,0,12.09,25,0,2,0.18,0.54,0.72,22,23.91,4,68,0,13,0,1,0.13,0.23,0.36,8,10.94,12,0,1,0.05,0.31,0.36,14,12.97
198,Tuanzebe,DEF,Burnley,3.9,32,0,8.21,13,1,0,0.61,0.11,0.72,25,27.61,1,112,0,6,1,0,0.61,0.09,0.7,11,12.49,7,0,0,0.0,0.02,0.02,14,15.12
662,Mosquera,DEF,Arsenal,5.3,36,1,6.79,19,0,0,0.1,0.62,0.72,7,8.06,3,85,0,10,0,0,0.0,0.52,0.52,0,1.29,9,0,0,0.1,0.1,0.2,7,6.77
522,Yates,MID,Nott'ham Forest,4.7,29,0,6.17,21,0,2,0.34,0.37,0.71,7,8.42,0,63,0,9,0,2,0.14,0.35,0.49,4,2.9,12,0,0,0.2,0.02,0.22,3,5.52
570,Danso,DEF,Tottenham,4.2,55,1,13.1,23,0,0,0.42,0.27,0.69,25,19.74,3,181,0,9,0,0,0.33,0.11,0.44,15,8.76,14,0,0,0.09,0.16,0.25,10,10.98
197,Sonne,DEF,Burnley,3.8,13,0,3.42,7,1,0,0.55,0.08,0.63,4,3.79,0,7,0,3,1,0,0.39,0.0,0.39,0,0.18,4,0,0,0.16,0.08,0.24,4,3.61
116,Hickey,DEF,Brentford,4.0,36,0,9.0,20,0,0,0.44,0.17,0.61,9,7.78,2,49,0,13,0,0,0.35,0.17,0.52,6,4.87,7,0,0,0.09,0.0,0.09,3,2.91
747,Mayers,DEF,West Ham,4.0,6,0,1.5,6,0,0,0.12,0.49,0.61,3,3.21,0,5,0,2,0,0,0.12,0.01,0.13,1,0.98,4,0,0,0.0,0.48,0.48,2,2.23
88,Cook,MID,Bournemouth,4.9,39,0,7.96,17,0,1,0.07,0.52,0.59,19,14.0,1,143,0,9,0,1,0.02,0.43,0.45,9,4.27,8,0,0,0.05,0.09,0.14,10,9.73
813,Angulo,MID,Sunderland,5.0,12,0,2.4,7,0,0,0.49,0.1,0.59,5,6.45,1,25,0,3,0,0,0.49,0.04,0.53,3,4.1,4,0,0,0.0,0.06,0.06,2,2.35
321,J.Cuenca,DEF,Fulham,4.3,39,1,9.07,14,0,0,0.05,0.53,0.58,11,14.59,2,114,0,8,0,0,0.05,0.05,0.1,6,7.78,6,0,0,0.0,0.48,0.48,5,6.81
336,Reed,MID,Fulham,4.3,15,2,3.49,7,1,0,0.13,0.45,0.58,4,3.43,0,6,0,4,1,0,0.13,0.12,0.25,1,0.51,3,0,0,0.0,0.33,0.33,3,2.92
190,Ekdal,DEF,Burnley,3.8,52,2,13.68,19,0,0,0.25,0.32,0.57,34,31.03,2,174,0,9,0,0,0.22,0.16,0.38,12,15.77,10,0,0,0.03,0.16,0.19,22,15.26
609,Todibo,DEF,West Ham,4.3,46,1,10.7,23,0,1,0.25,0.32,0.57,37,33.73,1,165,0,13,0,0,0.0,0.12,0.12,20,16.15,10,0,1,0.25,0.2,0.45,17,17.58
571,Davies,DEF,Tottenham,4.3,10,1,2.33,3,1,0,0.49,0.07,0.56,3,1.11,0,14,0,2,1,0,0.49,0.07,0.56,2,0.81,1,0,0,0.0,0.0,0.0,1,0.3
426,McAtee,MID,Nott'ham Forest,5.0,16,0,3.2,13,0,1,0.18,0.37,0.55,9,7.2,0,29,0,6,0,1,0.07,0.16,0.23,6,3.44,7,0,0,0.11,0.21,0.32,3,3.76
180,Tzimas,FWD,Brighton,5.2,16,0,3.08,9,1,1,0.44,0.11,0.55,2,2.59,0,15,0,3,0,0,0.0,0.06,0.06,1,1.1,6,1,1,0.44,0.05,0.49,1,1.49
640,Pedro Lima,DEF,Wolves,4.0,9,0,2.25,8,0,0,0.18,0.37,0.55,6,4.35,0,18,0,5,0,0,0.16,0.37,0.53,3,2.16,3,0,0,0.02,0.0,0.02,3,2.19
447,Heaven,DEF,Manchester Utd,3.7,42,3,11.35,17,0,1,0.34,0.18,0.52,15,11.95,2,93,0,9,0,1,0.04,0.15,0.19,10,7.39,8,0,0,0.3,0.03,0.33,5,4.56
143,Boscagli,DEF,Brighton,4.2,39,4,9.29,12,0,1,0.05,0.47,0.52,10,10.87,3,78,0,7,0,0,0.05,0.33,0.38,3,4.47,5,0,1,0.0,0.14,0.14,7,6.4
816,Angel,MID,Wolves,4.6,14,0,3.04,11,0,0,0.25,0.27,0.52,7,11.59,1,28,0,5,0,0,0.0,0.09,0.09,4,5.57,6,0,0,0.25,0.18,0.43,3,6.02
438,Mazraoui,DEF,Manchester Utd,4.9,47,6,9.59,19,0,0,0.19,0.33,0.51,10,12.51,4,89,0,9,0,0,0.11,0.2,0.31,6,4.11,10,0,0,0.08,0.13,0.2,4,8.4
352,Harrison,MID,Leeds United,5.1,12,0,2.35,11,0,0,0.28,0.23,0.51,5,3.82,0,24,0,5,0,0,0.15,0.12,0.27,2,1.1,6,0,0,0.13,0.11,0.24,3,2.72
232,Tosin,DEF,Chelsea,4.0,34,2,8.5,16,0,0,0.11,0.4,0.5,14,13.25,2,97,0,5,0,0,0.0,0.01,0.01,4,3.98,11,0,0,0.11,0.39,0.49,10,9.27
608,Scarles,DEF,West Ham,4.3,21,0,4.88,13,0,1,0.18,0.32,0.5,16,13.38,0,74,0,6,0,1,0.18,0.17,0.35,7,7.29,7,0,0,0.0,0.15,0.15,9,6.09
732,Uche,FWD,Crystal Palace,5.5,17,0,3.09,14,0,1,0.49,0.01,0.5,4,4.63,0,13,0,7,0,0,0.03,0.0,0.03,1,1.99,7,0,1,0.46,0.01,0.47,3,2.64
587,Bissouma,MID,Tottenham,5.2,17,0,3.27,11,0,0,0.36,0.1,0.46,17,12.21,1,74,0,6,0,0,0.25,0.01,0.26,11,7.54,5,0,0,0.11,0.09,0.2,6,4.67
696,Kalimuendo,FWD,Nott'ham Forest,6.0,9,0,1.5,9,0,0,0.44,0.02,0.46,3,1.57,0,6,0,3,0,0,0.0,0.0,0.0,2,1.32,6,0,0,0.44,0.02,0.46,1,0.25
290,Branthwaite,DEF,Everton,5.3,32,0,6.04,10,1,1,0.34,0.11,0.45,9,9.43,1,67,0,6,0,1,0.22,0.1,0.32,4,4.04,4,1,0,0.12,0.01,0.13,5,5.39
422,Kovačić,MID,Manchester City,5.8,8,0,1.38,5,0,1,0.06,0.38,0.44,2,2.68,0,14,0,2,0,0,0.0,0.02,0.02,0,0.15,3,0,1,0.06,0.36,0.42,2,2.53
12,Zinchenko,DEF,Nott'ham Forest,4.9,7,0,1.43,5,0,0,0.07,0.36,0.43,6,5.02,0,24,0,3,0,0,0.03,0.29,0.32,5,3.86,2,0,0,0.04,0.07,0.11,1,1.16
814,Netz,DEF,Nott'ham Forest,4.5,10,0,2.22,6,0,0,0.0,0.41,0.41,5,7.71,0,25,0,1,0,0,0.0,0.03,0.03,1,1.46,5,0,0,0.0,0.38,0.38,4,6.25
719,Lindelöf,DEF,Aston Villa,4.5,27,0,6.0,16,0,1,0.28,0.1,0.38,14,14.71,1,49,0,8,0,0,0.0,0.03,0.03,4,3.61,8,0,1,0.28,0.07,0.35,10,11.1
638,Hoever,DEF,Wolves,3.8,10,0,2.63,8,0,0,0.02,0.36,0.38,13,9.36,0,40,0,5,0,0,0.0,0.24,0.24,10,8.43,3,0,0,0.02,0.12,0.14,3,0.93
396,Nyoni,MID,Liverpool,4.3,5,0,1.16,5,0,0,0.37,0.01,0.38,1,0.41,0,2,0,4,0,0,0.37,0.01,0.38,1,0.41,1,0,0,0.0,0.0,0.0,0,0.0
389,Elliott,MID,Aston Villa,5.1,5,0,0.98,5,0,0,0.29,0.08,0.37,2,1.74,0,6,0,2,0,0,0.12,0.03,0.15,1,0.51,3,0,0,0.17,0.05,0.22,1,1.23
128,Onyeka,MID,Brentford,4.8,12,0,2.5,6,0,2,0.0,0.36,0.36,2,2.02,0,10,0,4,0,0,0.0,0.0,0.0,0,0.96,2,0,2,0.0,0.36,0.36,2,1.06
231,M.Sarr,DEF,Chelsea,4.5,3,0,0.67,3,0,0,0.35,0.0,0.35,3,1.63,0,8,0,2,0,0,0.0,0.0,0.0,1,0.5,1,0,0,0.35,0.0,0.35,2,1.13
721,Milosavljević,DEF,Bournemouth,4.4,19,0,4.32,7,0,0,0.15,0.19,0.34,6,4.42,1,39,0,5,0,0,0.15,0.19,0.34,2,2.69,2,0,0,0.0,0.0,0.0,4,1.73
707,Dibling,MID,Everton,5.3,18,0,3.4,14,0,0,0.2,0.14,0.34,2,6.65,2,40,0,8,0,0,0.08,0.07,0.15,2,2.77,6,0,0,0.12,0.07,0.19,0,3.88
510,Jair Cunha,DEF,Nott'ham Forest,4.2,11,0,2.62,8,0,0,0.27,0.06,0.33,6,9.55,0,44,0,2,0,0,0.13,0.01,0.14,2,1.8,6,0,0,0.14,0.05,0.19,4,7.75
801,Tóth.A,MID,Bournemouth,4.9,7,0,1.43,8,0,0,0.06,0.27,0.33,2,3.86,0,12,0,3,0,0,0.0,0.17,0.17,1,0.5,5,0,0,0.06,0.1,0.16,1,3.36
572,Dragusin,DEF,Tottenham,4.5,16,0,3.56,9,0,0,0.31,0.01,0.32,13,12.01,0,72,0,3,0,0,0.12,0.0,0.12,8,6.63,6,0,0,0.19,0.01,0.2,5,5.38
794,Alleyne,DEF,Manchester City,3.9,5,0,1.28,2,0,0,0.26,0.06,0.32,1,1.54,0,11,0,1,0,0,0.16,0.05,0.21,1,1.16,1,0,0,0.1,0.01,0.11,0,0.38
25,Nwaneri,MID,Arsenal,5.0,8,0,1.6,6,0,0,0.23,0.08,0.31,0,0.73,1,13,0,5,0,0,0.19,0.08,0.27,0,0.33,1,0,0,0.04,0.0,0.04,0,0.4
10,Lewis-Skelly,DEF,Arsenal,5.0,27,0,5.4,19,0,0,0.1,0.18,0.28,7,8.03,2,24,0,13,0,0,0.1,0.14,0.24,5,4.85,6,0,0,0.0,0.04,0.04,2,3.18
632,Doherty,DEF,Wolves,4.4,14,0,3.18,11,0,0,0.09,0.19,0.28,15,14.13,1,66,0,5,0,0,0.02,0.06,0.08,10,8.65,6,0,0,0.07,0.13,0.2,5,5.48
581,Maddison,MID,Tottenham,6.8,2,0,0.29,2,0,0,0.21,0.06,0.27,0,0.4,0,3,0,1,0,0,0.0,0.04,0.04,0,0.25,1,0,0,0.21,0.02,0.23,0,0.15
262,Chadi Riad,DEF,Crystal Palace,4.0,17,0,4.25,8,0,1,0.15,0.1,0.25,6,6.56,1,33,0,3,0,1,0.11,0.01,0.12,0,1.68,5,0,0,0.04,0.09,0.13,6,4.88
216,Amdouni,FWD,Burnley,4.8,3,0,0.62,3,0,0,0.24,0.01,0.25,0,0.3,0,1,0,1,0,0,0.17,0.0,0.17,0,0.1,2,0,0,0.07,0.01,0.08,0,0.2
651,Edozie,MID,Wolves,4.3,8,0,1.86,3,1,0,0.23,0.0,0.23,0,0.2,0,1,0,2,1,0,0.17,0.0,0.17,0,0.2,1,0,0,0.06,0.0,0.06,0,0.0
101,Kelleher,GK,Brentford,4.8,137,9,28.54,36,0,0,0.0,0.22,0.22,48,50.44,10,0,102,19,0,0,0.0,0.21,0.21,21,24.79,17,0,0,0.0,0.01,0.01,27,25.65
73,Smith,DEF,Bournemouth,4.4,56,4,12.73,21,0,2,0.0,0.22,0.22,15,16.45,6,64,0,7,0,0,0.0,0.02,0.02,2,3.49,14,0,2,0.0,0.2,0.2,13,12.96
685,Diakité,DEF,Bournemouth,4.1,46,2,11.22,18,0,0,0.02,0.19,0.21,27,22.47,4,117,0,8,0,0,0.0,0.12,0.12,5,4.79,10,0,0,0.02,0.07,0.09,22,17.68
739,Mukasa,MID,Manchester City,4.4,2,0,0.45,2,0,0,0.0,0.21,0.21,0,0.34,0,1,0,1,0,0,0.0,0.2,0.2,0,0.18,1,0,0,0.0,0.01,0.01,0,0.16
44,Bogarde,DEF,Aston Villa,4.0,38,4,9.5,27,0,0,0.0,0.2,0.2,16,14.16,2,57,0,14,0,0,0.0,0.08,0.08,8,5.76,13,0,0,0.0,0.12,0.12,8,8.4
539,O'Nien,DEF,Sunderland,4.0,20,0,5.0,11,0,0,0.07,0.12,0.19,6,8.35,2,39,0,3,0,0,0.02,0.09,0.11,0,1.22,8,0,0,0.05,0.03,0.08,6,7.13
391,Gannon-Doak,MID,Bournemouth,4.8,10,0,2.08,7,0,1,0.09,0.1,0.19,1,4.05,0,10,0,3,0,1,0.0,0.07,0.07,0,0.84,4,0,0,0.09,0.03,0.12,1,3.21
287,Pickford,GK,Everton,5.6,133,11,23.75,37,0,0,0.0,0.17,0.17,49,55.09,11,0,99,19,0,0,0.0,0.03,0.03,27,25.06,18,0,0,0.0,0.14,0.14,22,30.03
621,Irving,MID,West Ham,4.3,9,0,2.09,7,0,0,0.0,0.17,0.17,4,4.03,0,22,0,2,0,0,0.0,0.02,0.02,1,2.08,5,0,0,0.0,0.15,0.15,3,1.95
469,Pope,GK,Newcastle Utd,5.0,94,3,18.8,26,0,1,0.16,0.0,0.16,36,31.08,7,0,85,13,0,1,0.0,0.0,0.0,20,17.7,13,0,0,0.16,0.0,0.16,16,13.38
678,Masuaku,DEF,Sunderland,3.9,1,0,0.26,3,0,0,0.07,0.08,0.15,2,2.09,0,10,0,1,0,0,0.0,0.0,0.0,0,0.25,2,0,0,0.07,0.08,0.15,2,1.84
168,Buonanotte,MID,Leeds United,4.6,2,0,0.43,3,0,0,0.04,0.1,0.14,2,1.86,0,5,0,1,0,0,0.0,0.0,0.0,1,1.31,2,0,0,0.04,0.1,0.14,1,0.55
736,Donnarumma,GK,Manchester City,5.6,135,5,24.11,34,0,0,0.0,0.13,0.13,29,38.5,15,0,78,17,0,0,0.0,0.0,0.0,10,16.44,17,0,0,0.0,0.13,0.13,19,22.06
607,N.Aguerd,DEF,West Ham,4.4,3,0,0.68,2,0,0,0.1,0.03,0.13,8,3.42,0,15,0,1,0,0,0.1,0.01,0.11,5,2.74,1,0,0,0.0,0.02,0.02,3,0.68
626,Marshall,FWD,West Ham,4.3,2,0,0.47,2,0,0,0.13,0.0,0.13,2,1.55,0,3,0,1,0,0,0.0,0.0,0.0,1,0.59,1,0,0,0.13,0.0,0.13,1,0.96
829,Derry,MID,Chelsea,4.5,1,0,0.22,1,0,0,0.1,0.02,0.12,2,1.09,0,3,0,1,0,0,0.1,0.02,0.12,2,1.09,0,0,0,0.0,0.0,0.0,0,0.0
253,Henderson,GK,Crystal Palace,5.1,129,7,25.29,36,0,0,0.0,0.11,0.11,49,48.87,11,0,101,17,0,0,0.0,0.03,0.03,21,20.94,19,0,0,0.0,0.08,0.08,28,27.93
758,Mohamadou Kanté,MID,West Ham,4.5,8,0,1.78,10,0,0,0.07,0.04,0.11,1,1.8,0,15,0,4,0,0,0.0,0.03,0.03,0,0.18,6,0,0,0.07,0.01,0.08,1,1.62
218,Barnes,FWD,Burnley,4.2,6,0,1.43,6,0,0,0.11,0.0,0.11,3,2.07,0,2,0,3,0,0,0.11,0.0,0.11,2,0.7,3,0,0,0.0,0.0,0.0,1,1.37
259,Sosa,DEF,Crystal Palace,4.8,6,0,1.25,7,0,0,0.04,0.07,0.11,2,0.9,0,9,0,4,0,0,0.0,0.0,0.0,0,0.27,3,0,0,0.04,0.07,0.11,2,0.63
670,Roefs,GK,Sunderland,4.8,134,12,27.92,34,0,0,0.0,0.1,0.1,45,49.16,10,0,107,17,0,0,0.0,0.07,0.07,18,20.07,17,0,0,0.0,0.03,0.03,27,29.09
199,Worrall,DEF,Burnley,3.8,20,0,5.26,11,0,0,0.08,0.02,0.1,11,11.68,0,76,0,4,0,0,0.08,0.0,0.08,5,4.24,7,0,0,0.0,0.02,0.02,6,7.44
619,L.Guilherme,MID,West Ham,4.9,5,0,1.02,5,0,0,0.07,0.03,0.1,2,1.82,0,11,0,3,0,0,0.07,0.02,0.09,2,1.17,2,0,0,0.0,0.01,0.01,0,0.65
130,Donovan,MID,Brentford,4.4,4,0,0.91,4,0,0,0.09,0.01,0.1,0,0.39,0,5,0,1,0,0,0.0,0.0,0.0,0,0.0,3,0,0,0.09,0.01,0.1,0,0.39
792,Alysson,MID,Aston Villa,5.0,3,0,0.6,3,0,0,0.05,0.05,0.1,2,1.87,0,4,0,2,0,0,0.05,0.02,0.07,1,1.45,1,0,0,0.0,0.03,0.03,1,0.42
535,Cirkin,DEF,Sunderland,4.0,14,0,3.5,8,0,0,0.08,0.02,0.09,2,6.49,1,28,0,4,0,0,0.08,0.02,0.09,1,4.42,4,0,0,0.0,0.0,0.0,1,2.07
392,Endo,MID,Liverpool,4.9,12,0,2.45,8,0,1,0.04,0.05,0.09,5,4.11,1,23,0,3,0,1,0.0,0.0,0.0,2,0.98,5,0,0,0.04,0.05,0.09,3,3.13
32,Martinez,GK,Aston Villa,5.0,120,11,24.0,32,0,1,0.0,0.08,0.08,39,42.92,7,0,95,17,0,0,0.0,0.06,0.06,19,20.19,15,0,1,0.0,0.02,0.02,20,22.73
748,Dasilva,MID,Brentford,4.9,2,0,0.41,2,0,0,0.08,0.0,0.08,0,0.05,0,1,0,2,0,0,0.08,0.0,0.08,0,0.05,0,0,0,0.0,0.0,0.0,0,0.0
1,Raya,GK,Arsenal,6.2,162,11,26.13,37,0,0,0.0,0.07,0.07,26,27.56,19,0,60,19,0,0,0.0,0.04,0.04,11,12.65,18,0,0,0.0,0.03,0.03,15,14.91
296,Patterson,DEF,Everton,4.4,22,0,5.0,7,0,0,0.03,0.04,0.07,2,3.67,2,31,0,3,0,0,0.0,0.04,0.04,2,1.37,4,0,0,0.03,0.0,0.03,0,2.3
320,Diop,DEF,Fulham,4.3,16,0,3.72,12,0,0,0.02,0.05,0.07,13,12.22,0,56,0,7,0,0,0.02,0.02,0.04,7,7.7,5,0,0,0.0,0.03,0.03,6,4.52
111,Pinnock,DEF,Brentford,4.2,14,2,3.33,4,0,0,0.01,0.06,0.07,5,3.7,1,42,0,1,0,0,0.0,0.04,0.04,1,1.1,3,0,0,0.01,0.02,0.03,4,2.6
618,G.Rodriguez,MID,West Ham,4.8,8,0,1.67,6,0,0,0.03,0.04,0.07,2,2.59,1,15,0,2,0,0,0.0,0.0,0.0,1,0.46,4,0,0,0.03,0.04,0.07,1,2.13
737,Kusi-Asare,FWD,Fulham,4.5,6,0,1.33,7,0,0,0.0,0.07,0.07,2,1.1,0,5,0,4,0,0,0.0,0.07,0.07,1,0.39,3,0,0,0.0,0.0,0.0,1,0.71
172,Watson,MID,Brighton,4.8,5,0,1.04,6,0,0,0.04,0.03,0.07,2,1.72,0,5,0,3,0,0,0.0,0.0,0.0,0,0.26,3,0,0,0.04,0.03,0.07,2,1.46
755,Lacey,MID,Manchester Utd,4.5,2,0,0.44,2,0,0,0.07,0.0,0.07,0,0.11,0,1,0,0,0,0,0.0,0.0,0.0,0,0.0,2,0,0,0.07,0.0,0.07,0,0.11
139,Verbruggen,GK,Brighton,4.6,128,6,27.83,37,0,0,0.0,0.06,0.06,43,47.4,10,0,101,18,0,0,0.0,0.04,0.04,17,19.87,19,0,0,0.0,0.02,0.02,26,27.53
502,Sels,GK,Nott'ham Forest,4.6,102,3,22.17,30,0,0,0.0,0.06,0.06,38,44.17,7,0,92,13,0,0,0.0,0.03,0.03,17,17.8,17,0,0,0.0,0.03,0.03,21,26.37
409,Stones,DEF,Manchester City,5.4,13,0,2.41,8,0,0,0.0,0.06,0.06,8,5.2,1,20,0,3,0,0,0.0,0.02,0.02,2,1.26,5,0,0,0.0,0.04,0.04,6,3.94
229,B.Badiashile,DEF,Chelsea,4.4,7,0,1.59,8,0,0,0.0,0.06,0.06,10,7.41,0,48,0,4,0,0,0.0,0.05,0.05,6,3.87,4,0,0,0.0,0.01,0.01,4,3.54
341,Darlow,GK,Leeds United,4.0,69,3,17.25,21,0,0,0.0,0.05,0.05,24,25.75,5,0,58,11,0,0,0.0,0.04,0.04,12,12.78,10,0,0,0.0,0.01,0.01,12,12.97
431,Bayindir,GK,Manchester Utd,4.7,11,0,2.34,6,0,0,0.0,0.05,0.05,11,9.24,0,0,13,3,0,0,0.0,0.01,0.01,4,2.94,3,0,0,0.0,0.04,0.04,7,6.3
24,Nørgaard,MID,Arsenal,5.1,6,0,1.18,6,0,0,0.05,0.0,0.05,1,2.23,0,11,0,3,0,0,0.0,0.0,0.0,1,2.18,3,0,0,0.05,0.0,0.05,0,0.05
804,Souza,DEF,Tottenham,4.0,3,0,0.75,4,0,0,0.02,0.03,0.05,3,2.61,0,6,0,1,0,0,0.0,0.0,0.0,1,0.89,3,0,0,0.02,0.03,0.05,2,1.72
462,J.Fletcher,MID,Manchester Utd,4.3,3,0,0.7,3,0,0,0.03,0.02,0.05,0,1.86,0,11,0,2,0,0,0.03,0.02,0.05,0,1.77,1,0,0,0.0,0.0,0.0,0,0.09
754,George Hemmings,MID,Aston Villa,4.5,2,0,0.44,2,0,0,0.04,0.01,0.05,0,0.61,0,1,0,1,0,0,0.04,0.0,0.04,0,0.0,1,0,0,0.0,0.01,0.01,0,0.61
545,Roberts,MID,Sunderland,5.4,1,0,0.19,1,0,0,0.03,0.02,0.05,1,0.66,0,1,0,0,0,0,0.0,0.0,0.0,0,0.0,1,0,0,0.03,0.02,0.05,1,0.66
470,Dúbravka,GK,Burnley,4.0,96,7,24.0,35,0,0,0.0,0.04,0.04,71,71.26,4,0,127,17,0,0,0.0,0.03,0.03,26,32.96,18,0,0,0.0,0.01,0.01,45,38.3
220,Sánchez,GK,Chelsea,4.8,111,7,23.12,34,0,1,0.0,0.04,0.04,47,46.8,9,0,93,19,0,0,0.0,0.03,0.03,25,26.7,15,0,1,0.0,0.01,0.01,22,20.1
565,Vicario,GK,Tottenham,4.7,90,6,19.15,31,0,0,0.0,0.04,0.04,50,46.21,7,0,83,16,0,0,0.0,0.0,0.0,28,22.77,15,0,0,0.0,0.04,0.04,22,23.44
628,José Sá,GK,Wolves,4.2,62,6,14.76,22,0,0,0.0,0.04,0.04,36,34.26,4,0,58,13,0,0,0.0,0.01,0.01,22,19.38,9,0,0,0.0,0.03,0.03,14,14.88
269,Esse,MID,Crystal Palace,4.7,4,0,0.85,4,0,0,0.0,0.04,0.04,0,1.74,0,5,0,3,0,0,0.0,0.02,0.02,0,1.09,1,0,0,0.0,0.02,0.02,0,0.65
480,Lascelles,DEF,Newcastle Utd,4.3,1,0,0.23,2,0,0,0.04,0.0,0.04,2,0.55,0,5,0,1,0,0,0.04,0.0,0.04,2,0.42,1,0,0,0.0,0.0,0.0,0,0.13
800,Jocelin.T,MID,Sunderland,4.9,1,0,0.2,1,0,0,0.0,0.04,0.04,0,0.24,0,3,0,1,0,0,0.0,0.04,0.04,0,0.24,0,0,0,0.0,0.0,0.0,0,0.0
366,A.Becker,GK,Liverpool,5.4,89,8,16.48,25,0,0,0.0,0.03,0.03,30,28.02,8,0,56,13,0,0,0.0,0.03,0.03,15,15.24,12,0,0,0.0,0.0,0.0,15,12.78
795,Howell,MID,Brighton,4.5,4,0,0.89,3,0,0,0.0,0.03,0.03,2,1.04,0,7,0,2,0,0,0.0,0.02,0.02,1,0.83,1,0,0,0.0,0.01,0.01,1,0.21
627,Johnstone,GK,Wolves,4.4,21,0,4.77,12,0,0,0.0,0.02,0.02,24,18.59,0,0,39,5,0,0,0.0,0.01,0.01,11,8.69,7,0,0,0.0,0.01,0.01,13,9.9
812,Ellborg,GK,Sunderland,4.0,16,3,4.0,3,0,0,0.0,0.02,0.02,2,4.1,1,0,10,1,0,0,0.0,0.02,0.02,1,1.68,2,0,0,0.0,0.0,0.0,1,2.42
227,Colwill,DEF,Chelsea,4.7,5,0,1.06,2,0,0,0.0,0.02,0.02,2,1.52,0,12,0,1,0,0,0.0,0.01,0.01,1,0.96,1,0,0,0.0,0.01,0.01,1,0.56
314,Leno,GK,Fulham,5.0,116,8,23.2,37,0,0,0.0,0.01,0.01,51,52.42,8,0,96,18,0,0,0.0,0.01,0.01,20,21.89,19,0,0,0.0,0.0,0.0,31,30.53
679,Hermansen,GK,West Ham,4.2,69,8,16.43,17,0,1,0.0,0.01,0.01,28,22.39,6,0,52,8,0,0,0.0,0.0,0.0,12,10.5,9,0,1,0.0,0.01,0.01,16,11.89
345,Bornauw,DEF,Leeds United,3.8,24,0,6.32,11,0,0,0.0,0.01,0.01,4,8.17,2,49,0,6,0,0,0.0,0.01,0.01,1,4.52,5,0,0,0.0,0.0,0.0,3,3.65
144,Coppola,DEF,Brighton,4.2,10,0,2.38,5,0,0,0.0,0.01,0.01,3,4.52,1,18,0,4,0,0,0.0,0.01,0.01,1,1.59,1,0,0,0.0,0.0,0.0,2,2.93
400,Ortega Moreno,GK,Nott'ham Forest,4.7,11,0,2.34,3,0,0,0.0,0.01,0.01,4,4.65,1,0,8,2,0,0,0.0,0.0,0.0,1,2.15,1,0,0,0.0,0.01,0.01,3,2.5
42,A.García,DEF,Aston Villa,3.9,4,0,1.03,5,0,0,0.0,0.01,0.01,2,1.55,0,1,0,2,0,0,0.0,0.0,0.0,0,0.09,3,0,0,0.0,0.01,0.01,2,1.46
294,Coleman,DEF,Everton,4.2,4,0,0.95,4,0,0,0.0,0.01,0.01,1,0.43,0,2,0,2,0,0,0.0,0.01,0.01,1,0.43,2,0,0,0.0,0.0,0.0,0,0.0
513,Abbott,DEF,Nott'ham Forest,3.8,3,0,0.79,3,0,0,0.0,0.01,0.01,4,3.47,0,13,0,0,0,0,0.0,0.0,0.0,0,0.0,3,0,0,0.0,0.01,0.01,4,3.47
542,Seelt,DEF,Sunderland,4.0,2,0,0.5,2,0,0,0.0,0.01,0.01,2,1.33,0,12,0,1,0,0,0.0,0.0,0.0,0,0.33,1,0,0,0.0,0.01,0.01,2,1.0
599,Scarlett,FWD,Tottenham,4.3,2,0,0.47,2,0,0,0.0,0.01,0.01,0,0.03,0,1,0,1,0,0,0.0,0.0,0.0,0,0.0,1,0,0,0.0,0.01,0.01,0,0.03
247,D.Essugo,MID,Chelsea,4.3,1,0,0.23,3,0,0,0.0,0.01,0.01,1,0.55,0,8,0,2,0,0,0.0,0.0,0.0,0,0.31,1,0,0,0.0,0.01,0.01,1,0.24
595,Olusesi,MID,Tottenham,4.3,1,0,0.23,1,0,0,0.0,0.01,0.01,0,0.75,0,2,0,0,0,0,0.0,0.0,0.0,0,0.0,1,0,0,0.0,0.01,0.01,0,0.75
771,Fletcher,MID,Manchester Utd,4.4,1,0,0.23,1,0,0,0.0,0.01,0.01,0,0.02,0,0,0,1,0,0,0.0,0.01,0.01,0,0.02,0,0,0,0.0,0.0,0.0,0,0.0
620,Earthy,MID,West Ham,4.5,1,0,0.22,1,0,0,0.0,0.01,0.01,1,0.73,0,0,0,1,0,0,0.0,0.01,0.01,1,0.73,0,0,0,0.0,0.0,0.0,0,0.0
769,Bendito Mantato,MID,Manchester Utd,4.5,1,0,0.22,1,0,0,0.0,0.01,0.01,0,0.05,0,0,0,1,0,0,0.0,0.01,0.01,0,0.05,0,0,0,0.0,0.0,0.0,0,0.0
656,Kalajdžić,FWD,Wolves,4.9,1,0,0.2,1,0,0,0.0,0.01,0.01,0,0.1,0,2,0,1,0,0,0.0,0.01,0.01,0,0.1,0,0,0,0.0,0.0,0.0,0,0.0
122,Milambo,MID,Brentford,5.2,1,0,0.19,1,0,0,0.0,0.01,0.01,3,1.49,0,4,0,0,0,0,0.0,0.0,0.0,0,0.0,1,0,0,0.0,0.01,0.01,3,1.49
67,Petrović,GK,Bournemouth,4.6,121,5,26.3,37,0,0,0.0,0.0,0.0,53,54.99,11,0,106,19,0,0,0.0,0.0,0.0,20,16.57,18,0,0,0.0,0.0,0.0,33,38.42
733,Lammens,GK,Manchester Utd,5.1,103,11,20.2,31,0,0,0.0,0.0,0.0,39,38.46,7,0,77,16,0,0,0.0,0.0,0.0,20,17.92,15,0,0,0.0,0.0,0.0,19,20.54
600,Areola,GK,West Ham,4.2,51,2,12.14,20,0,1,0.0,0.0,0.0,37,35.3,0,0,77,10,0,0,0.0,0.0,0.0,18,14.72,10,0,1,0.0,0.0,0.0,19,20.58
665,Perri,GK,Leeds United,4.4,43,3,9.77,16,0,0,0.0,0.0,0.0,29,26.68,3,0,38,8,0,0,0.0,0.0,0.0,9,9.26,8,0,0,0.0,0.0,0.0,20,17.42
367,Mamardashvili,GK,Liverpool,4.1,34,2,8.29,10,0,0,0.0,0.0,0.0,18,13.29,2,0,34,4,0,0,0.0,0.0,0.0,3,3.29,6,0,0,0.0,0.0,0.0,15,10.0
674,Ramsdale,GK,Newcastle Utd,4.8,25,1,5.21,12,0,0,0.0,0.0,0.0,17,18.83,1,0,25,6,0,0,0.0,0.0,0.0,10,10.5,6,0,0,0.0,0.0,0.0,7,8.33
567,Kinsky,GK,Tottenham,3.9,15,0,3.85,6,0,0,0.0,0.0,0.0,7,5.14,1,0,9,2,0,0,0.0,0.0,0.0,3,2.16,4,0,0,0.0,0.0,0.0,4,2.98
33,M.Bizot,GK,Aston Villa,4.2,14,0,3.33,6,0,0,0.0,0.0,0.0,9,9.68,1,0,17,2,0,0,0.0,0.0,0.0,3,4.1,4,0,0,0.0,0.0,0.0,6,5.58
715,John,GK,Nott'ham Forest,4.0,11,0,2.75,5,0,0,0.0,0.0,0.0,8,6.13,1,0,6,3,0,0,0.0,0.0,0.0,4,3.04,2,0,0,0.0,0.0,0.0,4,3.09
182,Trafford,GK,Manchester City,4.5,11,0,2.44,3,0,0,0.0,0.0,0.0,4,3.97,1,0,11,1,0,0,0.0,0.0,0.0,2,1.11,2,0,0,0.0,0.0,0.0,2,2.86
221,Jörgensen,GK,Chelsea,4.3,9,0,2.09,5,0,0,0.0,0.0,0.0,5,4.12,0,0,8,1,0,0,0.0,0.0,0.0,0,0.0,4,0,0,0.0,0.0,0.0,5,4.12
254,Benitez,GK,Crystal Palace,3.9,7,0,1.79,1,0,0,0.0,0.0,0.0,0,1.12,1,0,3,1,0,0,0.0,0.0,0.0,0,1.12,0,0,0,0.0,0.0,0.0,0,0.0
369,Woodman,GK,Liverpool,3.9,6,0,1.54,3,0,0,0.0,0.0,0.0,4,4.76,0,0,9,1,0,0,0.0,0.0,0.0,1,2.26,2,0,0,0.0,0.0,0.0,3,2.5
629,Bentley,GK,Wolves,3.9,6,0,1.54,3,0,0,0.0,0.0,0.0,7,5.1,0,0,7,1,0,0,0.0,0.0,0.0,1,0.66,2,0,0,0.0,0.0,0.0,6,4.44
214,Trésor,MID,Burnley,4.3,6,0,1.4,6,0,0,0.0,0.0,0.0,2,1.65,0,5,0,5,0,0,0.0,0.0,0.0,2,1.31,1,0,0,0.0,0.0,0.0,0,0.34
149,Igor,DEF,Brighton,4.5,6,0,1.33,4,0,0,0.0,0.0,0.0,3,4.66,0,13,0,2,0,0,0.0,0.0,0.0,1,0.61,2,0,0,0.0,0.0,0.0,2,4.05
183,Weiss,GK,Burnley,4.2,4,0,0.95,2,0,0,0.0,0.0,0.0,3,2.73,0,0,7,1,0,0,0.0,0.0,0.0,2,1.44,1,0,0,0.0,0.0,0.0,1,1.29
93,H.Traorè,MID,Bournemouth,4.5,4,0,0.89,1,0,1,0.0,0.0,0.0,2,0.4,0,4,0,0,0,0,0.0,0.0,0.0,0,0.0,1,0,1,0.0,0.0,0.0,2,0.4
80,Soler,DEF,Bournemouth,3.9,3,0,0.77,3,0,0,0.0,0.0,0.0,2,1.62,0,1,0,2,0,0,0.0,0.0,0.0,1,0.17,1,0,0,0.0,0.0,0.0,1,1.45
549,Neil,MID,Sunderland,4.8,3,0,0.62,3,0,0,0.0,0.0,0.0,0,0.64,0,2,0,2,0,0,0.0,0.0,0.0,0,0.2,1,0,0,0.0,0.0,0.0,0,0.44
346,Byram,DEF,Leeds United,3.7,2,0,0.54,2,0,0,0.0,0.0,0.0,1,1.01,0,3,0,1,0,0,0.0,0.0,0.0,0,0.22,1,0,0,0.0,0.0,0.0,1,0.79
448,Malacia,DEF,Manchester Utd,3.7,2,0,0.54,2,0,0,0.0,0.0,0.0,1,0.35,0,2,0,1,0,0,0.0,0.0,0.0,0,0.3,1,0,0,0.0,0.0,0.0,1,0.05
159,March,MID,Brighton,5.8,3,0,0.52,3,0,0,0.0,0.0,0.0,1,0.43,0,0,0,2,0,0,0.0,0.0,0.0,0,0.36,1,0,0,0.0,0.0,0.0,1,0.07
650,Chirewa,MID,Wolves,4.3,2,0,0.47,2,0,0,0.0,0.0,0.0,0,0.5,0,4,0,1,0,0,0.0,0.0,0.0,0,0.05,1,0,0,0.0,0.0,0.0,0,0.45
762,Drakes-Thomas,MID,Crystal Palace,4.5,2,0,0.44,2,0,0,0.0,0.0,0.0,1,0.73,0,3,0,0,0,0,0.0,0.0,0.0,0,0.0,2,0,0,0.0,0.0,0.0,1,0.73
446,Fredricson,DEF,Manchester Utd,3.7,1,0,0.27,1,0,0,0.0,0.0,0.0,0,0.3,0,2,0,1,0,0,0.0,0.0,0.0,0,0.3,0,0,0,0.0,0.0,0.0,0,0.0
105,Valdimarsson,GK,Brentford,3.8,1,0,0.26,1,0,0,0.0,0.0,0.0,3,0.97,0,0,1,0,0,0,0.0,0.0,0.0,0,0.0,1,0,0,0.0,0.0,0.0,3,0.97
481,A.Murphy,DEF,Newcastle Utd,3.8,1,0,0.26,1,0,0,0.0,0.0,0.0,1,0.27,0,1,0,0,0,0,0.0,0.0,0.0,0,0.0,1,0,0,0.0,0.0,0.0,1,0.27
675,Gunn,GK,Nott'ham Forest,4.0,1,0,0.25,1,0,0,0.0,0.0,0.0,0,0.21,0,0,0,1,0,0,0.0,0.0,0.0,0,0.21,0,0,0,0.0,0.0,0.0,0,0.0
745,Byfield,DEF,Tottenham,4.0,1,0,0.25,1,0,0,0.0,0.0,0.0,0,0.0,0,0,0,1,0,0,0.0,0.0,0.0,0,0.0,0,0,0,0.0,0.0,0.0,0,0.0
750,Rowswell,DEF,Tottenham,4.0,1,0,0.25,1,0,0,0.0,0.0,0.0,0,0.36,0,0,0,0,0,0,0.0,0.0,0.0,0,0.0,1,0,0,0.0,0.0,0.0,0,0.36
133,Peart-Harris,MID,Brentford,4.4,1,0,0.23,1,0,0,0.0,0.0,0.0,0,0.0,0,0,0,0,0,0,0.0,0.0,0.0,0,0.0,1,0,0,0.0,0.0,0.0,0,0.0
175,Knight,MID,Brighton,4.4,1,0,0.23,1,0,0,0.0,0.0,0.0,0,0.0,0,0,0,1,0,0,0.0,0.0,0.0,0,0.0,0,0,0,0.0,0.0,0.0,0,0.0
281,Rodney,MID,Crystal Palace,4.4,1,0,0.23,1,0,0,0.0,0.0,0.0,0,0.65,0,0,0,0,0,0,0.0,0.0,0.0,0,0.0,1,0,0,0.0,0.0,0.0,0,0.65
702,Burrowes,MID,Aston Villa,4.3,1,0,0.23,1,0,0,0.0,0.0,0.0,1,0.9,0,1,0,1,0,0,0.0,0.0,0.0,1,0.9,0,0,0,0.0,0.0,0.0,0,0.0
62,Jimoh-Aloba,MID,Aston Villa,4.5,1,0,0.22,1,0,0,0.0,0.0,0.0,0,0.61,0,1,0,0,0,0,0.0,0.0,0.0,0,0.0,1,0,0,0.0,0.0,0.0,0,0.61
96,Winterburn,MID,Bournemouth,4.5,1,0,0.22,1,0,0,0.0,0.0,0.0,2,0.31,0,0,0,0,0,0,0.0,0.0,0.0,0,0.0,1,0,0,0.0,0.0,0.0,2,0.31
213,Banel,MID,Burnley,4.5,1,0,0.22,1,0,0,0.0,0.0,0.0,0,0.05,0,0,0,0,0,0,0.0,0.0,0.0,0,0.0,1,0,0,0.0,0.0,0.0,0,0.05
744,Oriola,MID,Brighton,4.5,1,0,0.22,1,0,0,0.0,0.0,0.0,0,0.0,0,0,0,1,0,0,0.0,0.0,0.0,0,0.0,0,0,0,0.0,0.0,0.0,0,0.0
797,Furo,FWD,Brentford,4.5,1,0,0.22,1,0,0,0.0,0.0,0.0,0,0.02,0,0,0,1,0,0,0.0,0.0,0.0,0,0.02,0,0,0,0.0,0.0,0.0,0,0.0
840,Mheuka,FWD,Chelsea,4.5,1,0,0.22,1,0,0,0.0,0.0,0.0,0,0.05,0,1,0,1,0,0,0.0,0.0,0.0,0,0.05,0,0,0,0.0,0.0,0.0,0,0.0
285,Édouard,FWD,Crystal Palace,5.0,1,0,0.2,1,0,0,0.0,0.0,0.0,0,0.27,0,1,0,1,0,0,0.0,0.0,0.0,0,0.27,0,0,0,0.0,0.0,0.0,0,0.0
518,Jota,MID,Nott'ham Forest,5.4,1,0,0.19,1,0,0,0.0,0.0,0.0,0,0.0,0,3,0,1,0,0,0.0,0.0,0.0,0,0.0,0,0,0,0.0,0.0,0.0,0,0.0
2,Arrizabalaga,GK,Arsenal,4.0,0,0,0.0,0,0,0,0.0,0.0,0.0,0,0.0,0,0,0,0,0,0,0.0,0.0,0.0,0,0.0,0,0,0,0.0,0.0,0.0,0,0.0
3,Hein,GK,Arsenal,4.0,0,0,0.0,0,0,0,0.0,0.0,0.0,0,0.0,0,0,0,0,0,0,0.0,0.0,0.0,0,0.0,0,0,0,0.0,0.0,0.0,0,0.0
4,Setford,GK,Arsenal,3.9,0,0,0.0,0,0,0,0.0,0.0,0.0,0,0.0,0,0,0,0,0,0,0.0,0.0,0.0,0,0.0,0,0,0,0.0,0.0,0.0,0,0.0
9,Kiwior,DEF,Arsenal,5.4,0,0,0.0,0,0,0,0.0,0.0,0.0,0,0.0,0,0,0,0,0,0,0.0,0.0,0.0,0,0.0,0,0,0,0.0,0.0,0.0,0,0.0
13,Clarke,DEF,Arsenal,3.7,0,0,0.0,0,0,0,0.0,0.0,0.0,0,0.0,0,0,0,0,0,0,0.0,0.0,0.0,0,0.0,0,0,0,0.0,0.0,0.0,0,0.0
14,Kacurri,DEF,Arsenal,3.9,0,0,0.0,0,0,0,0.0,0.0,0.0,0,0.0,0,0,0,0,0,0,0.0,0.0,0.0,0,0.0,0,0,0,0.0,0.0,0.0,0,0.0
15,Nichols,DEF,Arsenal,3.7,0,0,0.0,0,0,0,0.0,0.0,0.0,0,0.0,0,0,0,0,0,0,0.0,0.0,0.0,0,0.0,0,0,0,0.0,0.0,0.0,0,0.0
23,Fábio Vieira,MID,Arsenal,5.4,0,0,0.0,0,0,0,0.0,0.0,0.0,0,0.0,0,0,0,0,0,0,0.0,0.0,0.0,0,0.0,0,0,0,0.0,0.0,0.0,0,0.0
28,Kabia,MID,Arsenal,4.5,0,0,0.0,0,0,0,0.0,0.0,0.0,0,0.0,0,0,0,0,0,0,0.0,0.0,0.0,0,0.0,0,0,0,0.0,0.0,0.0,0,0.0
29,Sambi,MID,Arsenal,4.5,0,0,0.0,0,0,0,0.0,0.0,0.0,0,0.0,0,0,0,0,0,0,0.0,0.0,0.0,0,0.0,0,0,0,0.0,0.0,0.0,0,0.0
34,Gauci,GK,Aston Villa,4.0,0,0,0.0,0,0,0,0.0,0.0,0.0,0,0.0,0,0,0,0,0,0,0.0,0.0,0.0,0,0.0,0,0,0,0.0,0.0,0.0,0,0.0
35,Marschall,GK,Aston Villa,4.0,0,0,0.0,0,0,0,0.0,0.0,0.0,0,0.0,0,0,0,0,0,0,0.0,0.0,0.0,0,0.0,0,0,0,0.0,0.0,0.0,0,0.0
43,Alex Moreno,DEF,Aston Villa,4.0,0,0,0.0,0,0,0,0.0,0.0,0.0,0,0.0,0,0,0,0,0,0,0.0,0.0,0.0,0,0.0,0,0,0,0.0,0.0,0.0,0,0.0
45,Sousa,DEF,Aston Villa,3.8,0,0,0.0,0,0,0,0.0,0.0,0.0,0,0.0,0,0,0,0,0,0,0.0,0.0,0.0,0,0.0,0,0,0,0.0,0.0,0.0,0,0.0
46,Yasin,DEF,Aston Villa,4.0,0,0,0.0,0,0,0,0.0,0.0,0.0,0,0.0,0,0,0,0,0,0,0.0,0.0,0.0,0,0.0,0,0,0,0.0,0.0,0.0,0,0.0
51,Iling Jr,MID,Aston Villa,5.5,0,0,0.0,0,0,0,0.0,0.0,0.0,0,0.0,0,0,0,0,0,0,0.0,0.0,0.0,0,0.0,0,0,0,0.0,0.0,0.0,0,0.0
56,Barrenechea,MID,Aston Villa,5.0,0,0,0.0,0,0,0,0.0,0.0,0.0,0,0.0,0,0,0,0,0,0,0.0,0.0,0.0,0,0.0,0,0,0,0.0,0.0,0.0,0,0.0
57,Dobbin,MID,Aston Villa,5.0,0,0,0.0,0,0,0,0.0,0.0,0.0,0,0.0,0,0,0,0,0,0,0.0,0.0,0.0,0,0.0,0,0,0,0.0,0.0,0.0,0,0.0
60,Broggio,MID,Aston Villa,4.4,0,0,0.0,0,0,0,0.0,0.0,0.0,0,0.0,0,0,0,0,0,0,0.0,0.0,0.0,0,0.0,0,0,0,0.0,0.0,0.0,0,0.0
61,Dendoncker,MID,Aston Villa,4.5,0,0,0.0,0,0,0,0.0,0.0,0.0,0,0.0,0,0,0,0,0,0,0.0,0.0,0.0,0,0.0,0,0,0,0.0,0.0,0.0,0,0.0
63,Young,MID,Aston Villa,4.3,0,0,0.0,0,0,0,0.0,0.0,0.0,0,0.0,0,0,0,0,0,0,0.0,0.0,0.0,0,0.0,0,0,0,0.0,0.0,0.0,0,0.0
65,Redmond,FWD,Aston Villa,4.5,0,0,0.0,0,0,0,0.0,0.0,0.0,0,0.0,0,0,0,0,0,0,0.0,0.0,0.0,0,0.0,0,0,0,0.0,0.0,0.0,0,0.0
66,Neto,GK,Bournemouth,4.5,0,0,0.0,0,0,0,0.0,0.0,0.0,0,0.0,0,0,0,0,0,0,0.0,0.0,0.0,0,0.0,0,0,0,0.0,0.0,0.0,0,0.0
68,Dennis,GK,Bournemouth,4.0,0,0,0.0,0,0,0,0.0,0.0,0.0,0,0.0,0,0,0,0,0,0,0.0,0.0,0.0,0,0.0,0,0,0,0.0,0.0,0.0,0,0.0
69,McKenna,GK,Bournemouth,3.9,0,0,0.0,0,0,0,0.0,0.0,0.0,0,0.0,0,0,0,0,0,0,0.0,0.0,0.0,0,0.0,0,0,0,0.0,0.0,0.0,0,0.0
70,Paulsen,GK,Bournemouth,4.0,0,0,0.0,0,0,0,0.0,0.0,0.0,0,0.0,0,0,0,0,0,0,0.0,0.0,0.0,0,0.0,0,0,0,0.0,0.0,0.0,0,0.0
71,Zabarnyi,DEF,Bournemouth,5.0,0,0,0.0,0,0,0,0.0,0.0,0.0,0,0.0,0,0,0,0,0,0,0.0,0.0,0.0,0,0.0,0,0,0,0.0,0.0,0.0,0,0.0
75,Akinmboni,DEF,Bournemouth,3.8,0,0,0.0,0,0,0,0.0,0.0,0.0,0,0.0,0,0,0,0,0,0,0.0,0.0,0.0,0,0.0,0,0,0,0.0,0.0,0.0,0,0.0
76,Bevan,DEF,Bournemouth,3.8,0,0,0.0,0,0,0,0.0,0.0,0.0,0,0.0,0,0,0,0,0,0,0.0,0.0,0.0,0,0.0,0,0,0,0.0,0.0,0.0,0,0.0
78,J.Araujo,DEF,Bournemouth,3.8,0,0,0.0,0,0,0,0.0,0.0,0.0,0,0.0,0,0,0,0,0,0,0.0,0.0,0.0,0,0.0,0,0,0,0.0,0.0,0.0,0,0.0
79,Mepham,DEF,Bournemouth,4.0,0,0,0.0,0,0,0,0.0,0.0,0.0,0,0.0,0,0,0,0,0,0,0.0,0.0,0.0,0,0.0,0,0,0,0.0,0.0,0.0,0,0.0
89,Philip,MID,Bournemouth,4.9,0,0,0.0,0,0,0,0.0,0.0,0.0,0,0.0,0,0,0,0,0,0,0.0,0.0,0.0,0,0.0,0,0,0,0.0,0.0,0.0,0,0.0
91,Sinisterra,MID,Bournemouth,5.0,0,0,0.0,0,0,0,0.0,0.0,0.0,0,0.0,0,0,0,0,0,0,0.0,0.0,0.0,0,0.0,0,0,0,0.0,0.0,0.0,0,0.0
92,Faivre,MID,Bournemouth,4.5,0,0,0.0,0,0,0,0.0,0.0,0.0,0,0.0,0,0,0,0,0,0,0.0,0.0,0.0,0,0.0,0,0,0,0.0,0.0,0.0,0,0.0
94,Sadi,MID,Bournemouth,4.5,0,0,0.0,0,0,0,0.0,0.0,0.0,0,0.0,0,0,0,0,0,0,0.0,0.0,0.0,0,0.0,0,0,0,0.0,0.0,0.0,0,0.0
95,Silcott-Duberry,MID,Bournemouth,4.4,0,0,0.0,0,0,0,0.0,0.0,0.0,0,0.0,0,0,0,0,0,0,0.0,0.0,0.0,0,0.0,0,0,0,0.0,0.0,0.0,0,0.0
99,Adu-Adjei,FWD,Bournemouth,4.4,0,0,0.0,0,0,0,0.0,0.0,0.0,0,0.0,0,0,0,0,0,0,0.0,0.0,0.0,0,0.0,0,0,0,0.0,0.0,0.0,0,0.0
102,Balcombe,GK,Brentford,3.9,0,0,0.0,0,0,0,0.0,0.0,0.0,0,0.0,0,0,0,0,0,0,0.0,0.0,0.0,0,0.0,0,0,0,0.0,0.0,0.0,0,0.0
103,Cox,GK,Brentford,3.9,0,0,0.0,0,0,0,0.0,0.0,0.0,0,0.0,0,0,0,0,0,0,0.0,0.0,0.0,0,0.0,0,0,0,0.0,0.0,0.0,0,0.0
104,Eyestone,GK,Brentford,3.9,0,0,0.0,0,0,0,0.0,0.0,0.0,0,0.0,0,0,0,0,0,0,0.0,0.0,0.0,0,0.0,0,0,0,0.0,0.0,0.0,0,0.0
112,Roerslev,DEF,Brentford,4.5,0,0,0.0,0,0,0,0.0,0.0,0.0,0,0.0,0,0,0,0,0,0,0.0,0.0,0.0,0,0.0,0,0,0,0.0,0.0,0.0,0,0.0
114,Arthur,DEF,Brentford,3.8,0,0,0.0,0,0,0,0.0,0.0,0.0,0,0.0,0,0,0,0,0,0,0.0,0.0,0.0,0,0.0,0,0,0,0.0,0.0,0.0,0,0.0
115,Fredrick,DEF,Brentford,4.0,0,0,0.0,0,0,0,0.0,0.0,0.0,0,0.0,0,0,0,0,0,0,0.0,0.0,0.0,0,0.0,0,0,0,0.0,0.0,0.0,0,0.0
117,Ji-soo,DEF,Brentford,3.9,0,0,0.0,0,0,0,0.0,0.0,0.0,0,0.0,0,0,0,0,0,0,0.0,0.0,0.0,0,0.0,0,0,0,0.0,0.0,0.0,0,0.0
118,Meghoma,DEF,Brentford,4.0,0,0,0.0,0,0,0,0.0,0.0,0.0,0,0.0,0,0,0,0,0,0,0.0,0.0,0.0,0,0.0,0,0,0,0.0,0.0,0.0,0,0.0
127,Nunes,MID,Brentford,4.9,0,0,0.0,0,0,0,0.0,0.0,0.0,0,0.0,0,0,0,0,0,0,0.0,0.0,0.0,0,0.0,0,0,0,0.0,0.0,0.0,0,0.0
131,Konak,MID,Brentford,4.3,0,0,0.0,0,0,0,0.0,0.0,0.0,0,0.0,0,0,0,0,0,0,0.0,0.0,0.0,0,0.0,0,0,0,0.0,0.0,0.0,0,0.0
132,Maghoma,MID,Brentford,4.5,0,0,0.0,0,0,0,0.0,0.0,0.0,0,0.0,0,0,0,0,0,0,0.0,0.0,0.0,0,0.0,0,0,0,0.0,0.0,0.0,0,0.0
134,Trevitt,MID,Brentford,4.5,0,0,0.0,0,0,0,0.0,0.0,0.0,0,0.0,0,0,0,0,0,0,0.0,0.0,0.0,0,0.0,0,0,0,0.0,0.0,0.0,0,0.0
137,Morgan,FWD,Brentford,4.4,0,0,0.0,0,0,0,0.0,0.0,0.0,0,0.0,0,0,0,0,0,0,0.0,0.0,0.0,0,0.0,0,0,0,0.0,0.0,0.0,0,0.0
138,Steele,GK,Brighton,4.2,0,0,0.0,0,0,0,0.0,0.0,0.0,0,0.0,0,0,0,0,0,0,0.0,0.0,0.0,0,0.0,0,0,0,0.0,0.0,0.0,0,0.0
140,McGill,GK,Brighton,3.9,0,0,0.0,0,0,0,0.0,0.0,0.0,0,0.0,0,0,0,0,0,0,0.0,0.0,0.0,0,0.0,0,0,0,0.0,0.0,0.0,0,0.0
141,Rushworth,GK,Brighton,4.0,0,0,0.0,0,0,0,0.0,0.0,0.0,0,0.0,0,0,0,0,0,0,0.0,0.0,0.0,0,0.0,0,0,0,0.0,0.0,0.0,0,0.0
142,Scherpen,GK,Brighton,4.0,0,0,0.0,0,0,0,0.0,0.0,0.0,0,0.0,0,0,0,0,0,0,0.0,0.0,0.0,0,0.0,0,0,0,0.0,0.0,0.0,0,0.0
147,Estupiñan,DEF,Brighton,4.5,0,0,0.0,0,0,0,0.0,0.0,0.0,0,0.0,0,0,0,0,0,0,0.0,0.0,0.0,0,0.0,0,0,0,0.0,0.0,0.0,0,0.0
150,Lamptey,DEF,Brighton,4.4,0,0,0.0,0,0,0,0.0,0.0,0.0,0,0.0,0,0,0,0,0,0,0.0,0.0,0.0,0,0.0,0,0,0,0.0,0.0,0.0,0,0.0
153,Webster,DEF,Brighton,4.4,0,0,0.0,0,0,0,0.0,0.0,0.0,0,0.0,0,0,0,0,0,0,0.0,0.0,0.0,0,0.0,0,0,0,0.0,0.0,0.0,0,0.0
154,Cashin,DEF,Brighton,4.0,0,0,0.0,0,0,0,0.0,0.0,0.0,0,0.0,0,0,0,0,0,0,0.0,0.0,0.0,0,0.0,0,0,0,0.0,0.0,0.0,0,0.0
155,Slater,DEF,Brighton,4.0,0,0,0.0,0,0,0,0.0,0.0,0.0,0,0.0,0,0,0,0,0,0,0.0,0.0,0.0,0,0.0,0,0,0,0.0,0.0,0.0,0,0.0
156,Tasker,DEF,Brighton,3.8,0,0,0.0,0,0,0,0.0,0.0,0.0,0,0.0,0,0,0,0,0,0,0.0,0.0,0.0,0,0.0,0,0,0,0.0,0.0,0.0,0,0.0
161,Enciso,MID,Brighton,5.4,0,0,0.0,0,0,0,0.0,0.0,0.0,0,0.0,0,0,0,0,0,0,0.0,0.0,0.0,0,0.0,0,0,0,0.0,0.0,0.0,0,0.0
165,Sima,MID,Brighton,5.4,0,0,0.0,0,0,0,0.0,0.0,0.0,0,0.0,0,0,0,0,0,0,0.0,0.0,0.0,0,0.0,0,0,0,0.0,0.0,0.0,0,0.0
171,Sarmiento,MID,Brighton,4.9,0,0,0.0,0,0,0,0.0,0.0,0.0,0,0.0,0,0,0,0,0,0,0.0,0.0,0.0,0,0.0,0,0,0,0.0,0.0,0.0,0,0.0
174,Yalcouye,MID,Brighton,5.0,0,0,0.0,0,0,0,0.0,0.0,0.0,0,0.0,0,0,0,0,0,0,0.0,0.0,0.0,0,0.0,0,0,0,0.0,0.0,0.0,0,0.0
176,Mazilu,MID,Brighton,4.5,0,0,0.0,0,0,0,0.0,0.0,0.0,0,0.0,0,0,0,0,0,0,0.0,0.0,0.0,0,0.0,0,0,0,0.0,0.0,0.0,0,0.0
177,Moran,MID,Brighton,4.5,0,0,0.0,0,0,0,0.0,0.0,0.0,0,0.0,0,0,0,0,0,0,0.0,0.0,0.0,0,0.0,0,0,0,0.0,0.0,0.0,0,0.0
179,Ferguson,FWD,Brighton,5.5,0,0,0.0,0,0,0,0.0,0.0,0.0,0,0.0,0,0,0,0,0,0,0.0,0.0,0.0,0,0.0,0,0,0,0.0,0.0,0.0,0,0.0
184,Green,GK,Burnley,4.0,0,0,0.0,0,0,0,0.0,0.0,0.0,0,0.0,0,0,0,0,0,0,0.0,0.0,0.0,0,0.0,0,0,0,0.0,0.0,0.0,0,0.0
185,Hladký,GK,Burnley,3.9,0,0,0.0,0,0,0,0.0,0.0,0.0,0,0.0,0,0,0,0,0,0,0.0,0.0,0.0,0,0.0,0,0,0,0.0,0.0,0.0,0,0.0
186,Roberts,DEF,Burnley,4.3,0,0,0.0,0,0,0,0.0,0.0,0.0,0,0.0,0,0,0,0,0,0,0.0,0.0,0.0,0,0.0,0,0,0,0.0,0.0,0.0,0,0.0
188,Delcroix,DEF,Burnley,3.8,0,0,0.0,0,0,0,0.0,0.0,0.0,0,0.0,0,0,0,0,0,0,0.0,0.0,0.0,0,0.0,0,0,0,0.0,0.0,0.0,0,0.0
189,Dodgson,DEF,Burnley,4.0,0,0,0.0,0,0,0,0.0,0.0,0.0,0,0.0,0,0,0,0,0,0,0.0,0.0,0.0,0,0.0,0,0,0,0.0,0.0,0.0,0,0.0
194,Jordan,DEF,Burnley,3.9,0,0,0.0,0,0,0,0.0,0.0,0.0,0,0.0,0,0,0,0,0,0,0.0,0.0,0.0,0,0.0,0,0,0,0.0,0.0,0.0,0,0.0
196,Sambo,DEF,Burnley,4.0,0,0,0.0,0,0,0,0.0,0.0,0.0,0,0.0,0,0,0,0,0,0,0.0,0.0,0.0,0,0.0,0,0,0,0.0,0.0,0.0,0,0.0
201,Benson,MID,Burnley,5.4,0,0,0.0,0,0,0,0.0,0.0,0.0,0,0.0,0,0,0,0,0,0,0.0,0.0,0.0,0,0.0,0,0,0,0.0,0.0,0.0,0,0.0
203,Boateng,MID,Burnley,4.7,0,0,0.0,0,0,0,0.0,0.0,0.0,0,0.0,0,0,0,0,0,0,0.0,0.0,0.0,0,0.0,0,0,0,0.0,0.0,0.0,0,0.0
204,Churlinov,MID,Burnley,4.9,0,0,0.0,0,0,0,0.0,0.0,0.0,0,0.0,0,0,0,0,0,0,0.0,0.0,0.0,0,0.0,0,0,0,0.0,0.0,0.0,0,0.0
208,Koleosho,MID,Burnley,5.0,0,0,0.0,0,0,0,0.0,0.0,0.0,0,0.0,0,0,0,0,0,0,0.0,0.0,0.0,0,0.0,0,0,0,0.0,0.0,0.0,0,0.0
211,A.Ramsey,MID,Burnley,4.4,0,0,0.0,0,0,0,0.0,0.0,0.0,0,0.0,0,0,0,0,0,0,0.0,0.0,0.0,0,0.0,0,0,0,0.0,0.0,0.0,0,0.0
212,Adewumi,MID,Burnley,4.5,0,0,0.0,0,0,0,0.0,0.0,0.0,0,0.0,0,0,0,0,0,0,0.0,0.0,0.0,0,0.0,0,0,0,0.0,0.0,0.0,0,0.0
219,Obafemi,FWD,Burnley,4.4,0,0,0.0,0,0,0,0.0,0.0,0.0,0,0.0,0,0,0,0,0,0,0.0,0.0,0.0,0,0.0,0,0,0,0.0,0.0,0.0,0,0.0
222,Penders,GK,Chelsea,4.0,0,0,0.0,0,0,0,0.0,0.0,0.0,0,0.0,0,0,0,0,0,0,0.0,0.0,0.0,0,0.0,0,0,0,0.0,0.0,0.0,0,0.0
223,Slonina,GK,Chelsea,3.8,0,0,0.0,0,0,0,0.0,0.0,0.0,0,0.0,0,0,0,0,0,0,0.0,0.0,0.0,0,0.0,0,0,0,0.0,0.0,0.0,0,0.0
234,Anselmino,DEF,Chelsea,4.0,0,0,0.0,0,0,0,0.0,0.0,0.0,0,0.0,0,0,0,0,0,0,0.0,0.0,0.0,0,0.0,0,0,0,0.0,0.0,0.0,0,0.0
240,Nkunku,MID,Chelsea,5.9,0,0,0.0,0,0,0,0.0,0.0,0.0,0,0.0,0,0,0,0,0,0,0.0,0.0,0.0,0,0.0,0,0,0,0.0,0.0,0.0,0,0.0
245,Mudryk,MID,Chelsea,4.9,0,0,0.0,0,0,0,0.0,0.0,0.0,0,0.0,0,0,0,0,0,0,0.0,0.0,0.0,0,0.0,0,0,0,0.0,0.0,0.0,0,0.0
248,Paez,MID,Chelsea,4.5,0,0,0.0,0,0,0,0.0,0.0,0.0,0,0.0,0,0,0,0,0,0,0.0,0.0,0.0,0,0.0,0,0,0,0.0,0.0,0.0,0,0.0
251,N.Jackson,FWD,Chelsea,6.5,0,0,0.0,0,0,0,0.0,0.0,0.0,0,0.0,0,0,0,0,0,0,0.0,0.0,0.0,0,0.0,0,0,0,0.0,0.0,0.0,0,0.0
255,Matthews,GK,Crystal Palace,3.9,0,0,0.0,0,0,0,0.0,0.0,0.0,0,0.0,0,0,0,0,0,0,0.0,0.0,0.0,0,0.0,0,0,0,0.0,0.0,0.0,0,0.0
264,Holding,DEF,Crystal Palace,4.0,0,0,0.0,0,0,0,0.0,0.0,0.0,0,0.0,0,0,0,0,0,0,0.0,0.0,0.0,0,0.0,0,0,0,0.0,0.0,0.0,0,0.0
265,Kporha,DEF,Crystal Palace,4.0,0,0,0.0,0,0,0,0.0,0.0,0.0,0,0.0,0,0,0,0,0,0,0.0,0.0,0.0,0,0.0,0,0,0,0.0,0.0,0.0,0,0.0
268,Doucouré,MID,Crystal Palace,4.9,0,0,0.0,0,0,0,0.0,0.0,0.0,0,0.0,0,0,0,0,0,0,0.0,0.0,0.0,0,0.0,0,0,0,0.0,0.0,0.0,0,0.0
274,Agbinone,MID,Crystal Palace,4.3,0,0,0.0,0,0,0,0.0,0.0,0.0,0,0.0,0,0,0,0,0,0,0.0,0.0,0.0,0,0.0,0,0,0,0.0,0.0,0.0,0,0.0
275,Ahamada,MID,Crystal Palace,4.3,0,0,0.0,0,0,0,0.0,0.0,0.0,0,0.0,0,0,0,0,0,0,0.0,0.0,0.0,0,0.0,0,0,0,0.0,0.0,0.0,0,0.0
277,Ebiowei,MID,Crystal Palace,4.5,0,0,0.0,0,0,0,0.0,0.0,0.0,0,0.0,0,0,0,0,0,0,0.0,0.0,0.0,0,0.0,0,0,0,0.0,0.0,0.0,0,0.0
278,J.Rak-Sakyi,MID,Crystal Palace,4.4,0,0,0.0,0,0,0,0.0,0.0,0.0,0,0.0,0,0,0,0,0,0,0.0,0.0,0.0,0,0.0,0,0,0,0.0,0.0,0.0,0,0.0
279,M.França,MID,Crystal Palace,4.5,0,0,0.0,0,0,0,0.0,0.0,0.0,0,0.0,0,0,0,0,0,0,0.0,0.0,0.0,0,0.0,0,0,0,0.0,0.0,0.0,0,0.0
280,Ozoh,MID,Crystal Palace,4.5,0,0,0.0,0,0,0,0.0,0.0,0.0,0,0.0,0,0,0,0,0,0,0.0,0.0,0.0,0,0.0,0,0,0,0.0,0.0,0.0,0,0.0
282,Umeh,MID,Crystal Palace,4.5,0,0,0.0,0,0,0,0.0,0.0,0.0,0,0.0,0,0,0,0,0,0,0.0,0.0,0.0,0,0.0,0,0,0,0.0,0.0,0.0,0,0.0
286,Marsh,FWD,Crystal Palace,4.4,0,0,0.0,0,0,0,0.0,0.0,0.0,0,0.0,0,0,0,0,0,0,0.0,0.0,0.0,0,0.0,0,0,0,0.0,0.0,0.0,0,0.0
288,Travers,GK,Everton,4.2,0,0,0.0,0,0,0,0.0,0.0,0.0,0,0.0,0,0,0,0,0,0,0.0,0.0,0.0,0,0.0,0,0,0,0.0,0.0,0.0,0,0.0
289,Tyrer,GK,Everton,3.9,0,0,0.0,0,0,0,0.0,0.0,0.0,0,0.0,0,0,0,0,0,0,0.0,0.0,0.0,0,0.0,0,0,0,0.0,0.0,0.0,0,0.0
297,Dixon,DEF,Everton,3.8,0,0,0.0,0,0,0,0.0,0.0,0.0,0,0.0,0,0,0,0,0,0,0.0,0.0,0.0,0,0.0,0,0,0,0.0,0.0,0.0,0,0.0
298,Welch,DEF,Everton,3.8,0,0,0.0,0,0,0,0.0,0.0,0.0,0,0.0,0,0,0,0,0,0,0.0,0.0,0.0,0,0.0,0,0,0,0.0,0.0,0.0,0,0.0
306,Bates,MID,Everton,4.3,0,0,0.0,0,0,0,0.0,0.0,0.0,0,0.0,0,0,0,0,0,0,0.0,0.0,0.0,0,0.0,0,0,0,0.0,0.0,0.0,0,0.0
307,Ebere,MID,Everton,4.4,0,0,0.0,0,0,0,0.0,0.0,0.0,0,0.0,0,0,0,0,0,0,0.0,0.0,0.0,0,0.0,0,0,0,0.0,0.0,0.0,0,0.0
308,Heath,MID,Everton,4.5,0,0,0.0,0,0,0,0.0,0.0,0.0,0,0.0,0,0,0,0,0,0,0.0,0.0,0.0,0,0.0,0,0,0,0.0,0.0,0.0,0,0.0
309,Metcalfe,MID,Everton,4.5,0,0,0.0,0,0,0,0.0,0.0,0.0,0,0.0,0,0,0,0,0,0,0.0,0.0,0.0,0,0.0,0,0,0,0.0,0.0,0.0,0,0.0
312,Y.Chermiti,FWD,Everton,4.9,0,0,0.0,0,0,0,0.0,0.0,0.0,0,0.0,0,0,0,0,0,0,0.0,0.0,0.0,0,0.0,0,0,0,0.0,0.0,0.0,0,0.0
313,Sherif,FWD,Everton,4.4,0,0,0.0,0,0,0,0.0,0.0,0.0,0,0.0,0,0,0,0,0,0,0.0,0.0,0.0,0,0.0,0,0,0,0.0,0.0,0.0,0,0.0
315,Benda,GK,Fulham,4.0,0,0,0.0,0,0,0,0.0,0.0,0.0,0,0.0,0,0,0,0,0,0,0.0,0.0,0.0,0,0.0,0,0,0,0.0,0.0,0.0,0,0.0
323,Amissah,DEF,Fulham,3.8,0,0,0.0,0,0,0,0.0,0.0,0.0,0,0.0,0,0,0,0,0,0,0.0,0.0,0.0,0,0.0,0,0,0,0.0,0.0,0.0,0,0.0
327,Andreas,MID,Fulham,5.3,0,0,0.0,0,0,0,0.0,0.0,0.0,0,0.0,0,0,0,0,0,0,0.0,0.0,0.0,0,0.0,0,0,0,0.0,0.0,0.0,0,0.0
333,Godo,MID,Fulham,4.5,0,0,0.0,0,0,0,0.0,0.0,0.0,0,0.0,0,0,0,0,0,0,0.0,0.0,0.0,0,0.0,0,0,0,0.0,0.0,0.0,0,0.0
334,Harris,MID,Fulham,4.5,0,0,0.0,0,0,0,0.0,0.0,0.0,0,0.0,0,0,0,0,0,0,0.0,0.0,0.0,0,0.0,0,0,0,0.0,0.0,0.0,0,0.0
339,Meslier,GK,Leeds United,4.1,0,0,0.0,0,0,0,0.0,0.0,0.0,0,0.0,0,0,0,0,0,0,0.0,0.0,0.0,0,0.0,0,0,0,0.0,0.0,0.0,0,0.0
340,Cairns,GK,Leeds United,3.9,0,0,0.0,0,0,0,0.0,0.0,0.0,0,0.0,0,0,0,0,0,0,0.0,0.0,0.0,0,0.0,0,0,0,0.0,0.0,0.0,0,0.0
349,Schmidt,DEF,Leeds United,4.0,0,0,0.0,0,0,0,0.0,0.0,0.0,0,0.0,0,0,0,0,0,0,0.0,0.0,0.0,0,0.0,0,0,0,0.0,0.0,0.0,0,0.0
355,Greenwood,MID,Leeds United,4.9,0,0,0.0,0,0,0,0.0,0.0,0.0,0,0.0,0,0,0,0,0,0,0.0,0.0,0.0,0,0.0,0,0,0,0.0,0.0,0.0,0,0.0
357,Ramazani,MID,Leeds United,4.9,0,0,0.0,0,0,0,0.0,0.0,0.0,0,0.0,0,0,0,0,0,0,0.0,0.0,0.0,0,0.0,0,0,0,0.0,0.0,0.0,0,0.0
359,Crew,MID,Leeds United,4.5,0,0,0.0,0,0,0,0.0,0.0,0.0,0,0.0,0,0,0,0,0,0,0.0,0.0,0.0,0,0.0,0,0,0,0.0,0.0,0.0,0,0.0
360,Gelhardt,MID,Leeds United,4.5,0,0,0.0,0,0,0,0.0,0.0,0.0,0,0.0,0,0,0,0,0,0,0.0,0.0,0.0,0,0.0,0,0,0,0.0,0.0,0.0,0,0.0
361,Gyabi,MID,Leeds United,4.5,0,0,0.0,0,0,0,0.0,0.0,0.0,0,0.0,0,0,0,0,0,0,0.0,0.0,0.0,0,0.0,0,0,0,0.0,0.0,0.0,0,0.0
363,Bamford,FWD,Leeds United,4.9,0,0,0.0,0,0,0,0.0,0.0,0.0,0,0.0,0,0,0,0,0,0,0.0,0.0,0.0,0,0.0,0,0,0,0.0,0.0,0.0,0,0.0
364,Mateo Joseph,FWD,Leeds United,5.0,0,0,0.0,0,0,0,0.0,0.0,0.0,0,0.0,0,0,0,0,0,0,0.0,0.0,0.0,0,0.0,0,0,0,0.0,0.0,0.0,0,0.0
368,Pécsi,GK,Liverpool,3.8,0,0,0.0,0,0,0,0.0,0.0,0.0,0,0.0,0,0,0,0,0,0,0.0,0.0,0.0,0,0.0,0,0,0,0.0,0.0,0.0,0,0.0
377,Tsimikas,DEF,Liverpool,4.8,0,0,0.0,0,0,0,0.0,0.0,0.0,0,0.0,0,0,0,0,0,0,0.0,0.0,0.0,0,0.0,0,0,0,0.0,0.0,0.0,0,0.0
378,Nallo,DEF,Liverpool,3.7,0,0,0.0,0,0,0,0.0,0.0,0.0,0,0.0,0,0,0,0,0,0,0.0,0.0,0.0,0,0.0,0,0,0,0.0,0.0,0.0,0,0.0
379,R.Williams,DEF,Liverpool,3.7,0,0,0.0,0,0,0,0.0,0.0,0.0,0,0.0,0,0,0,0,0,0,0.0,0.0,0.0,0,0.0,0,0,0,0.0,0.0,0.0,0,0.0
380,Ramsay,DEF,Liverpool,3.7,0,0,0.0,0,0,0,0.0,0.0,0.0,0,0.0,0,0,0,0,0,0,0.0,0.0,0.0,0,0.0,0,0,0,0.0,0.0,0.0,0,0.0
383,Luis Díaz,MID,Liverpool,8.0,0,0,0.0,0,0,0,0.0,0.0,0.0,0,0.0,0,0,0,0,0,0,0.0,0.0,0.0,0,0.0,0,0,0,0.0,0.0,0.0,0,0.0
393,Bajcetic,MID,Liverpool,4.2,0,0,0.0,0,0,0,0.0,0.0,0.0,0,0.0,0,0,0,0,0,0,0.0,0.0,0.0,0,0.0,0,0,0,0.0,0.0,0.0,0,0.0
394,McConnell,MID,Liverpool,4.4,0,0,0.0,0,0,0,0.0,0.0,0.0,0,0.0,0,0,0,0,0,0,0.0,0.0,0.0,0,0.0,0,0,0,0.0,0.0,0.0,0,0.0
395,Morton,MID,Liverpool,4.5,0,0,0.0,0,0,0,0.0,0.0,0.0,0,0.0,0,0,0,0,0,0,0.0,0.0,0.0,0,0.0,0,0,0,0.0,0.0,0.0,0,0.0
397,Darwin,FWD,Liverpool,6.5,0,0,0.0,0,0,0,0.0,0.0,0.0,0,0.0,0,0,0,0,0,0,0.0,0.0,0.0,0,0.0,0,0,0,0.0,0.0,0.0,0,0.0
398,Danns,FWD,Liverpool,4.3,0,0,0.0,0,0,0,0.0,0.0,0.0,0,0.0,0,0,0,0,0,0,0.0,0.0,0.0,0,0.0,0,0,0,0.0,0.0,0.0,0,0.0
399,Ederson M.,GK,Manchester City,5.3,0,0,0.0,0,0,0,0.0,0.0,0.0,0,0.0,0,0,0,0,0,0,0.0,0.0,0.0,0,0.0,0,0,0,0.0,0.0,0.0,0,0.0
401,Bettinelli,GK,Manchester City,3.8,0,0,0.0,0,0,0,0.0,0.0,0.0,0,0.0,0,0,0,0,0,0,0.0,0.0,0.0,0,0.0,0,0,0,0.0,0.0,0.0,0,0.0
404,Akanji,DEF,Manchester City,5.4,0,0,0.0,0,0,0,0.0,0.0,0.0,0,0.0,0,0,0,0,0,0,0.0,0.0,0.0,0,0.0,0,0,0,0.0,0.0,0.0,0,0.0
412,Vitor Reis,DEF,Manchester City,5.0,0,0,0.0,0,0,0,0.0,0.0,0.0,0,0.0,0,0,0,0,0,0,0.0,0.0,0.0,0,0.0,0,0,0,0.0,0.0,0.0,0,0.0
420,Gündoğan,MID,Manchester City,6.3,0,0,0.0,0,0,0,0.0,0.0,0.0,0,0.0,0,0,0,0,0,0,0.0,0.0,0.0,0,0.0,0,0,0,0.0,0.0,0.0,0,0.0
425,Echeverri,MID,Manchester City,5.4,0,0,0.0,0,0,0,0.0,0.0,0.0,0,0.0,0,0,0,0,0,0,0.0,0.0,0.0,0,0.0,0,0,0,0.0,0.0,0.0,0,0.0
428,Nypan,MID,Manchester City,5.0,0,0,0.0,0,0,0,0.0,0.0,0.0,0,0.0,0,0,0,0,0,0,0.0,0.0,0.0,0,0.0,0,0,0,0.0,0.0,0.0,0,0.0
429,Phillips,MID,Manchester City,4.7,0,0,0.0,0,0,0,0.0,0.0,0.0,0,0.0,0,0,0,0,0,0,0.0,0.0,0.0,0,0.0,0,0,0,0.0,0.0,0.0,0,0.0
432,Onana,GK,Manchester Utd,4.9,0,0,0.0,0,0,0,0.0,0.0,0.0,0,0.0,0,0,0,0,0,0,0.0,0.0,0.0,0,0.0,0,0,0,0.0,0.0,0.0,0,0.0
433,Harrison,GK,Manchester Utd,4.0,0,0,0.0,0,0,0,0.0,0.0,0.0,0,0.0,0,0,0,0,0,0,0.0,0.0,0.0,0,0.0,0,0,0,0.0,0.0,0.0,0,0.0
434,Heaton,GK,Manchester Utd,3.8,0,0,0.0,0,0,0,0.0,0.0,0.0,0,0.0,0,0,0,0,0,0,0.0,0.0,0.0,0,0.0,0,0,0,0.0,0.0,0.0,0,0.0
435,Mee,GK,Manchester Utd,3.9,0,0,0.0,0,0,0,0.0,0.0,0.0,0,0.0,0,0,0,0,0,0,0.0,0.0,0.0,0,0.0,0,0,0,0.0,0.0,0.0,0,0.0
439,D.Leon,DEF,Manchester Utd,4.1,0,0,0.0,0,0,0,0.0,0.0,0.0,0,0.0,0,0,0,0,0,0,0.0,0.0,0.0,0,0.0,0,0,0,0.0,0.0,0.0,0,0.0
445,Amass,DEF,Manchester Utd,4.0,0,0,0.0,0,0,0,0.0,0.0,0.0,0,0.0,0,0,0,0,0,0,0.0,0.0,0.0,0,0.0,0,0,0,0.0,0.0,0.0,0,0.0
451,Rashford,MID,Manchester Utd,7.0,0,0,0.0,0,0,0,0.0,0.0,0.0,0,0.0,0,0,0,0,0,0,0.0,0.0,0.0,0,0.0,0,0,0,0.0,0.0,0.0,0,0.0
454,Antony,MID,Manchester Utd,5.9,0,0,0.0,0,0,0,0.0,0.0,0.0,0,0.0,0,0,0,0,0,0,0.0,0.0,0.0,0,0.0,0,0,0,0.0,0.0,0.0,0,0.0
460,Collyer,MID,Manchester Utd,4.5,0,0,0.0,0,0,0,0.0,0.0,0.0,0,0.0,0,0,0,0,0,0,0.0,0.0,0.0,0,0.0,0,0,0,0.0,0.0,0.0,0,0.0
461,Fitzgerald,MID,Manchester Utd,4.3,0,0,0.0,0,0,0,0.0,0.0,0.0,0,0.0,0,0,0,0,0,0,0.0,0.0,0.0,0,0.0,0,0,0,0.0,0.0,0.0,0,0.0
463,Kone,MID,Manchester Utd,4.3,0,0,0.0,0,0,0,0.0,0.0,0.0,0,0.0,0,0,0,0,0,0,0.0,0.0,0.0,0,0.0,0,0,0,0.0,0.0,0.0,0,0.0
464,Moorhouse,MID,Manchester Utd,4.5,0,0,0.0,0,0,0,0.0,0.0,0.0,0,0.0,0,0,0,0,0,0,0.0,0.0,0.0,0,0.0,0,0,0,0.0,0.0,0.0,0,0.0
465,Højlund,FWD,Manchester Utd,6.3,0,0,0.0,0,0,0,0.0,0.0,0.0,0,0.0,0,0,0,0,0,0,0.0,0.0,0.0,0,0.0,0,0,0,0.0,0.0,0.0,0,0.0
467,Obi,FWD,Manchester Utd,4.2,0,0,0.0,0,0,0,0.0,0.0,0.0,0,0.0,0,0,0,0,0,0,0.0,0.0,0.0,0,0.0,0,0,0,0.0,0.0,0.0,0,0.0
468,Wheatley,FWD,Manchester Utd,4.5,0,0,0.0,0,0,0,0.0,0.0,0.0,0,0.0,0,0,0,0,0,0,0.0,0.0,0.0,0,0.0,0,0,0,0.0,0.0,0.0,0,0.0
471,Gillespie,GK,Newcastle Utd,3.9,0,0,0.0,0,0,0,0.0,0.0,0.0,0,0.0,0,0,0,0,0,0,0.0,0.0,0.0,0,0.0,0,0,0,0.0,0.0,0.0,0,0.0
472,Odysseas,GK,Newcastle Utd,4.0,0,0,0.0,0,0,0,0.0,0.0,0.0,0,0.0,0,0,0,0,0,0,0.0,0.0,0.0,0,0.0,0,0,0,0.0,0.0,0.0,0,0.0
479,Krafth,DEF,Newcastle Utd,4.3,0,0,0.0,1,0,0,0.0,0.0,0.0,2,0.25,0,1,0,0,0,0,0.0,0.0,0.0,0,0.0,1,0,0,0.0,0.0,0.0,2,0.25
482,Ashby,DEF,Newcastle Utd,3.9,0,0,0.0,0,0,0,0.0,0.0,0.0,0,0.0,0,0,0,0,0,0,0.0,0.0,0.0,0,0.0,0,0,0,0.0,0.0,0.0,0,0.0
483,Pivas,DEF,Newcastle Utd,3.8,0,0,0.0,0,0,0,0.0,0.0,0.0,0,0.0,0,0,0,0,0,0,0.0,0.0,0.0,0,0.0,0,0,0,0.0,0.0,0.0,0,0.0
484,Targett,DEF,Newcastle Utd,4.0,0,0,0.0,0,0,0,0.0,0.0,0.0,0,0.0,0,0,0,0,0,0,0.0,0.0,0.0,0,0.0,0,0,0,0.0,0.0,0.0,0,0.0
492,Antoñito C.,MID,Newcastle Utd,4.9,0,0,0.0,0,0,0,0.0,0.0,0.0,0,0.0,0,0,0,0,0,0,0.0,0.0,0.0,0,0.0,0,0,0,0.0,0.0,0.0,0,0.0
495,Hayden,MID,Newcastle Utd,4.5,0,0,0.0,0,0,0,0.0,0.0,0.0,0,0.0,0,0,0,0,0,0,0.0,0.0,0.0,0,0.0,0,0,0,0.0,0.0,0.0,0,0.0
496,Kuol,MID,Newcastle Utd,4.4,0,0,0.0,0,0,0,0.0,0.0,0.0,0,0.0,0,0,0,0,0,0,0.0,0.0,0.0,0,0.0,0,0,0,0.0,0.0,0.0,0,0.0
498,White,MID,Newcastle Utd,4.5,0,0,0.0,0,0,0,0.0,0.0,0.0,0,0.0,0,0,0,0,0,0,0.0,0.0,0.0,0,0.0,0,0,0,0.0,0.0,0.0,0,0.0
501,Neave,FWD,Newcastle Utd,4.3,0,0,0.0,0,0,0,0.0,0.0,0.0,0,0.0,0,0,0,0,0,0,0.0,0.0,0.0,0,0.0,0,0,0,0.0,0.0,0.0,0,0.0
503,C.Miguel,GK,Nott'ham Forest,4.0,0,0,0.0,0,0,0,0.0,0.0,0.0,0,0.0,0,0,0,0,0,0,0.0,0.0,0.0,0,0.0,0,0,0,0.0,0.0,0.0,0,0.0
504,Turner,GK,Nott'ham Forest,4.0,0,0,0.0,0,0,0,0.0,0.0,0.0,0,0.0,0,0,0,0,0,0,0.0,0.0,0.0,0,0.0,0,0,0,0.0,0.0,0.0,0,0.0
509,David Carmo,DEF,Nott'ham Forest,4.5,0,0,0.0,0,0,0,0.0,0.0,0.0,0,0.0,0,0,0,0,0,0,0.0,0.0,0.0,0,0.0,0,0,0,0.0,0.0,0.0,0,0.0
512,O.Richards,DEF,Nott'ham Forest,4.5,0,0,0.0,0,0,0,0.0,0.0,0.0,0,0.0,0,0,0,0,0,0,0.0,0.0,0.0,0,0.0,0,0,0,0.0,0.0,0.0,0,0.0
514,Boly,DEF,Nott'ham Forest,3.8,0,0,0.0,0,0,0,0.0,0.0,0.0,0,0.0,0,0,0,0,0,0,0.0,0.0,0.0,0,0.0,0,0,0,0.0,0.0,0.0,0,0.0
520,O'Brien,MID,Nott'ham Forest,5.0,0,0,0.0,0,0,0,0.0,0.0,0.0,0,0.0,0,0,0,0,0,0,0.0,0.0,0.0,0,0.0,0,0,0,0.0,0.0,0.0,0,0.0
523,Da Silva Moreira,MID,Nott'ham Forest,4.5,0,0,0.0,0,0,0,0.0,0.0,0.0,0,0.0,0,0,0,0,0,0,0.0,0.0,0.0,0,0.0,0,0,0,0.0,0.0,0.0,0,0.0
524,Stamenic,MID,Nott'ham Forest,4.5,0,0,0.0,0,0,0,0.0,0.0,0.0,0,0.0,0,0,0,0,0,0,0.0,0.0,0.0,0,0.0,0,0,0,0.0,0.0,0.0,0,0.0
528,Patterson,GK,Sunderland,4.2,0,0,0.0,0,0,0,0.0,0.0,0.0,0,0.0,0,0,0,0,0,0,0.0,0.0,0.0,0,0.0,0,0,0,0.0,0.0,0.0,0,0.0
529,Moore,GK,Sunderland,3.9,0,0,0.0,0,0,0,0.0,0.0,0.0,0,0.0,0,0,0,0,0,0,0.0,0.0,0.0,0,0.0,0,0,0,0.0,0.0,0.0,0,0.0
530,Nna Noukeu,GK,Sunderland,3.9,0,0,0.0,0,0,0,0.0,0.0,0.0,0,0.0,0,0,0,0,0,0,0.0,0.0,0.0,0,0.0,0,0,0,0.0,0.0,0.0,0,0.0
533,Alese,DEF,Sunderland,4.0,0,0,0.0,0,0,0,0.0,0.0,0.0,0,0.0,0,0,0,0,0,0,0.0,0.0,0.0,0,0.0,0,0,0,0.0,0.0,0.0,0,0.0
534,Anderson,DEF,Sunderland,3.8,0,0,0.0,0,0,0,0.0,0.0,0.0,0,0.0,0,0,0,0,0,0,0.0,0.0,0.0,0,0.0,0,0,0,0.0,0.0,0.0,0,0.0
536,Hjelde,DEF,Sunderland,4.0,0,0,0.0,0,0,0,0.0,0.0,0.0,0,0.0,0,0,0,0,0,0,0.0,0.0,0.0,0,0.0,0,0,0,0.0,0.0,0.0,0,0.0
537,Huggins,DEF,Sunderland,4.0,0,0,0.0,0,0,0,0.0,0.0,0.0,0,0.0,0,0,0,0,0,0,0.0,0.0,0.0,0,0.0,0,0,0,0.0,0.0,0.0,0,0.0
538,Johnson,DEF,Sunderland,3.8,0,0,0.0,0,0,0,0.0,0.0,0.0,0,0.0,0,0,0,0,0,0,0.0,0.0,0.0,0,0.0,0,0,0,0.0,0.0,0.0,0,0.0
540,Pembele,DEF,Sunderland,3.9,0,0,0.0,0,0,0,0.0,0.0,0.0,0,0.0,0,0,0,0,0,0,0.0,0.0,0.0,0,0.0,0,0,0,0.0,0.0,0.0,0,0.0
546,Aleksić,MID,Sunderland,4.9,0,0,0.0,0,0,0,0.0,0.0,0.0,0,0.0,0,0,0,0,0,0,0.0,0.0,0.0,0,0.0,0,0,0,0.0,0.0,0.0,0,0.0
550,Poveda,MID,Sunderland,4.7,0,0,0.0,0,0,0,0.0,0.0,0.0,0,0.0,0,0,0,0,0,0,0.0,0.0,0.0,0,0.0,0,0,0,0.0,0.0,0.0,0,0.0
554,Ba,MID,Sunderland,4.3,0,0,0.0,0,0,0,0.0,0.0,0.0,0,0.0,0,0,0,0,0,0,0.0,0.0,0.0,0,0.0,0,0,0,0.0,0.0,0.0,0,0.0
555,Browne,MID,Sunderland,4.5,0,0,0.0,0,0,0,0.0,0.0,0.0,0,0.0,0,0,0,0,0,0,0.0,0.0,0.0,0,0.0,0,0,0,0.0,0.0,0.0,0,0.0
556,Ekwah,MID,Sunderland,4.5,0,0,0.0,0,0,0,0.0,0.0,0.0,0,0.0,0,0,0,0,0,0,0.0,0.0,0.0,0,0.0,0,0,0,0.0,0.0,0.0,0,0.0
557,H.Jones,MID,Sunderland,4.3,0,0,0.0,0,0,0,0.0,0.0,0.0,0,0.0,0,0,0,0,0,0,0.0,0.0,0.0,0,0.0,0,0,0,0.0,0.0,0.0,0,0.0
558,Matete,MID,Sunderland,4.3,0,0,0.0,0,0,0,0.0,0.0,0.0,0,0.0,0,0,0,0,0,0,0.0,0.0,0.0,0,0.0,0,0,0,0.0,0.0,0.0,0,0.0
559,Triantis,MID,Sunderland,4.4,0,0,0.0,0,0,0,0.0,0.0,0.0,0,0.0,0,0,0,0,0,0,0.0,0.0,0.0,0,0.0,0,0,0,0.0,0.0,0.0,0,0.0
562,Abdullahi,FWD,Sunderland,4.2,0,0,0.0,0,0,0,0.0,0.0,0.0,0,0.0,0,0,0,0,0,0,0.0,0.0,0.0,0,0.0,0,0,0,0.0,0.0,0.0,0,0.0
563,Luís Hemir,FWD,Sunderland,4.4,0,0,0.0,0,0,0,0.0,0.0,0.0,0,0.0,0,0,0,0,0,0,0.0,0.0,0.0,0,0.0,0,0,0,0.0,0.0,0.0,0,0.0
564,Rusyn,FWD,Sunderland,4.4,0,0,0.0,0,0,0,0.0,0.0,0.0,0,0.0,0,0,0,0,0,0,0.0,0.0,0.0,0,0.0,0,0,0,0.0,0.0,0.0,0,0.0
566,Austin,GK,Tottenham,3.9,0,0,0.0,0,0,0,0.0,0.0,0.0,0,0.0,0,0,0,0,0,0,0.0,0.0,0.0,0,0.0,0,0,0,0.0,0.0,0.0,0,0.0
576,Phillips,DEF,Tottenham,4.0,0,0,0.0,0,0,0,0.0,0.0,0.0,0,0.0,0,0,0,0,0,0,0.0,0.0,0.0,0,0.0,0,0,0,0.0,0.0,0.0,0,0.0
577,Takai,DEF,Tottenham,4.0,0,0,0.0,0,0,0,0.0,0.0,0.0,0,0.0,0,0,0,0,0,0,0.0,0.0,0.0,0,0.0,0,0,0,0.0,0.0,0.0,0,0.0
578,Vuskovic,DEF,Tottenham,3.9,0,0,0.0,0,0,0,0.0,0.0,0.0,0,0.0,0,0,0,0,0,0,0.0,0.0,0.0,0,0.0,0,0,0,0.0,0.0,0.0,0,0.0
579,Son,MID,Tottenham,8.5,0,0,0.0,0,0,0,0.0,0.0,0.0,0,0.0,0,0,0,0,0,0,0.0,0.0,0.0,0,0.0,0,0,0,0.0,0.0,0.0,0,0.0
583,Kulusevski,MID,Tottenham,6.4,0,0,0.0,0,0,0,0.0,0.0,0.0,0,0.0,0,0,0,0,0,0,0.0,0.0,0.0,0,0.0,0,0,0,0.0,0.0,0.0,0,0.0
589,Solomon,MID,Tottenham,5.4,0,0,0.0,0,0,0,0.0,0.0,0.0,0,0.0,0,0,0,0,0,0,0.0,0.0,0.0,0,0.0,0,0,0,0.0,0.0,0.0,0,0.0
590,Bryan,MID,Tottenham,4.9,0,0,0.0,0,0,0,0.0,0.0,0.0,0,0.0,0,0,0,0,0,0,0.0,0.0,0.0,0,0.0,0,0,0,0.0,0.0,0.0,0,0.0
592,Moore,MID,Tottenham,5.0,0,0,0.0,0,0,0,0.0,0.0,0.0,0,0.0,0,0,0,0,0,0,0.0,0.0,0.0,0,0.0,0,0,0,0.0,0.0,0.0,0,0.0
594,Min-hyeok,MID,Tottenham,4.5,0,0,0.0,0,0,0,0.0,0.0,0.0,0,0.0,0,0,0,0,0,0,0.0,0.0,0.0,0,0.0,0,0,0,0.0,0.0,0.0,0,0.0
598,Lankshear,FWD,Tottenham,4.5,0,0,0.0,0,0,0,0.0,0.0,0.0,0,0.0,0,0,0,0,0,0,0.0,0.0,0.0,0,0.0,0,0,0,0.0,0.0,0.0,0,0.0
601,Foderingham,GK,West Ham,4.0,0,0,0.0,0,0,0,0.0,0.0,0.0,0,0.0,0,0,0,0,0,0,0.0,0.0,0.0,0,0.0,0,0,0,0.0,0.0,0.0,0,0.0
602,Hegyi,GK,West Ham,3.9,0,0,0.0,0,0,0,0.0,0.0,0.0,0,0.0,0,0,0,0,0,0,0.0,0.0,0.0,0,0.0,0,0,0,0.0,0.0,0.0,0,0.0
604,Emerson,DEF,West Ham,4.4,0,0,0.0,0,0,0,0.0,0.0,0.0,0,0.0,0,0,0,0,0,0,0.0,0.0,0.0,0,0.0,0,0,0,0.0,0.0,0.0,0,0.0
611,Casey,DEF,West Ham,4.0,0,0,0.0,0,0,0,0.0,0.0,0.0,0,0.0,0,0,0,0,0,0,0.0,0.0,0.0,0,0.0,0,0,0,0.0,0.0,0.0,0,0.0
616,Álvarez,MID,West Ham,4.9,0,0,0.0,0,0,0,0.0,0.0,0.0,0,0.0,0,0,0,0,0,0,0.0,0.0,0.0,0,0.0,0,0,0,0.0,0.0,0.0,0,0.0
617,Cornet,MID,West Ham,4.9,0,0,0.0,0,0,0,0.0,0.0,0.0,0,0.0,0,0,0,0,0,0,0.0,0.0,0.0,0,0.0,0,0,0,0.0,0.0,0.0,0,0.0
622,Orford,MID,West Ham,4.4,0,0,0.0,0,0,0,0.0,0.0,0.0,0,0.0,0,0,0,0,0,0,0.0,0.0,0.0,0,0.0,0,0,0,0.0,0.0,0.0,0,0.0
630,King,GK,Everton,3.9,0,0,0.0,0,0,0,0.0,0.0,0.0,0,0.0,0,0,0,0,0,0,0.0,0.0,0.0,0,0.0,0,0,0,0.0,0.0,0.0,0,0.0
639,Meupiyou,DEF,Wolves,4.0,0,0,0.0,0,0,0,0.0,0.0,0.0,0,0.0,0,0,0,0,0,0,0.0,0.0,0.0,0,0.0,0,0,0,0.0,0.0,0.0,0,0.0
641,Pond,DEF,Wolves,3.9,0,0,0.0,0,0,0,0.0,0.0,0.0,0,0.0,0,0,0,0,0,0,0.0,0.0,0.0,0,0.0,0,0,0,0.0,0.0,0.0,0,0.0
647,Guedes,MID,Wolves,5.5,0,0,0.0,0,0,0,0.0,0.0,0.0,0,0.0,0,0,0,0,0,0,0.0,0.0,0.0,0,0.0,0,0,0,0.0,0.0,0.0,0,0.0
649,B.Traore,MID,Wolves,5.0,0,0,0.0,0,0,0,0.0,0.0,0.0,0,0.0,0,0,0,0,0,0,0.0,0.0,0.0,0,0.0,0,0,0,0.0,0.0,0.0,0,0.0
652,Gonzalez,MID,Wolves,4.3,0,0,0.0,0,0,0,0.0,0.0,0.0,0,0.0,0,0,0,0,0,0,0.0,0.0,0.0,0,0.0,0,0,0,0.0,0.0,0.0,0,0.0
653,Hodge,MID,Wolves,4.5,0,0,0.0,0,0,0,0.0,0.0,0.0,0,0.0,0,0,0,0,0,0,0.0,0.0,0.0,0,0.0,0,0,0,0.0,0.0,0.0,0,0.0
655,Fábio Silva,FWD,Wolves,4.9,0,0,0.0,0,0,0,0.0,0.0,0.0,0,0.0,0,0,0,0,0,0,0.0,0.0,0.0,0,0.0,0,0,0,0.0,0.0,0.0,0,0.0
657,Chiwome,FWD,Wolves,4.4,0,0,0.0,0,0,0,0.0,0.0,0.0,0,0.0,0,0,0,0,0,0,0.0,0.0,0.0,0,0.0,0,0,0,0.0,0.0,0.0,0,0.0
658,Fraser,FWD,Wolves,4.2,0,0,0.0,0,0,0,0.0,0.0,0.0,0,0.0,0,0,0,0,0,0,0.0,0.0,0.0,0,0.0,0,0,0,0.0,0.0,0.0,0,0.0
664,Lecomte,GK,Fulham,3.9,0,0,0.0,0,0,0,0.0,0.0,0.0,0,0.0,0,0,0,0,0,0,0.0,0.0,0.0,0,0.0,0,0,0,0.0,0.0,0.0,0,0.0
667,Aznou,DEF,Everton,4.2,0,0,0.0,0,0,0,0.0,0.0,0.0,0,0.0,0,0,0,0,0,0,0.0,0.0,0.0,0,0.0,0,0,0,0.0,0.0,0.0,0,0.0
687,Rees-Dottin,MID,Bournemouth,4.3,0,0,0.0,0,0,0,0.0,0.0,0.0,0,0.0,0,0,0,0,0,0,0.0,0.0,0.0,0,0.0,0,0,0,0.0,0.0,0.0,0,0.0
688,Wright,GK,Aston Villa,3.9,0,0,0.0,0,0,0,0.0,0.0,0.0,0,0.0,0,0,0,0,0,0,0.0,0.0,0.0,0,0.0,0,0,0,0.0,0.0,0.0,0,0.0
689,Seung soo,MID,Newcastle Utd,4.3,0,0,0.0,0,0,0,0.0,0.0,0.0,0,0.0,0,0,0,0,0,0,0.0,0.0,0.0,0,0.0,0,0,0,0.0,0.0,0.0,0,0.0
690,Cardines,MID,Crystal Palace,4.4,0,0,0.0,0,0,0,0.0,0.0,0.0,0,0.0,0,0,0,0,0,0,0.0,0.0,0.0,0,0.0,0,0,0,0.0,0.0,0.0,0,0.0
692,Leoni,DEF,Liverpool,4.9,0,0,0.0,0,0,0,0.0,0.0,0.0,0,0.0,0,0,0,0,0,0,0.0,0.0,0.0,0,0.0,0,0,0,0.0,0.0,0.0,0,0.0
701,Rowe,DEF,Aston Villa,4.0,0,0,0.0,0,0,0,0.0,0.0,0.0,0,0.0,0,0,0,0,0,0,0.0,0.0,0.0,0,0.0,0,0,0,0.0,0.0,0.0,0,0.0
703,Proctor,GK,Aston Villa,3.9,0,0,0.0,0,0,0,0.0,0.0,0.0,0,0.0,0,0,0,0,0,0,0.0,0.0,0.0,0,0.0,0,0,0,0.0,0.0,0.0,0,0.0
704,Onyango,MID,Everton,4.5,0,0,0.0,0,0,0,0.0,0.0,0.0,0,0.0,0,0,0,0,0,0,0.0,0.0,0.0,0,0.0,0,0,0,0.0,0.0,0.0,0,0.0
705,Campbell,DEF,Everton,3.9,0,0,0.0,0,0,0,0.0,0.0,0.0,0,0.0,0,0,0,0,0,0,0.0,0.0,0.0,0,0.0,0,0,0,0.0,0.0,0.0,0,0.0
710,Patterson,DEF,Aston Villa,3.9,0,0,0.0,0,0,0,0.0,0.0,0.0,0,0.0,0,0,0,0,0,0,0.0,0.0,0.0,0,0.0,0,0,0,0.0,0.0,0.0,0,0.0
711,Harriman-Annous,MID,Arsenal,4.4,0,0,0.0,0,0,0,0.0,0.0,0.0,0,0.0,0,0,0,0,0,0,0.0,0.0,0.0,0,0.0,0,0,0,0.0,0.0,0.0,0,0.0
729,Cuiabano,DEF,Nott'ham Forest,4.5,0,0,0.0,0,0,0,0.0,0.0,0.0,0,0.0,0,0,0,0,0,0,0.0,0.0,0.0,0,0.0,0,0,0,0.0,0.0,0.0,0,0.0
738,Fabianski,GK,West Ham,4.5,0,0,0.0,0,0,0,0.0,0.0,0.0,0,0.0,0,0,0,0,0,0,0.0,0.0,0.0,0,0.0,0,0,0,0.0,0.0,0.0,0,0.0
740,Mfuni,DEF,Manchester City,3.9,0,0,0.0,0,0,0,0.0,0.0,0.0,0,0.0,0,0,0,0,0,0,0.0,0.0,0.0,0,0.0,0,0,0,0.0,0.0,0.0,0,0.0
741,Gray,FWD,Leeds United,4.5,0,0,0.0,0,0,0,0.0,0.0,0.0,0,0.0,0,0,0,0,0,0,0.0,0.0,0.0,0,0.0,0,0,0,0.0,0.0,0.0,0,0.0
742,McAidoo,MID,Manchester City,4.5,0,0,0.0,0,0,0,0.0,0.0,0.0,0,0.0,0,0,0,0,0,0,0.0,0.0,0.0,0,0.0,0,0,0,0.0,0.0,0.0,0,0.0
743,Emenalo,MID,Chelsea,4.5,0,0,0.0,0,0,0,0.0,0.0,0.0,0,0.0,0,0,0,0,0,0,0.0,0.0,0.0,0,0.0,0,0,0,0.0,0.0,0.0,0,0.0
746,Morrison,MID,Liverpool,4.5,0,0,0.0,0,0,0,0.0,0.0,0.0,0,0.0,0,0,0,0,0,0,0.0,0.0,0.0,0,0.0,0,0,0,0.0,0.0,0.0,0,0.0
751,Akhamrich,MID,Tottenham,4.5,0,0,0.0,0,0,0,0.0,0.0,0.0,0,0.0,0,0,0,0,0,0,0.0,0.0,0.0,0,0.0,0,0,0,0.0,0.0,0.0,0,0.0
752,Golambeckis,DEF,West Ham,4.0,0,0,0.0,0,0,0,0.0,0.0,0.0,0,0.0,0,0,0,0,0,0,0.0,0.0,0.0,0,0.0,0,0,0,0.0,0.0,0.0,0,0.0
753,Ruddy,GK,Newcastle Utd,4.0,0,0,0.0,0,0,0,0.0,0.0,0.0,0,0.0,0,0,0,0,0,0,0.0,0.0,0.0,0,0.0,0,0,0,0.0,0.0,0.0,0,0.0
756,DaCosta,MID,Bournemouth,4.5,0,0,0.0,0,0,0,0.0,0.0,0.0,0,0.0,0,0,0,0,0,0,0.0,0.0,0.0,0,0.0,0,0,0,0.0,0.0,0.0,0,0.0
757,Hollingshead,GK,Aston Villa,4.0,0,0,0.0,0,0,0,0.0,0.0,0.0,0,0.0,0,0,0,0,0,0,0.0,0.0,0.0,0,0.0,0,0,0,0.0,0.0,0.0,0,0.0
759,Salmon,DEF,Arsenal,4.0,0,0,0.0,0,0,0,0.0,0.0,0.0,0,0.0,0,0,0,0,0,0,0.0,0.0,0.0,0,0.0,0,0,0,0.0,0.0,0.0,0,0.0
760,Lucky,DEF,Liverpool,4.0,0,0,0.0,0,0,0,0.0,0.0,0.0,0,0.0,0,0,0,0,0,0,0.0,0.0,0.0,0,0.0,0,0,0,0.0,0.0,0.0,0,0.0
761,Simmonds,DEF,Brighton,4.0,0,0,0.0,0,0,0,0.0,0.0,0.0,0,0.0,0,0,0,0,0,0,0.0,0.0,0.0,0,0.0,0,0,0,0.0,0.0,0.0,0,0.0
763,Gray,MID,Manchester City,4.5,0,0,0.0,0,0,0,0.0,0.0,0.0,0,0.0,0,0,0,0,0,0,0.0,0.0,0.0,0,0.0,0,0,0,0.0,0.0,0.0,0,0.0
764,Heskey,MID,Manchester City,4.5,0,0,0.0,0,0,0,0.0,0.0,0.0,0,0.0,0,0,0,0,0,0,0.0,0.0,0.0,0,0.0,0,0,0,0.0,0.0,0.0,0,0.0
765,Shahar,DEF,Newcastle Utd,4.0,0,0,0.0,0,0,0,0.0,0.0,0.0,0,0.0,0,0,0,0,0,0,0.0,0.0,0.0,0,0.0,0,0,0,0.0,0.0,0.0,0,0.0
766,Olagunju,DEF,Wolves,4.0,0,0,0.0,0,0,0,0.0,0.0,0.0,0,0.0,0,0,0,0,0,0,0.0,0.0,0.0,0,0.0,0,0,0,0.0,0.0,0.0,0,0.0
767,Rawlings,MID,Wolves,4.5,0,0,0.0,0,0,0,0.0,0.0,0.0,0,0.0,0,0,0,0,0,0,0.0,0.0,0.0,0,0.0,0,0,0,0.0,0.0,0.0,0,0.0
768,Leon Routh,DEF,Aston Villa,4.0,0,0,0.0,0,0,0,0.0,0.0,0.0,0,0.0,0,0,0,0,0,0,0.0,0.0,0.0,0,0.0,0,0,0,0.0,0.0,0.0,0,0.0
770,Ridgeon,MID,Fulham,4.5,0,0,0.0,0,0,0,0.0,0.0,0.0,0,0.0,0,0,0,0,0,0,0.0,0.0,0.0,0,0.0,0,0,0,0.0,0.0,0.0,0,0.0
772,Alabi,MID,Newcastle Utd,4.5,0,0,0.0,0,0,0,0.0,0.0,0.0,0,0.0,0,0,0,0,0,0,0.0,0.0,0.0,0,0.0,0,0,0,0.0,0.0,0.0,0,0.0
773,Benamar,DEF,Crystal Palace,4.0,0,0,0.0,0,0,0,0.0,0.0,0.0,0,0.0,0,0,0,0,0,0,0.0,0.0,0.0,0,0.0,0,0,0,0.0,0.0,0.0,0,0.0
774,Jenson Jones,DEF,Sunderland,4.0,0,0,0.0,0,0,0,0.0,0.0,0.0,0,0.0,0,0,0,0,0,0,0.0,0.0,0.0,0,0.0,0,0,0,0.0,0.0,0.0,0,0.0
775,Tutierov,MID,Sunderland,4.5,0,0,0.0,0,0,0,0.0,0.0,0.0,0,0.0,0,0,0,0,0,0,0.0,0.0,0.0,0,0.0,0,0,0,0.0,0.0,0.0,0,0.0
776,Pimlott,MID,Burnley,4.5,0,0,0.0,0,0,0,0.0,0.0,0.0,0,0.0,0,0,0,0,0,0,0.0,0.0,0.0,0,0.0,0,0,0,0.0,0.0,0.0,0,0.0
777,Ojinnaka,MID,Wolves,4.5,0,0,0.0,0,0,0,0.0,0.0,0.0,0,0.0,0,0,0,0,0,0,0.0,0.0,0.0,0,0.0,0,0,0,0.0,0.0,0.0,0,0.0
778,Sutherland,MID,Wolves,4.5,0,0,0.0,0,0,0,0.0,0.0,0.0,0,0.0,0,0,0,0,0,0,0.0,0.0,0.0,0,0.0,0,0,0,0.0,0.0,0.0,0,0.0
779,Graham,FWD,Everton,4.5,0,0,0.0,0,0,0,0.0,0.0,0.0,0,0.0,0,0,0,0,0,0,0.0,0.0,0.0,0,0.0,0,0,0,0.0,0.0,0.0,0,0.0
780,Casey,FWD,Crystal Palace,4.5,0,0,0.0,0,0,0,0.0,0.0,0.0,0,0.0,0,0,0,0,0,0,0.0,0.0,0.0,0,0.0,0,0,0,0.0,0.0,0.0,0,0.0
781,Carroll,DEF,Aston Villa,4.0,0,0,0.0,0,0,0,0.0,0.0,0.0,0,0.0,0,0,0,0,0,0,0.0,0.0,0.0,0,0.0,0,0,0,0.0,0.0,0.0,0,0.0
782,Forster,GK,Bournemouth,4.0,0,0,0.0,0,0,0,0.0,0.0,0.0,0,0.0,0,0,0,0,0,0,0.0,0.0,0.0,0,0.0,0,0,0,0.0,0.0,0.0,0,0.0
784,Brierley,MID,Burnley,4.5,0,0,0.0,0,0,0,0.0,0.0,0.0,0,0.0,0,0,0,0,0,0,0.0,0.0,0.0,0,0.0,0,0,0,0.0,0.0,0.0,0,0.0
786,McNally,GK,Fulham,4.0,0,0,0.0,0,0,0,0.0,0.0,0.0,0,0.0,0,0,0,0,0,0,0.0,0.0,0.0,0,0.0,0,0,0,0.0,0.0,0.0,0,0.0
787,Chambers,MID,Leeds United,4.4,0,0,0.0,0,0,0,0.0,0.0,0.0,0,0.0,0,0,0,0,0,0,0.0,0.0,0.0,0,0.0,0,0,0,0.0,0.0,0.0,0,0.0
788,Kukonki,DEF,Manchester Utd,4.0,0,0,0.0,0,0,0,0.0,0.0,0.0,0,0.0,0,0,0,0,0,0,0.0,0.0,0.0,0,0.0,0,0,0,0.0,0.0,0.0,0,0.0
789,Merrick,GK,Chelsea,4.0,0,0,0.0,0,0,0,0.0,0.0,0.0,0,0.0,0,0,0,0,0,0,0.0,0.0,0.0,0,0.0,0,0,0,0.0,0.0,0.0,0,0.0
790,Williams-Barnett,MID,Tottenham,4.5,0,0,0.0,0,0,0,0.0,0.0,0.0,0,0.0,0,0,0,0,0,0,0.0,0.0,0.0,0,0.0,0,0,0,0.0,0.0,0.0,0,0.0
793,King,DEF,Crystal Palace,4.0,0,0,0.0,0,0,0,0.0,0.0,0.0,0,0.0,0,0,0,0,0,0,0.0,0.0,0.0,0,0.0,0,0,0,0.0,0.0,0.0,0,0.0
798,Imray,DEF,Crystal Palace,4.0,0,0,0.0,0,0,0,0.0,0.0,0.0,0,0.0,0,0,0,0,0,0,0.0,0.0,0.0,0,0.0,0,0,0,0.0,0.0,0.0,0,0.0
799,Stevens,MID,Bournemouth,4.5,0,0,0.0,0,0,0,0.0,0.0,0.0,0,0.0,0,0,0,0,0,0,0.0,0.0,0.0,0,0.0,0,0,0,0.0,0.0,0.0,0,0.0
802,Lamadrid,MID,West Ham,5.0,0,0,0.0,0,0,0,0.0,0.0,0.0,0,0.0,0,0,0,0,0,0,0.0,0.0,0.0,0,0.0,0,0,0,0.0,0.0,0.0,0,0.0
803,Sharman-Lowe,GK,Chelsea,4.0,0,0,0.0,0,0,0,0.0,0.0,0.0,0,0.0,0,0,0,0,0,0,0.0,0.0,0.0,0,0.0,0,0,0,0.0,0.0,0.0,0,0.0
806,Mandas,GK,Bournemouth,4.0,0,0,0.0,0,0,0,0.0,0.0,0.0,0,0.0,0,0,0,0,0,0,0.0,0.0,0.0,0,0.0,0,0,0,0.0,0.0,0.0,0,0.0
809,Abbey,MID,Wolves,4.5,0,0,0.0,0,0,0,0.0,0.0,0.0,0,0.0,0,0,0,0,0,0,0.0,0.0,0.0,0,0.0,0,0,0,0.0,0.0,0.0,0,0.0
810,Bentt,MID,Brentford,4.5,0,0,0.0,0,0,0,0.0,0.0,0.0,0,0.0,0,0,0,0,0,0,0.0,0.0,0.0,0,0.0,0,0,0,0.0,0.0,0.0,0,0.0
811,Kyerematen,MID,Tottenham,4.5,0,0,0.0,0,0,0,0.0,0.0,0.0,0,0.0,0,0,0,0,0,0,0.0,0.0,0.0,0,0.0,0,0,0,0.0,0.0,0.0,0,0.0
818,Wilson,FWD,Tottenham,4.5,0,0,0.0,0,0,0,0.0,0.0,0.0,0,0.0,0,0,0,0,0,0,0.0,0.0,0.0,0,0.0,0,0,0,0.0,0.0,0.0,0,0.0
819,Shield,DEF,Brentford,4.0,0,0,0.0,0,0,0,0.0,0.0,0.0,0,0.0,0,0,0,0,0,0,0.0,0.0,0.0,0,0.0,0,0,0,0.0,0.0,0.0,0,0.0
820,McMahon-Brown,MID,Burnley,4.5,0,0,0.0,0,0,0,0.0,0.0,0.0,0,0.0,0,0,0,0,0,0,0.0,0.0,0.0,0,0.0,0,0,0,0.0,0.0,0.0,0,0.0
821,Whittaker,MID,Sunderland,4.5,0,0,0.0,0,0,0,0.0,0.0,0.0,0,0.0,0,0,0,0,0,0,0.0,0.0,0.0,0,0.0,0,0,0,0.0,0.0,0.0,0,0.0
822,Jones,MID,Sunderland,4.5,0,0,0.0,0,0,0,0.0,0.0,0.0,0,0.0,0,0,0,0,0,0,0.0,0.0,0.0,0,0.0,0,0,0,0.0,0.0,0.0,0,0.0
823,Stephenson,DEF,Brentford,4.0,0,0,0.0,0,0,0,0.0,0.0,0.0,0,0.0,0,0,0,0,0,0,0.0,0.0,0.0,0,0.0,0,0,0,0.0,0.0,0.0,0,0.0
824,McManus,DEF,Brentford,4.0,0,0,0.0,0,0,0,0.0,0.0,0.0,0,0.0,0,0,0,0,0,0,0.0,0.0,0.0,0,0.0,0,0,0,0.0,0.0,0.0,0,0.0
825,Herrick,GK,West Ham,4.0,0,0,0.0,0,0,0,0.0,0.0,0.0,0,0.0,0,0,0,0,0,0,0.0,0.0,0.0,0,0.0,0,0,0,0.0,0.0,0.0,0,0.0
826,Owen,MID,Brentford,4.5,0,0,0.0,0,0,0,0.0,0.0,0.0,0,0.0,0,0,0,0,0,0,0.0,0.0,0.0,0,0.0,0,0,0,0.0,0.0,0.0,0,0.0
827,Thwaites,MID,Manchester Utd,4.5,0,0,0.0,0,0,0,0.0,0.0,0.0,0,0.0,0,0,0,0,0,0,0.0,0.0,0.0,0,0.0,0,0,0,0.0,0.0,0.0,0,0.0
828,Brooks,GK,Wolves,4.0,0,0,0.0,0,0,0,0.0,0.0,0.0,0,0.0,0,0,0,0,0,0,0.0,0.0,0.0,0,0.0,0,0,0,0.0,0.0,0.0,0,0.0
830,Wright,FWD,Liverpool,4.5,0,0,0.0,0,0,0,0.0,0.0,0.0,0,0.0,0,0,0,0,0,0,0.0,0.0,0.0,0,0.0,0,0,0,0.0,0.0,0.0,0,0.0
831,Gracey,GK,Wolves,4.0,0,0,0.0,0,0,0,0.0,0.0,0.0,0,0.0,0,0,0,0,0,0,0.0,0.0,0.0,0,0.0,0,0,0,0.0,0.0,0.0,0,0.0
832,Ndiaye,DEF,Liverpool,4.0,0,0,0.0,0,0,0,0.0,0.0,0.0,0,0.0,0,0,0,0,0,0,0.0,0.0,0.0,0,0.0,0,0,0,0.0,0.0,0.0,0,0.0
833,Eboué,MID,Chelsea,4.5,0,0,0.0,0,0,0,0.0,0.0,0.0,0,0.0,0,0,0,0,0,0,0.0,0.0,0.0,0,0.0,0,0,0,0.0,0.0,0.0,0,0.0
834,Kavuma-McQueen,MID,Chelsea,4.5,0,0,0.0,0,0,0,0.0,0.0,0.0,0,0.0,0,0,0,0,0,0,0.0,0.0,0.0,0,0.0,0,0,0,0.0,0.0,0.0,0,0.0
835,Whitehall,MID,Nott'ham Forest,4.5,0,0,0.0,0,0,0,0.0,0.0,0.0,0,0.0,0,0,0,0,0,0,0.0,0.0,0.0,0,0.0,0,0,0,0.0,0.0,0.0,0,0.0
836,Sinclair,MID,Nott'ham Forest,4.5,0,0,0.0,0,0,0,0.0,0.0,0.0,0,0.0,0,0,0,0,0,0,0.0,0.0,0.0,0,0.0,0,0,0,0.0,0.0,0.0,0,0.0
837,Lienou,DEF,Leeds United,4.0,0,0,0.0,0,0,0,0.0,0.0,0.0,0,0.0,0,0,0,0,0,0,0.0,0.0,0.0,0,0.0,0,0,0,0.0,0.0,0.0,0,0.0
838,Chadwick,MID,Leeds United,4.5,0,0,0.0,0,0,0,0.0,0.0,0.0,0,0.0,0,0,0,0,0,0,0.0,0.0,0.0,0,0.0,0,0,0,0.0,0.0,0.0,0,0.0
839,Cresswell,MID,Leeds United,4.5,0,0,0.0,0,0,0,0.0,0.0,0.0,0,0.0,0,0,0,0,0,0,0.0,0.0,0.0,0,0.0,0,0,0,0.0,0.0,0.0,0,0.0
