element,name,pos,round,total_points,roll_clean_sheets_p90,roll_yellow_cards_p90,roll_bps_p90,roll_influence_p90,roll_creativity_p90,roll_threat_p90,roll_defensive_contribution_p90,roll_expected_goals_p90,roll_expected_assists_p90,roll_expected_goals_conceded_p90,roll_goal_overperf_p90,roll_assist_overperf_p90,roll_goal_conceded_overperf_p90,roll_minutes,roll_value,roll_transfers_balance,roll_selected,was_home,opponent_team
5,Gabriel,DEF,4,9,0.67,0.0,19.0,17.2,1.67,4.0,5.67,0.02,0.01,0.74,-0.02,-0.01,-0.4,90.0,60.33,75630.33,2093702.0,True,16
5,Gabriel,DEF,5,2,0.75,0.0,22.25,19.9,1.57,5.25,6.75,0.06,0.01,0.6,-0.06,-0.01,-0.35,90.0,60.5,79181.75,2203082.25,True,13
5,Gabriel,DEF,6,13,0.6,0.0,20.4,19.84,1.72,4.2,7.0,0.05,0.01,0.66,-0.05,-0.01,-0.26,90.0,60.6,72506.2,2282314.8,False,15
5,Gabriel,DEF,7,9,0.5,0.0,22.67,29.33,1.85,9.0,9.0,0.08,0.01,0.65,0.09,-0.01,-0.15,90.0,60.67,91460.67,2371830.17,True,19
5,Gabriel,DEF,8,12,0.5,0.0,24.33,29.63,2.13,8.67,9.83,0.08,0.02,0.48,0.09,-0.02,0.02,90.0,61.0,175569.17,2656570.67,False,10
5,Gabriel,DEF,9,9,0.5,0.0,25.5,32.97,3.52,10.17,10.83,0.11,0.02,0.52,0.05,0.15,-0.03,90.0,61.5,201422.5,2918860.67,True,8
5,Gabriel,DEF,10,12,0.67,0.0,29.5,34.93,5.15,11.33,11.17,0.13,0.02,0.52,0.04,0.15,-0.18,90.0,62.0,278525.83,3257366.83,False,3
5,Gabriel,DEF,11,1,0.67,0.17,30.67,36.27,6.82,10.5,11.33,0.09,0.11,0.55,0.07,0.23,-0.22,90.0,62.67,349717.17,3653683.67,False,17
5,Gabriel,DEF,18,1,0.67,0.17,29.5,36.57,9.0,11.17,10.83,0.09,0.11,0.48,0.07,0.22,0.02,90.0,63.5,420927.5,4121735.0,True,6
5,Gabriel,DEF,19,15,0.77,0.19,27.83,27.36,9.92,7.29,9.02,0.07,0.12,0.5,-0.07,0.26,-0.11,78.17,63.67,377583.0,3911663.33,True,2
5,Gabriel,DEF,20,9,0.79,0.2,30.07,32.8,10.11,14.04,7.71,0.15,0.12,0.55,0.05,0.27,-0.15,75.83,63.83,345316.5,3668732.17,False,4
5,Gabriel,DEF,21,6,0.59,0.2,26.7,37.15,8.11,14.84,8.31,0.14,0.12,0.74,0.26,0.08,0.05,75.83,64.17,443771.0,3513058.83,True,12
5,Gabriel,DEF,22,8,0.59,0.2,25.32,36.08,7.34,15.43,7.71,0.15,0.12,0.72,0.25,0.08,0.07,75.83,64.5,504074.67,3412308.67,False,16
5,Gabriel,DEF,23,1,0.59,0.0,23.14,32.84,5.42,15.63,6.92,0.17,0.02,0.7,0.22,-0.02,0.09,75.83,65.0,536902.5,3336030.33,True,14
5,Gabriel,DEF,24,8,0.59,0.0,22.15,31.25,3.2,15.23,7.12,0.17,0.02,0.76,0.22,-0.02,0.23,75.83,65.5,500123.17,3217558.67,False,11
5,Gabriel,DEF,25,6,0.68,0.0,23.95,32.78,2.87,15.74,8.21,0.15,0.02,0.63,0.19,-0.02,0.23,87.67,66.83,560143.5,3792621.67,True,17
5,Gabriel,DEF,26,3,0.67,0.0,21.33,26.83,2.85,9.5,8.5,0.08,0.02,0.53,0.09,-0.02,0.3,90.0,68.17,552303.83,4351226.67,False,5
5,Gabriel,DEF,26,4,0.67,0.17,21.0,24.77,3.67,7.67,9.5,0.07,0.03,0.54,-0.07,-0.03,0.12,90.0,69.17,429314.17,4794753.5,False,20
5,Gabriel,DEF,27,2,0.5,0.17,20.33,26.6,4.95,5.67,9.5,0.05,0.04,0.53,-0.05,0.12,0.47,90.0,70.0,340389.83,5107351.0,False,18
5,Gabriel,DEF,28,9,0.33,0.17,17.67,26.37,4.98,4.83,9.33,0.02,0.04,0.6,-0.02,0.12,0.56,90.0,70.5,222139.17,5291731.83,True,7
5,Gabriel,DEF,29,11,0.33,0.33,22.0,25.23,4.38,4.83,10.17,0.03,0.13,0.66,-0.03,0.2,0.17,90.0,70.83,172745.67,5427279.33,False,6
5,Gabriel,DEF,30,9,0.33,0.33,23.67,25.9,4.3,2.0,10.83,0.03,0.13,0.77,-0.03,0.21,0.06,90.0,71.0,135654.5,5526524.5,True,9
5,Gabriel,DEF,32,4,0.33,0.33,24.0,26.57,4.52,2.5,11.33,0.03,0.13,0.91,-0.03,0.2,-0.08,90.0,71.17,106247.33,5593260.5,True,4
5,Gabriel,DEF,33,0,0.33,0.17,23.67,22.07,3.55,4.67,9.67,0.02,0.13,0.86,-0.02,0.37,0.14,90.0,71.33,73748.5,5602708.33,False,13
5,Gabriel,DEF,34,8,0.33,0.33,20.5,20.37,1.08,5.5,9.83,0.03,0.11,1.04,-0.03,0.22,-0.04,90.0,71.33,1321.33,5521079.67,True,15
5,Gabriel,DEF,35,6,0.5,0.33,23.33,21.87,3.2,5.83,10.33,0.03,0.11,1.08,-0.03,0.22,-0.25,90.0,71.33,24933.67,5583684.0,True,10
5,Gabriel,DEF,36,11,0.67,0.17,23.33,24.7,3.45,14.17,9.83,0.13,0.02,0.96,-0.13,0.15,-0.3,90.0,71.5,63000.33,5636390.17,False,19
5,Gabriel,DEF,37,6,0.67,0.17,22.0,23.53,3.6,16.5,9.0,0.18,0.02,1.02,-0.18,0.15,-0.35,90.0,71.67,64560.5,5685598.0,True,3
5,Gabriel,DEF,38,1,0.67,0.17,20.67,21.13,3.28,16.5,8.0,0.17,0.02,0.88,-0.17,0.15,-0.21,90.0,71.83,71424.17,5742580.83,False,8
6,Saliba,DEF,5,2,0.98,0.0,27.39,25.83,1.08,0.98,10.76,0.0,0.0,0.83,0.0,-0.0,-0.83,61.33,60.33,79177.33,1744401.0,True,13
6,Saliba,DEF,6,1,0.66,0.0,23.32,24.57,1.71,1.97,10.18,0.04,0.01,0.85,-0.04,-0.01,-0.52,68.5,60.25,9782.0,1675725.5,False,15
6,Saliba,DEF,7,6,0.56,0.0,22.29,22.63,4.8,2.26,9.03,0.04,0.03,0.78,-0.04,-0.03,-0.5,63.8,60.2,5071.2,1638430.8,True,19
6,Saliba,DEF,8,6,0.66,0.0,23.99,23.85,4.22,1.76,8.8,0.03,0.03,0.72,-0.03,-0.03,-0.5,68.17,60.17,5972.0,1619754.83,False,10
6,Saliba,DEF,9,1,0.66,0.0,24.21,20.77,4.82,2.2,6.6,0.03,0.04,0.48,-0.03,-0.04,-0.26,68.17,60.17,4904.17,1666496.67,True,8
6,Saliba,DEF,10,6,0.49,0.0,22.99,20.62,5.27,1.98,6.43,0.03,0.04,0.52,-0.03,-0.04,-0.27,60.67,60.17,-35599.5,1603136.67,False,3
6,Saliba,DEF,11,1,0.6,0.0,23.6,19.92,5.48,1.6,5.8,0.03,0.04,0.5,-0.03,-0.04,-0.3,75.0,60.0,-54687.33,1500986.67,False,17
6,Saliba,DEF,12,2,0.6,0.0,21.4,18.96,5.78,2.0,5.2,0.03,0.04,0.41,-0.03,-0.04,-0.01,75.0,60.0,-22272.5,1496260.5,True,18
6,Saliba,DEF,16,2,0.55,0.0,20.18,19.09,3.38,1.45,5.45,0.03,0.03,0.35,-0.03,-0.03,0.19,82.5,60.0,-2185.17,1509544.0,True,20
6,Saliba,DEF,17,6,0.36,0.0,17.27,16.95,3.91,2.18,4.91,0.03,0.03,0.33,-0.03,-0.03,0.39,82.5,60.0,-26876.5,1470636.83,False,9
6,Saliba,DEF,18,2,0.36,0.0,17.45,16.87,3.65,1.82,5.27,0.03,0.02,0.29,-0.03,-0.02,0.44,82.5,59.83,-14798.67,1446025.5,True,6
6,Saliba,DEF,19,2,0.33,0.0,16.0,15.97,3.23,2.0,5.17,0.03,0.02,0.39,-0.03,-0.02,0.44,90.0,59.67,-4343.17,1435078.0,True,2
6,Saliba,DEF,20,1,0.17,0.0,12.83,14.33,2.38,2.0,4.83,0.03,0.02,0.77,-0.03,-0.02,0.23,90.0,59.5,22950.5,1445908.83,False,4
6,Saliba,DEF,21,7,0.17,0.0,13.67,14.27,1.77,1.0,5.17,0.0,0.01,0.93,0.0,-0.01,0.07,90.0,59.33,25530.33,1456950.0,True,12
6,Saliba,DEF,22,8,0.33,0.0,16.33,13.97,4.73,1.0,5.17,0.0,0.03,0.98,0.0,-0.03,-0.15,90.0,59.17,3982.83,1442846.83,False,16
6,Saliba,DEF,23,1,0.5,0.0,18.67,14.17,5.72,1.67,5.17,0.02,0.03,0.97,-0.02,-0.03,-0.31,90.0,59.17,34699.5,1484135.67,True,14
6,Saliba,DEF,24,6,0.33,0.0,15.0,13.77,11.28,2.0,4.83,0.02,0.04,1.06,-0.02,-0.04,0.11,90.0,59.33,27708.67,1513599.67,False,11
6,Saliba,DEF,25,7,0.5,0.0,16.83,13.73,11.67,1.67,4.83,0.02,0.05,0.94,-0.02,-0.05,0.06,90.0,59.5,18583.5,1529530.0,True,17
6,Saliba,DEF,26,1,0.67,0.17,19.83,15.57,12.57,1.67,6.0,0.02,0.05,0.53,-0.02,-0.05,0.3,90.0,59.67,28745.17,1563696.5,False,20
6,Saliba,DEF,27,2,0.67,0.17,19.5,15.77,12.88,1.67,6.0,0.02,0.05,0.34,-0.02,-0.05,0.49,90.0,60.0,54159.0,1624441.5,False,18
6,Saliba,DEF,28,10,0.5,0.17,16.33,16.23,10.08,2.83,6.5,0.05,0.03,0.41,-0.05,-0.03,0.59,90.0,60.33,48413.0,1677771.83,True,7
6,Saliba,DEF,30,11,0.33,0.17,16.0,18.9,8.27,7.0,6.67,0.08,0.03,0.52,0.08,-0.03,0.64,90.0,60.5,29765.17,1711246.17,True,9
6,Saliba,DEF,32,1,0.5,0.17,21.17,22.07,7.77,7.0,8.0,0.08,0.02,0.58,0.08,-0.02,0.09,90.0,60.67,20837.67,1739639.67,True,4
6,Saliba,DEF,33,3,0.33,0.17,19.67,23.13,9.05,7.33,8.5,0.08,0.02,0.76,0.08,-0.02,0.25,90.0,60.83,32840.5,1776494.67,False,13
6,Saliba,DEF,34,7,0.17,0.0,17.17,23.7,8.4,7.33,8.33,0.08,0.02,0.95,0.08,-0.02,0.38,90.0,61.0,9287.83,1780957.17,True,15
6,Saliba,DEF,35,6,0.33,0.0,20.67,23.13,8.27,7.33,8.0,0.08,0.02,1.07,0.08,-0.02,-0.07,90.0,61.0,-2778.5,1794791.67,True,10
6,Saliba,DEF,36,5,0.5,0.0,23.67,24.07,11.92,7.17,7.67,0.04,0.07,1.0,0.12,-0.07,-0.17,90.0,61.0,28420.67,1826053.5,False,19
6,Saliba,DEF,37,8,0.67,0.17,23.67,22.17,12.43,3.0,8.0,0.0,0.1,1.02,0.0,-0.1,-0.35,90.0,61.17,49079.0,1877856.67,True,3
7,Calafiori,DEF,4,5,0.8,0.4,32.14,33.75,10.21,27.32,4.82,0.57,0.01,0.63,-0.17,0.79,-0.22,74.67,55.33,203447.0,515223.67,True,16
7,Calafiori,DEF,5,2,0.93,0.62,29.69,27.65,11.75,21.65,4.64,0.44,0.01,0.51,-0.13,0.61,-0.2,72.75,55.75,267384.5,778830.25,True,13
7,Calafiori,DEF,6,1,0.71,0.47,24.33,21.97,10.44,21.02,4.72,0.37,0.02,0.6,-0.13,0.45,-0.13,76.2,56.0,229067.8,950395.6,False,15
7,Calafiori,DEF,7,6,0.6,0.6,20.6,19.32,12.2,19.8,4.6,0.33,0.03,0.62,-0.13,0.37,-0.02,75.0,56.17,204985.5,1082900.67,True,19
7,Calafiori,DEF,8,6,0.6,0.4,19.07,13.75,12.77,16.49,4.97,0.18,0.03,0.51,-0.18,0.37,0.09,75.5,56.5,209173.67,1370061.0,False,10
7,Calafiori,DEF,9,6,0.56,0.38,15.75,8.21,9.54,13.12,5.44,0.11,0.03,0.53,-0.11,-0.03,0.03,80.0,56.83,168957.33,1587357.0,True,8
7,Calafiori,DEF,10,6,0.76,0.38,19.3,7.38,10.09,11.66,4.39,0.1,0.03,0.53,-0.1,-0.03,-0.15,78.5,57.17,117114.5,1734326.33,False,3
7,Calafiori,DEF,11,1,0.76,0.19,22.36,9.32,8.24,14.4,5.12,0.11,0.03,0.51,-0.11,-0.03,-0.13,79.17,57.33,58048.17,1803008.17,False,17
7,Calafiori,DEF,12,2,0.76,0.19,20.84,10.8,8.55,17.43,5.12,0.13,0.03,0.43,-0.13,-0.03,0.14,79.17,57.5,48649.83,1864019.0,True,18
7,Calafiori,DEF,13,0,0.73,0.0,21.59,11.43,5.55,15.97,5.62,0.12,0.03,0.32,-0.12,-0.03,0.22,82.67,57.67,10047.5,1877021.17,False,7
7,Calafiori,DEF,14,7,0.58,0.19,18.89,13.34,5.09,13.3,6.55,0.09,0.03,0.34,-0.09,-0.03,0.24,77.83,57.83,199.17,1877106.5,True,5
7,Calafiori,DEF,15,1,0.58,0.19,20.24,15.69,4.39,16.57,7.32,0.12,0.03,0.32,-0.12,-0.03,0.26,77.83,58.0,2405.33,1886001.67,False,2
7,Calafiori,DEF,17,6,0.38,0.38,15.48,15.94,4.22,17.2,8.22,0.1,0.03,0.49,-0.1,-0.03,0.28,78.5,58.0,4292.83,1895004.17,False,9
7,Calafiori,DEF,24,1,0.37,0.37,13.41,15.32,4.28,13.41,7.9,0.09,0.03,0.5,-0.09,-0.03,0.23,81.67,57.83,-10661.67,1776800.5,False,11
7,Calafiori,DEF,25,6,0.43,0.43,16.48,15.66,3.49,9.76,8.46,0.11,0.03,0.5,-0.11,-0.03,-0.07,69.17,57.5,-14456.67,1574637.67,True,17
7,Calafiori,DEF,26,1,0.69,0.46,19.57,15.51,3.71,9.9,8.29,0.11,0.03,0.56,-0.11,-0.03,-0.33,65.17,57.17,10559.5,1403015.17,False,5
7,Calafiori,DEF,26,1,0.76,0.25,20.79,13.64,4.11,10.9,7.1,0.12,0.03,0.62,-0.12,-0.03,-0.37,59.17,56.83,25190.5,1246828.0,False,20
7,Calafiori,DEF,38,1,0.88,0.0,22.35,15.71,19.47,23.24,3.24,0.17,0.08,0.6,-0.17,-0.08,-0.31,51.0,56.0,5537.17,788309.67,False,8
8,J.Timber,DEF,4,8,0.52,0.52,37.67,57.24,21.56,45.0,8.37,0.47,0.05,0.71,0.58,0.47,-0.18,57.33,55.33,142113.67,419334.67,True,16
8,J.Timber,DEF,5,1,0.69,0.34,37.44,44.38,18.62,41.56,7.56,0.41,0.04,0.53,0.27,0.3,-0.19,65.5,55.75,184220.5,623345.25,True,13
8,J.Timber,DEF,6,2,0.53,0.53,32.99,38.59,17.97,34.05,7.92,0.32,0.04,0.58,0.21,0.22,-0.05,68.2,56.0,195187.2,797671.2,False,15
8,J.Timber,DEF,7,11,0.42,0.42,28.19,35.67,22.2,32.16,7.52,0.36,0.08,0.59,0.06,0.13,0.04,71.83,56.33,188800.83,944576.5,True,19
8,J.Timber,DEF,8,6,0.54,0.18,32.45,33.71,22.02,32.81,7.53,0.34,0.07,0.47,0.02,0.29,0.06,83.67,56.83,221634.17,1227856.83,False,10
8,J.Timber,DEF,9,6,0.51,0.17,23.82,18.68,21.45,19.4,6.81,0.18,0.09,0.5,-0.18,0.08,0.02,88.17,57.5,310377.83,1602721.17,True,8
8,J.Timber,DEF,10,6,0.68,0.17,26.88,18.75,22.19,17.86,6.29,0.17,0.09,0.49,-0.17,0.09,-0.15,88.17,58.17,277208.67,1918650.0,False,3
8,J.Timber,DEF,11,1,0.68,0.17,23.99,16.3,20.18,14.8,5.95,0.15,0.08,0.52,-0.15,0.09,-0.18,88.17,58.83,282119.0,2231031.67,False,17
8,J.Timber,DEF,12,5,0.67,0.0,22.0,15.3,18.5,14.5,5.17,0.15,0.08,0.48,-0.15,0.09,0.02,90.0,59.5,258217.67,2514198.33,True,18
8,J.Timber,DEF,13,2,0.67,0.0,21.33,13.7,14.6,13.67,4.33,0.14,0.05,0.39,-0.14,0.28,0.11,90.0,60.17,305379.67,2845790.83,False,7
8,J.Timber,DEF,14,1,0.5,0.0,15.5,12.03,12.32,9.83,3.83,0.16,0.05,0.44,-0.16,0.12,0.23,90.0,61.0,326411.17,3170307.67,True,5
8,J.Timber,DEF,15,3,0.36,0.0,12.52,11.32,7.69,9.62,3.99,0.18,0.03,0.41,-0.18,0.15,0.31,82.67,61.83,290443.67,3477269.0,False,2
8,J.Timber,DEF,16,2,0.18,0.0,9.25,13.54,4.99,9.98,5.08,0.22,0.02,0.72,-0.22,0.16,0.37,82.67,62.5,263841.83,3748158.17,True,20
8,J.Timber,DEF,17,6,0.0,0.0,6.9,14.01,7.77,8.71,4.72,0.22,0.02,0.71,-0.22,0.16,0.56,82.67,63.17,175588.5,3920458.17,False,9
8,J.Timber,DEF,19,9,0.18,0.0,10.34,13.28,9.04,11.07,4.54,0.3,0.03,0.67,-0.3,0.15,0.24,82.67,63.83,155225.17,4087258.67,True,2
8,J.Timber,DEF,20,3,0.37,0.0,14.57,14.64,10.57,12.36,4.98,0.27,0.03,0.79,-0.27,0.16,-0.05,81.33,64.17,-30559.33,4040930.83,False,4
8,J.Timber,DEF,21,6,0.37,0.0,14.57,18.59,14.11,11.99,5.72,0.22,0.02,0.91,-0.22,0.16,0.01,81.33,64.33,-85606.17,4005882.0,True,12
8,J.Timber,DEF,22,5,0.51,0.0,16.92,17.73,13.52,12.35,5.58,0.2,0.02,0.88,-0.2,0.15,-0.03,88.67,64.17,-163338.33,3864152.0,False,16
8,J.Timber,DEF,23,1,0.68,0.17,18.61,13.74,13.58,12.69,4.23,0.18,0.03,0.57,-0.18,0.14,-0.06,88.67,64.0,-160958.17,3738622.67,True,14
8,J.Timber,DEF,24,5,0.68,0.17,17.09,13.3,11.18,11.33,4.23,0.15,0.02,0.63,-0.15,0.15,0.22,88.67,63.67,-125506.0,3650856.17,False,11
8,J.Timber,DEF,25,6,0.68,0.34,16.07,13.23,11.72,9.3,4.23,0.09,0.05,0.62,-0.09,0.12,0.23,88.67,63.33,-127044.67,3548949.33,True,17
8,J.Timber,DEF,26,2,0.67,0.33,15.17,11.43,8.37,5.17,4.83,0.04,0.05,0.53,-0.04,-0.05,0.3,90.0,63.33,14780.67,3615530.83,False,5
8,J.Timber,DEF,26,1,0.67,0.33,16.33,8.33,8.28,5.17,3.67,0.04,0.06,0.54,-0.04,-0.06,0.12,90.0,63.33,58242.5,3684537.67,False,20
8,J.Timber,DEF,27,3,0.5,0.33,13.83,8.7,9.02,4.83,3.5,0.04,0.06,0.53,-0.04,-0.06,0.47,90.0,63.5,129313.5,3784758.83,False,18
8,J.Timber,DEF,28,8,0.36,0.36,14.23,13.8,16.03,4.8,3.56,0.02,0.1,0.57,-0.02,0.08,0.68,84.33,63.67,81937.67,3827283.0,True,7
8,J.Timber,DEF,29,13,0.36,0.36,19.03,13.3,17.52,4.45,3.91,0.1,0.1,0.63,0.08,0.08,0.26,84.33,63.83,33683.0,3821840.17,False,6
8,J.Timber,DEF,30,1,0.36,0.18,21.34,18.25,18.28,3.2,5.87,0.07,0.08,0.75,0.1,0.28,0.14,84.33,63.83,41379.67,3827620.67,True,9
10,Lewis-Skelly,DEF,35,6,0.0,0.33,7.88,12.88,12.81,6.9,3.94,0.03,0.02,1.39,-0.03,-0.02,0.25,45.67,50.67,4040.83,207132.5,True,10
10,Lewis-Skelly,DEF,36,6,0.3,0.3,12.98,12.63,9.09,3.84,3.84,0.01,0.03,1.29,-0.01,-0.03,-0.11,50.83,50.5,-4212.5,192568.0,False,19
10,Lewis-Skelly,DEF,37,1,0.55,0.0,17.45,11.58,9.36,3.05,3.05,0.01,0.03,1.38,-0.01,-0.03,-0.55,54.17,50.33,-1063.0,189078.33,True,3
10,Lewis-Skelly,DEF,38,2,0.55,0.0,18.33,11.38,9.27,3.01,3.01,0.01,0.03,0.82,-0.01,-0.03,-0.27,54.83,50.17,10077.0,196600.67,False,8
11,White,DEF,16,1,0.72,0.0,31.32,32.11,21.02,11.52,9.36,0.13,0.15,1.22,-0.13,0.21,-0.5,83.33,53.67,4069.67,63128.33,True,20
11,White,DEF,19,1,0.64,0.0,28.93,28.67,21.47,10.93,8.36,0.12,0.14,1.13,-0.12,0.19,-0.49,70.0,53.75,70235.25,144352.75,True,2
11,White,DEF,22,6,0.63,0.0,27.91,28.91,24.18,10.66,8.47,0.12,0.13,1.73,-0.12,0.18,-0.79,57.4,53.2,49518.0,131459.8,False,16
11,White,DEF,23,1,0.72,0.0,26.26,24.06,21.89,10.5,7.4,0.1,0.11,1.4,-0.1,0.13,-0.68,62.83,52.83,41400.67,121622.67,True,14
11,White,DEF,32,1,0.53,0.0,23.63,25.49,21.61,11.95,7.43,0.11,0.13,1.4,-0.11,0.14,-0.33,56.5,52.17,41821.67,121884.83,True,4
11,White,DEF,33,1,0.28,0.0,15.56,18.44,17.83,10.83,6.67,0.11,0.1,1.69,-0.11,-0.1,-0.03,54.0,51.83,42670.17,124242.67,False,13
11,White,DEF,35,6,0.58,0.0,17.71,15.5,14.23,4.06,6.68,0.02,0.03,1.39,-0.02,-0.03,-0.23,51.67,51.0,-3994.0,70522.83,True,10
11,White,DEF,36,1,0.7,0.0,20.81,14.59,12.51,4.68,6.08,0.02,0.06,0.74,-0.02,-0.06,-0.04,64.17,51.0,2439.67,69098.33,False,19
12,Zinchenko,DEF,17,1,0.0,0.0,16.36,22.27,18.64,5.34,7.47,0.01,0.11,1.23,-0.01,-0.11,0.2,84.33,49.0,-423.67,39194.33,False,10
12,Zinchenko,DEF,19,1,0.0,0.0,16.83,22.33,18.27,5.15,7.56,0.01,0.1,1.29,-0.01,-0.1,0.08,65.5,49.0,-149.5,36396.25,True,9
36,Cash,DEF,4,5,0.36,0.36,14.94,22.84,17.36,2.49,7.11,0.0,0.12,1.57,-0.0,-0.12,-0.5,84.33,45.0,90947.67,438921.33,False,9
36,Cash,DEF,5,10,0.52,0.52,14.43,20.31,17.16,2.36,6.3,0.0,0.13,1.7,-0.0,-0.13,-0.92,85.75,45.0,58864.75,470030.25,False,17
36,Cash,DEF,6,2,0.42,0.42,17.46,25.32,15.09,4.16,6.03,0.01,0.11,1.57,0.2,-0.11,-0.74,86.6,45.0,49843.4,494161.8,True,10
36,Cash,DEF,7,2,0.34,0.34,15.83,24.06,12.75,3.61,6.54,0.01,0.09,1.46,0.16,-0.09,-0.6,87.17,45.17,48217.0,517972.5,True,3
36,Cash,DEF,8,2,0.17,0.35,13.26,19.67,15.59,4.88,5.23,0.01,0.1,1.29,0.16,-0.1,-0.25,86.0,45.33,52593.0,600845.5,False,18
36,Cash,DEF,9,15,0.17,0.35,12.38,17.23,13.26,4.71,5.06,0.02,0.06,1.21,0.15,-0.06,-0.17,86.0,45.5,7649.17,615157.0,True,13
36,Cash,DEF,10,0,0.34,0.17,19.59,23.74,12.41,5.57,5.57,0.03,0.05,1.08,0.31,-0.05,-0.4,88.83,45.67,-5683.33,614767.5,False,12
36,Cash,DEF,11,6,0.17,0.17,17.39,24.28,12.29,6.59,6.08,0.03,0.04,0.93,0.3,-0.04,0.09,88.83,45.83,6636.83,626821.67,True,4
36,Cash,DEF,12,2,0.34,0.17,16.04,18.88,11.25,6.25,6.08,0.03,0.03,1.02,0.14,-0.03,-0.18,88.83,46.0,7509.33,638589.67,False,11
36,Cash,DEF,13,6,0.34,0.17,16.38,18.24,16.02,6.75,5.4,0.04,0.07,1.17,0.13,-0.07,-0.32,88.83,46.0,8245.83,650669.17,True,20
36,Cash,DEF,14,4,0.5,0.17,19.33,18.57,14.08,8.67,5.67,0.04,0.07,1.17,0.12,-0.07,-0.5,90.0,46.0,19954.0,726990.5,False,6
36,Cash,DEF,15,9,0.5,0.17,19.67,23.37,16.95,8.17,6.17,0.04,0.12,1.41,0.13,0.04,-0.41,90.0,46.17,31351.5,761597.33,True,1
36,Cash,DEF,16,0,0.34,0.17,16.46,23.37,16.3,11.08,6.04,0.07,0.12,1.54,0.1,0.05,-0.36,89.33,46.33,39107.33,802096.67,False,19
36,Cash,DEF,17,2,0.34,0.17,17.63,22.57,15.78,9.74,5.88,0.06,0.12,1.51,0.1,0.05,-0.34,89.33,46.83,174168.0,993775.67,True,14
36,Cash,DEF,18,1,0.17,0.17,14.27,21.59,15.8,9.07,5.71,0.07,0.12,1.46,0.09,0.05,-0.12,89.33,47.33,172121.67,1163955.5,False,7
36,Cash,DEF,20,5,0.17,0.34,12.93,21.16,12.61,8.73,5.71,0.06,0.07,1.52,0.11,0.09,-0.18,89.33,47.83,156320.67,1309219.33,True,16
36,Cash,DEF,21,6,0.0,0.34,11.78,23.28,15.11,6.22,5.38,0.05,0.1,1.58,0.11,0.24,-0.06,89.17,48.17,141997.83,1333896.83,False,8
36,Cash,DEF,22,2,0.17,0.34,14.13,21.57,15.33,6.9,5.38,0.06,0.07,1.46,0.11,0.1,-0.45,89.17,48.33,144579.17,1415158.67,True,9
36,Cash,DEF,23,6,0.17,0.33,12.02,16.86,16.1,3.51,5.01,0.02,0.09,1.22,-0.02,0.08,-0.22,89.83,48.5,162196.83,1516974.5,False,15
36,Cash,DEF,24,2,0.33,0.17,13.86,16.23,14.29,4.34,4.68,0.03,0.09,1.41,-0.03,0.08,-0.74,89.83,48.33,17264.0,1455441.0,True,5
36,Cash,DEF,25,2,0.33,0.17,16.36,19.2,20.92,8.52,5.34,0.05,0.14,1.25,-0.05,0.03,-0.59,89.83,48.17,28365.5,1424954.67,False,4
36,Cash,DEF,27,2,0.33,0.0,16.86,19.44,19.27,11.69,5.18,0.06,0.14,1.24,-0.06,0.03,-0.57,89.83,48.0,39585.17,1413694.17,True,11
36,Cash,DEF,28,0,0.34,0.0,15.62,18.13,19.23,11.59,5.88,0.06,0.13,1.34,-0.06,-0.13,-0.67,89.33,48.17,24095.5,1437782.67,False,20
36,Cash,DEF,29,-1,0.17,0.17,12.59,17.8,19.8,10.91,5.71,0.06,0.11,1.23,-0.06,-0.11,-0.23,89.33,48.33,16340.17,1456190.5,True,7
36,Cash,DEF,31,6,0.18,0.37,9.35,16.13,17.95,11.18,5.68,0.06,0.1,1.65,-0.06,-0.1,-0.37,81.83,48.33,-21534.83,1433263.0,True,19
36,Cash,DEF,32,1,0.18,0.37,10.45,16.06,19.03,11.55,5.68,0.06,0.14,1.42,-0.06,-0.14,-0.14,81.83,48.17,-20536.5,1384641.67,False,16
36,Cash,DEF,33,1,0.18,0.55,8.43,13.71,12.34,8.43,4.95,0.03,0.08,1.56,-0.03,-0.08,-0.28,81.83,48.0,-36717.33,1317958.33,True,17
36,Cash,DEF,34,2,0.18,0.55,6.78,12.43,12.48,5.5,4.95,0.02,0.09,1.5,-0.02,-0.09,0.15,81.83,47.83,-44861.5,1235337.0,False,10
36,Cash,DEF,35,5,0.18,0.55,6.73,12.51,13.0,4.91,4.91,0.02,0.07,1.46,-0.02,-0.07,0.18,82.5,47.5,-26100.5,1182360.5,True,18
36,Cash,DEF,36,1,0.18,0.36,9.27,15.85,9.78,4.91,5.27,0.02,0.07,1.48,-0.02,0.11,0.15,82.5,47.17,-31332.83,1121169.5,False,3
36,Cash,DEF,37,0,0.17,0.17,10.89,14.53,12.57,4.93,4.76,0.02,0.08,1.3,-0.02,0.09,0.23,88.17,47.0,-12988.0,1080681.0,True,12
36,Cash,DEF,38,1,0.0,0.34,7.32,16.09,13.34,4.08,5.27,0.01,0.04,1.38,-0.01,0.13,0.49,88.17,47.0,-18717.67,1061661.67,False,13
37,Digne,DEF,4,5,0.56,0.0,18.56,10.35,8.38,3.38,5.06,0.0,0.1,1.64,0.0,-0.1,-1.08,53.33,45.0,11800.0,228065.67,False,9
37,Digne,DEF,5,1,0.72,0.36,18.36,9.29,7.81,5.4,4.68,0.03,0.06,1.8,-0.03,-0.06,-1.44,62.5,45.0,3557.5,229968.25,False,17
37,Digne,DEF,6,5,0.59,0.29,16.71,7.92,7.48,4.98,3.81,0.02,0.06,1.57,-0.02,-0.06,-1.28,61.4,45.0,2843.2,231977.8,True,10
37,Digne,DEF,7,1,0.45,0.23,17.68,12.51,9.23,6.35,3.63,0.03,0.12,1.43,-0.03,0.1,-0.97,66.17,45.0,223.17,231091.17,True,3
37,Digne,DEF,8,5,0.23,0.45,17.23,16.14,26.46,10.2,3.4,0.05,0.25,1.2,-0.05,-0.03,-0.52,66.17,45.0,829.5,241233.33,False,18
37,Digne,DEF,9,6,0.22,0.43,17.35,19.73,25.79,8.89,3.9,0.05,0.21,1.02,-0.05,0.22,-0.37,69.17,45.0,-8133.17,235230.17,True,13
37,Digne,DEF,10,1,0.37,0.37,19.17,18.66,24.63,9.49,4.02,0.05,0.19,0.97,-0.05,0.18,-0.42,82.17,45.0,-10353.17,226584.83,False,12
37,Digne,DEF,11,9,0.19,0.19,16.98,20.68,26.3,8.11,4.72,0.04,0.19,0.82,-0.04,0.18,0.12,79.5,45.0,-8035.17,219978.5,True,4
37,Digne,DEF,12,1,0.35,0.18,19.94,23.72,27.53,7.24,5.12,0.03,0.2,0.99,-0.03,0.33,-0.11,85.0,45.0,-8397.33,212484.5,False,11
37,Digne,DEF,13,7,0.39,0.19,18.0,21.06,28.24,5.81,5.42,0.03,0.16,1.14,-0.03,0.22,-0.18,77.5,45.0,901.5,216573.5,True,20
37,Digne,DEF,14,1,0.58,0.0,20.13,18.0,19.3,3.1,5.03,0.03,0.07,1.16,-0.03,0.32,-0.38,77.5,45.0,2554.83,223904.0,False,6
37,Digne,DEF,16,1,0.67,0.0,20.27,15.5,19.85,3.12,5.12,0.03,0.08,1.39,-0.03,0.15,-0.49,67.33,45.0,5977.17,230955.17,False,19
37,Digne,DEF,17,1,0.54,0.0,19.13,17.41,19.75,5.39,5.39,0.02,0.08,1.42,-0.02,0.19,-0.34,55.67,45.0,5735.67,236390.83,True,14
37,Digne,DEF,18,1,0.65,0.0,23.56,17.87,20.39,6.55,4.91,0.03,0.09,1.4,-0.03,0.24,-0.75,45.83,45.0,5208.33,240954.0,False,7
37,Digne,DEF,28,2,0.3,0.3,19.2,25.56,23.76,6.9,7.5,0.02,0.22,1.97,-0.02,0.08,-0.47,50.0,45.0,-2833.67,204176.5,False,20
37,Digne,DEF,30,4,0.32,0.32,24.19,21.68,19.29,7.42,6.45,0.03,0.23,1.26,-0.03,0.1,-0.62,46.5,45.0,-2069.67,203471.5,False,14
37,Digne,DEF,31,7,0.27,0.27,23.1,21.72,21.64,6.64,6.9,0.02,0.24,1.21,-0.02,0.29,0.12,56.5,45.0,-3154.17,200179.67,True,19
37,Digne,DEF,32,2,0.25,0.25,21.18,21.23,25.29,8.07,6.81,0.03,0.25,1.01,-0.03,0.26,0.25,59.5,45.0,-9.33,204379.33,False,16
37,Digne,DEF,33,3,0.22,0.22,20.5,21.93,28.23,4.1,7.34,0.02,0.23,1.11,-0.02,0.21,0.18,69.5,45.0,-490.5,203799.0,True,17
37,Digne,DEF,34,2,0.21,0.0,19.62,22.52,26.91,3.63,7.46,0.01,0.19,1.38,-0.01,0.23,0.33,70.33,45.0,336.83,203719.67,False,10
37,Digne,DEF,36,1,0.21,0.0,16.86,18.76,25.69,3.79,5.69,0.02,0.19,1.25,-0.02,0.23,0.43,71.17,45.0,2203.17,206817.17,False,3
37,Digne,DEF,37,4,0.24,0.0,19.97,23.39,31.36,4.33,6.74,0.02,0.22,1.38,-0.02,0.26,0.31,62.33,45.0,2422.17,208407.33,True,12
38,Konsa,DEF,5,2,0.73,0.0,16.9,13.08,6.02,1.47,4.41,0.0,0.02,2.15,0.0,-0.02,-1.05,81.67,45.0,-86456.33,1774159.67,False,17
38,Konsa,DEF,6,2,0.54,0.0,15.04,16.6,5.21,1.07,4.84,0.0,0.02,1.86,0.0,-0.02,-0.78,83.75,45.0,-67181.75,1707438.75,True,10
38,Konsa,DEF,7,2,0.42,0.0,16.31,17.83,4.26,0.85,4.87,0.0,0.01,1.66,0.0,-0.01,-0.6,85.0,45.0,-79787.0,1640440.8,True,3
38,Konsa,DEF,8,2,0.35,0.0,16.08,17.48,3.7,4.02,4.54,0.01,0.01,1.44,-0.01,-0.01,-0.39,85.83,45.0,-77838.5,1585987.67,False,18
38,Konsa,DEF,9,8,0.17,0.0,14.33,19.33,4.03,4.17,4.83,0.01,0.01,1.32,-0.01,-0.01,-0.15,90.0,45.0,-97613.33,1416960.5,True,13
38,Konsa,DEF,10,1,0.33,0.0,19.0,21.4,1.73,3.83,6.0,0.01,0.01,1.07,-0.01,-0.01,-0.4,90.0,45.0,-96232.17,1330826.67,False,12
38,Konsa,DEF,11,6,0.17,0.0,16.17,21.73,1.78,3.83,6.67,0.01,0.01,0.92,-0.01,-0.01,0.08,90.0,44.83,-76990.5,1259915.17,True,4
38,Konsa,DEF,12,2,0.33,0.0,18.67,19.4,1.33,4.83,6.33,0.01,0.01,1.01,-0.01,-0.01,-0.18,90.0,44.67,-80414.17,1181298.17,False,11
38,Konsa,DEF,13,8,0.33,0.0,18.33,19.83,1.37,4.83,6.5,0.01,0.01,1.16,-0.01,-0.01,-0.32,90.0,44.5,-66625.17,1115996.17,True,20
38,Konsa,DEF,14,1,0.5,0.0,21.17,21.73,4.9,2.0,7.5,0.0,0.02,1.17,0.0,-0.02,-0.5,90.0,44.33,-56093.83,1063511.0,False,6
38,Konsa,DEF,15,2,0.5,0.0,20.67,21.33,4.28,5.83,7.33,0.04,0.02,1.41,-0.04,-0.02,-0.41,90.0,44.17,-35481.17,1029819.5,True,1
38,Konsa,DEF,16,1,0.33,0.0,17.33,17.57,4.42,5.5,6.17,0.04,0.02,1.54,-0.04,-0.02,-0.37,90.0,44.0,-23615.33,1006701.5,False,19
38,Konsa,DEF,17,2,0.33,0.0,15.83,15.73,4.55,5.5,5.17,0.04,0.02,1.51,-0.04,-0.02,-0.34,90.0,44.0,-13933.5,995583.5,True,14
38,Konsa,DEF,18,4,0.17,0.0,13.0,16.07,4.57,4.5,5.5,0.04,0.01,1.46,-0.04,-0.01,-0.13,90.0,44.0,-11761.83,984388.67,False,7
38,Konsa,DEF,19,0,0.17,0.0,12.17,15.87,4.45,4.5,6.17,0.04,0.01,1.52,-0.04,-0.01,-0.19,90.0,44.0,-7193.83,977201.67,False,1
38,Konsa,DEF,20,2,0.0,0.0,8.17,15.8,2.73,4.17,5.83,0.04,0.03,1.94,-0.04,-0.03,0.05,90.0,44.0,-9093.67,964686.0,True,16
38,Konsa,DEF,21,7,0.0,0.0,9.67,16.03,3.3,0.33,5.5,0.0,0.03,1.72,0.0,-0.03,-0.06,90.0,44.0,-7010.33,959362.67,False,8
38,Konsa,DEF,22,2,0.17,0.0,12.83,17.7,3.18,2.0,6.0,0.01,0.03,1.66,-0.01,-0.03,-0.16,90.0,44.0,-5993.17,955570.0,True,9
38,Konsa,DEF,23,6,0.17,0.0,14.67,20.63,3.05,3.17,6.83,0.01,0.03,1.57,-0.01,-0.03,-0.24,90.0,44.0,-6537.0,949637.33,False,15
38,Konsa,DEF,24,2,0.33,0.0,17.67,20.33,3.17,3.17,6.83,0.01,0.03,1.71,-0.01,-0.03,-0.54,90.0,44.0,-6039.33,945630.67,True,5
38,Konsa,DEF,25,2,0.33,0.0,17.17,18.73,4.68,3.83,5.83,0.07,0.04,1.42,-0.07,-0.04,-0.25,90.0,44.0,871.83,950770.5,False,4
38,Konsa,DEF,26,6,0.33,0.0,18.17,17.3,2.75,3.83,5.67,0.07,0.02,1.25,-0.07,-0.02,-0.59,90.0,44.0,5382.17,959855.17,True,6
38,Konsa,DEF,27,7,0.5,0.0,19.83,15.67,2.3,5.33,5.83,0.09,0.02,1.19,-0.09,-0.02,-0.69,90.0,44.0,2449.17,962136.83,True,11
38,Konsa,DEF,28,1,0.33,0.0,18.67,17.43,2.45,5.33,6.17,0.11,0.02,1.16,-0.11,0.14,-0.5,90.0,44.0,13854.67,977495.0,False,20
38,Konsa,DEF,29,0,0.33,0.0,18.33,16.4,2.37,4.17,6.33,0.11,0.02,1.22,-0.11,0.14,-0.39,90.0,44.0,17847.17,996725.5,True,7
38,Konsa,DEF,30,1,0.17,0.0,13.5,17.17,2.32,4.17,6.17,0.11,0.02,1.46,-0.11,0.15,0.04,90.0,44.0,16292.83,1013298.0,False,14
38,Konsa,DEF,31,6,0.17,0.0,12.33,19.03,1.62,3.5,6.67,0.05,0.01,1.58,-0.05,0.16,0.26,90.0,44.0,9373.33,1023017.83,True,19
38,Konsa,DEF,33,1,0.33,0.0,14.0,18.97,3.42,6.17,6.17,0.09,0.01,1.39,-0.09,0.16,0.27,90.0,44.0,13659.5,1047450.0,True,17
38,Konsa,DEF,34,2,0.17,0.0,10.5,19.5,3.37,4.67,6.17,0.06,0.01,1.6,-0.06,0.16,0.57,90.0,44.0,8753.83,1048165.0,False,10
38,Konsa,DEF,36,1,0.17,0.0,8.5,17.9,3.33,3.0,5.33,0.04,0.01,1.57,-0.04,-0.01,0.6,90.0,44.0,-33.33,1043461.17,False,3
38,Konsa,DEF,37,1,0.17,0.0,8.67,17.53,3.42,3.33,4.67,0.04,0.01,1.72,-0.04,-0.01,0.44,90.0,44.0,-9033.83,1027826.67,True,12
39,Maatsen,DEF,7,1,0.0,0.64,8.94,22.09,36.38,8.3,7.66,0.07,0.13,1.97,-0.07,-0.13,0.59,47.0,44.33,-8829.33,75886.67,True,3
39,Maatsen,DEF,17,2,0.0,0.0,12.12,18.42,13.97,15.45,6.67,0.06,0.17,1.56,-0.06,-0.17,-0.04,49.5,42.33,-341.17,55364.67,True,14
39,Maatsen,DEF,18,2,0.0,0.0,12.75,18.59,16.36,14.47,7.36,0.06,0.14,1.51,-0.06,-0.14,-0.03,61.17,42.17,347.67,55732.5,False,7
39,Maatsen,DEF,20,2,0.0,0.0,10.37,16.76,11.57,14.1,6.84,0.07,0.12,1.7,-0.07,-0.12,-0.25,72.33,42.0,1038.0,56809.33,True,16
39,Maatsen,DEF,21,1,0.0,0.0,10.83,15.28,11.54,13.79,6.7,0.07,0.11,1.64,-0.07,-0.11,-0.07,76.17,42.0,1363.83,58573.0,False,8
39,Maatsen,DEF,22,2,0.0,0.0,10.22,12.49,7.47,10.89,6.67,0.08,0.02,1.54,-0.08,-0.02,-0.2,67.5,42.0,1469.67,60512.17,True,9
39,Maatsen,DEF,23,5,0.0,0.0,13.02,14.98,16.02,11.86,6.51,0.07,0.08,1.28,-0.07,-0.08,0.11,64.5,42.0,1503.5,62511.67,False,15
39,Maatsen,DEF,24,2,0.22,0.22,15.63,13.27,15.32,11.84,6.25,0.07,0.11,1.5,-0.07,-0.11,-0.61,67.17,42.0,774.67,63608.83,True,5
39,Maatsen,DEF,25,1,0.21,0.21,16.75,15.89,20.13,15.04,6.01,0.09,0.18,1.27,-0.09,-0.18,-0.41,69.83,42.0,1039.67,65118.33,False,4
39,Maatsen,DEF,26,8,0.26,0.26,20.57,16.46,24.02,14.66,6.17,0.08,0.22,1.08,-0.08,-0.22,-0.31,58.33,42.0,1095.17,66616.5,True,6
39,Maatsen,DEF,27,2,0.48,0.24,22.74,20.18,28.86,14.52,7.26,0.06,0.22,0.97,-0.06,-0.22,-0.48,62.0,42.0,1065.0,67860.67,True,11
39,Maatsen,DEF,28,1,0.4,0.2,19.62,17.96,24.8,11.73,6.07,0.04,0.19,1.08,-0.04,-0.19,-0.48,74.17,42.0,2734.33,70875.67,False,20
39,Maatsen,DEF,29,0,0.46,0.23,19.01,20.02,24.62,16.03,6.87,0.08,0.16,1.22,-0.08,-0.16,-0.53,65.5,42.0,3023.33,74100.5,True,7
39,Maatsen,DEF,30,1,0.23,0.0,13.97,21.53,26.82,15.57,7.79,0.08,0.14,1.54,-0.08,-0.14,0.06,65.5,42.0,2645.83,76861.0,False,14
39,Maatsen,DEF,32,1,0.29,0.0,11.86,18.81,20.89,12.44,7.52,0.06,0.06,1.92,-0.06,-0.06,-0.18,51.83,42.0,1703.0,78665.33,False,16
39,Maatsen,DEF,33,5,0.29,0.0,13.06,19.86,20.96,16.84,7.55,0.11,0.06,1.8,-0.11,-0.06,-0.06,51.67,42.0,894.17,79547.5,True,17
39,Maatsen,DEF,35,1,0.0,0.0,11.52,20.74,21.33,16.19,5.29,0.11,0.16,1.86,-0.11,0.15,0.32,48.17,42.0,312.5,79588.5,True,18
39,Maatsen,DEF,36,1,0.0,0.0,7.16,19.56,23.64,16.82,4.98,0.11,0.16,1.75,-0.11,0.16,0.74,48.17,42.0,-1666.5,78173.0,False,3
39,Maatsen,DEF,37,1,0.0,0.0,5.79,17.63,16.26,9.47,5.79,0.05,0.11,1.78,-0.05,0.15,0.59,57.0,42.0,-2067.5,76396.33,True,12
40,Mings,DEF,4,9,0.33,0.0,12.67,15.0,6.03,5.0,4.67,0.04,0.02,1.77,-0.04,-0.02,-0.44,90.0,45.0,10465.33,123979.33,False,9
40,Mings,DEF,5,4,0.5,0.0,17.0,20.25,4.85,5.75,6.75,0.08,0.02,1.85,-0.08,-0.02,-0.85,90.0,45.0,5943.75,130071.5,False,17
40,Mings,DEF,6,1,0.4,0.0,16.8,23.08,8.76,5.0,7.8,0.07,0.02,1.69,-0.07,-0.02,-0.69,90.0,45.0,10707.0,141333.0,True,10
40,Mings,DEF,10,1,0.37,0.0,15.53,22.12,8.27,4.68,7.48,0.06,0.02,1.63,-0.06,-0.02,-0.51,80.17,45.0,9720.17,149499.33,False,12
40,Mings,DEF,23,1,0.22,0.0,13.71,23.71,9.04,5.53,7.96,0.07,0.02,1.63,-0.07,-0.02,-0.3,67.83,44.83,8874.83,156669.5,False,15
40,Mings,DEF,25,2,0.27,0.0,14.64,26.19,7.75,2.71,9.22,0.06,0.02,1.7,-0.06,-0.02,-0.34,55.33,44.5,3149.5,143456.5,False,4
40,Mings,DEF,26,12,0.27,0.0,17.62,27.49,7.45,5.42,10.3,0.08,0.01,1.53,-0.08,-0.01,-0.72,55.33,44.17,3777.5,130119.17,True,6
40,Mings,DEF,27,2,0.27,0.0,18.43,21.36,7.29,5.69,8.13,0.06,0.01,1.11,-0.06,0.26,-0.29,55.33,43.83,5230.67,117624.33,True,11
40,Mings,DEF,29,0,0.27,0.0,17.35,18.54,6.51,8.13,7.05,0.09,0.07,1.19,-0.09,0.2,-0.37,55.33,43.5,2965.67,101663.5,True,7
40,Mings,DEF,30,3,0.23,0.0,14.96,18.51,5.87,6.91,6.68,0.07,0.06,1.77,-0.07,0.17,-0.39,65.17,43.17,1775.33,84660.5,False,14
40,Mings,DEF,33,1,0.19,0.0,11.81,18.31,5.09,6.97,7.55,0.13,0.05,1.69,-0.13,0.14,0.05,77.5,43.0,2416.5,80299.17,True,17
40,Mings,DEF,35,1,0.17,0.0,10.17,17.3,4.65,11.83,7.0,0.12,0.05,1.72,-0.12,0.12,0.28,90.0,43.0,1815.67,82578.5,True,18
40,Mings,DEF,36,0,0.17,0.0,8.67,14.8,4.78,11.33,6.0,0.15,0.05,1.55,-0.15,0.12,0.62,90.0,43.0,1483.67,84607.83,False,3
40,Mings,DEF,38,4,0.0,0.17,3.33,16.07,5.57,10.17,6.5,0.12,0.05,1.76,-0.12,-0.05,0.74,90.0,43.0,1239.0,86366.33,False,13
41,Pau,DEF,7,4,0.0,0.0,10.98,18.11,3.73,4.94,6.04,0.04,0.08,1.51,-0.04,-0.08,-0.41,54.67,44.67,-3512.67,47512.67,True,3
41,Pau,DEF,8,2,0.0,0.0,14.17,22.11,2.98,4.61,8.5,0.04,0.05,1.12,-0.04,-0.05,-0.06,63.5,44.5,-2820.25,46003.5,False,18
41,Pau,DEF,9,8,0.0,0.0,13.08,19.57,2.49,3.4,7.33,0.03,0.04,1.03,-0.03,-0.04,0.02,68.8,44.4,-2472.0,44981.0,True,13
41,Pau,DEF,10,1,0.21,0.0,17.63,19.74,2.24,2.7,7.05,0.02,0.04,1.06,-0.02,-0.04,-0.23,72.33,44.17,-2157.0,44256.0,False,12
41,Pau,DEF,11,6,0.22,0.0,18.35,22.32,1.14,0.86,8.42,0.01,0.01,1.08,-0.01,-0.01,-0.0,69.5,43.83,-1264.17,42827.5,True,4
41,Pau,DEF,12,4,0.37,0.0,20.35,19.5,0.95,1.1,7.33,0.01,0.01,1.05,-0.01,-0.01,-0.32,81.83,43.5,-568.0,41767.67,False,11
41,Pau,DEF,13,6,0.34,0.0,19.79,21.96,0.91,1.03,7.57,0.01,0.01,1.18,-0.01,-0.01,-0.32,87.17,43.33,1547.67,44173.83,True,20
41,Pau,DEF,14,-1,0.52,0.0,20.48,19.38,1.17,1.55,6.2,0.02,0.01,1.19,-0.02,-0.01,-0.51,87.17,43.17,2791.33,48263.0,False,6
41,Pau,DEF,15,5,0.52,0.0,18.76,20.58,1.12,1.55,6.88,0.02,0.01,1.45,-0.02,-0.01,-0.41,87.17,43.0,3531.33,52241.33,True,1
41,Pau,DEF,22,2,0.35,0.0,15.81,19.53,1.13,2.26,6.78,0.02,0.01,1.58,-0.02,0.17,-0.36,86.33,43.0,3469.33,55968.33,True,9
41,Pau,DEF,23,6,0.34,0.0,15.14,17.13,3.01,2.52,6.06,0.02,0.02,1.43,-0.02,0.15,-0.42,89.17,43.0,3204.17,55096.33,False,15
41,Pau,DEF,24,2,0.35,0.0,14.39,17.24,3.17,4.68,6.94,0.06,0.02,1.55,-0.06,0.16,-0.5,86.5,43.0,3093.67,54095.33,True,5
41,Pau,DEF,28,1,0.35,0.0,14.05,13.04,4.2,6.24,5.55,0.08,0.03,1.3,-0.08,0.15,-0.26,86.5,43.0,1850.0,51428.67,False,20
41,Pau,DEF,31,6,0.17,0.0,11.45,13.32,3.92,5.72,5.9,0.07,0.03,1.36,-0.07,0.15,0.02,86.5,43.0,570.0,47104.5,True,19
41,Pau,DEF,32,2,0.35,0.0,16.3,12.73,4.28,5.72,5.38,0.07,0.03,1.14,-0.07,0.15,-0.28,86.5,43.0,-37.33,42793.0,False,16
41,Pau,DEF,34,1,0.34,0.0,14.6,12.81,4.26,4.98,4.81,0.07,0.03,1.01,-0.07,-0.03,-0.15,87.33,43.0,173.0,38861.5,False,10
41,Pau,DEF,37,4,0.34,0.17,14.43,13.77,3.01,4.64,4.64,0.07,0.02,1.12,-0.07,-0.02,-0.27,87.33,43.0,250.0,39379.5,True,12
41,Pau,DEF,38,1,0.17,0.17,13.17,15.63,2.83,5.0,4.17,0.12,0.02,0.99,-0.12,0.15,0.18,90.0,43.0,172.17,39692.5,False,13
44,Bogarde,DEF,11,1,0.32,0.32,15.0,6.45,10.24,1.91,2.55,0.0,0.03,1.05,0.0,-0.03,-0.41,47.0,40.0,6447.17,56761.5,True,4
44,Bogarde,DEF,12,1,0.33,0.0,18.0,10.01,9.85,1.31,3.6,0.0,0.02,1.07,0.0,-0.02,-0.41,45.83,40.0,6152.83,64192.17,False,11
44,Bogarde,DEF,13,1,0.33,0.0,17.67,10.15,9.33,1.31,3.93,0.0,0.02,1.01,0.0,-0.02,-0.35,45.83,40.0,5639.67,70535.83,True,20
44,Bogarde,DEF,34,2,0.32,0.0,10.72,12.74,4.29,1.95,6.17,0.0,0.02,1.19,0.0,-0.02,0.76,46.17,40.0,217.5,69973.5,False,10
44,Bogarde,DEF,35,1,0.3,0.0,9.74,12.81,4.04,1.77,5.61,0.0,0.02,1.3,0.0,-0.02,0.48,50.83,40.0,189.17,70611.0,True,18
44,Bogarde,DEF,36,1,0.23,0.0,7.37,11.69,3.27,1.38,5.29,0.0,0.01,1.16,0.0,-0.01,0.68,65.17,40.0,135.83,70864.5,False,3
44,Bogarde,DEF,38,2,0.0,0.0,2.6,11.11,3.7,1.16,5.21,0.0,0.01,1.36,0.0,-0.01,0.95,51.83,40.0,55.33,70982.67,False,13
72,Senesi,DEF,4,3,0.67,0.0,24.67,29.67,8.73,3.33,14.33,0.05,0.03,0.95,-0.05,0.3,0.38,90.0,45.0,28026.33,137813.67,True,6
72,Senesi,DEF,5,9,0.5,0.25,20.75,29.75,7.72,3.0,13.75,0.04,0.03,0.87,-0.04,0.22,0.38,90.0,45.25,191314.5,347221.25,True,15
72,Senesi,DEF,6,7,0.6,0.2,22.0,28.96,8.56,2.8,13.2,0.03,0.03,0.72,-0.03,0.17,0.28,90.0,45.6,212400.4,530406.0,False,11
72,Senesi,DEF,7,2,0.5,0.17,22.83,33.77,9.95,3.0,13.5,0.02,0.06,0.91,-0.02,0.27,0.26,90.0,46.0,324909.17,812488.0,True,10
72,Senesi,DEF,8,2,0.51,0.17,24.76,34.02,9.09,3.07,12.47,0.02,0.18,0.66,-0.02,0.16,0.03,87.83,46.67,442414.17,1291470.67,False,8
72,Senesi,DEF,9,5,0.34,0.34,20.49,37.47,8.98,4.27,13.49,0.03,0.18,1.34,-0.03,0.16,-0.14,87.83,47.5,477080.5,1797049.17,True,16
72,Senesi,DEF,10,3,0.34,0.51,16.74,34.05,7.33,3.24,11.95,0.0,0.18,1.36,-0.0,-0.01,-0.17,87.83,48.33,490853.83,2318946.5,False,13
72,Senesi,DEF,11,2,0.34,0.34,16.39,35.32,9.65,3.24,12.3,0.0,0.2,1.64,-0.0,-0.03,-0.1,87.83,49.0,365313.33,2692013.83,False,2
72,Senesi,DEF,12,3,0.17,0.34,11.78,35.04,8.28,2.9,12.81,0.0,0.23,1.9,-0.0,-0.06,0.32,87.83,49.5,309018.0,3015631.17,True,19
72,Senesi,DEF,13,2,0.17,0.51,11.1,32.21,12.77,3.24,11.1,0.01,0.26,1.7,-0.01,-0.09,0.52,87.83,49.83,183741.83,3210109.83,False,17
72,Senesi,DEF,15,8,0.17,0.67,11.0,33.9,17.77,3.17,12.0,0.01,0.2,1.77,-0.01,-0.03,0.73,90.0,50.0,59483.33,3238645.83,True,7
72,Senesi,DEF,16,1,0.35,0.53,15.5,32.09,22.3,1.76,11.1,0.0,0.21,1.21,-0.0,-0.03,0.9,85.17,50.0,-16210.33,3108035.5,False,14
72,Senesi,DEF,17,4,0.18,0.53,12.33,38.47,24.18,5.46,13.91,0.01,0.21,1.73,-0.01,-0.04,1.09,85.17,50.0,-105223.67,2883682.67,True,3
72,Senesi,DEF,18,2,0.18,0.53,15.15,41.85,28.02,6.69,14.79,0.06,0.28,1.41,-0.06,-0.1,1.06,85.17,49.83,-76750.67,2715406.17,False,5
72,Senesi,DEF,19,3,0.18,0.53,15.15,42.97,27.56,11.45,14.09,0.07,0.25,1.75,-0.07,-0.07,0.71,85.17,49.67,-72767.0,2527477.67,False,7
72,Senesi,DEF,20,1,0.18,0.35,11.27,39.84,20.01,10.92,15.15,0.07,0.18,2.04,-0.07,-0.18,0.42,85.17,49.5,-119789.83,2276725.67,True,1
72,Senesi,DEF,21,6,0.18,0.18,8.98,36.0,13.32,10.92,13.91,0.07,0.13,2.02,-0.07,-0.13,0.45,85.17,49.17,-130479.83,2071143.5,True,18
72,Senesi,DEF,22,3,0.0,0.17,7.5,38.6,11.52,10.67,14.0,0.06,0.21,2.0,-0.06,-0.04,0.66,90.0,48.83,-109682.17,1972425.0,False,6
72,Senesi,DEF,23,3,0.0,0.17,8.0,33.57,11.28,7.17,12.67,0.06,0.2,1.63,-0.06,-0.04,0.54,90.0,48.5,-43223.5,1942133.33,True,12
72,Senesi,DEF,24,8,0.0,0.17,5.33,28.67,4.7,7.67,11.67,0.06,0.14,1.72,-0.06,0.03,0.61,90.0,48.33,-65038.17,1869406.33,False,20
72,Senesi,DEF,25,2,0.17,0.17,9.5,27.27,4.7,4.33,11.83,0.06,0.13,1.34,-0.06,0.03,0.32,90.0,48.17,-48898.5,1833142.17,True,2
72,Senesi,DEF,26,2,0.17,0.17,11.67,26.4,7.12,7.83,11.0,0.1,0.17,1.03,-0.1,-0.01,0.47,90.0,48.0,-2056.83,1851659.33,False,9
72,Senesi,DEF,27,5,0.17,0.17,13.5,28.0,6.92,7.83,11.0,0.1,0.16,1.33,-0.1,0.01,-0.16,90.0,48.0,16554.67,1869443.0,False,19
72,Senesi,DEF,28,4,0.33,0.33,13.67,23.5,4.85,10.0,9.67,0.11,0.07,1.67,-0.11,-0.07,-0.84,90.0,48.0,34480.5,1906642.0,True,17
72,Senesi,DEF,29,11,0.33,0.17,14.33,23.33,3.53,10.33,9.33,0.12,0.07,1.73,-0.12,-0.07,-0.9,90.0,48.17,46891.0,1956437.33,True,5
72,Senesi,DEF,30,10,0.5,0.17,18.33,21.87,3.55,8.33,8.83,0.06,0.06,1.64,-0.06,-0.06,-1.14,90.0,48.33,59268.0,2017912.33,False,3
72,Senesi,DEF,31,1,0.5,0.17,19.33,24.0,3.55,9.0,9.67,0.07,0.06,1.64,-0.07,-0.06,-1.14,90.0,48.67,87115.33,2107322.5,True,14
72,Senesi,DEF,32,4,0.5,0.17,17.83,23.43,3.05,5.5,9.5,0.04,0.02,1.87,-0.04,-0.02,-1.2,90.0,49.17,94721.5,2240339.33,False,1
72,Senesi,DEF,33,2,0.5,0.17,18.33,23.27,3.15,5.17,10.0,0.04,0.02,1.76,-0.04,-0.03,-1.1,90.0,49.67,121901.67,2364985.0,False,15
72,Senesi,DEF,33,4,0.33,0.0,16.17,23.93,4.85,3.0,9.83,0.03,0.04,1.48,-0.03,-0.04,-0.65,90.0,50.33,174072.83,2592013.67,True,11
72,Senesi,DEF,35,14,0.33,0.0,17.67,25.3,7.82,4.67,9.0,0.05,0.09,1.38,-0.05,0.08,-0.38,90.0,50.83,221110.5,2807814.17,True,8
72,Senesi,DEF,36,8,0.33,0.0,19.0,28.23,11.12,5.67,9.67,0.05,0.1,1.47,-0.05,0.23,-0.47,90.0,51.33,205758.83,2901789.5,False,10
72,Senesi,DEF,37,4,0.33,0.0,18.17,27.5,11.2,3.83,8.67,0.02,0.11,1.45,-0.02,0.23,-0.45,90.0,51.67,175760.67,2964898.5,True,13
72,Senesi,DEF,38,2,0.33,0.0,19.5,28.73,9.4,3.33,9.5,0.02,0.1,1.44,-0.02,0.23,-0.6,90.0,51.83,139042.33,2953230.17,False,16
73,Smith,DEF,11,1,0.44,0.0,12.35,7.85,6.18,1.76,4.85,0.0,0.04,1.13,0.0,-0.04,0.19,68.0,45.0,1721.33,33240.67,False,2
73,Smith,DEF,12,1,0.42,0.0,13.1,7.52,5.92,1.69,4.65,0.0,0.04,1.09,0.0,-0.04,0.18,53.25,44.75,1266.25,29929.5,True,19
73,Smith,DEF,15,6,0.3,0.0,10.03,7.18,5.11,2.43,4.26,0.0,0.03,1.15,0.0,-0.03,0.68,49.33,44.5,872.17,26807.5,True,7
73,Smith,DEF,16,2,0.61,0.0,16.36,5.82,2.03,1.82,3.33,0.0,0.01,0.78,0.0,-0.01,0.12,49.5,44.33,839.83,27529.0,False,14
73,Smith,DEF,18,0,0.3,0.3,7.58,10.85,4.36,3.03,3.94,0.0,0.01,1.64,0.0,0.3,0.48,49.5,44.17,-302.33,24034.0,False,5
73,Smith,DEF,19,1,0.28,0.28,5.39,10.9,4.06,3.97,4.26,0.0,0.01,1.97,0.0,0.28,0.58,52.83,44.0,-27.17,21191.0,False,7
73,Smith,DEF,22,0,0.29,0.29,5.53,11.18,4.17,4.08,4.37,0.0,0.01,2.09,0.0,0.29,0.54,51.5,44.0,-126.67,21719.67,False,6
73,Smith,DEF,23,1,0.28,0.56,3.06,10.78,3.92,3.33,4.72,0.0,0.01,2.13,0.0,0.27,0.65,54.0,44.0,-201.17,22087.33,True,12
73,Smith,DEF,24,6,0.27,0.54,3.76,11.87,3.36,2.69,5.37,0.0,0.0,1.99,0.0,0.27,0.43,55.83,44.0,-224.17,22425.17,False,20
73,Smith,DEF,25,1,0.27,0.54,5.1,13.76,4.06,2.15,5.64,0.0,0.0,2.06,0.0,0.27,0.36,55.83,44.0,-139.67,22815.17,True,2
74,Truffert,DEF,4,2,0.67,0.0,17.0,18.67,19.13,2.33,6.33,0.0,0.09,0.95,-0.0,-0.09,0.38,90.0,45.0,10471.0,96677.67,True,6
74,Truffert,DEF,5,9,0.5,0.0,13.25,17.85,21.78,1.75,5.75,0.0,0.09,0.87,-0.0,-0.09,0.38,90.0,45.0,14056.25,107871.25,True,15
74,Truffert,DEF,6,3,0.6,0.0,16.4,16.56,18.4,1.8,5.6,0.0,0.08,0.72,-0.0,-0.08,0.28,90.0,45.0,12451.4,115873.0,False,11
74,Truffert,DEF,7,5,0.5,0.0,16.17,18.63,16.17,1.83,6.83,0.0,0.07,0.91,-0.0,-0.07,0.26,90.0,45.0,22647.5,135203.5,True,10
74,Truffert,DEF,8,1,0.5,0.0,20.33,21.07,16.35,2.5,6.67,0.01,0.05,0.69,-0.01,0.12,-0.02,90.0,45.0,24116.0,163730.17,False,8
74,Truffert,DEF,9,10,0.33,0.0,15.5,19.97,13.88,1.83,6.67,0.01,0.05,1.35,-0.01,0.12,-0.19,90.0,45.0,24741.5,189692.67,True,16
74,Truffert,DEF,10,2,0.33,0.0,17.0,19.8,12.37,2.17,7.0,0.01,0.04,1.38,-0.01,0.13,-0.21,90.0,45.0,25354.0,218342.5,False,13
74,Truffert,DEF,11,0,0.33,0.17,17.5,20.9,8.05,3.17,8.0,0.02,0.02,1.64,-0.02,0.14,-0.15,90.0,45.0,22216.83,241866.17,False,2
74,Truffert,DEF,12,0,0.18,0.35,13.71,21.97,11.36,3.87,8.61,0.03,0.02,1.86,-0.03,0.15,0.07,85.33,45.0,22256.17,265910.67,True,19
74,Truffert,DEF,13,1,0.18,0.53,13.18,22.89,22.24,4.57,7.03,0.03,0.08,1.65,-0.03,0.09,0.28,85.33,45.0,13680.5,280856.33,False,17
74,Truffert,DEF,14,4,0.18,0.53,9.67,20.74,21.02,7.56,7.38,0.03,0.08,1.72,-0.03,-0.08,0.56,85.33,45.0,9707.33,290660.33,True,9
74,Truffert,DEF,15,6,0.18,0.53,12.83,24.43,21.66,8.61,8.96,0.03,0.09,1.19,-0.03,-0.09,0.74,85.33,45.0,3164.0,294985.83,True,7
74,Truffert,DEF,16,0,0.18,0.53,12.48,24.57,23.77,8.96,8.44,0.03,0.09,1.29,-0.03,-0.09,0.64,85.33,45.0,-408.17,294638.83,False,14
74,Truffert,DEF,17,5,0.18,0.35,10.55,22.96,23.5,8.61,8.26,0.02,0.09,1.48,-0.02,-0.09,0.63,85.33,45.0,-3632.67,291791.17,True,3
74,Truffert,DEF,18,1,0.17,0.17,13.67,25.1,19.97,7.33,9.67,0.01,0.09,1.33,-0.01,-0.09,0.51,90.0,45.0,863.33,295359.17,False,5
74,Truffert,DEF,19,3,0.17,0.0,11.63,21.18,11.19,6.5,9.75,0.01,0.03,1.63,-0.01,-0.03,0.42,87.67,45.0,-3776.17,290205.83,False,7
74,Truffert,DEF,20,1,0.17,0.0,13.35,23.27,9.99,3.94,10.95,0.02,0.04,1.81,-0.02,-0.04,0.08,87.67,45.0,-6588.0,283169.83,True,1
74,Truffert,DEF,21,1,0.17,0.0,10.27,19.68,9.62,2.57,9.58,0.02,0.03,1.75,-0.02,-0.03,0.47,87.67,45.0,-8450.0,275117.67,True,18
74,Truffert,DEF,22,4,0.0,0.0,5.13,19.68,6.23,1.71,9.75,0.02,0.02,1.81,-0.02,-0.02,0.76,87.67,45.0,-7739.67,268823.67,False,6
74,Truffert,DEF,23,3,0.0,0.0,8.04,22.17,8.5,1.71,10.27,0.02,0.03,1.43,-0.02,-0.03,0.63,87.67,45.0,-7927.5,262135.33,True,12
74,Truffert,DEF,24,6,0.0,0.0,5.13,20.26,7.55,2.05,9.07,0.02,0.03,1.52,-0.02,-0.03,0.7,87.67,45.0,-14978.17,246027.17,False,20
74,Truffert,DEF,25,2,0.17,0.0,9.83,21.5,5.9,2.0,9.83,0.02,0.03,1.34,-0.02,-0.03,0.32,90.0,45.0,-13617.0,234390.0,True,2
74,Truffert,DEF,26,7,0.17,0.0,8.67,17.87,5.37,1.33,8.5,0.0,0.02,1.03,0.0,-0.02,0.47,90.0,45.0,-7766.5,229493.67,False,9
74,Truffert,DEF,27,6,0.17,0.0,11.83,21.4,7.08,1.5,9.5,0.0,0.1,1.33,-0.0,0.06,-0.16,90.0,45.0,-5463.5,224269.0,False,19
74,Truffert,DEF,28,4,0.33,0.0,15.67,20.13,7.08,1.83,9.0,0.01,0.1,1.67,-0.01,0.07,-0.84,90.0,45.0,-15.33,224918.83,True,17
74,Truffert,DEF,29,8,0.33,0.0,16.5,18.67,5.72,1.17,8.67,0.01,0.09,1.73,-0.01,0.08,-0.9,90.0,45.0,6951.0,232684.67,True,5
74,Truffert,DEF,30,11,0.5,0.0,20.33,17.7,8.38,1.17,8.0,0.01,0.14,1.64,-0.01,0.02,-1.14,90.0,45.17,11691.17,244964.33,False,3
74,Truffert,DEF,31,4,0.5,0.0,21.5,20.5,12.73,1.83,8.33,0.01,0.19,1.64,-0.01,-0.02,-1.14,90.0,45.33,21621.0,267477.0,True,14
74,Truffert,DEF,32,4,0.5,0.0,23.5,25.6,18.42,3.33,8.33,0.02,0.2,1.87,-0.02,0.13,-1.2,90.0,45.5,30113.5,313774.83,False,1
74,Truffert,DEF,33,10,0.5,0.17,22.0,21.27,16.22,3.5,7.67,0.01,0.12,1.76,-0.01,0.21,-1.1,90.0,45.83,40618.83,355221.83,False,15
74,Truffert,DEF,33,3,0.33,0.17,22.5,27.1,16.17,9.0,8.0,0.09,0.13,1.48,0.08,0.21,-0.65,90.0,46.17,62230.83,438897.83,True,11
74,Truffert,DEF,35,7,0.33,0.17,22.67,29.2,17.85,10.83,8.0,0.1,0.15,1.38,0.07,0.19,-0.39,90.0,46.5,82723.0,517811.0,True,8
74,Truffert,DEF,36,9,0.33,0.17,22.33,28.43,17.55,11.17,7.67,0.1,0.11,1.47,0.07,0.23,-0.47,90.0,46.67,84398.0,567414.33,False,10
74,Truffert,DEF,37,4,0.33,0.17,22.83,26.97,17.67,13.0,6.5,0.16,0.07,1.45,0.01,0.26,-0.46,90.0,46.83,77011.67,609250.5,True,13
74,Truffert,DEF,38,6,0.33,0.33,22.5,25.57,16.1,12.17,6.5,0.15,0.09,1.44,0.01,0.25,-0.61,90.0,47.0,68476.5,627053.83,False,16
77,Hill,DEF,15,1,0.66,0.33,20.18,13.57,1.72,13.57,7.28,0.04,0.06,1.0,-0.04,-0.06,-0.34,45.33,40.0,2722.83,100469.0,True,7
77,Hill,DEF,16,1,0.6,0.3,18.72,13.17,1.51,12.99,7.55,0.04,0.06,0.97,-0.04,-0.06,-0.36,49.67,40.0,1681.83,101716.0,False,14
77,Hill,DEF,21,3,0.32,0.0,15.21,27.63,5.36,2.54,13.94,0.01,0.07,1.85,-0.01,-0.07,0.05,47.33,39.5,-2516.0,93621.17,True,18
77,Hill,DEF,22,2,0.0,0.0,7.45,29.35,4.41,2.87,14.9,0.01,0.02,1.97,-0.01,-0.02,0.32,52.33,39.33,-1401.0,89388.17,False,6
77,Hill,DEF,23,6,0.0,0.0,6.48,26.24,5.99,2.78,12.49,0.01,0.02,1.38,-0.01,-0.02,0.47,64.83,39.17,-1931.5,84298.5,True,12
77,Hill,DEF,24,7,0.0,0.0,8.18,29.18,7.9,2.79,12.37,0.02,0.06,1.33,-0.02,0.14,0.66,75.17,39.0,-1408.17,82745.0,False,20
77,Hill,DEF,25,7,0.17,0.17,10.17,27.7,6.67,2.33,12.0,0.02,0.05,1.34,-0.02,0.12,0.33,90.0,39.0,9224.5,92105.0,True,2
77,Hill,DEF,26,9,0.17,0.17,13.33,30.23,8.87,1.33,12.0,0.01,0.06,1.03,-0.01,0.27,0.47,90.0,39.0,17801.17,110515.67,False,9
77,Hill,DEF,27,6,0.17,0.17,17.5,33.07,8.23,1.67,12.33,0.01,0.08,1.33,-0.01,0.42,-0.16,90.0,39.0,35627.33,148504.33,False,19
77,Hill,DEF,28,2,0.33,0.17,21.5,32.27,8.23,1.33,11.67,0.01,0.09,1.67,-0.01,0.41,-0.84,90.0,39.17,85287.83,235814.33,True,17
77,Hill,DEF,29,8,0.33,0.17,21.67,31.33,8.2,2.0,11.33,0.01,0.09,1.73,-0.01,0.41,-0.9,90.0,39.5,124223.0,362449.33,True,5
77,Hill,DEF,30,8,0.5,0.17,23.33,30.3,6.67,2.83,12.17,0.03,0.08,1.64,-0.03,0.25,-1.14,90.0,39.83,136128.83,499927.17,False,3
77,Hill,DEF,31,-1,0.5,0.0,24.5,32.23,8.3,4.67,13.17,0.07,0.09,1.64,-0.07,0.24,-1.14,90.0,40.33,142872.17,644311.67,True,14
77,Hill,DEF,32,3,0.5,0.0,21.17,28.07,8.0,5.0,12.17,0.07,0.08,1.87,-0.07,0.08,-1.2,90.0,40.83,135085.0,772464.83,False,1
77,Hill,DEF,33,4,0.5,0.17,18.33,23.97,7.97,4.67,10.83,0.07,0.05,1.76,-0.07,-0.05,-1.1,90.0,41.33,135981.0,907595.17,False,15
77,Hill,DEF,33,1,0.33,0.17,16.67,25.17,7.95,7.67,11.67,0.08,0.04,1.48,-0.08,-0.04,-0.65,90.0,41.67,95832.33,1016450.5,True,11
77,Hill,DEF,35,10,0.33,0.17,16.5,24.77,8.03,7.33,12.17,0.09,0.04,1.38,-0.09,-0.04,-0.38,90.0,41.83,66415.0,1085903.0,True,8
77,Hill,DEF,36,6,0.33,0.17,17.17,25.13,9.13,6.17,12.0,0.07,0.03,1.47,-0.07,-0.03,-0.47,90.0,42.0,47793.67,1101477.5,False,10
77,Hill,DEF,37,1,0.33,0.17,16.17,23.1,9.1,4.33,10.83,0.02,0.02,1.45,-0.02,-0.02,-0.45,90.0,42.0,28455.0,1096869.17,True,13
77,Hill,DEF,38,3,0.33,0.33,16.83,23.23,8.87,5.33,10.83,0.04,0.02,1.44,-0.04,-0.02,-0.6,90.0,42.0,23119.67,1095011.83,False,16
106,Collins,DEF,4,3,0.33,0.33,12.33,18.6,0.3,4.33,9.67,0.01,0.0,1.53,-0.01,-0.0,0.14,90.0,50.0,595.0,182606.67,True,7
106,Collins,DEF,5,0,0.25,0.25,11.0,20.15,2.82,4.25,10.0,0.0,0.01,1.46,-0.0,-0.01,0.29,90.0,50.0,-3884.5,181300.25,False,10
106,Collins,DEF,6,1,0.2,0.4,9.0,20.56,2.32,10.0,9.6,0.02,0.01,1.37,-0.02,-0.01,0.63,90.0,50.0,-4282.0,180003.6,True,14
106,Collins,DEF,7,2,0.17,0.5,7.83,20.57,3.75,11.83,9.5,0.03,0.06,1.49,-0.03,-0.06,0.34,90.0,50.0,-5838.5,176856.33,True,13
106,Collins,DEF,8,9,0.17,0.33,9.67,21.43,3.78,11.0,9.5,0.03,0.06,1.32,-0.03,-0.06,0.18,90.0,50.0,-7914.0,172775.5,False,19
106,Collins,DEF,9,3,0.17,0.33,10.33,22.43,3.88,11.33,9.17,0.04,0.06,1.17,-0.04,-0.06,0.33,90.0,49.83,-6533.0,168985.17,True,12
106,Collins,DEF,10,0,0.17,0.33,9.67,23.8,3.83,14.83,9.83,0.05,0.06,1.3,-0.05,-0.06,0.2,90.0,49.67,-10008.83,157823.33,False,8
106,Collins,DEF,11,2,0.17,0.5,7.67,23.37,2.18,14.5,10.17,0.05,0.06,1.21,-0.05,-0.06,0.29,90.0,49.5,-6835.0,152171.0,True,15
106,Collins,DEF,12,1,0.17,0.33,8.67,21.37,4.07,10.67,9.67,0.04,0.11,1.11,-0.04,-0.11,0.06,90.0,49.33,-7285.67,145561.33,False,6
106,Collins,DEF,13,4,0.17,0.17,9.33,21.07,2.3,7.5,9.5,0.03,0.06,0.97,-0.03,-0.06,0.37,90.0,49.17,-5171.0,141210.5,True,3
106,Collins,DEF,14,1,0.17,0.17,9.67,25.8,4.02,10.5,12.33,0.14,0.06,0.99,-0.14,-0.06,0.35,90.0,49.0,-1549.67,151286.5,False,1
106,Collins,DEF,15,3,0.0,0.19,5.79,25.26,4.56,11.01,12.36,0.15,0.07,1.21,-0.15,-0.07,0.52,77.67,49.0,-1364.0,150281.83,False,18
106,Collins,DEF,16,4,0.0,0.19,7.34,24.99,6.82,7.73,11.59,0.14,0.07,1.19,-0.14,-0.07,0.55,77.67,49.0,-1439.83,149209.5,True,11
106,Collins,DEF,17,8,0.0,0.0,10.04,27.39,6.97,9.08,11.59,0.14,0.08,1.35,-0.14,-0.08,0.2,77.67,49.0,6777.5,159215.17,False,20
106,Collins,DEF,18,4,0.19,0.0,13.71,32.25,5.68,8.3,13.52,0.13,0.02,1.51,-0.13,-0.02,-0.16,77.67,49.0,10551.17,171934.83,True,4
106,Collins,DEF,19,9,0.19,0.0,14.87,36.31,5.77,7.92,14.87,0.13,0.02,1.8,-0.13,-0.02,-0.65,77.67,49.0,10434.33,182050.5,True,18
106,Collins,DEF,20,10,0.39,0.0,20.09,32.99,4.15,9.66,12.17,0.03,0.02,1.82,-0.03,-0.02,-0.85,77.67,49.0,8194.5,179025.67,False,9
106,Collins,DEF,21,13,0.33,0.0,23.5,41.0,5.23,13.5,11.83,0.07,0.02,1.59,0.1,0.15,-0.59,90.0,49.0,9781.83,189339.33,True,17
106,Collins,DEF,22,1,0.5,0.0,27.5,43.33,6.82,13.17,11.67,0.07,0.02,1.52,0.1,0.32,-0.85,90.0,49.0,25501.33,217003.83,False,7
106,Collins,DEF,23,1,0.5,0.0,27.17,42.4,6.82,12.67,10.67,0.06,0.02,1.53,0.11,0.32,-0.69,90.0,49.17,44056.83,259848.83,True,16
106,Collins,DEF,24,1,0.33,0.0,23.83,39.7,6.42,13.0,9.0,0.06,0.01,1.44,0.11,0.32,-0.28,90.0,49.33,52947.83,313082.33,False,2
106,Collins,DEF,27,1,0.38,0.0,25.31,38.14,7.07,15.94,7.87,0.08,0.01,1.3,0.11,0.37,-0.17,80.0,49.5,47378.5,361842.83,True,6
106,Collins,DEF,29,6,0.21,0.0,20.07,37.74,9.6,13.66,7.86,0.09,0.06,1.32,0.12,0.35,0.13,72.5,49.67,44031.0,393114.5,False,4
106,Collins,DEF,30,0,0.41,0.0,16.97,24.79,7.76,8.48,7.03,0.03,0.09,1.54,-0.03,0.12,-0.51,72.5,49.67,38882.17,416243.0,True,20
106,Collins,DEF,31,6,0.21,0.21,8.9,18.66,3.48,7.66,5.79,0.03,0.09,1.47,-0.03,-0.09,-0.02,72.5,49.67,27183.5,426501.5,False,11
106,Collins,DEF,32,3,0.41,0.21,12.21,17.92,3.37,10.76,6.21,0.04,0.09,1.25,-0.04,-0.09,-0.22,72.5,49.5,2288.33,417258.0,True,9
106,Collins,DEF,33,6,0.41,0.21,13.03,17.88,3.1,11.59,7.45,0.09,0.09,1.41,-0.09,-0.09,-0.37,72.5,49.33,-9829.67,390306.5,True,10
106,Collins,DEF,34,2,0.55,0.18,14.18,16.55,2.8,11.27,7.09,0.12,0.08,1.2,-0.12,-0.08,-0.29,82.5,49.17,-6290.33,365711.0,False,14
106,Collins,DEF,35,6,0.5,0.33,13.33,17.27,0.97,9.33,7.5,0.09,0.04,1.23,-0.09,-0.04,-0.23,90.0,49.0,-2562.83,361231.5,True,19
106,Collins,DEF,36,1,0.5,0.33,14.0,17.2,2.53,8.67,7.67,0.09,0.02,1.07,-0.09,-0.02,-0.07,90.0,49.0,1556.17,363515.5,False,13
106,Collins,DEF,37,3,0.5,0.17,14.17,17.0,2.55,9.33,7.67,0.09,0.02,1.33,-0.09,-0.01,-0.17,90.0,49.0,-5688.17,357662.67,True,8
106,Collins,DEF,38,3,0.33,0.17,12.17,18.3,2.57,7.0,8.33,0.1,0.01,1.53,-0.1,-0.01,-0.03,90.0,49.0,-6878.0,346053.5,False,12
107,Lewis-Potter,DEF,4,1,0.79,0.0,14.54,8.72,2.2,3.54,5.5,0.05,0.0,1.39,-0.05,0.0,-0.21,76.33,50.0,211.0,45274.33,True,7
107,Lewis-Potter,DEF,5,1,0.57,0.0,10.75,7.47,5.97,3.68,4.53,0.03,0.01,1.33,-0.03,-0.01,0.09,79.5,50.0,-433.0,46248.75,False,10
107,Lewis-Potter,DEF,6,1,0.47,0.0,7.99,6.39,5.97,3.52,3.76,0.03,0.01,1.34,-0.03,-0.01,0.54,76.6,50.0,-581.0,46820.0,True,14
107,Lewis-Potter,DEF,8,4,0.45,0.0,9.27,7.33,5.81,3.39,4.3,0.03,0.01,1.53,-0.03,-0.01,0.28,66.33,50.0,-924.83,46807.0,False,19
107,Lewis-Potter,DEF,9,0,0.52,0.0,15.96,11.51,8.24,2.35,3.92,0.01,0.04,1.29,-0.01,0.22,0.02,57.33,50.0,-1247.5,47223.33,True,12
107,Lewis-Potter,DEF,20,0,0.78,0.0,26.53,24.92,12.15,27.31,1.82,0.27,0.09,1.66,0.25,-0.09,-1.14,57.67,48.17,35251.83,115844.33,False,9
107,Lewis-Potter,DEF,21,6,0.76,0.0,24.78,24.78,14.41,26.04,1.77,0.25,0.11,1.51,0.26,-0.11,-0.75,59.33,48.33,42348.5,159095.0,True,17
107,Lewis-Potter,DEF,22,1,0.87,0.0,24.78,21.61,15.89,23.48,1.52,0.23,0.12,1.6,0.21,-0.12,-0.95,69.0,48.5,43415.0,203218.83,False,7
107,Lewis-Potter,DEF,23,1,0.75,0.0,23.62,23.22,16.28,23.87,1.49,0.22,0.13,1.65,0.28,-0.13,-0.91,60.33,48.67,44529.83,248165.0,True,16
107,Lewis-Potter,DEF,24,1,0.64,0.0,13.77,5.77,17.2,11.21,1.28,0.13,0.08,1.72,-0.13,-0.08,-0.76,46.83,48.83,41013.0,289619.5,False,2
107,Lewis-Potter,DEF,31,6,0.0,0.0,13.19,20.64,11.96,24.63,2.05,0.23,0.09,1.52,0.06,0.2,0.53,51.17,48.33,-7687.0,216928.17,False,11
107,Lewis-Potter,DEF,32,1,0.28,0.0,20.09,25.25,17.83,20.09,2.55,0.22,0.1,1.05,0.06,0.19,0.37,53.0,48.17,-2087.17,218173.5,True,9
107,Lewis-Potter,DEF,33,6,0.27,0.0,17.95,20.57,26.65,8.84,3.48,0.06,0.22,1.26,-0.06,0.04,0.35,56.0,48.0,1435.83,220723.0,True,10
107,Lewis-Potter,DEF,34,1,0.47,0.0,21.26,20.55,29.98,9.92,3.78,0.13,0.26,1.06,-0.13,-0.02,-0.12,63.5,48.0,-3048.5,216224.33,False,14
107,Lewis-Potter,DEF,35,11,0.4,0.0,17.88,18.64,25.01,13.51,3.58,0.13,0.22,1.11,-0.13,-0.02,0.08,75.5,48.0,-3751.0,212193.67,True,19
107,Lewis-Potter,DEF,36,1,0.5,0.0,20.0,20.43,23.82,18.83,3.33,0.14,0.21,1.06,-0.14,0.12,-0.06,90.0,48.0,-2507.5,210097.67,False,13
107,Lewis-Potter,DEF,37,1,0.5,0.0,16.83,17.2,20.68,17.83,3.5,0.13,0.17,1.33,-0.13,-0.01,-0.16,90.0,48.0,-2641.83,207603.67,True,8
107,Lewis-Potter,DEF,38,5,0.33,0.0,12.5,14.27,17.12,18.33,3.17,0.13,0.17,1.53,-0.13,-0.0,-0.03,90.0,48.0,-1548.33,203917.5,False,12
108,Ajer,DEF,10,1,0.3,0.0,19.63,19.09,4.05,16.31,7.55,0.09,0.14,1.01,-0.09,0.46,0.2,49.67,44.33,-706.17,18905.17,False,8
108,Ajer,DEF,12,4,0.23,0.0,15.04,19.13,3.45,21.38,7.75,0.1,0.12,0.93,-0.1,0.35,0.48,63.83,44.17,-299.67,19014.0,False,6
108,Ajer,DEF,14,1,0.2,0.0,11.08,15.11,0.93,14.64,8.51,0.08,0.02,0.96,-0.08,0.18,0.23,75.83,44.0,-32.0,19254.83,False,1
108,Ajer,DEF,15,-1,0.17,0.0,8.34,13.75,0.82,12.59,8.0,0.06,0.02,1.12,-0.06,0.15,0.24,88.17,44.0,-221.0,19387.17,False,18
108,Ajer,DEF,16,1,0.19,0.19,6.51,12.9,0.87,14.13,8.0,0.06,0.02,1.33,-0.06,0.17,0.34,80.67,44.0,-152.0,19594.83,True,11
108,Ajer,DEF,18,4,0.0,0.22,2.23,13.27,3.06,13.62,8.26,0.04,0.02,1.63,-0.04,0.2,0.61,67.17,44.0,-109.5,19824.67,True,4
108,Ajer,DEF,19,9,0.0,0.22,2.23,20.32,3.06,12.95,11.39,0.07,0.01,1.81,-0.07,-0.01,0.2,67.17,44.0,-194.83,19976.5,True,18
108,Ajer,DEF,20,3,0.22,0.22,8.26,24.34,2.99,4.69,12.51,0.05,0.01,1.88,-0.05,-0.01,-0.31,67.17,44.0,-351.0,19961.0,False,9
108,Ajer,DEF,21,6,0.22,0.22,8.7,24.91,2.91,4.13,12.39,0.05,0.01,1.78,-0.05,-0.01,-0.04,69.0,44.0,-169.17,20128.5,True,17
108,Ajer,DEF,22,1,0.43,0.22,13.48,25.3,2.89,3.7,12.83,0.05,0.0,1.77,-0.05,-0.0,-0.47,69.0,44.0,246.17,20571.67,False,7
108,Ajer,DEF,23,1,0.39,0.0,15.1,25.8,2.67,3.73,12.75,0.04,0.01,1.64,-0.04,-0.01,-0.46,76.5,44.0,477.17,21226.33,True,16
108,Ajer,DEF,24,7,0.37,0.0,13.89,24.04,0.69,3.89,11.85,0.04,0.01,1.52,-0.04,-0.01,-0.41,81.0,44.0,646.0,22037.83,False,2
108,Ajer,DEF,25,3,0.56,0.19,15.0,22.52,0.7,3.52,10.19,0.01,0.01,1.46,-0.01,-0.01,-0.53,81.0,44.0,393.33,22523.83,False,15
108,Ajer,DEF,26,4,0.37,0.19,11.3,19.89,0.65,4.26,9.81,0.01,0.01,1.69,-0.01,-0.01,-0.39,81.0,44.0,478.67,23096.17,True,1
108,Ajer,DEF,27,1,0.37,0.19,11.85,19.96,0.76,5.74,9.63,0.01,0.02,1.64,-0.01,-0.02,-0.53,81.0,44.0,451.17,23628.0,True,6
108,Ajer,DEF,28,1,0.19,0.19,8.51,19.21,0.83,7.37,8.7,0.01,0.02,1.55,-0.01,-0.02,-0.04,79.33,44.0,1048.5,24799.17,False,3
108,Ajer,DEF,29,6,0.19,0.19,8.13,19.44,5.35,7.37,7.75,0.01,0.03,1.44,-0.01,-0.03,0.26,79.33,44.0,1380.33,26311.83,False,4
108,Ajer,DEF,30,0,0.35,0.18,10.96,19.45,4.97,6.9,8.13,0.01,0.03,1.63,-0.01,-0.03,-0.22,84.83,44.0,1163.0,27541.33,True,20
108,Ajer,DEF,35,1,0.21,0.21,8.24,16.97,5.64,6.18,7.62,0.0,0.03,1.55,-0.0,-0.03,0.3,72.83,44.0,1925.83,29616.83,True,19
108,Ajer,DEF,36,2,0.25,0.25,8.32,14.97,6.71,6.55,6.3,0.01,0.03,1.34,-0.01,-0.03,0.43,59.5,44.0,1658.0,30290.17,False,13
108,Ajer,DEF,37,3,0.25,0.5,6.3,15.48,6.61,5.55,6.81,0.01,0.02,1.94,-0.01,-0.02,0.33,59.5,44.0,1397.0,30706.0,True,8
109,Henry,DEF,18,2,0.33,0.33,13.19,11.21,5.31,2.31,4.95,0.0,0.04,1.57,-0.0,0.29,-0.58,45.5,43.0,179.5,14239.67,True,4
109,Henry,DEF,19,6,0.27,0.27,8.75,9.08,3.97,1.91,4.92,0.0,0.04,1.97,-0.0,0.23,-0.88,54.83,43.0,413.33,14869.83,True,18
109,Henry,DEF,20,1,0.45,0.22,11.61,8.22,3.6,1.34,4.47,0.01,0.03,1.65,-0.01,0.19,-0.98,67.17,43.0,466.83,15506.5,False,9
109,Henry,DEF,21,6,0.52,0.26,12.03,8.69,4.0,1.57,4.97,0.01,0.04,1.72,-0.01,0.22,-0.94,57.33,43.0,610.33,16250.67,True,17
109,Henry,DEF,22,1,0.69,0.23,15.5,9.12,3.52,1.16,4.16,0.01,0.03,1.74,-0.01,0.2,-1.04,64.83,43.0,693.17,17072.0,False,7
109,Henry,DEF,23,2,0.61,0.2,12.04,8.9,3.41,1.02,4.08,0.01,0.03,1.7,-0.01,-0.03,-0.88,73.5,43.0,847.0,18031.0,True,16
109,Henry,DEF,24,6,0.43,0.0,11.22,8.55,2.18,1.08,4.75,0.01,0.05,1.6,-0.01,-0.05,-0.52,69.5,43.0,704.17,18780.67,False,2
109,Henry,DEF,25,1,0.64,0.0,15.71,8.02,2.21,1.27,4.67,0.01,0.04,1.45,-0.01,-0.04,-0.6,70.67,43.0,512.83,19317.33,False,15
109,Henry,DEF,26,2,0.42,0.0,11.46,8.07,4.25,1.06,4.46,0.0,0.05,1.71,-0.0,-0.05,-0.44,70.67,43.0,598.33,19975.83,True,1
109,Henry,DEF,27,1,0.36,0.0,10.98,8.1,3.74,0.9,4.5,0.0,0.04,1.51,-0.0,-0.04,-0.43,83.33,43.0,467.83,20519.83,True,6
109,Henry,DEF,28,4,0.18,0.0,6.48,8.68,3.92,0.9,4.86,0.0,0.04,1.4,-0.0,-0.04,0.04,83.33,43.0,547.67,21168.83,False,3
109,Henry,DEF,29,1,0.18,0.0,9.55,13.44,8.31,1.94,4.95,0.0,0.05,1.26,-0.0,0.13,0.33,84.83,43.0,660.5,21921.33,False,4
110,Kayode,DEF,4,2,0.34,0.0,12.27,19.64,7.88,1.36,6.82,0.0,0.03,1.53,0.0,-0.03,0.17,88.0,45.0,9318.67,33056.67,True,7
110,Kayode,DEF,5,1,0.26,0.0,11.97,19.35,6.37,1.04,7.28,0.0,0.03,1.46,0.0,-0.03,0.1,86.5,45.0,4797.25,36153.5,False,10
110,Kayode,DEF,6,2,0.21,0.0,10.53,18.08,9.78,1.24,6.61,0.0,0.04,1.36,0.0,-0.04,0.49,87.2,45.0,3585.0,38018.4,True,14
110,Kayode,DEF,7,2,0.17,0.0,9.75,17.76,8.33,1.03,6.5,0.0,0.03,1.49,0.0,-0.03,0.22,87.67,45.0,2524.0,38825.17,True,13
110,Kayode,DEF,8,9,0.17,0.0,9.92,16.8,5.73,1.71,6.67,0.0,0.02,1.31,-0.0,-0.02,0.06,87.67,45.0,2159.33,42761.83,False,19
110,Kayode,DEF,9,1,0.17,0.0,11.33,16.0,21.16,2.03,5.08,0.0,0.15,1.17,-0.0,-0.15,0.19,88.67,45.0,2243.0,46582.17,True,12
110,Kayode,DEF,10,1,0.17,0.0,12.86,18.27,25.82,2.88,5.58,0.02,0.18,1.29,-0.02,-0.18,0.06,88.67,45.0,-2205.83,43441.0,False,8
110,Kayode,DEF,11,4,0.17,0.0,13.08,18.0,26.62,2.97,5.41,0.02,0.2,1.26,-0.02,-0.2,0.31,86.0,45.0,781.33,44920.17,True,15
110,Kayode,DEF,12,1,0.17,0.17,16.22,18.45,27.12,2.62,5.23,0.02,0.2,1.15,-0.02,-0.02,0.07,86.0,45.0,718.0,46112.33,False,6
110,Kayode,DEF,13,2,0.17,0.17,16.22,18.42,29.51,6.28,4.88,0.03,0.21,1.0,-0.03,-0.04,0.39,86.0,45.0,2250.33,48992.0,True,3
110,Kayode,DEF,14,1,0.17,0.17,16.74,18.7,31.53,6.28,5.23,0.03,0.23,1.02,-0.03,-0.06,0.37,86.0,45.0,3919.17,57491.67,False,1
110,Kayode,DEF,15,0,0.0,0.17,11.34,16.57,15.84,6.28,6.28,0.03,0.1,1.27,-0.03,0.08,0.47,86.0,45.0,3115.83,60920.67,False,18
110,Kayode,DEF,16,5,0.0,0.36,10.96,15.95,11.3,5.21,7.01,0.01,0.07,1.23,-0.01,0.11,0.56,83.5,45.0,2776.83,64046.5,True,11
110,Kayode,DEF,17,5,0.0,0.34,13.2,18.14,13.05,5.31,7.54,0.01,0.06,1.33,-0.01,0.11,0.22,87.5,45.0,3670.5,68366.33,False,20
110,Kayode,DEF,18,3,0.17,0.34,13.89,18.58,9.14,5.66,8.06,0.01,0.06,1.47,-0.01,-0.06,-0.1,87.5,45.0,5686.67,74990.17,True,4
110,Kayode,DEF,19,6,0.17,0.51,16.46,20.43,8.45,2.91,9.43,0.0,0.05,1.73,-0.0,-0.05,-0.53,87.5,45.0,4572.17,79372.67,True,18
110,Kayode,DEF,20,0,0.34,0.51,19.89,20.57,7.9,3.26,9.09,0.0,0.08,1.74,-0.0,-0.08,-0.71,87.5,45.0,3054.5,78258.5,False,9
110,Kayode,DEF,21,6,0.34,0.69,19.37,18.62,7.94,2.91,8.23,0.0,0.08,1.58,-0.0,-0.08,-0.55,87.5,45.0,4035.17,82657.5,True,17
110,Kayode,DEF,22,1,0.51,0.51,21.69,18.27,10.27,2.88,7.63,0.0,0.08,1.52,-0.0,-0.08,-0.85,88.5,45.0,4403.83,87384.33,False,7
110,Kayode,DEF,23,1,0.51,0.51,18.47,15.63,12.36,3.22,6.27,0.0,0.1,1.54,-0.0,-0.1,-0.69,88.5,45.0,2105.67,89312.67,True,16
110,Kayode,DEF,24,5,0.35,0.35,15.37,14.65,14.46,2.94,5.87,0.0,0.09,1.48,-0.0,-0.09,-0.27,86.83,45.0,425.33,89385.5,False,2
110,Kayode,DEF,25,1,0.52,0.35,15.03,11.95,14.94,2.07,4.84,0.0,0.1,1.43,0.0,-0.1,-0.39,86.83,45.0,-782.17,89116.83,False,15
110,Kayode,DEF,26,2,0.35,0.35,10.88,10.47,13.53,1.04,4.32,0.0,0.06,1.64,0.0,-0.06,-0.26,86.83,45.0,-843.5,88806.17,True,1
110,Kayode,DEF,28,-1,0.35,0.17,12.09,11.82,13.32,1.04,5.36,0.01,0.06,1.59,-0.01,-0.06,-0.39,86.83,45.0,-1488.67,87339.5,False,3
110,Kayode,DEF,29,6,0.17,0.17,8.15,11.85,13.91,1.7,5.6,0.01,0.08,1.46,-0.01,-0.08,0.24,88.33,45.0,-3305.83,86413.5,False,4
110,Kayode,DEF,30,8,0.34,0.17,11.72,11.41,9.65,1.02,5.94,0.01,0.06,1.51,-0.01,-0.06,-0.15,88.33,45.0,-3077.83,85813.67,True,20
110,Kayode,DEF,31,6,0.33,0.17,14.67,17.57,9.3,3.83,6.83,0.07,0.06,1.59,0.09,-0.06,-0.25,90.0,45.0,-718.5,87604.5,False,11
110,Kayode,DEF,32,4,0.33,0.0,14.33,17.37,8.75,4.5,6.67,0.07,0.06,1.27,0.09,-0.06,0.06,90.0,45.0,5001.83,100783.17,True,9
110,Kayode,DEF,33,8,0.33,0.0,17.33,22.53,10.0,6.0,7.17,0.09,0.06,1.15,0.08,0.11,0.18,90.0,45.17,6663.0,110099.17,True,10
110,Kayode,DEF,34,1,0.5,0.0,20.33,22.6,11.78,6.0,6.17,0.08,0.06,1.18,0.09,0.11,-0.02,90.0,45.33,7445.5,119079.5,False,14
110,Kayode,DEF,35,5,0.5,0.0,20.17,21.93,8.63,8.5,5.5,0.17,0.04,1.23,-0.0,0.13,-0.23,90.0,45.5,10201.67,130558.5,True,19
110,Kayode,DEF,36,1,0.5,0.17,18.17,21.07,10.32,8.83,5.0,0.17,0.05,1.07,-0.0,0.12,-0.07,90.0,45.67,10146.0,141031.33,False,13
110,Kayode,DEF,37,0,0.5,0.17,13.83,15.4,10.43,6.0,4.5,0.11,0.04,1.33,-0.11,0.13,-0.17,90.0,45.83,5854.67,146925.67,True,8
110,Kayode,DEF,38,2,0.33,0.33,11.17,15.43,10.48,5.33,4.17,0.11,0.04,1.53,-0.11,0.13,-0.03,90.0,46.0,2568.67,144224.5,False,12
111,Pinnock,DEF,31,10,0.0,0.39,8.29,24.79,0.43,4.74,11.45,0.0,0.02,1.26,0.0,-0.02,0.72,76.0,43.67,-578.67,15903.0,False,11
113,Van den Berg,DEF,4,1,0.33,0.0,13.33,28.53,0.53,8.67,12.33,0.07,0.01,1.53,-0.07,-0.01,0.14,90.0,45.0,9341.0,58684.0,True,7
113,Van den Berg,DEF,5,1,0.25,0.0,11.75,24.5,0.48,6.5,11.0,0.05,0.01,1.46,-0.05,-0.01,0.29,90.0,45.0,6905.75,65361.75,False,10
113,Van den Berg,DEF,6,2,0.2,0.0,10.0,21.72,0.44,5.2,10.0,0.04,0.01,1.37,-0.04,-0.01,0.63,90.0,45.0,4981.6,69099.2,True,14
113,Van den Berg,DEF,7,2,0.17,0.0,9.83,20.53,0.43,15.67,9.0,0.14,0.0,1.49,-0.14,-0.0,0.34,90.0,45.0,3550.0,71056.5,True,13
113,Van den Berg,DEF,8,6,0.17,0.0,10.5,16.07,2.13,12.0,7.0,0.11,0.02,1.32,-0.11,-0.02,0.18,90.0,45.0,2640.17,77446.67,False,19
113,Van den Berg,DEF,9,3,0.17,0.0,11.0,14.53,2.22,12.67,6.5,0.12,0.02,1.17,-0.12,-0.02,0.33,90.0,45.0,2008.83,82141.17,True,12
113,Van den Berg,DEF,10,3,0.17,0.0,9.83,15.5,2.2,12.33,6.67,0.12,0.01,1.3,-0.12,-0.01,0.2,90.0,45.0,-2763.5,79023.17,False,8
113,Van den Berg,DEF,11,2,0.17,0.0,9.83,17.23,2.28,12.67,7.33,0.12,0.02,1.21,-0.12,-0.02,0.29,90.0,45.0,-2773.0,76956.0,True,15
113,Van den Berg,DEF,12,3,0.17,0.0,10.83,19.33,2.32,20.33,7.83,0.25,0.02,1.11,-0.25,-0.02,0.06,90.0,45.0,-2637.5,74882.17,False,6
113,Van den Berg,DEF,13,2,0.17,0.0,11.17,20.5,2.33,10.17,9.0,0.15,0.02,0.97,-0.15,-0.02,0.37,90.0,45.0,-1797.83,73670.17,True,3
113,Van den Berg,DEF,14,1,0.17,0.0,11.83,22.43,2.32,11.17,10.0,0.16,0.02,0.99,-0.16,-0.02,0.35,90.0,45.0,1748.67,95046.17,False,1
113,Van den Berg,DEF,15,1,0.0,0.0,8.5,21.67,2.27,10.83,9.67,0.15,0.02,1.23,-0.15,-0.02,0.44,90.0,45.0,1170.17,96339.83,False,18
113,Van den Berg,DEF,16,4,0.0,0.0,8.33,17.87,2.47,11.17,8.5,0.15,0.02,1.21,-0.15,-0.02,0.46,90.0,45.0,1543.5,97998.17,True,11
113,Van den Berg,DEF,17,7,0.0,0.0,9.83,19.47,2.5,11.17,9.0,0.15,0.01,1.34,-0.15,-0.01,0.16,90.0,45.0,11088.67,110579.33,False,20
113,Van den Berg,DEF,23,1,0.17,0.17,12.5,19.47,2.6,4.17,9.5,0.02,0.01,1.48,-0.02,-0.01,-0.15,90.0,45.0,14300.0,126101.83,True,16
113,Van den Berg,DEF,24,8,0.18,0.18,13.42,21.04,3.01,4.47,9.66,0.03,0.01,1.46,-0.03,-0.01,-0.21,83.83,45.0,12801.83,129865.0,False,2
113,Van den Berg,DEF,25,1,0.36,0.18,15.39,21.04,2.92,3.76,9.3,0.01,0.01,1.72,-0.01,-0.01,-0.65,83.83,45.0,8662.5,110376.83,False,15
113,Van den Berg,DEF,26,6,0.36,0.18,15.03,20.79,2.97,3.4,8.77,0.01,0.01,1.81,-0.01,-0.01,-0.73,83.83,45.0,9351.67,110951.17,True,1
113,Van den Berg,DEF,27,3,0.36,0.18,18.61,26.19,4.56,4.12,9.48,0.02,0.05,1.52,-0.02,0.13,-0.63,83.83,45.0,8707.67,110790.33,True,6
113,Van den Berg,DEF,28,6,0.36,0.18,16.82,24.12,4.44,6.26,9.13,0.09,0.05,1.45,-0.09,0.13,-0.37,83.83,45.0,849.17,101532.17,False,3
113,Van den Berg,DEF,29,6,0.18,0.0,15.21,24.48,4.47,8.95,9.13,0.14,0.05,1.39,-0.14,0.31,0.22,83.83,45.0,846.0,92689.83,False,4
113,Van den Berg,DEF,30,1,0.33,0.0,16.5,21.87,3.97,10.0,8.33,0.14,0.05,1.54,-0.14,0.28,-0.2,90.0,45.0,5639.5,98732.17,True,20
113,Van den Berg,DEF,31,6,0.17,0.0,14.33,20.9,4.13,11.33,8.5,0.16,0.1,1.37,-0.16,0.24,0.3,90.0,45.0,15542.17,114813.17,False,11
113,Van den Berg,DEF,32,3,0.33,0.0,17.5,21.13,4.13,12.67,8.83,0.16,0.1,1.08,-0.16,0.23,0.25,90.0,45.0,18293.17,136575.0,True,9
113,Van den Berg,DEF,33,6,0.33,0.0,15.33,21.3,4.73,11.67,9.17,0.15,0.07,1.24,-0.15,0.1,0.26,90.0,45.17,16765.33,153741.67,True,10
113,Van den Berg,DEF,34,0,0.5,0.0,18.33,21.5,4.8,9.33,8.17,0.08,0.07,1.18,-0.08,0.1,-0.02,90.0,45.33,13250.83,164368.33,False,14
113,Van den Berg,DEF,35,6,0.5,0.17,18.0,19.77,4.85,7.5,7.33,0.04,0.07,1.23,-0.04,-0.07,-0.23,90.0,45.5,9371.67,172260.83,True,19
113,Van den Berg,DEF,37,4,0.5,0.17,18.33,19.43,4.97,8.67,7.5,0.07,0.07,1.07,-0.07,-0.07,-0.07,90.0,45.5,4563.83,176964.67,True,8
113,Van den Berg,DEF,38,4,0.59,0.2,22.99,25.78,5.7,9.63,8.45,0.1,0.12,0.99,-0.1,0.07,-0.2,76.33,45.33,-4293.67,170234.33,False,12
116,Hickey,DEF,15,1,0.28,0.0,10.59,11.03,2.17,9.75,5.85,0.1,0.04,0.75,-0.1,-0.04,0.65,53.83,40.0,-833.33,43067.67,False,18
116,Hickey,DEF,16,6,0.27,0.0,11.45,10.8,2.07,9.55,5.73,0.1,0.04,0.78,-0.1,-0.04,0.31,55.0,40.0,39.17,43291.67,True,11
116,Hickey,DEF,18,1,0.57,0.0,15.95,11.45,2.19,9.97,6.55,0.1,0.04,0.73,-0.1,-0.04,0.13,52.67,40.0,862.0,44400.67,True,4
143,Boscagli,DEF,22,1,0.63,0.63,25.35,24.72,6.46,1.27,10.14,0.0,0.07,1.57,0.0,-0.07,-0.93,47.33,42.33,35.0,9842.33,True,4
143,Boscagli,DEF,25,4,0.39,0.39,23.87,26.69,14.52,4.7,7.43,0.02,0.07,1.37,-0.02,0.32,-0.58,46.0,42.2,3.6,9997.6,True,8
143,Boscagli,DEF,26,1,0.28,0.28,21.66,27.11,10.72,3.38,8.44,0.01,0.07,1.31,-0.01,0.21,-0.46,53.33,42.17,-10.67,10100.33,False,2
143,Boscagli,DEF,29,1,0.3,0.0,21.91,26.35,11.13,3.55,7.4,0.01,0.06,1.2,-0.01,0.24,-0.31,50.67,42.0,78.17,10353.33,True,1
143,Boscagli,DEF,32,10,0.23,0.23,18.6,24.74,8.95,2.33,7.67,0.01,0.05,1.0,-0.01,0.18,-0.07,64.5,42.0,72.5,10592.67,False,3
143,Boscagli,DEF,33,1,0.23,0.23,19.53,26.88,11.0,2.33,9.77,0.01,0.05,0.88,-0.01,0.18,0.05,64.5,42.0,84.17,10810.83,False,18
143,Boscagli,DEF,33,6,0.19,0.19,17.21,25.3,7.34,0.76,9.45,0.0,0.04,0.92,0.0,0.15,0.21,79.33,42.0,1533.5,14155.33,True,7
143,Boscagli,DEF,35,1,0.38,0.19,19.16,23.11,5.22,0.0,10.15,0.0,0.04,0.79,0.0,-0.04,0.15,79.83,42.0,2975.0,17496.33,False,15
145,De Cuyper,DEF,4,1,0.0,0.37,8.05,9.0,13.72,3.66,5.12,0.0,0.17,1.38,0.0,-0.17,0.08,82.0,45.0,-35217.33,603930.0,False,4
145,De Cuyper,DEF,6,8,0.0,0.33,8.03,9.5,12.61,4.01,5.35,0.0,0.16,1.28,0.0,-0.16,0.39,67.25,45.0,-50064.5,568533.0,False,7
145,De Cuyper,DEF,7,1,0.0,0.33,14.45,20.23,12.55,14.78,5.26,0.21,0.15,1.4,0.12,-0.15,0.25,54.8,44.8,-55313.8,515865.8,False,20
145,De Cuyper,DEF,8,1,0.0,0.31,16.53,21.18,16.32,15.92,4.9,0.21,0.17,1.32,0.1,-0.17,0.21,49.0,44.67,-47200.33,480546.0,True,15
145,De Cuyper,DEF,15,8,0.27,0.0,17.73,22.14,36.11,13.16,2.69,0.14,0.18,1.67,0.13,-0.18,0.21,55.83,43.33,-11206.33,238739.83,True,19
145,De Cuyper,DEF,17,6,0.51,0.0,25.06,23.47,47.3,9.2,2.56,0.13,0.28,1.45,0.13,-0.28,0.09,58.67,43.17,-5071.17,233711.17,True,17
145,De Cuyper,DEF,18,1,0.76,0.0,29.5,23.55,45.05,10.08,3.03,0.12,0.29,1.56,0.13,-0.29,-0.55,59.5,43.0,91.83,235647.83,False,1
145,De Cuyper,DEF,19,0,0.68,0.0,25.39,21.17,40.67,9.07,2.72,0.11,0.27,1.85,0.12,-0.27,-0.71,66.17,43.0,7373.67,246783.33,False,19
145,De Cuyper,DEF,20,1,0.66,0.0,24.21,21.7,39.92,9.24,2.64,0.12,0.25,1.93,0.1,-0.25,-0.39,68.17,43.0,11432.67,264476.17,True,3
145,De Cuyper,DEF,21,1,0.52,0.0,16.65,12.95,33.22,5.72,2.6,0.05,0.23,2.1,-0.05,-0.23,-0.28,57.67,43.0,12117.67,280693.33,False,13
145,De Cuyper,DEF,23,1,0.52,0.26,16.65,10.72,28.92,4.42,3.9,0.04,0.2,2.14,-0.04,-0.2,-1.1,57.67,43.0,5840.33,289251.83,False,10
145,De Cuyper,DEF,24,6,0.32,0.32,10.4,9.62,17.71,4.22,4.87,0.05,0.11,2.45,-0.05,-0.11,-0.83,46.17,43.0,1640.67,290448.5,True,9
145,De Cuyper,DEF,25,2,0.32,0.32,10.81,8.14,16.19,2.23,4.13,0.03,0.07,2.17,-0.03,-0.07,-0.58,47.17,43.0,-2651.5,285496.17,True,8
145,De Cuyper,DEF,27,1,0.29,0.29,12.27,9.53,15.31,5.55,4.09,0.09,0.07,1.6,-0.09,-0.07,-0.14,51.33,43.0,-6884.83,276789.67,False,5
146,Dunk,DEF,4,2,0.0,0.0,14.33,12.27,0.97,6.0,6.33,0.06,0.0,1.39,-0.06,0.33,-0.06,90.0,45.0,-2959.33,132584.67,False,4
146,Dunk,DEF,5,3,0.0,0.25,11.75,15.0,3.55,6.5,7.5,0.04,0.0,1.41,-0.04,0.24,0.09,90.0,45.0,-2044.0,135299.25,True,18
146,Dunk,DEF,6,1,0.0,0.2,11.4,17.28,2.92,5.6,8.4,0.04,0.0,1.37,-0.04,0.2,0.23,90.0,45.0,-2388.6,136506.2,False,7
146,Dunk,DEF,7,1,0.0,0.33,10.83,16.17,2.7,5.33,8.33,0.04,0.0,1.44,-0.04,0.16,0.06,90.0,45.0,-2577.5,137004.17,False,20
146,Dunk,DEF,8,2,0.0,0.5,9.5,15.1,2.82,4.33,7.67,0.04,0.01,1.41,-0.04,0.16,0.09,90.0,45.0,-2512.33,141351.17,True,15
146,Dunk,DEF,9,0,0.0,0.5,9.83,15.03,2.92,5.17,7.67,0.04,0.01,1.38,-0.04,0.16,-0.05,90.0,45.0,-3582.67,140523.5,False,14
146,Dunk,DEF,10,6,0.0,0.5,7.33,16.43,3.05,4.5,8.33,0.06,0.01,1.3,-0.06,-0.01,0.54,90.0,45.0,-1949.5,140911.17,True,11
146,Dunk,DEF,11,6,0.17,0.33,11.17,15.07,1.4,3.5,7.33,0.06,0.01,1.14,-0.06,-0.01,0.36,90.0,45.0,-1496.17,141138.33,False,8
146,Dunk,DEF,12,1,0.33,0.33,13.5,13.7,1.55,3.5,6.33,0.06,0.01,1.06,-0.06,-0.01,0.11,90.0,45.0,-1842.5,140541.5,True,5
146,Dunk,DEF,13,6,0.36,0.18,15.09,14.25,1.6,3.82,5.64,0.05,0.01,1.02,-0.05,-0.01,0.07,82.5,45.0,-391.83,141517.67,False,16
146,Dunk,DEF,14,0,0.55,0.0,18.91,16.84,1.29,4.0,6.18,0.04,0.01,1.04,-0.04,-0.01,-0.13,82.5,45.0,-1018.0,141382.0,True,2
146,Dunk,DEF,15,1,0.55,0.0,16.18,17.24,1.33,3.09,5.27,0.04,0.01,1.22,-0.04,-0.01,0.24,82.5,45.0,-8.0,142277.0,True,19
146,Dunk,DEF,16,0,0.55,0.18,18.55,21.09,3.6,3.09,5.64,0.0,0.01,1.19,-0.0,-0.01,-0.28,82.5,45.0,556.67,143891.17,False,12
146,Dunk,DEF,18,0,0.36,0.36,14.55,22.58,3.85,3.09,5.64,0.0,0.01,1.44,-0.0,-0.01,-0.17,82.5,45.0,-1632.33,142534.83,False,1
146,Dunk,DEF,19,2,0.18,0.55,11.27,23.82,4.67,2.73,5.82,0.0,0.02,1.87,-0.0,-0.02,-0.23,82.5,45.0,-1095.67,137893.0,False,19
146,Dunk,DEF,20,6,0.17,0.67,9.33,23.5,4.52,2.67,7.0,0.01,0.02,1.88,-0.01,-0.02,-0.05,90.0,45.0,-1350.5,133416.33,True,3
146,Dunk,DEF,21,3,0.17,0.67,9.5,23.53,6.57,3.33,7.0,0.02,0.03,1.81,-0.02,-0.03,0.02,90.0,45.0,219.5,130248.5,False,13
146,Dunk,DEF,22,2,0.17,0.83,11.17,26.07,6.43,3.33,8.5,0.02,0.03,1.84,-0.02,-0.03,-0.5,90.0,45.0,-955.5,125485.67,True,4
146,Dunk,DEF,23,3,0.17,0.67,10.83,23.73,5.98,3.5,8.17,0.02,0.03,1.87,-0.02,-0.03,-0.53,90.0,45.0,-991.33,120527.0,False,10
146,Dunk,DEF,24,4,0.17,0.5,12.67,25.93,7.8,8.5,9.17,0.06,0.05,1.73,-0.06,-0.05,-0.4,90.0,45.0,774.5,117670.67,True,9
146,Dunk,DEF,25,4,0.17,0.33,14.17,26.07,7.08,8.5,9.83,0.06,0.04,1.42,-0.06,-0.04,-0.25,90.0,45.0,1661.67,119811.83,True,8
146,Dunk,DEF,26,2,0.17,0.17,15.33,27.77,6.8,9.83,10.0,0.1,0.04,1.26,-0.1,-0.04,-0.26,90.0,45.0,1237.5,120832.17,False,2
146,Dunk,DEF,27,6,0.0,0.17,11.67,25.73,4.83,8.83,9.33,0.09,0.03,1.34,-0.09,-0.03,-0.17,90.0,45.0,129.5,120947.17,False,5
146,Dunk,DEF,28,1,0.17,0.0,14.67,22.63,4.9,11.67,8.5,0.1,0.03,1.18,-0.1,-0.03,-0.18,90.0,45.0,960.33,122287.83,True,16
146,Dunk,DEF,30,11,0.17,0.17,14.33,24.03,3.2,10.67,8.67,0.09,0.03,1.11,-0.09,-0.03,-0.11,90.0,45.0,1234.5,123917.5,False,17
146,Dunk,DEF,31,1,0.33,0.17,18.83,23.17,2.85,6.5,9.0,0.06,0.01,1.08,-0.06,-0.01,-0.42,90.0,45.0,1272.33,125274.5,True,12
146,Dunk,DEF,35,1,0.33,0.33,17.33,19.57,2.75,6.5,7.67,0.06,0.02,1.06,-0.06,-0.02,-0.39,90.0,45.0,1701.5,127934.83,False,15
146,Dunk,DEF,36,14,0.4,0.4,18.32,18.0,3.13,5.18,6.77,0.02,0.01,1.24,-0.02,-0.01,-0.44,75.33,45.0,1569.33,125768.67,True,20
146,Dunk,DEF,37,2,0.6,0.4,24.29,23.62,3.13,14.54,6.57,0.08,0.01,1.19,0.12,-0.01,-0.6,75.33,45.0,2016.0,124219.33,False,11
146,Dunk,DEF,38,1,0.4,0.4,21.7,24.65,5.38,12.54,6.57,0.12,0.01,0.95,0.08,-0.01,-0.16,75.33,45.0,3313.5,123990.33,True,14
148,F.Kadıoğlu,DEF,6,2,0.0,0.93,7.42,14.75,9.84,1.86,7.89,0.03,0.02,1.5,-0.03,-0.02,0.35,48.5,44.5,-1143.5,17770.5,False,7
148,F.Kadıoğlu,DEF,7,2,0.0,0.63,7.92,18.76,13.15,1.9,7.61,0.02,0.06,1.6,-0.02,-0.06,-0.02,56.8,44.4,-921.0,17587.6,False,20
148,F.Kadıoğlu,DEF,8,2,0.0,0.48,9.14,17.61,12.13,5.53,6.5,0.04,0.06,1.35,-0.04,-0.06,0.09,62.33,44.33,-669.67,17643.17,True,15
148,F.Kadıoğlu,DEF,9,-1,0.0,0.2,10.16,16.37,11.3,6.3,5.69,0.04,0.12,1.39,-0.04,-0.12,-0.17,73.83,44.17,-674.33,17498.17,False,14
148,F.Kadıoğlu,DEF,10,6,0.0,0.18,8.29,16.45,10.66,7.59,5.47,0.05,0.11,1.36,-0.05,-0.11,0.4,85.0,44.0,-249.5,17337.5,True,11
148,F.Kadıoğlu,DEF,11,6,0.17,0.17,10.62,13.92,10.1,7.58,4.38,0.05,0.1,1.15,-0.05,-0.1,0.37,89.0,44.0,457.0,18213.5,False,8
148,F.Kadıoğlu,DEF,12,2,0.33,0.17,13.83,14.1,9.25,6.83,4.17,0.04,0.1,1.06,-0.04,-0.1,0.11,90.0,44.0,284.0,18810.5,True,5
148,F.Kadıoğlu,DEF,13,7,0.33,0.17,14.0,11.4,6.68,7.33,4.0,0.05,0.11,1.08,-0.05,-0.11,0.09,90.0,44.0,741.83,19930.67,False,16
148,F.Kadıoğlu,DEF,14,1,0.5,0.17,17.5,11.6,5.5,8.0,4.67,0.06,0.1,1.1,-0.06,-0.1,-0.1,90.0,44.0,559.67,20843.17,True,2
148,F.Kadıoğlu,DEF,15,1,0.52,0.17,16.05,12.0,4.81,6.98,5.23,0.06,0.05,1.21,-0.06,-0.05,0.18,86.0,44.0,1191.33,22363.33,True,19
148,F.Kadıoğlu,DEF,16,1,0.53,0.18,18.07,10.59,6.68,5.67,4.96,0.04,0.06,1.16,-0.04,-0.06,-0.28,84.67,44.0,1343.0,24210.0,False,12
148,F.Kadıoğlu,DEF,17,6,0.35,0.18,14.0,11.16,9.09,6.02,4.96,0.05,0.07,1.41,-0.05,-0.07,-0.17,84.67,44.0,548.5,24872.0,True,17
148,F.Kadıoğlu,DEF,18,1,0.35,0.18,13.82,12.08,12.08,6.91,5.31,0.07,0.1,1.52,-0.07,-0.1,-0.28,84.67,44.0,1350.5,26568.0,False,1
148,F.Kadıoğlu,DEF,19,4,0.35,0.18,13.11,11.37,14.1,6.38,4.78,0.06,0.11,1.73,-0.06,-0.11,-0.31,84.67,44.0,869.17,27504.0,False,19
148,F.Kadıoğlu,DEF,20,9,0.18,0.18,10.81,12.93,20.53,5.67,4.25,0.04,0.12,1.97,-0.04,0.05,-0.2,84.67,44.0,1340.33,29202.67,True,3
148,F.Kadıoğlu,DEF,21,2,0.34,0.17,18.78,15.16,27.51,5.75,4.06,0.04,0.2,1.63,-0.04,-0.03,-0.44,88.67,44.0,2135.5,31736.33,False,13
148,F.Kadıoğlu,DEF,22,2,0.33,0.0,20.0,17.47,25.38,7.83,4.5,0.08,0.18,1.88,-0.08,-0.01,-0.71,90.0,44.0,1487.5,33118.67,True,4
148,F.Kadıoğlu,DEF,23,1,0.33,0.0,21.25,18.33,26.48,9.03,4.52,0.07,0.17,1.79,-0.07,-0.01,-0.79,89.67,44.0,2746.0,36197.0,False,10
148,F.Kadıoğlu,DEF,24,2,0.17,0.0,17.57,18.17,23.39,10.04,4.18,0.11,0.15,1.73,-0.11,0.02,-0.4,89.67,44.0,2512.83,38836.5,True,9
148,F.Kadıoğlu,DEF,25,2,0.17,0.0,18.4,20.91,25.8,10.04,4.85,0.11,0.12,1.42,-0.11,0.04,-0.25,89.67,44.0,2859.83,42011.33,True,8
148,F.Kadıoğlu,DEF,26,2,0.17,0.0,16.23,18.64,20.17,7.86,4.85,0.1,0.11,1.27,-0.1,-0.11,-0.27,89.67,44.0,2103.0,44109.83,False,2
148,F.Kadıoğlu,DEF,27,8,0.0,0.0,11.71,16.43,12.56,8.7,4.68,0.1,0.03,1.34,-0.1,-0.03,-0.17,89.67,44.0,186.5,44117.17,False,5
148,F.Kadıoğlu,DEF,28,2,0.17,0.17,13.72,14.72,13.58,7.03,4.85,0.07,0.04,1.18,-0.07,0.13,-0.18,89.67,44.0,651.67,44999.17,True,16
148,F.Kadıoğlu,DEF,29,1,0.17,0.17,12.67,12.57,9.77,6.17,4.5,0.06,0.04,1.11,-0.06,0.13,-0.11,90.0,44.0,-137.0,45017.5,True,1
148,F.Kadıoğlu,DEF,30,8,0.17,0.33,12.67,11.17,9.7,5.33,4.5,0.01,0.04,1.01,-0.01,0.13,-0.18,90.0,44.0,-786.17,44330.33,False,17
148,F.Kadıoğlu,DEF,31,2,0.33,0.33,15.83,10.2,4.97,6.17,5.17,0.04,0.03,0.96,-0.04,0.14,-0.3,90.0,44.0,-558.5,43905.5,True,12
148,F.Kadıoğlu,DEF,32,6,0.33,0.33,16.17,10.9,5.52,7.0,5.17,0.04,0.03,0.94,-0.04,0.14,-0.28,90.0,44.0,68.5,44376.5,False,3
148,F.Kadıoğlu,DEF,33,1,0.5,0.33,19.0,12.13,5.72,6.33,6.17,0.04,0.03,0.97,-0.04,0.13,-0.47,90.0,44.0,4770.33,49612.83,False,18
148,F.Kadıoğlu,DEF,33,15,0.33,0.17,14.17,11.8,4.33,7.0,6.0,0.06,0.03,0.88,-0.06,-0.03,-0.05,90.0,44.0,7906.33,65387.0,True,7
148,F.Kadıoğlu,DEF,35,1,0.5,0.17,21.5,19.9,4.53,13.17,6.67,0.1,0.04,0.79,0.07,-0.04,-0.12,90.0,44.0,10957.83,81019.83,False,15
148,F.Kadıoğlu,DEF,36,6,0.5,0.0,20.17,19.7,8.77,12.83,6.17,0.1,0.04,1.24,0.07,-0.04,-0.24,90.0,44.0,18360.83,95538.5,True,20
148,F.Kadıoğlu,DEF,37,2,0.5,0.0,18.67,17.37,9.28,11.67,4.67,0.07,0.04,1.17,0.09,-0.04,-0.17,90.0,44.0,25104.5,117378.17,False,11
148,F.Kadıoğlu,DEF,38,1,0.5,0.0,19.17,17.63,14.42,14.67,4.5,0.07,0.15,1.06,0.09,-0.15,-0.06,90.0,44.0,26718.83,139953.17,True,14
151,Van Hecke,DEF,4,3,0.0,0.33,8.0,21.27,0.87,12.33,6.33,0.1,0.05,1.39,-0.1,-0.05,-0.06,90.0,45.0,-5453.67,118012.0,False,4
151,Van Hecke,DEF,5,1,0.0,0.25,7.25,21.95,0.85,9.75,7.25,0.08,0.04,1.41,-0.08,-0.04,0.09,90.0,45.0,-5963.25,115681.5,True,18
151,Van Hecke,DEF,6,3,0.0,0.2,6.8,20.6,0.74,7.8,8.2,0.06,0.03,1.37,-0.06,-0.03,0.23,90.0,45.0,-5670.6,113603.2,False,7
151,Van Hecke,DEF,7,11,0.0,0.33,7.67,22.93,0.92,7.17,9.33,0.05,0.03,1.44,-0.05,-0.03,0.06,90.0,44.83,-5795.67,111256.83,False,20
151,Van Hecke,DEF,8,4,0.0,0.33,9.33,26.3,1.2,10.67,8.67,0.08,0.01,1.41,0.09,-0.01,0.09,90.0,44.67,-5864.67,108513.83,True,15
151,Van Hecke,DEF,9,2,0.0,0.33,11.83,30.4,1.95,10.33,10.33,0.08,0.01,1.38,0.09,-0.01,-0.05,90.0,44.5,-2097.0,108171.33,False,14
151,Van Hecke,DEF,10,7,0.0,0.17,11.17,32.8,4.57,4.83,11.17,0.03,0.02,1.3,0.14,-0.02,0.54,90.0,44.33,2140.17,112027.5,True,11
151,Van Hecke,DEF,11,5,0.17,0.17,16.33,35.2,6.38,7.33,11.0,0.06,0.02,1.14,0.11,-0.02,0.36,90.0,44.17,7559.0,122002.17,False,8
151,Van Hecke,DEF,12,2,0.33,0.33,19.67,36.23,6.6,10.33,10.17,0.06,0.02,1.06,0.1,-0.02,0.11,90.0,44.0,8354.0,131607.67,True,5
151,Van Hecke,DEF,13,6,0.33,0.17,19.5,33.43,6.65,10.67,8.5,0.06,0.02,1.08,0.11,-0.02,0.09,90.0,44.0,12789.33,146482.5,False,16
151,Van Hecke,DEF,14,12,0.5,0.17,19.5,27.63,6.33,7.17,8.5,0.04,0.02,1.1,-0.04,-0.02,-0.1,90.0,44.0,12421.67,160237.5,True,2
151,Van Hecke,DEF,15,5,0.5,0.17,20.0,33.6,5.68,17.33,6.83,0.21,0.02,1.26,0.12,-0.02,0.24,90.0,44.0,12697.17,174263.17,True,19
151,Van Hecke,DEF,16,1,0.5,0.17,23.83,34.1,8.22,18.67,6.17,0.22,0.04,1.24,0.11,0.13,-0.24,90.0,44.17,38501.67,224294.83,False,12
151,Van Hecke,DEF,18,3,0.33,0.17,18.5,30.47,7.65,15.83,5.0,0.19,0.05,1.47,0.14,0.12,-0.13,90.0,44.33,49790.5,273723.0,False,1
151,Van Hecke,DEF,19,0,0.17,0.0,16.33,34.6,7.58,12.83,6.33,0.18,0.05,1.86,0.15,0.12,-0.19,90.0,44.67,36970.67,322106.0,False,19
151,Van Hecke,DEF,20,6,0.17,0.17,15.5,34.57,7.67,11.83,6.67,0.18,0.05,1.88,0.15,0.12,-0.05,90.0,44.83,40194.5,382755.83,True,3
151,Van Hecke,DEF,21,3,0.17,0.17,16.67,37.2,7.7,15.33,7.5,0.2,0.05,1.81,0.13,0.12,0.02,90.0,45.0,46920.67,450507.5,False,13
151,Van Hecke,DEF,22,6,0.17,0.33,14.33,27.83,7.45,5.5,9.0,0.03,0.05,1.84,-0.03,0.12,-0.5,90.0,45.17,37416.33,505307.17,True,4
151,Van Hecke,DEF,23,1,0.17,0.5,14.0,28.57,7.83,6.17,8.67,0.04,0.03,1.87,-0.04,0.13,-0.53,90.0,45.17,10231.67,523635.5,False,10
151,Van Hecke,DEF,24,2,0.17,0.5,14.5,29.07,7.42,7.67,9.67,0.04,0.02,1.73,-0.04,0.15,-0.4,90.0,45.17,-2985.67,539547.33,True,9
151,Van Hecke,DEF,26,5,0.17,0.5,14.0,24.27,7.65,8.0,8.67,0.04,0.05,1.41,-0.04,0.11,-0.25,90.0,45.0,9887.17,557735.83,False,2
151,Van Hecke,DEF,27,9,0.35,0.53,17.47,23.89,7.71,8.47,9.0,0.05,0.05,1.22,-0.05,0.12,-0.34,85.0,45.0,-11792.67,541432.83,False,5
151,Van Hecke,DEF,28,4,0.35,0.53,16.94,21.74,7.61,4.76,9.18,0.03,0.05,1.45,-0.03,0.12,-0.56,85.0,44.83,-20020.67,519257.17,True,16
151,Van Hecke,DEF,29,2,0.35,0.35,18.35,24.46,10.22,4.06,8.47,0.03,0.06,1.16,-0.03,0.11,-0.28,85.0,44.67,-9557.83,511379.33,True,1
151,Van Hecke,DEF,30,9,0.35,0.18,17.29,22.69,9.71,2.29,9.35,0.01,0.08,1.01,-0.01,-0.08,-0.13,85.0,44.5,-9807.17,501420.0,False,17
151,Van Hecke,DEF,31,4,0.53,0.18,21.53,25.45,8.79,1.94,10.76,0.01,0.08,0.98,-0.01,-0.08,-0.45,85.0,44.33,-6074.0,495487.17,True,12
151,Van Hecke,DEF,32,5,0.53,0.18,23.12,27.18,9.19,2.82,10.94,0.02,0.05,0.95,-0.02,-0.05,-0.42,85.0,44.17,5676.0,513212.0,False,3
151,Van Hecke,DEF,33,6,0.5,0.17,22.33,27.4,11.05,2.67,10.33,0.02,0.06,0.97,-0.02,-0.06,-0.47,90.0,44.17,114419.67,631667.0,False,18
151,Van Hecke,DEF,33,6,0.33,0.17,20.17,32.03,13.22,4.33,11.33,0.03,0.07,0.88,-0.03,0.1,-0.05,90.0,44.5,154773.83,844881.83,True,7
151,Van Hecke,DEF,35,2,0.5,0.17,22.0,28.87,11.57,8.33,10.5,0.05,0.06,0.79,-0.05,0.1,-0.12,90.0,44.83,188830.0,1052903.83,False,15
151,Van Hecke,DEF,36,6,0.5,0.33,20.0,26.37,6.87,8.33,10.67,0.05,0.05,1.24,-0.05,0.11,-0.24,90.0,45.17,199634.33,1191433.33,True,20
151,Van Hecke,DEF,37,2,0.5,0.33,20.0,24.1,7.1,7.83,9.5,0.04,0.05,1.17,-0.04,0.11,-0.17,90.0,45.5,210383.33,1341946.33,False,11
151,Van Hecke,DEF,38,1,0.5,0.33,18.0,22.57,8.67,8.83,9.33,0.19,0.06,1.06,-0.19,0.1,-0.06,90.0,46.0,203217.67,1471708.17,True,14
152,Veltman,DEF,6,0,0.0,0.33,9.67,19.2,6.6,2.0,10.0,0.0,0.0,1.5,0.0,-0.0,0.17,90.0,44.0,-1184.67,21332.0,False,7
152,Veltman,DEF,11,0,0.0,0.56,7.78,18.94,5.53,1.67,10.0,0.0,0.0,1.62,0.0,-0.0,0.05,81.0,44.0,-711.75,21721.5,False,8
152,Veltman,DEF,12,1,0.0,0.8,7.43,18.37,5.44,1.59,10.09,0.0,0.0,1.62,0.0,-0.0,-0.03,67.8,43.8,-810.2,20078.0,True,5
152,Veltman,DEF,13,1,0.0,0.79,8.74,19.11,5.43,1.59,10.59,0.0,0.0,1.83,0.0,-0.0,-0.25,56.67,43.67,-713.5,18981.67,False,16
152,Veltman,DEF,24,1,0.27,0.0,21.62,31.57,12.89,14.32,9.46,0.27,0.02,1.32,0.0,-0.02,-0.24,55.5,43.0,1056.5,15943.83,True,9
152,Veltman,DEF,26,1,0.26,0.0,19.71,30.5,12.5,13.75,9.08,0.26,0.02,1.46,0.0,-0.02,-0.17,57.83,43.0,1029.83,16897.67,False,2
152,Veltman,DEF,27,1,0.21,0.21,17.15,27.32,10.46,12.07,8.47,0.21,0.02,1.22,0.0,-0.02,-0.17,70.83,43.0,944.33,17663.67,False,5
152,Veltman,DEF,28,1,0.22,0.22,16.0,24.89,5.13,11.78,8.44,0.22,0.01,1.35,0.0,-0.01,-0.24,67.5,43.0,869.33,18374.33,True,16
152,Veltman,DEF,29,1,0.27,0.27,14.82,16.87,5.5,4.85,7.28,0.1,0.01,1.23,-0.1,-0.01,-0.42,55.67,43.0,831.0,19016.67,True,1
187,Walker,DEF,4,2,0.33,0.33,7.33,13.0,2.43,0.33,6.33,0.0,0.05,2.24,-0.0,-0.05,-0.24,90.0,45.0,-2745.33,199032.67,True,12
187,Walker,DEF,5,2,0.25,0.25,7.0,11.9,2.02,0.25,5.75,0.0,0.04,2.29,-0.0,-0.04,-0.54,90.0,45.0,-7582.75,199157.0,True,16
187,Walker,DEF,6,-1,0.2,0.2,7.6,13.56,2.3,0.6,6.4,0.0,0.03,2.05,-0.0,-0.03,-0.45,90.0,45.0,-6481.4,200066.2,False,13
187,Walker,DEF,7,1,0.17,0.33,3.67,13.2,2.28,1.17,6.33,0.01,0.03,2.05,-0.01,-0.03,0.12,90.0,45.0,-7372.67,198978.67,False,2
187,Walker,DEF,8,14,0.17,0.33,3.67,13.6,2.58,2.17,6.17,0.02,0.03,1.89,-0.02,-0.03,0.11,90.0,45.0,-8983.67,200816.67,True,11
187,Walker,DEF,9,3,0.17,0.33,6.33,17.27,4.73,2.17,7.0,0.02,0.05,2.2,-0.02,0.12,-0.2,90.0,44.83,-9080.83,197126.33,False,20
187,Walker,DEF,10,1,0.17,0.17,8.5,19.17,4.4,2.17,8.5,0.02,0.04,2.02,-0.02,0.13,-0.18,90.0,44.67,-6316.67,194893.17,True,1
187,Walker,DEF,11,0,0.17,0.17,8.17,19.33,4.63,2.17,8.67,0.02,0.04,2.01,-0.02,0.13,-0.01,90.0,44.5,-3143.17,194437.83,False,19
187,Walker,DEF,12,0,0.17,0.33,7.5,20.23,6.82,1.83,8.33,0.02,0.05,2.33,-0.02,0.12,0.0,90.0,44.33,-2943.33,193572.33,True,7
187,Walker,DEF,13,3,0.17,0.33,10.83,21.07,9.08,1.17,8.67,0.01,0.05,2.28,-0.01,0.12,-0.45,90.0,44.17,-2081.33,193319.0,False,5
187,Walker,DEF,14,2,0.17,0.33,13.0,23.07,8.85,0.0,10.0,0.0,0.05,2.56,0.0,0.12,-0.56,90.0,44.0,-1507.5,193331.5,True,8
187,Walker,DEF,15,0,0.0,0.33,7.0,18.9,6.9,0.33,9.17,0.0,0.03,2.22,0.0,-0.03,-0.05,90.0,44.0,-1237.67,193311.17,False,15
187,Walker,DEF,17,2,0.0,0.5,4.17,14.57,6.65,0.33,6.67,0.0,0.03,2.1,0.0,-0.03,0.07,90.0,44.0,-4059.67,189935.5,False,4
187,Walker,DEF,18,6,0.0,0.51,4.28,14.51,6.78,0.68,6.84,0.0,0.03,1.92,0.0,-0.03,0.13,87.67,44.0,-3906.67,181536.33,True,9
187,Walker,DEF,19,0,0.17,0.34,6.33,11.81,6.21,1.37,5.99,0.0,0.02,1.55,0.0,-0.02,-0.01,87.67,44.0,-3557.33,173238.67,True,15
187,Walker,DEF,20,0,0.17,0.34,6.33,12.73,3.82,1.37,5.99,0.0,0.02,1.65,0.0,-0.02,0.06,87.67,44.0,-2276.5,166295.0,False,6
187,Walker,DEF,21,1,0.17,0.51,3.59,9.17,3.8,1.37,4.11,0.0,0.02,1.38,0.0,-0.02,0.16,87.67,44.0,-1249.0,160239.67,True,14
187,Walker,DEF,22,2,0.17,0.51,2.4,8.08,3.51,1.03,3.59,0.0,0.01,1.71,0.0,-0.01,0.0,87.67,44.0,-1454.83,153820.0,False,12
187,Walker,DEF,23,4,0.17,0.34,4.28,10.61,3.71,1.03,4.28,0.0,0.02,1.95,0.0,-0.02,-0.41,87.67,44.0,-807.17,148081.33,True,18
187,Walker,DEF,24,0,0.17,0.33,7.5,15.6,9.93,0.67,4.33,0.0,0.06,2.06,0.0,0.11,-0.4,90.0,44.0,-325.5,148212.17,False,17
187,Walker,DEF,25,1,0.0,0.5,4.83,16.0,10.82,0.0,4.5,0.0,0.06,2.17,0.0,0.11,-0.0,90.0,44.0,-697.5,147858.83,True,19
187,Walker,DEF,26,1,0.0,0.33,5.17,14.17,11.07,0.0,3.67,0.0,0.06,1.95,0.0,0.1,0.05,90.0,44.0,-584.17,147593.33,False,8
187,Walker,DEF,27,1,0.0,0.17,6.17,14.57,11.17,0.0,4.0,0.0,0.06,2.01,0.0,0.11,-0.01,90.0,44.0,-1008.67,146901.17,False,7
187,Walker,DEF,29,3,0.0,0.18,6.55,15.16,11.98,0.0,3.82,0.0,0.07,1.97,0.0,0.11,0.03,82.5,44.0,-524.83,146742.67,False,9
187,Walker,DEF,30,6,0.0,0.18,7.64,16.0,12.27,0.0,5.09,0.0,0.06,1.63,0.0,0.12,0.55,82.5,44.0,-471.33,146555.67,True,4
187,Walker,DEF,31,1,0.18,0.18,7.45,11.82,7.07,0.0,5.27,0.0,0.02,1.72,0.0,-0.02,0.1,82.5,44.0,-569.5,146261.0,False,10
187,Walker,DEF,32,1,0.18,0.0,9.35,13.27,5.88,0.0,6.42,0.0,0.01,1.81,0.0,-0.01,-0.16,81.83,44.0,-236.0,146375.17,True,6
187,Walker,DEF,33,-1,0.22,0.0,10.56,14.74,6.51,0.0,7.7,0.0,0.01,1.98,0.0,-0.01,-0.22,68.17,44.0,-440.83,146177.17,False,16
187,Walker,DEF,33,2,0.22,0.22,9.46,16.15,6.8,0.44,8.14,0.0,0.02,1.84,0.0,-0.02,0.36,68.17,44.0,-89.83,147137.5,True,13
187,Walker,DEF,35,1,0.2,0.2,11.89,16.22,8.21,0.4,7.93,0.0,0.02,2.1,0.0,-0.02,-0.12,75.67,44.0,-79.83,148112.83,False,11
187,Walker,DEF,36,1,0.2,0.2,10.11,15.62,10.8,0.79,6.94,0.01,0.05,2.17,-0.01,-0.05,0.01,75.67,44.0,-20.0,147968.17,True,2
187,Walker,DEF,37,2,0.0,0.2,7.14,15.22,9.38,0.79,6.94,0.01,0.05,1.95,-0.01,-0.05,0.63,75.67,44.0,-235.83,147549.5,False,1
187,Walker,DEF,38,2,0.0,0.2,6.09,13.05,7.19,0.79,5.9,0.01,0.05,1.81,-0.01,-0.05,0.54,76.33,44.0,-393.33,146848.67,True,20
190,Ekdal,DEF,4,4,0.34,0.0,13.74,22.74,5.19,4.81,10.65,0.0,0.0,1.94,0.0,-0.0,-0.23,87.33,40.0,23451.67,57254.0,True,12
190,Ekdal,DEF,5,2,0.26,0.0,12.27,23.98,3.94,4.6,10.99,0.0,0.0,2.07,-0.0,-0.0,-0.54,88.0,40.0,24625.5,79500.25,True,16
190,Ekdal,DEF,6,0,0.2,0.0,10.79,22.72,3.22,11.61,10.38,0.03,0.0,1.88,-0.03,-0.0,-0.45,88.4,40.0,26344.8,100030.6,False,13
190,Ekdal,DEF,9,1,0.17,0.0,7.44,22.03,4.47,10.32,10.15,0.03,0.03,1.9,-0.03,-0.03,0.13,88.67,40.0,22680.0,114138.17,False,20
190,Ekdal,DEF,14,4,0.2,0.0,10.56,24.46,5.26,10.77,11.17,0.03,0.03,1.82,-0.03,-0.03,0.01,73.83,40.0,20130.0,137108.67,True,8
190,Ekdal,DEF,15,1,0.0,0.0,7.72,24.01,2.58,9.95,11.78,0.03,0.04,1.79,-0.03,-0.04,0.25,73.83,40.0,18994.33,152277.5,False,15
190,Ekdal,DEF,16,1,0.0,0.0,5.39,20.71,2.53,10.58,10.78,0.04,0.04,1.58,-0.04,-0.04,0.41,75.17,40.0,7110.0,151017.17,True,10
190,Ekdal,DEF,17,4,0.0,0.0,3.39,18.04,2.77,9.78,8.98,0.03,0.04,1.54,-0.03,-0.04,0.85,75.17,39.83,852.5,144660.0,False,4
190,Ekdal,DEF,18,9,0.0,0.0,3.79,17.96,2.73,2.39,9.58,0.01,0.04,1.6,-0.01,-0.04,0.79,75.17,39.67,-5157.83,131878.17,True,9
190,Ekdal,DEF,19,3,0.2,0.0,12.17,19.72,2.77,2.59,10.38,0.01,0.01,1.37,-0.01,-0.01,0.03,75.17,39.5,-5340.17,120107.83,True,15
190,Ekdal,DEF,20,1,0.17,0.0,10.5,20.0,2.68,2.83,10.5,0.01,0.01,1.52,-0.01,-0.01,0.15,90.0,39.33,-1748.67,116019.5,False,6
190,Ekdal,DEF,22,1,0.17,0.0,8.33,17.97,2.6,2.83,8.67,0.01,0.01,1.66,-0.01,-0.01,0.17,90.0,39.17,-253.67,116249.5,False,12
190,Ekdal,DEF,32,1,0.19,0.0,10.43,20.05,2.95,2.12,9.08,0.01,0.01,1.76,-0.01,-0.01,-0.03,77.67,39.0,-215.33,116179.83,True,6
190,Ekdal,DEF,33,0,0.19,0.0,13.71,21.67,2.84,2.12,10.04,0.01,0.01,1.71,-0.01,-0.01,-0.16,77.67,38.83,1116.33,114137.5,False,16
190,Ekdal,DEF,33,4,0.19,0.0,12.17,21.71,2.84,1.74,9.66,0.01,0.01,1.66,-0.01,-0.01,0.46,77.67,38.67,1345.67,112271.33,True,13
190,Ekdal,DEF,35,3,0.0,0.0,8.11,21.79,0.81,2.7,9.08,0.01,0.02,2.18,-0.01,-0.02,0.14,77.67,38.5,558.0,108973.0,False,11
191,Estève,DEF,4,4,0.34,0.0,9.27,19.51,0.62,6.53,7.9,0.02,0.0,2.27,-0.02,-0.0,-0.21,87.33,40.0,-1408.67,2068072.33,True,12
191,Estève,DEF,5,4,0.26,0.0,9.46,23.93,0.49,4.86,9.72,0.01,0.0,2.32,-0.01,-0.0,-0.53,88.0,40.0,-44864.5,2035734.75,True,16
191,Estève,DEF,6,-2,0.2,0.0,10.38,23.05,2.5,5.5,9.98,0.03,0.0,2.07,-0.03,-0.0,-0.44,88.4,40.0,-41628.4,2016588.8,False,13
191,Estève,DEF,7,1,0.17,0.0,4.74,20.71,2.2,4.74,10.32,0.03,0.0,2.06,-0.03,-0.0,0.14,88.67,40.0,-60045.83,1978179.83,False,2
191,Estève,DEF,8,8,0.17,0.0,5.92,19.66,2.35,2.2,9.98,0.02,0.0,1.9,-0.02,-0.0,0.13,88.67,40.0,-77776.83,1926655.17,True,11
191,Estève,DEF,9,1,0.17,0.0,5.33,20.1,2.18,2.17,11.0,0.02,0.0,2.2,-0.02,-0.0,-0.2,90.0,40.0,-93160.33,1842509.0,False,20
191,Estève,DEF,10,1,0.17,0.0,6.83,20.33,2.28,2.17,11.0,0.02,0.0,2.02,-0.02,-0.0,-0.18,90.0,40.0,-94560.5,1757910.67,True,1
191,Estève,DEF,11,3,0.17,0.0,7.17,15.47,4.18,2.5,9.17,0.02,0.05,2.01,-0.02,-0.05,-0.01,90.0,40.0,-76279.0,1687972.83,False,19
191,Estève,DEF,12,3,0.17,0.0,6.17,17.33,4.45,1.83,9.5,0.0,0.05,2.33,-0.0,-0.05,0.0,90.0,40.0,-77388.0,1613169.5,True,7
191,Estève,DEF,13,3,0.17,0.0,12.33,19.97,4.38,1.67,9.5,0.0,0.05,2.28,0.0,-0.05,-0.45,90.0,39.83,-57244.33,1559238.67,False,5
191,Estève,DEF,14,4,0.17,0.0,12.17,21.33,4.27,1.33,10.33,0.0,0.05,2.56,0.0,-0.05,-0.56,90.0,39.67,-42406.67,1525317.67,True,8
191,Estève,DEF,15,3,0.0,0.0,11.5,23.3,6.13,2.0,11.0,0.0,0.05,2.22,0.0,-0.05,-0.05,90.0,39.5,-26752.5,1501680.0,False,15
191,Estève,DEF,16,1,0.0,0.0,11.33,25.07,8.4,2.0,11.33,0.0,0.06,2.1,0.0,-0.06,0.07,90.0,39.33,-24502.5,1479366.83,True,10
191,Estève,DEF,19,0,0.0,0.0,9.83,25.7,6.7,4.33,11.33,0.04,0.01,2.06,-0.04,-0.01,0.27,90.0,39.17,-15644.0,1468435.17,True,15
191,Estève,DEF,21,3,0.0,0.0,8.34,23.94,5.51,4.27,10.67,0.04,0.01,2.01,-0.04,-0.01,0.51,77.33,39.0,-28813.83,1419956.33,True,14
191,Estève,DEF,22,2,0.0,0.0,8.92,25.37,5.47,4.27,10.67,0.04,0.01,2.17,-0.04,-0.01,0.35,77.33,39.0,-35669.33,1359517.5,False,12
191,Estève,DEF,23,3,0.0,0.0,9.26,24.72,5.6,4.83,10.07,0.04,0.01,2.1,-0.04,-0.01,0.12,74.5,39.0,-37423.5,1291976.5,True,18
191,Estève,DEF,24,3,0.0,0.0,6.85,21.62,3.4,4.43,8.46,0.04,0.02,2.39,-0.04,-0.02,0.02,74.5,39.0,-40485.67,1225333.17,False,17
191,Estève,DEF,25,1,0.0,0.0,6.64,21.83,1.61,4.83,8.66,0.05,0.02,2.33,-0.05,-0.02,0.29,74.5,39.0,-42791.83,1156741.67,True,19
191,Estève,DEF,26,3,0.0,0.0,7.65,24.4,3.77,2.01,9.66,0.0,0.02,2.09,-0.0,-0.02,0.33,74.5,39.0,-41467.17,1088383.0,False,8
191,Estève,DEF,27,2,0.0,0.0,9.46,24.71,3.3,2.75,9.98,0.0,0.02,1.93,-0.0,-0.02,0.14,87.17,39.0,-24497.5,1059806.0,False,7
191,Estève,DEF,28,0,0.0,0.0,8.43,22.96,3.46,3.44,9.46,0.03,0.02,1.83,-0.03,-0.02,0.06,87.17,39.0,-13682.33,1047183.67,True,5
191,Estève,DEF,29,1,0.0,0.0,6.83,22.97,3.38,3.67,9.5,0.04,0.03,1.76,-0.04,-0.03,0.57,90.0,39.0,-9766.0,1038007.0,False,9
191,Estève,DEF,30,6,0.0,0.0,6.17,22.07,3.43,3.33,9.17,0.04,0.02,1.64,-0.04,-0.02,0.7,90.0,39.0,-8783.5,1029541.33,True,4
191,Estève,DEF,31,3,0.17,0.0,9.46,20.96,2.68,3.44,9.12,0.04,0.01,1.73,-0.04,-0.01,0.17,87.17,39.0,-7022.5,1022897.33,False,10
191,Estève,DEF,32,2,0.17,0.0,8.78,20.86,0.64,3.1,9.29,0.04,0.01,2.09,-0.04,-0.01,-0.03,87.17,39.0,-7546.5,1012221.67,True,6
191,Estève,DEF,33,2,0.17,0.17,8.26,20.44,0.67,2.41,9.46,0.04,0.01,2.11,-0.04,-0.01,-0.05,87.17,39.0,-9989.5,1003104.83,False,16
191,Estève,DEF,33,4,0.17,0.17,6.2,22.61,0.64,2.58,10.67,0.03,0.01,1.98,-0.03,-0.01,0.6,87.17,39.0,-10426.33,993145.33,True,13
191,Estève,DEF,35,3,0.17,0.17,8.26,25.37,0.6,1.89,11.01,0.01,0.0,2.2,-0.01,0.0,-0.13,87.17,39.0,-11384.17,983794.83,False,11
191,Estève,DEF,36,3,0.17,0.17,8.09,27.19,0.53,2.24,11.87,0.01,0.0,2.26,-0.01,0.0,-0.02,87.17,39.0,-13377.33,965635.83,True,2
191,Estève,DEF,37,2,0.0,0.17,4.83,27.07,0.47,1.5,12.0,0.01,0.0,2.15,-0.01,-0.0,0.35,90.0,39.0,-14165.83,946427.83,False,1
192,Hartman,DEF,4,4,0.33,0.0,8.67,17.6,6.93,3.67,7.67,0.03,0.03,2.24,-0.03,-0.03,-0.24,90.0,40.0,1270.33,57529.33,True,12
192,Hartman,DEF,5,2,0.25,0.0,10.0,19.55,7.75,2.75,10.0,0.02,0.02,2.29,-0.02,-0.02,-0.54,90.0,40.0,-225.25,57678.75,True,16
192,Hartman,DEF,6,3,0.2,0.0,10.0,20.92,15.66,4.0,9.0,0.02,0.08,2.05,-0.02,-0.08,-0.45,90.0,40.0,355.6,58769.2,False,13
192,Hartman,DEF,7,4,0.17,0.17,9.39,22.32,15.03,4.53,8.55,0.02,0.09,1.96,-0.02,0.08,-0.11,89.5,40.0,-313.33,58885.83,False,2
192,Hartman,DEF,8,6,0.17,0.17,11.73,23.7,18.57,4.53,7.54,0.02,0.11,1.8,-0.02,0.23,-0.12,89.5,40.0,-126.5,60972.67,True,11
192,Hartman,DEF,9,7,0.17,0.17,11.73,23.13,17.5,4.19,7.54,0.02,0.1,2.11,-0.02,0.23,-0.43,89.5,40.0,1367.33,63442.17,False,20
192,Hartman,DEF,10,1,0.17,0.17,15.59,27.22,21.07,3.85,7.04,0.01,0.2,1.92,-0.01,0.47,-0.42,89.5,40.0,2237.17,66988.5,True,1
192,Hartman,DEF,11,1,0.17,0.17,14.41,25.01,20.58,3.85,4.86,0.01,0.2,1.92,-0.01,0.47,-0.24,89.5,40.0,6200.83,74774.5,False,19
192,Hartman,DEF,12,1,0.17,0.17,14.35,23.53,16.74,2.73,5.12,0.01,0.17,2.12,-0.01,0.52,-0.24,87.83,40.0,7914.67,84103.17,True,7
192,Hartman,DEF,13,3,0.17,0.0,14.94,21.06,18.34,2.89,5.26,0.01,0.15,2.16,-0.01,0.36,-0.46,88.33,40.0,9497.0,95188.83,False,5
192,Hartman,DEF,14,2,0.17,0.0,14.26,21.5,14.69,2.72,7.3,0.01,0.12,2.45,-0.01,0.22,-0.58,88.33,40.0,9146.83,105709.67,True,8
192,Hartman,DEF,16,4,0.0,0.0,11.89,20.89,17.44,3.4,6.62,0.01,0.13,2.1,-0.01,0.21,-0.06,88.33,40.0,7772.33,114524.83,True,10
192,Hartman,DEF,30,6,0.0,0.0,8.66,15.32,13.99,3.91,6.62,0.01,0.04,2.05,-0.01,0.13,0.16,88.33,40.0,5863.83,120987.17,True,4
192,Hartman,DEF,31,1,0.18,0.0,11.58,15.75,13.32,4.39,7.19,0.01,0.04,1.99,-0.01,0.14,-0.06,85.5,40.0,2398.67,116841.17,False,10
192,Hartman,DEF,32,2,0.17,0.0,11.36,16.76,16.09,5.85,7.23,0.01,0.06,2.14,-0.01,0.11,-0.07,87.17,40.0,164.33,110173.17,True,6
192,Hartman,DEF,33,3,0.18,0.0,10.68,15.97,13.08,4.55,6.83,0.01,0.06,2.19,-0.01,0.11,-0.26,85.67,40.0,-952.33,102375.33,False,16
192,Hartman,DEF,33,4,0.18,0.0,11.56,17.51,13.25,4.73,6.3,0.0,0.1,1.86,-0.0,0.25,0.24,85.67,40.0,-867.0,94821.33,True,13
192,Hartman,DEF,35,1,0.18,0.0,11.73,20.21,10.44,5.95,8.4,0.02,0.09,2.38,-0.02,0.26,-0.28,85.67,40.0,-1512.67,86560.67,False,11
193,Humphreys,DEF,20,2,0.54,0.0,21.56,22.96,3.34,6.47,8.62,0.07,0.05,1.51,-0.07,-0.05,0.11,55.67,39.33,85.0,7637.33,False,6
193,Humphreys,DEF,21,6,0.35,0.35,15.06,23.04,2.52,4.9,9.11,0.05,0.03,1.49,-0.05,-0.03,0.26,64.25,39.25,124.25,7831.5,True,14
193,Humphreys,DEF,22,4,0.26,0.26,17.64,23.55,4.93,4.67,9.34,0.03,0.03,1.76,-0.03,0.23,0.05,69.4,39.2,101.6,7966.2,False,12
193,Humphreys,DEF,23,1,0.21,0.41,19.15,25.29,4.16,4.12,9.89,0.03,0.02,2.06,-0.03,0.19,-0.41,72.83,39.17,347.33,8369.5,True,18
193,Humphreys,DEF,24,3,0.17,0.34,17.83,23.52,3.65,4.11,9.26,0.03,0.02,1.96,-0.03,0.15,-0.58,87.5,39.0,1202.67,9873.67,False,17
193,Humphreys,DEF,25,0,0.0,0.34,14.4,24.34,3.7,2.74,9.26,0.01,0.02,2.06,-0.01,0.15,-0.18,87.5,39.0,1328.0,11342.5,True,19
193,Humphreys,DEF,26,4,0.0,0.5,12.5,23.43,9.78,2.5,8.83,0.01,0.06,1.95,-0.01,0.11,0.05,90.0,39.0,1390.83,12803.0,False,8
193,Humphreys,DEF,27,2,0.0,0.33,14.33,22.83,9.9,5.33,8.17,0.02,0.06,2.01,-0.02,0.27,-0.01,90.0,39.0,1227.5,14163.67,False,7
193,Humphreys,DEF,28,1,0.0,0.34,11.33,20.61,8.39,4.74,7.61,0.02,0.06,1.94,-0.02,0.11,-0.07,88.67,39.0,1256.83,15575.17,True,5
193,Humphreys,DEF,29,0,0.0,0.34,6.94,19.32,10.86,4.4,7.27,0.02,0.08,1.78,-0.02,0.09,0.59,88.67,39.0,1071.0,16768.67,False,9
193,Humphreys,DEF,30,6,0.0,0.51,6.77,19.32,10.98,3.72,7.61,0.01,0.08,1.65,-0.01,0.09,0.72,88.67,39.0,313.83,17155.5,True,4
193,Humphreys,DEF,31,1,0.17,0.51,10.66,19.59,12.38,6.26,7.27,0.03,0.09,1.83,-0.03,0.08,0.03,88.67,39.0,144.67,17405.67,False,10
193,Humphreys,DEF,32,2,0.17,0.34,9.14,19.93,5.48,6.09,7.61,0.02,0.03,2.19,-0.02,0.14,-0.16,88.67,39.0,21.33,17494.17,True,6
193,Humphreys,DEF,33,2,0.17,0.34,9.29,21.1,8.98,5.16,7.92,0.03,0.03,2.23,-0.03,-0.03,-0.34,87.17,39.0,119.67,17745.17,True,13
193,Humphreys,DEF,35,0,0.17,0.34,10.0,21.76,10.64,5.86,7.93,0.03,0.03,2.32,-0.03,-0.03,-0.43,87.0,39.0,-26.5,17841.83,False,11
193,Humphreys,DEF,37,1,0.18,0.36,11.01,21.12,8.47,9.41,7.99,0.04,0.02,2.25,-0.04,-0.02,-0.48,84.5,39.0,-164.33,17607.83,False,1
193,Humphreys,DEF,38,2,0.21,0.21,12.92,23.08,9.8,11.22,8.26,0.04,0.02,2.42,-0.04,-0.02,-0.72,70.83,39.0,-290.5,17178.83,True,20
195,Lucas Pires,DEF,18,6,0.0,0.0,-0.64,12.13,16.79,3.19,5.74,0.03,0.09,1.84,-0.03,-0.09,0.71,47.0,38.33,997.0,26751.67,True,9
195,Lucas Pires,DEF,19,1,0.39,0.0,9.74,13.09,17.42,3.9,5.06,0.02,0.11,1.45,-0.02,-0.11,0.11,57.75,38.25,920.75,27860.25,True,15
195,Lucas Pires,DEF,20,1,0.28,0.0,7.85,14.47,24.76,5.89,5.61,0.05,0.18,1.69,-0.05,-0.18,0.27,64.2,38.2,846.4,28903.4,False,6
195,Lucas Pires,DEF,21,1,0.22,0.0,7.23,13.31,19.97,8.32,5.04,0.05,0.15,1.64,-0.05,-0.15,0.33,68.5,38.17,764.17,28951.33,True,14
195,Lucas Pires,DEF,22,4,0.18,0.0,5.67,11.01,14.67,8.05,4.57,0.05,0.11,1.66,-0.05,-0.11,0.17,82.0,38.0,865.33,30485.83,False,12
195,Lucas Pires,DEF,23,1,0.17,0.0,9.67,15.0,12.73,8.17,6.5,0.05,0.1,1.96,-0.05,-0.1,-0.46,90.0,38.0,901.67,30731.33,True,18
195,Lucas Pires,DEF,24,1,0.17,0.0,9.33,15.43,12.47,7.67,6.67,0.04,0.1,2.06,-0.04,-0.1,-0.4,90.0,38.0,999.33,31524.17,False,17
195,Lucas Pires,DEF,25,1,0.0,0.0,5.17,14.17,10.07,7.5,7.0,0.04,0.08,2.17,-0.04,-0.08,-0.0,90.0,38.0,1219.33,32419.0,True,19
195,Lucas Pires,DEF,27,1,0.0,0.0,7.17,15.5,13.78,5.67,6.83,0.02,0.05,1.95,-0.02,-0.05,0.05,90.0,38.0,1425.0,33315.67,False,7
195,Lucas Pires,DEF,28,0,0.0,0.0,8.18,16.98,16.65,3.09,7.82,0.01,0.05,1.99,-0.01,-0.05,-0.17,82.5,38.0,1366.67,35013.33,True,5
195,Lucas Pires,DEF,29,1,0.0,0.0,9.64,19.09,18.85,2.0,8.36,0.01,0.09,1.94,-0.01,-0.09,0.25,82.5,38.0,1306.33,36646.0,False,9
195,Lucas Pires,DEF,30,1,0.0,0.0,8.55,15.75,24.36,1.64,6.0,0.01,0.09,1.59,-0.01,-0.09,0.77,82.5,38.0,878.83,37764.83,True,4
195,Lucas Pires,DEF,32,1,0.0,0.0,9.19,14.88,27.88,2.35,5.13,0.01,0.1,1.62,-0.01,-0.1,0.73,70.17,38.0,412.83,38443.0,True,6
195,Lucas Pires,DEF,35,1,0.0,0.0,10.88,17.15,33.64,1.86,5.31,0.01,0.12,1.66,-0.01,-0.12,0.73,56.5,38.0,-57.67,38523.5,False,11
195,Lucas Pires,DEF,36,1,0.0,0.0,10.18,14.58,25.03,2.96,4.6,0.01,0.09,1.84,-0.01,-0.09,0.46,45.67,38.0,-469.67,37774.67,True,2
195,Lucas Pires,DEF,37,1,0.0,0.0,7.62,15.29,21.41,3.1,4.23,0.01,0.08,1.8,-0.01,-0.08,0.74,53.17,38.0,-555.33,36796.17,False,1
195,Lucas Pires,DEF,38,2,0.0,0.28,7.05,14.84,18.51,3.1,5.36,0.01,0.06,1.53,-0.01,-0.06,0.17,53.17,38.0,-551.17,35818.5,True,20
198,Tuanzebe,DEF,10,3,0.33,0.0,11.0,17.33,0.6,0.0,9.0,0.0,0.0,2.17,0.0,-0.0,-0.84,90.0,39.0,-2533.0,219217.33,True,1
198,Tuanzebe,DEF,11,3,0.25,0.0,13.25,22.05,0.78,0.0,11.5,0.0,0.0,2.24,0.0,-0.0,-0.73,90.0,39.0,-2356.75,219778.5,False,19
198,Tuanzebe,DEF,12,1,0.2,0.0,11.6,22.72,0.82,0.0,11.2,0.0,0.0,2.39,0.0,-0.0,-0.59,90.0,39.0,-1457.4,220698.2,True,7
198,Tuanzebe,DEF,13,0,0.17,0.0,10.67,22.37,0.75,0.0,10.5,0.0,0.0,2.28,0.0,-0.0,-0.45,90.0,39.0,-1045.17,221601.33,False,5
198,Tuanzebe,DEF,16,1,0.17,0.17,8.17,21.0,0.65,0.0,10.5,0.0,0.0,2.56,0.0,-0.0,-0.56,90.0,39.0,-251.17,222559.33,True,10
198,Tuanzebe,DEF,22,4,0.0,0.17,5.13,19.47,1.27,0.0,9.58,0.0,0.02,2.56,0.0,-0.02,0.01,87.67,39.0,-5037.33,215123.0,False,12
198,Tuanzebe,DEF,23,7,0.0,0.17,5.65,21.29,1.16,0.0,9.92,0.0,0.02,2.67,0.0,-0.02,-0.28,87.67,39.0,-6268.0,199597.17,True,18
198,Tuanzebe,DEF,24,-2,0.0,0.17,5.3,22.72,0.99,8.9,7.87,0.1,0.02,2.61,0.07,-0.02,-0.22,87.67,39.0,-6051.33,184293.17,False,17
198,Tuanzebe,DEF,36,3,0.0,0.19,4.3,20.88,1.07,9.73,7.67,0.11,0.02,2.42,0.07,-0.02,0.01,80.17,39.0,-6238.33,168734.67,True,2
198,Tuanzebe,DEF,37,2,0.0,0.19,3.56,20.21,1.05,9.73,8.23,0.11,0.02,2.37,0.07,-0.02,0.07,80.17,39.0,-6502.83,149961.5,False,1
198,Tuanzebe,DEF,38,2,0.0,0.0,6.74,20.81,1.03,9.73,7.86,0.11,0.01,2.03,0.07,-0.01,0.02,80.17,39.0,-6024.5,131423.5,True,20
199,Worrall,DEF,28,2,0.0,0.0,7.59,22.44,0.34,1.69,11.81,0.0,0.01,1.85,0.0,-0.01,-0.44,53.33,38.83,704.17,20127.17,True,5
199,Worrall,DEF,29,3,0.0,0.0,5.1,21.64,0.27,3.33,11.97,0.02,0.0,1.73,-0.02,-0.0,0.04,67.67,38.5,1254.17,21448.33,False,9
199,Worrall,DEF,30,1,0.0,0.0,5.08,24.91,0.23,3.32,12.69,0.02,0.0,1.68,-0.02,-0.0,0.07,76.83,38.33,705.83,21831.83,True,4
224,Cucurella,DEF,4,1,0.73,0.0,32.66,24.31,20.36,6.17,6.53,0.04,0.16,0.71,-0.04,0.2,-0.35,82.67,60.33,245531.33,2474087.33,False,5
224,Cucurella,DEF,5,0,0.61,0.0,29.49,25.31,24.45,11.06,7.06,0.05,0.14,0.87,-0.05,0.16,-0.26,73.25,60.5,225532.75,2698284.5,False,14
224,Cucurella,DEF,6,0,0.51,0.25,22.75,21.29,20.38,10.11,6.83,0.06,0.12,1.08,-0.06,0.13,-0.07,71.2,60.8,145507.2,2800684.0,True,6
224,Cucurella,DEF,7,7,0.4,0.4,18.36,18.81,19.67,8.68,6.26,0.05,0.1,1.33,-0.05,0.1,0.09,74.33,61.0,76120.33,2828447.83,True,12
224,Cucurella,DEF,8,8,0.2,0.4,18.16,24.13,24.24,7.26,7.26,0.03,0.2,1.59,-0.03,0.2,0.03,74.33,61.17,14115.0,2967664.67,False,16
224,Cucurella,DEF,9,1,0.38,0.38,18.46,22.08,23.29,6.15,8.08,0.02,0.13,1.91,-0.02,0.06,-0.56,78.0,61.33,-25950.5,3014152.33,True,17
224,Cucurella,DEF,10,7,0.19,0.38,14.81,20.54,26.02,8.27,7.12,0.05,0.17,1.96,-0.05,0.02,-0.23,78.0,61.33,-90955.83,2940729.33,False,18
224,Cucurella,DEF,11,6,0.35,0.35,17.54,18.74,20.02,5.44,6.84,0.04,0.15,1.66,-0.04,0.02,-0.25,85.5,61.33,-138171.83,2823102.33,True,20
224,Cucurella,DEF,12,6,0.5,0.17,22.33,19.63,21.85,5.33,6.83,0.04,0.15,1.36,-0.04,0.01,-0.36,90.0,61.17,-104553.5,2745163.17,False,3
224,Cucurella,DEF,13,1,0.67,0.0,26.5,19.6,21.87,7.0,6.83,0.05,0.16,1.05,-0.05,0.01,-0.55,90.0,61.0,-41408.17,2731689.33,True,1
224,Cucurella,DEF,14,1,0.67,0.17,21.17,16.37,19.55,6.67,6.67,0.05,0.09,0.94,-0.05,-0.09,-0.44,90.0,61.0,22580.5,2766898.67,False,11
224,Cucurella,DEF,15,6,0.5,0.17,17.0,15.17,18.7,7.33,6.33,0.05,0.13,1.01,-0.05,-0.13,-0.01,90.0,61.17,30823.83,2811316.67,False,4
224,Cucurella,DEF,16,6,0.67,0.17,19.17,13.53,14.12,7.17,6.17,0.04,0.1,1.03,-0.04,-0.1,-0.36,90.0,61.33,7126.33,2825824.83,True,9
224,Cucurella,DEF,17,1,0.67,0.17,19.0,13.83,15.73,6.0,6.0,0.03,0.11,1.18,-0.03,-0.11,-0.52,90.0,61.5,32883.67,2876034.5,False,15
224,Cucurella,DEF,18,2,0.5,0.17,15.5,14.1,13.03,5.83,5.83,0.02,0.1,1.54,-0.02,-0.1,-0.54,90.0,61.67,19979.0,2901223.33,True,2
224,Cucurella,DEF,21,-3,0.35,0.17,13.9,15.39,13.66,4.86,6.08,0.01,0.11,1.66,-0.01,-0.11,-0.44,86.33,61.83,-19447.5,2877768.67,False,10
224,Cucurella,DEF,22,5,0.4,0.0,13.03,14.03,10.94,4.81,5.41,0.01,0.08,1.71,-0.01,-0.08,-0.1,74.83,61.83,-50197.67,2761287.17,True,5
224,Cucurella,DEF,23,4,0.6,0.2,16.64,13.83,9.36,4.01,5.21,0.01,0.03,1.45,-0.01,-0.03,-0.45,74.83,61.5,-75494.67,2610608.0,False,8
224,Cucurella,DEF,24,7,0.4,0.2,14.43,17.92,8.74,6.21,6.82,0.03,0.06,1.52,-0.03,-0.06,-0.32,74.83,61.17,-66625.67,2472511.83,True,19
224,Cucurella,DEF,25,4,0.22,0.22,15.82,26.06,11.65,16.93,7.13,0.21,0.09,1.6,0.01,-0.09,-0.26,67.33,60.83,-67597.17,2327647.67,False,20
224,Cucurella,DEF,26,1,0.22,0.45,19.38,30.65,17.64,19.38,8.02,0.24,0.16,1.32,-0.01,0.06,-0.2,67.33,60.5,-41736.0,2216034.67,True,11
224,Cucurella,DEF,29,1,0.24,0.47,18.66,30.76,18.33,19.13,7.8,0.25,0.16,1.22,-0.01,0.07,-0.28,63.5,60.33,-11475.5,2137699.67,False,2
224,Cucurella,DEF,30,2,0.24,0.49,24.26,32.65,21.2,19.65,8.25,0.26,0.2,1.29,-0.01,0.04,-0.8,61.83,60.17,5363.5,2081370.17,True,15
224,Cucurella,DEF,31,1,0.0,0.24,21.83,32.94,31.92,22.56,7.52,0.26,0.22,1.26,-0.01,0.03,-0.53,61.83,60.17,19220.83,2037993.5,False,9
224,Cucurella,DEF,32,0,0.0,0.24,18.68,29.4,33.31,20.13,6.06,0.24,0.17,1.12,-0.0,0.07,0.09,61.83,60.17,29564.33,2041397.17,True,13
224,Cucurella,DEF,33,2,0.0,0.43,10.6,22.07,30.83,16.01,6.06,0.16,0.14,1.36,-0.16,0.08,0.37,69.33,60.17,28421.83,2005528.0,True,14
224,Cucurella,DEF,33,1,0.0,0.22,8.65,17.31,30.57,15.36,5.62,0.13,0.08,1.19,-0.13,-0.08,0.54,69.33,60.17,34281.33,2003893.17,False,6
224,Cucurella,DEF,35,4,0.0,0.2,6.83,16.36,24.93,14.25,6.05,0.12,0.07,1.49,-0.12,-0.07,0.65,76.83,60.0,48772.83,1993661.0,True,16
224,Cucurella,DEF,36,1,0.0,0.17,7.5,18.0,26.45,14.33,5.5,0.11,0.05,1.56,-0.11,0.12,0.77,90.0,60.17,57732.33,2019174.33,False,12
224,Cucurella,DEF,37,1,0.0,0.33,5.5,16.07,22.2,16.83,4.83,0.12,0.05,1.42,-0.12,0.12,0.92,90.0,60.33,50770.83,2036522.83,True,18
224,Cucurella,DEF,38,1,0.0,0.5,6.33,15.37,19.82,15.33,4.83,0.1,0.04,1.51,-0.1,0.13,0.49,90.0,60.5,38912.5,2005192.33,False,17
225,James,DEF,6,3,0.37,0.37,23.7,21.11,36.48,4.81,6.67,0.03,0.19,1.64,-0.03,0.19,-0.53,48.6,54.8,-33238.2,571809.2,True,6
225,James,DEF,7,4,0.27,0.54,20.27,19.14,31.49,7.03,6.22,0.04,0.22,1.82,-0.04,0.32,-0.19,55.5,54.67,-28993.33,563872.17,True,12
225,James,DEF,8,18,0.0,0.26,16.17,20.77,24.29,6.78,6.78,0.03,0.17,2.1,-0.03,0.35,-0.28,57.5,54.5,-31219.5,568855.17,False,16
225,James,DEF,9,1,0.22,0.22,23.48,30.96,22.96,11.3,6.3,0.07,0.12,2.17,0.14,0.53,-0.65,69.0,54.33,-38917.17,546298.5,True,17
225,James,DEF,10,7,0.18,0.18,21.64,28.95,24.84,8.18,5.82,0.05,0.13,1.93,0.13,0.42,-0.29,82.5,54.33,32369.33,595004.0,False,18
225,James,DEF,11,1,0.33,0.17,23.33,28.47,25.35,7.5,6.5,0.07,0.19,1.64,0.1,0.31,-0.31,90.0,54.33,50885.67,655626.0,True,20
225,James,DEF,12,1,0.39,0.19,24.49,27.87,23.44,7.97,5.83,0.08,0.19,1.58,0.12,0.2,-0.41,77.17,54.5,81425.17,750906.83,False,3
225,James,DEF,13,8,0.43,0.0,26.7,29.07,22.35,6.03,5.81,0.08,0.15,1.32,0.14,0.06,-0.67,69.67,54.83,82652.67,843539.83,True,1
225,James,DEF,15,6,0.43,0.0,29.71,29.58,24.95,6.46,4.31,0.08,0.17,1.17,0.14,0.26,-0.52,69.67,55.17,67536.33,913222.33,False,4
225,James,DEF,16,6,0.43,0.0,23.04,19.42,20.0,0.86,5.6,0.03,0.17,0.97,-0.03,0.05,-0.32,69.67,55.5,66769.5,999542.0,True,9
225,James,DEF,17,7,0.65,0.0,25.84,17.87,17.85,3.44,5.6,0.05,0.16,0.91,-0.05,0.06,-0.69,69.67,55.67,20119.33,1037584.0,False,15
225,James,DEF,18,6,0.43,0.0,23.68,23.0,16.23,5.6,4.52,0.06,0.07,1.38,0.16,0.15,-0.74,69.67,55.83,18757.17,1073889.83,True,2
225,James,DEF,19,1,0.36,0.18,25.27,26.87,22.05,5.27,5.64,0.07,0.11,1.36,0.11,0.26,-0.45,82.5,56.0,11125.17,1098886.33,True,4
225,James,DEF,20,1,0.36,0.18,24.91,27.13,23.27,5.27,5.82,0.07,0.11,1.38,0.11,0.25,-0.47,82.5,56.17,44765.33,1174326.5,False,13
225,James,DEF,21,1,0.36,0.36,20.0,22.65,17.95,4.91,6.18,0.07,0.09,1.33,0.12,0.1,-0.42,82.5,56.33,52249.67,1249048.17,False,10
225,James,DEF,22,7,0.21,0.42,18.84,26.12,22.6,6.07,6.28,0.08,0.1,1.35,0.13,0.11,-0.1,71.67,56.5,63765.0,1319633.33,True,5
225,James,DEF,23,6,0.21,0.42,19.74,25.85,19.53,3.61,7.43,0.06,0.09,1.44,0.15,0.12,-0.17,70.67,56.67,27022.0,1347883.0,False,8
225,James,DEF,24,1,0.43,0.43,21.74,21.17,21.91,1.52,7.83,0.03,0.11,1.15,-0.03,0.11,-0.28,69.0,56.83,32073.17,1386339.17,True,19
225,James,DEF,27,6,0.54,0.27,19.73,15.84,15.97,1.62,7.03,0.0,0.06,1.16,0.0,-0.06,-0.62,55.5,57.0,34872.5,1426607.17,True,3
225,James,DEF,28,6,0.72,0.24,22.02,14.84,13.52,1.44,6.94,0.0,0.05,1.08,0.0,-0.05,-0.6,62.67,56.83,-6793.83,1349680.33,False,1
225,James,DEF,29,2,0.72,0.0,27.53,14.17,12.14,1.44,7.18,0.0,0.13,1.11,0.0,0.11,-0.39,62.67,56.67,-1982.33,1292848.5,False,2
225,James,DEF,30,2,0.61,0.0,25.51,10.53,9.35,2.65,5.92,0.01,0.11,0.99,-0.01,0.09,-0.38,73.5,56.5,-8177.83,1227756.67,True,15
225,James,DEF,36,1,0.4,0.0,21.54,11.96,21.52,4.83,4.83,0.03,0.2,0.99,-0.03,-0.0,-0.18,74.5,56.33,16307.0,1188840.5,False,12
225,James,DEF,38,1,0.23,0.0,20.56,11.28,20.12,5.03,5.25,0.04,0.2,0.94,-0.04,0.03,-0.03,65.67,56.17,9106.67,1087250.67,False,17
226,Chalobah,DEF,4,3,0.73,0.0,34.48,33.39,5.41,19.6,9.07,0.19,0.09,0.71,0.17,0.27,-0.35,82.67,50.0,81095.33,235966.33,False,5
226,Chalobah,DEF,5,8,0.53,0.0,28.49,32.75,8.52,15.71,10.92,0.15,0.14,0.91,0.12,0.12,-0.11,84.5,50.25,168259.75,418260.0,False,14
226,Chalobah,DEF,6,-3,0.42,0.21,27.34,37.93,7.21,15.98,10.72,0.16,0.12,1.1,0.26,0.09,-0.05,85.6,50.4,150411.0,542548.6,True,6
226,Chalobah,DEF,8,6,0.38,0.19,21.94,33.83,6.68,14.25,9.75,0.14,0.1,1.01,0.23,0.08,0.49,80.0,50.67,167087.17,675044.0,False,16
226,Chalobah,DEF,9,1,0.38,0.19,23.06,32.62,7.73,13.5,9.19,0.12,0.1,1.32,0.25,0.09,0.18,80.0,50.83,167028.5,813363.67,True,17
226,Chalobah,DEF,10,7,0.36,0.18,18.65,27.9,7.71,8.25,9.14,0.07,0.1,1.45,0.11,0.08,0.16,83.67,51.0,173868.67,953728.5,False,18
226,Chalobah,DEF,11,6,0.36,0.36,15.6,26.39,6.24,5.2,9.32,0.04,0.06,1.28,0.13,-0.06,0.33,83.67,51.17,126572.17,1030320.33,True,20
226,Chalobah,DEF,12,6,0.54,0.36,17.93,23.63,3.59,4.66,7.35,0.04,0.01,1.06,0.14,-0.01,0.2,83.67,51.17,63852.5,1035542.0,False,3
226,Chalobah,DEF,13,9,0.72,0.18,18.65,16.49,3.89,2.87,6.63,0.01,0.01,0.81,-0.01,-0.01,0.09,83.67,51.17,63210.67,1043077.83,True,1
226,Chalobah,DEF,14,1,0.67,0.17,23.83,22.7,3.45,8.17,7.17,0.02,0.01,0.94,0.15,-0.01,-0.44,90.0,51.0,18200.83,986984.83,False,11
226,Chalobah,DEF,15,11,0.5,0.17,20.0,25.17,4.85,8.5,7.5,0.02,0.01,1.01,0.15,-0.01,-0.01,90.0,51.17,59512.67,1055254.67,False,4
226,Chalobah,DEF,16,9,0.67,0.17,24.5,25.47,4.45,7.33,8.17,0.02,0.01,1.03,0.15,-0.01,-0.36,90.0,51.33,56129.5,1112279.83,True,9
226,Chalobah,DEF,17,3,0.67,0.0,25.33,27.43,4.42,8.5,8.33,0.02,0.01,1.18,0.14,-0.01,-0.52,90.0,51.83,186082.17,1315133.5,False,15
226,Chalobah,DEF,18,0,0.5,0.0,22.83,27.2,4.17,8.17,9.17,0.02,0.01,1.54,0.14,-0.01,-0.54,90.0,52.5,226427.67,1544394.67,True,2
226,Chalobah,DEF,19,1,0.33,0.17,18.83,25.13,3.8,7.0,8.17,0.02,0.01,1.67,0.15,-0.01,-0.33,90.0,53.17,227068.5,1765090.83,True,4
226,Chalobah,DEF,20,4,0.33,0.17,15.83,20.83,4.22,3.0,8.33,0.04,0.02,1.98,-0.04,-0.02,-0.48,90.0,54.0,235910.83,2007301.0,False,13
226,Chalobah,DEF,21,3,0.33,0.17,16.33,20.07,1.07,2.67,8.67,0.04,0.01,1.68,-0.04,-0.01,-0.51,90.0,54.67,155652.17,2160180.33,False,10
226,Chalobah,DEF,22,8,0.17,0.17,12.33,20.53,1.08,2.67,8.83,0.04,0.01,1.64,-0.04,-0.01,-0.14,90.0,55.17,149177.17,2317703.83,True,5
226,Chalobah,DEF,23,4,0.17,0.17,11.67,19.17,1.12,1.5,8.5,0.04,0.01,1.72,-0.04,-0.01,-0.22,90.0,55.33,33562.5,2346148.5,False,8
226,Chalobah,DEF,24,3,0.17,0.17,12.67,21.47,1.0,1.5,9.0,0.04,0.0,1.64,-0.04,-0.01,-0.3,90.0,55.5,26026.33,2379576.67,True,19
226,Chalobah,DEF,25,4,0.17,0.0,13.67,24.7,1.42,1.83,11.0,0.04,0.01,1.62,-0.04,-0.01,-0.29,90.0,55.83,71370.5,2467648.83,False,20
226,Chalobah,DEF,26,3,0.17,0.0,14.5,26.27,1.08,0.33,11.5,0.0,0.0,1.28,0.0,-0.01,-0.11,90.0,56.0,91888.33,2575402.67,True,11
226,Chalobah,DEF,27,2,0.17,0.0,14.0,26.5,1.55,0.33,11.67,0.0,0.01,1.35,0.0,-0.01,-0.02,90.0,56.33,128225.67,2710647.17,True,3
226,Chalobah,DEF,28,1,0.17,0.0,14.5,25.03,1.8,0.33,11.17,0.0,0.01,1.29,0.0,-0.01,-0.13,90.0,56.83,129924.5,2846708.33,False,1
226,Chalobah,DEF,29,2,0.0,0.0,11.83,21.97,1.75,0.33,10.33,0.0,0.05,1.23,0.0,-0.05,0.27,90.0,57.17,52563.33,2901506.33,False,2
226,Chalobah,DEF,30,2,0.0,0.0,11.0,19.23,1.8,0.33,9.17,0.0,0.05,1.06,0.0,-0.05,0.44,90.0,57.17,-17647.33,2885386.5,True,15
226,Chalobah,DEF,33,1,0.0,0.0,10.67,17.0,1.5,1.5,7.67,0.03,0.05,1.11,-0.03,-0.05,0.22,90.0,57.0,-96319.33,2789942.0,True,14
226,Chalobah,DEF,33,1,0.0,0.0,10.59,14.82,1.67,1.76,6.86,0.03,0.06,1.1,-0.03,-0.06,0.27,76.5,56.5,-156214.5,2488067.17,False,6
226,Chalobah,DEF,35,1,0.0,0.0,10.78,12.55,3.41,2.16,5.88,0.04,0.05,1.24,-0.04,-0.05,0.33,76.5,55.83,-187346.5,2192472.0,True,16
226,Chalobah,DEF,37,1,0.0,0.0,8.43,11.18,3.37,2.94,4.9,0.06,0.05,1.47,-0.06,-0.05,0.49,76.5,55.17,-193203.83,1879859.83,True,18
226,Chalobah,DEF,38,1,0.0,0.0,8.42,13.37,4.09,3.51,4.91,0.07,0.01,1.54,-0.07,-0.01,0.33,64.17,54.67,-122634.0,1634722.67,False,17
228,Gusto,DEF,5,1,0.53,0.0,18.64,12.14,10.38,2.66,5.33,0.01,0.03,0.72,-0.01,-0.03,-0.19,56.33,50.0,-10633.0,166995.0,False,14
228,Gusto,DEF,6,0,0.46,0.0,18.0,10.8,9.83,4.15,4.62,0.01,0.03,0.81,-0.01,-0.03,-0.35,48.75,49.75,-12034.75,166593.25,True,6
228,Gusto,DEF,8,3,0.29,0.0,15.0,15.17,10.93,4.04,4.33,0.01,0.03,1.66,-0.01,0.25,-0.22,52.0,49.5,-11986.83,161421.83,False,16
228,Gusto,DEF,10,6,0.47,0.0,15.12,12.23,15.16,4.88,4.19,0.01,0.06,1.81,-0.01,0.17,-0.65,64.5,49.33,-11557.5,159815.83,False,18
228,Gusto,DEF,11,15,0.69,0.0,20.56,14.07,21.31,4.8,4.34,0.01,0.08,1.73,-0.01,0.15,-0.82,65.67,49.17,-9085.17,152340.0,True,20
228,Gusto,DEF,12,1,0.71,0.0,24.87,21.51,20.39,12.79,4.03,0.16,0.09,1.56,0.08,0.15,-0.62,63.33,49.0,-6492.5,145666.17,False,3
228,Gusto,DEF,13,2,0.72,0.0,26.02,23.87,20.55,15.99,4.77,0.19,0.09,1.52,0.05,0.15,-0.57,62.83,49.0,6468.0,152994.83,True,1
228,Gusto,DEF,14,1,0.61,0.0,24.55,22.5,19.66,13.3,4.91,0.16,0.08,1.14,0.04,0.13,-0.73,73.33,49.0,7363.33,158477.67,False,11
228,Gusto,DEF,15,7,0.68,0.0,26.43,23.19,22.35,14.13,6.15,0.18,0.09,1.32,0.05,-0.09,-0.87,65.83,49.0,11731.67,168996.33,False,4
228,Gusto,DEF,16,18,0.68,0.0,30.0,26.08,17.66,12.63,6.77,0.17,0.07,1.16,0.06,-0.07,-0.71,66.5,49.0,10487.0,177260.83,True,9
228,Gusto,DEF,17,-1,0.65,0.0,35.0,35.83,16.93,17.39,6.3,0.23,0.07,1.32,0.2,0.15,-0.89,69.0,49.0,12410.5,191555.67,False,15
228,Gusto,DEF,18,1,0.46,0.23,24.86,28.45,16.8,9.9,6.91,0.11,0.06,1.84,0.12,0.17,-0.92,65.17,49.17,32423.17,227916.33,True,2
228,Gusto,DEF,19,1,0.46,0.23,23.83,27.99,16.63,6.94,6.94,0.08,0.06,1.91,0.16,0.17,-0.76,64.83,49.33,21377.5,247679.17,True,4
228,Gusto,DEF,20,2,0.46,0.23,23.6,27.07,15.22,8.79,6.71,0.09,0.07,2.35,0.14,0.16,-0.96,64.83,49.5,21249.83,270245.33,False,13
228,Gusto,DEF,21,2,0.41,0.21,20.32,23.02,10.7,7.88,6.01,0.09,0.05,1.86,0.12,0.16,-0.62,72.33,49.67,14575.0,285601.0,False,10
228,Gusto,DEF,23,1,0.21,0.21,16.54,22.55,11.88,8.59,5.37,0.09,0.06,1.75,0.13,0.16,-0.25,69.83,49.83,14835.67,302186.83,False,8
228,Gusto,DEF,24,1,0.0,0.26,7.83,11.95,7.38,4.17,6.0,0.02,0.04,2.15,-0.02,-0.04,-0.06,57.5,49.83,10570.67,309691.17,True,19
228,Gusto,DEF,25,2,0.0,0.0,10.4,12.19,9.48,4.84,4.84,0.02,0.04,1.74,-0.02,-0.04,0.19,62.0,49.67,-11050.83,293424.17,False,20
228,Gusto,DEF,26,0,0.0,0.0,10.16,14.1,14.65,7.41,4.87,0.06,0.07,1.6,-0.06,-0.07,0.1,70.83,49.5,-9070.67,281965.0,True,11
228,Gusto,DEF,27,6,0.0,0.21,9.74,14.02,17.49,7.2,4.87,0.05,0.09,1.24,-0.05,-0.09,0.46,70.83,49.33,-7417.17,271676.0,True,3
228,Gusto,DEF,28,1,0.22,0.22,13.26,12.65,19.46,9.13,4.13,0.05,0.13,1.14,-0.05,-0.13,0.38,69.0,49.17,-2704.33,265897.83,False,1
228,Gusto,DEF,29,5,0.25,0.25,13.73,12.81,19.58,9.66,4.32,0.06,0.14,1.2,-0.06,-0.14,0.32,59.0,49.0,-4267.33,257919.0,False,2
228,Gusto,DEF,30,1,0.22,0.22,14.2,14.33,18.98,9.61,3.71,0.05,0.22,0.89,-0.05,-0.0,0.42,68.67,49.0,-2425.17,256065.17,True,15
228,Gusto,DEF,31,1,0.24,0.24,16.23,15.56,21.53,10.98,4.06,0.05,0.24,1.04,-0.05,-0.0,0.16,62.83,49.0,-830.67,255886.33,False,9
228,Gusto,DEF,32,1,0.26,0.26,17.59,12.47,15.98,7.5,3.62,0.01,0.21,1.1,-0.01,0.05,0.19,58.0,49.0,-2898.83,252818.33,True,13
228,Gusto,DEF,33,2,0.26,0.0,16.7,13.46,11.74,5.74,3.91,0.0,0.18,1.29,0.0,0.08,0.28,57.5,49.0,-1878.0,251430.83,True,14
228,Gusto,DEF,33,1,0.0,0.0,14.05,18.0,20.78,3.64,4.16,0.0,0.18,1.26,0.0,0.08,0.56,57.67,49.0,2306.5,257210.83,False,6
228,Gusto,DEF,35,0,0.0,0.0,13.25,18.17,19.9,3.42,4.7,0.0,0.2,1.47,0.0,0.02,0.67,70.17,49.0,8848.67,265216.83,True,16
228,Gusto,DEF,36,2,0.0,0.21,9.89,16.6,29.29,6.38,4.53,0.02,0.12,1.75,-0.02,-0.12,0.72,72.83,49.0,9308.0,267098.0,False,12
228,Gusto,DEF,38,-1,0.0,0.19,8.78,14.86,23.9,6.16,4.67,0.02,0.1,1.47,-0.02,-0.1,0.77,80.33,48.83,6029.17,265369.17,False,17
229,B.Badiashile,DEF,20,2,0.0,0.73,6.24,13.37,2.2,0.0,6.98,0.0,0.01,1.52,0.0,-0.01,0.68,49.0,44.0,113.2,1932.0,False,13
229,B.Badiashile,DEF,23,4,0.0,0.54,8.06,15.53,1.67,0.0,7.25,0.0,0.01,1.38,0.0,-0.01,0.5,55.83,44.0,86.33,2079.33,False,8
229,B.Badiashile,DEF,24,0,0.0,0.22,10.87,17.17,1.48,0.43,8.7,0.0,0.01,1.23,0.0,-0.01,0.07,69.0,44.0,87.5,2457.5,True,19
230,Fofana,DEF,11,6,0.41,0.0,17.83,15.01,2.03,0.0,7.47,0.0,0.0,1.05,0.0,-0.0,0.19,54.25,44.25,-1644.0,20728.25,True,20
230,Fofana,DEF,13,4,0.59,0.0,21.11,16.01,2.32,2.93,7.33,0.04,0.01,0.79,-0.04,-0.01,0.09,61.4,44.2,-541.0,21272.0,True,1
230,Fofana,DEF,15,9,0.45,0.0,19.72,15.82,1.88,3.63,8.61,0.06,0.01,0.9,-0.06,-0.01,0.01,66.17,44.17,-724.67,22187.83,False,4
230,Fofana,DEF,16,9,0.58,0.0,22.02,18.04,1.58,3.09,9.85,0.05,0.01,0.96,-0.05,-0.01,-0.18,77.67,44.0,-99.67,24323.0,True,9
230,Fofana,DEF,17,1,0.7,0.18,24.83,23.81,1.06,2.82,12.15,0.04,0.0,0.96,-0.04,-0.0,-0.43,85.17,44.0,1555.83,27846.83,False,15
230,Fofana,DEF,19,3,0.67,0.17,23.92,21.78,1.09,3.01,10.87,0.04,0.01,1.05,-0.04,-0.01,-0.55,89.67,44.0,4624.0,34369.17,True,4
230,Fofana,DEF,22,0,0.5,0.17,22.33,29.77,1.63,3.67,13.67,0.04,0.01,1.56,-0.04,-0.01,-0.72,90.0,44.0,4311.0,41826.67,True,5
230,Fofana,DEF,23,1,0.37,0.37,20.35,33.87,1.27,2.24,15.68,0.02,0.01,1.78,-0.02,-0.01,-0.84,80.33,44.0,3200.0,46736.67,False,8
230,Fofana,DEF,24,4,0.44,0.44,21.12,39.12,1.54,1.32,16.94,0.0,0.01,2.06,0.0,-0.01,-0.96,68.17,44.0,3088.5,50744.83,True,19
230,Fofana,DEF,25,2,0.25,0.49,21.51,44.8,5.56,1.48,15.82,0.0,0.12,2.11,0.0,0.13,-0.87,60.67,44.0,2411.0,53087.17,False,20
230,Fofana,DEF,26,1,0.0,0.25,16.32,38.87,5.74,1.48,12.61,0.0,0.12,2.12,0.0,0.13,-0.63,60.67,44.0,2236.33,55058.5,True,11
230,Fofana,DEF,27,-1,0.0,0.32,19.89,47.94,6.95,1.26,15.47,0.0,0.15,1.98,0.0,0.16,-0.72,47.5,44.0,-26.33,54753.5,True,3
230,Fofana,DEF,30,3,0.0,0.0,16.44,25.9,9.29,3.46,7.5,0.07,0.14,1.01,-0.07,0.15,0.14,52.0,44.0,499.5,52684.33,True,15
230,Fofana,DEF,31,2,0.0,0.24,15.08,23.74,8.28,3.83,7.66,0.07,0.12,0.92,-0.07,0.12,0.04,62.67,44.0,831.17,51695.5,False,9
230,Fofana,DEF,32,3,0.0,0.43,8.98,20.01,6.54,4.7,8.76,0.07,0.01,0.94,-0.07,-0.01,0.56,70.17,44.0,1945.5,52069.0,True,13
230,Fofana,DEF,33,2,0.0,0.43,7.7,21.46,6.33,4.7,10.69,0.07,0.01,1.2,-0.07,-0.01,0.72,70.17,44.0,959.33,51143.5,True,14
230,Fofana,DEF,33,0,0.0,0.37,8.27,22.63,5.64,8.45,10.1,0.09,0.01,1.08,-0.09,-0.01,0.75,81.67,44.0,1732.17,52175.67,False,6
230,Fofana,DEF,36,5,0.0,0.58,6.98,23.16,3.45,9.7,10.67,0.09,0.01,1.34,-0.09,-0.01,0.6,77.33,44.0,3176.17,53211.17,False,12
230,Fofana,DEF,37,2,0.0,0.57,9.08,23.14,3.42,7.18,10.4,0.04,0.01,1.33,-0.04,0.18,0.57,79.33,44.0,2848.33,53435.5,True,18
230,Fofana,DEF,38,-2,0.0,0.38,9.66,21.75,2.92,6.82,9.85,0.03,0.01,1.35,-0.03,0.18,0.55,79.17,44.0,2849.5,53654.0,False,17
232,Tosin,DEF,5,0,0.33,0.0,16.67,26.47,1.43,0.67,9.67,0.0,0.02,1.06,0.0,-0.02,-0.06,90.0,45.0,-64.67,125278.33,False,14
232,Tosin,DEF,8,1,0.25,0.25,13.51,25.24,1.63,2.8,9.43,0.01,0.02,1.27,-0.01,-0.02,0.01,88.25,45.0,-1266.25,128299.75,False,16
232,Tosin,DEF,9,1,0.25,0.25,13.92,24.66,1.59,2.73,9.2,0.01,0.02,1.31,-0.01,-0.02,-0.06,72.4,44.8,-2797.8,115075.4,True,17
232,Tosin,DEF,10,1,0.24,0.24,13.64,24.99,1.56,2.63,9.34,0.01,0.02,1.29,-0.01,-0.02,0.15,62.67,44.67,-2819.0,105847.67,False,18
232,Tosin,DEF,12,10,0.31,0.31,13.8,24.52,1.44,3.45,9.41,0.02,0.01,1.46,-0.02,-0.01,0.11,47.83,44.33,-1321.0,95139.5,False,3
232,Tosin,DEF,14,3,0.31,0.31,14.74,27.09,3.26,2.82,9.41,0.02,0.05,1.28,-0.02,-0.05,0.29,47.83,43.83,-1936.67,82836.83,False,11
232,Tosin,DEF,21,0,0.31,0.31,13.17,27.72,4.17,5.33,10.98,0.03,0.05,1.71,-0.03,-0.05,0.18,47.83,43.33,-4723.33,66860.33,False,10
232,Tosin,DEF,22,3,0.31,0.31,14.69,28.1,7.78,2.45,10.71,0.02,0.1,1.48,-0.02,-0.1,0.35,49.0,42.67,-4005.33,50123.0,True,5
232,Tosin,DEF,27,1,0.26,0.26,15.53,30.79,6.74,2.11,13.16,0.02,0.09,1.51,-0.02,-0.09,0.07,57.0,42.0,-2496.0,45985.5,True,3
232,Tosin,DEF,28,1,0.26,0.26,14.96,30.65,6.69,2.1,12.86,0.02,0.09,1.62,-0.02,-0.09,-0.04,57.17,41.33,-2020.33,41377.67,False,1
232,Tosin,DEF,29,1,0.26,0.26,15.22,30.59,6.69,2.1,13.38,0.02,0.09,1.62,-0.02,-0.09,-0.04,57.17,40.83,-821.0,38034.0,False,2
233,Acheampong,DEF,8,14,0.47,0.0,13.06,8.3,1.4,4.66,5.6,0.04,0.0,2.01,-0.04,-0.0,-0.14,64.33,40.0,-13687.67,109922.0,False,16
233,Acheampong,DEF,9,2,0.66,0.0,25.71,21.36,1.15,19.78,6.26,0.2,0.0,2.1,0.13,-0.0,-0.78,68.25,39.75,-9517.0,121015.75,True,17
233,Acheampong,DEF,19,0,0.52,0.0,23.28,22.86,2.2,15.52,6.21,0.16,0.01,1.95,0.1,-0.01,-0.65,69.6,39.6,7062.4,143334.4,True,4
233,Acheampong,DEF,20,2,0.46,0.0,19.92,21.07,2.34,13.74,5.95,0.14,0.01,2.36,0.09,-0.01,-0.76,65.5,39.33,4720.67,147145.67,False,13
233,Acheampong,DEF,21,1,0.25,0.0,13.6,21.51,2.03,13.35,5.69,0.13,0.01,2.61,0.12,-0.01,-0.63,60.67,39.0,4353.17,170092.83,False,10
233,Acheampong,DEF,22,1,0.26,0.0,17.63,24.11,6.11,14.21,5.26,0.13,0.02,2.36,0.13,-0.02,-0.78,57.0,38.67,9109.67,170543.5,True,5
233,Acheampong,DEF,25,1,0.32,0.0,20.89,29.57,7.26,17.36,6.43,0.16,0.02,2.45,0.16,-0.02,-0.85,46.67,38.33,11529.17,173163.17,False,20
256,Muñoz,DEF,4,5,0.67,0.33,24.0,21.13,13.77,4.0,6.67,0.02,0.27,1.22,-0.02,0.07,-0.89,90.0,55.0,50393.67,955314.67,True,17
256,Muñoz,DEF,5,2,0.75,0.5,23.25,18.65,12.12,13.25,6.0,0.04,0.26,1.01,-0.04,-0.01,-0.76,90.0,55.25,147488.75,1132152.5,False,19
256,Muñoz,DEF,6,2,0.6,0.4,20.0,16.36,13.1,14.4,5.4,0.07,0.23,0.94,-0.07,-0.03,-0.54,90.0,55.4,133386.0,1244766.0,True,12
256,Muñoz,DEF,7,8,0.5,0.33,18.67,16.87,12.77,19.67,6.0,0.12,0.19,1.14,-0.12,-0.03,-0.64,90.0,55.5,79415.33,1282684.0,False,9
256,Muñoz,DEF,8,10,0.33,0.33,19.17,24.53,12.92,22.17,7.33,0.13,0.19,1.21,0.04,-0.03,-0.38,90.0,55.67,77701.33,1396101.33,True,4
256,Muñoz,DEF,9,2,0.33,0.33,20.83,26.4,12.62,25.33,9.0,0.14,0.24,1.39,0.03,0.1,-0.22,90.0,55.83,81186.67,1499641.67,False,1
256,Muñoz,DEF,10,6,0.17,0.33,15.17,24.13,10.47,25.33,8.0,0.14,0.16,1.38,0.03,0.17,-0.05,90.0,56.0,72967.0,1588048.17,True,5
256,Muñoz,DEF,11,6,0.17,0.17,15.5,24.3,9.63,19.67,8.33,0.12,0.13,1.41,0.04,0.21,-0.08,90.0,56.17,33925.0,1626329.5,True,6
256,Muñoz,DEF,12,14,0.33,0.17,17.5,24.67,7.6,16.83,8.5,0.09,0.11,1.37,0.08,0.22,-0.2,90.0,56.33,31056.67,1667950.5,False,20
256,Muñoz,DEF,13,1,0.5,0.33,22.67,29.47,6.53,13.5,8.5,0.11,0.11,1.31,0.22,0.22,-0.31,90.0,56.67,118083.17,1814604.83,True,14
256,Muñoz,DEF,14,14,0.5,0.17,19.33,21.93,6.5,10.33,7.0,0.09,0.11,1.17,0.08,0.22,-0.17,90.0,57.17,196586.33,2037544.5,False,3
256,Muñoz,DEF,23,1,0.67,0.17,21.83,23.23,4.63,13.33,6.33,0.15,0.04,0.99,0.18,-0.04,-0.49,90.0,57.83,231280.5,2285487.5,True,7
256,Muñoz,DEF,24,2,0.69,0.17,22.46,23.76,4.9,13.03,6.69,0.15,0.04,1.21,0.19,-0.04,-0.35,87.5,58.17,216012.5,2137036.0,False,16
256,Muñoz,DEF,25,5,0.51,0.17,20.91,25.17,13.66,13.71,6.34,0.16,0.08,1.2,0.18,-0.08,-0.17,87.5,58.33,193019.0,1959070.17,False,6
256,Muñoz,DEF,26,1,0.51,0.34,21.6,26.43,16.59,14.06,7.2,0.16,0.1,1.28,0.18,-0.1,-0.25,87.5,58.5,191740.67,1781675.5,True,3
256,Muñoz,DEF,27,9,0.36,0.18,16.54,21.84,28.35,13.7,6.05,0.1,0.26,1.08,0.08,-0.26,0.52,84.33,58.5,161986.5,1566074.5,True,20
256,Muñoz,DEF,28,1,0.53,0.18,22.59,23.87,28.97,13.7,7.29,0.1,0.26,1.16,0.08,-0.26,0.09,84.33,58.5,95878.0,1278267.83,False,14
256,Muñoz,DEF,29,1,0.36,0.18,16.36,17.86,30.97,7.11,6.94,0.03,0.24,1.36,-0.03,-0.24,0.25,84.33,58.33,49330.0,948890.0,False,18
256,Muñoz,DEF,32,4,0.41,0.2,18.65,18.65,34.38,9.12,7.09,0.04,0.27,1.11,-0.04,-0.27,0.11,74.0,58.5,52367.67,1003219.5,True,15
256,Muñoz,DEF,33,7,0.41,0.2,18.45,18.97,24.99,18.85,8.72,0.09,0.22,1.24,-0.09,-0.22,-0.02,74.0,58.5,43483.5,1024502.17,True,19
256,Muñoz,DEF,34,6,0.41,0.2,18.24,18.0,21.1,18.85,8.92,0.09,0.21,1.19,-0.09,-0.21,0.03,74.0,58.5,38756.17,1039322.83,False,12
256,Muñoz,DEF,35,0,0.39,0.39,17.49,21.85,7.39,16.52,9.33,0.08,0.03,1.28,0.12,-0.03,-0.12,77.17,58.5,19989.0,1034849.5,False,4
256,Muñoz,DEF,36,2,0.22,0.43,11.63,20.67,7.36,17.87,8.4,0.09,0.02,1.39,0.13,-0.02,0.33,69.67,58.33,33327.33,1044679.0,True,9
256,Muñoz,DEF,36,1,0.22,0.43,15.5,23.51,12.83,17.87,8.83,0.09,0.12,1.29,0.13,-0.12,0.43,69.67,58.33,63731.83,1089268.17,False,13
256,Muñoz,DEF,37,6,0.19,0.37,12.78,20.74,11.15,14.44,7.96,0.06,0.11,1.28,0.12,-0.11,0.57,81.0,58.33,90581.67,1133179.83,False,5
256,Muñoz,DEF,38,1,0.19,0.37,13.52,24.56,15.83,7.96,7.78,0.03,0.1,1.39,0.16,0.08,0.65,81.0,58.5,76529.67,1182688.83,True,1
257,Lacroix,DEF,4,6,0.67,0.33,25.0,29.47,3.77,8.33,12.33,0.03,0.04,1.22,-0.03,0.29,-0.89,90.0,50.0,14659.67,145895.0,True,17
257,Lacroix,DEF,5,2,0.75,0.25,26.25,26.9,3.85,6.75,10.75,0.02,0.03,1.01,-0.02,0.22,-0.76,90.0,50.0,52957.25,210940.75,False,19
257,Lacroix,DEF,6,4,0.6,0.2,22.4,23.76,3.12,6.8,9.8,0.06,0.03,0.94,-0.06,0.17,-0.54,90.0,50.2,68236.8,276469.2,True,12
257,Lacroix,DEF,7,3,0.5,0.17,21.17,24.4,2.62,5.67,10.33,0.05,0.02,1.14,-0.05,0.14,-0.64,90.0,50.33,47077.67,307213.67,False,9
257,Lacroix,DEF,8,1,0.33,0.17,17.5,22.2,5.02,6.0,9.33,0.05,0.03,1.21,-0.05,0.14,-0.38,90.0,50.5,52304.67,375721.17,True,4
257,Lacroix,DEF,9,4,0.33,0.0,16.83,21.0,5.08,3.67,8.5,0.04,0.03,1.39,-0.04,0.14,-0.22,90.0,50.67,47348.33,433805.67,False,1
257,Lacroix,DEF,10,8,0.17,0.0,13.83,20.47,3.37,3.83,10.5,0.04,0.01,1.38,-0.04,-0.01,-0.05,90.0,50.83,36508.33,478548.33,True,5
257,Lacroix,DEF,11,6,0.17,0.0,12.83,20.0,2.68,3.83,11.17,0.04,0.01,1.41,-0.04,-0.01,-0.08,90.0,50.83,7615.0,486885.0,True,6
257,Lacroix,DEF,12,11,0.33,0.0,15.0,19.33,2.68,4.0,11.0,0.03,0.01,1.37,-0.03,-0.01,-0.2,90.0,50.67,-13238.17,474412.67,False,20
257,Lacroix,DEF,13,3,0.5,0.0,19.33,21.33,4.37,4.33,10.17,0.03,0.0,1.31,-0.03,0.16,-0.31,90.0,50.5,5880.0,486646.0,True,14
257,Lacroix,DEF,14,8,0.5,0.0,20.5,22.2,2.05,4.67,10.83,0.04,0.0,1.17,-0.04,0.16,-0.17,90.0,50.33,17292.67,505967.17,False,3
257,Lacroix,DEF,15,2,0.67,0.0,24.33,23.57,1.98,3.17,12.0,0.04,0.0,0.99,-0.04,0.17,-0.49,90.0,50.33,38267.17,550302.33,False,10
257,Lacroix,DEF,16,1,0.67,0.0,22.33,21.23,1.88,3.0,9.5,0.04,0.0,0.94,-0.04,0.17,-0.43,90.0,50.33,57359.5,611785.67,True,13
257,Lacroix,DEF,17,1,0.5,0.0,20.0,22.3,2.6,3.0,9.33,0.04,0.01,1.04,-0.04,0.15,-0.04,90.0,50.5,61198.5,674341.5,False,11
257,Lacroix,DEF,18,3,0.33,0.17,17.0,26.47,2.65,2.0,11.33,0.01,0.01,1.42,-0.01,0.15,0.24,90.0,50.83,72255.17,750766.67,True,18
257,Lacroix,DEF,19,2,0.17,0.33,12.5,24.2,2.95,2.67,12.0,0.04,0.07,1.27,-0.04,-0.07,0.57,90.0,51.17,55497.0,803048.17,True,10
257,Lacroix,DEF,20,3,0.17,0.33,12.5,25.2,4.63,4.67,11.0,0.08,0.07,1.39,-0.08,-0.07,0.28,90.0,51.5,35355.17,839528.83,False,15
257,Lacroix,DEF,21,8,0.0,0.33,8.17,25.3,4.75,6.0,10.83,0.09,0.07,1.57,-0.09,-0.07,0.42,90.0,51.67,5638.33,843684.67,True,2
257,Lacroix,DEF,22,1,0.17,0.33,11.33,26.07,4.82,5.67,11.67,0.09,0.07,1.74,-0.09,-0.07,0.1,90.0,51.67,-14801.17,829762.33,False,17
257,Lacroix,DEF,23,1,0.17,0.33,10.5,24.3,4.17,6.5,11.33,0.1,0.06,1.82,-0.1,-0.06,-0.16,90.0,51.67,-13245.33,820672.67,True,7
257,Lacroix,DEF,24,2,0.17,0.17,12.0,22.2,4.17,11.67,9.83,0.12,0.06,1.75,-0.12,-0.06,-0.25,90.0,51.5,-27422.67,793834.83,False,16
257,Lacroix,DEF,25,11,0.17,0.0,10.33,20.7,2.82,11.67,9.17,0.11,0.01,1.69,-0.11,-0.01,-0.19,90.0,51.33,-24681.5,774845.5,False,6
257,Lacroix,DEF,26,3,0.33,0.0,14.17,21.07,1.15,15.83,10.33,0.1,0.02,1.51,-0.1,-0.02,-0.18,90.0,51.17,-22338.33,756048.5,True,3
257,Lacroix,DEF,28,3,0.33,0.0,13.83,20.53,1.33,16.67,10.0,0.12,0.02,1.25,-0.12,-0.02,0.25,90.0,51.0,402.17,760790.83,False,14
257,Lacroix,DEF,30,9,0.18,0.0,9.27,23.56,1.39,20.85,9.45,0.13,0.02,1.11,0.04,-0.02,0.85,84.17,51.0,-8848.17,743788.0,True,11
257,Lacroix,DEF,32,4,0.36,0.0,13.9,26.98,1.66,25.13,11.05,0.17,0.02,1.0,0.01,-0.02,0.6,84.17,51.0,-11555.0,713667.5,True,15
257,Lacroix,DEF,33,11,0.36,0.0,13.9,26.95,1.68,19.6,12.12,0.15,0.02,0.81,0.03,-0.02,0.43,84.17,51.0,-1410.17,692013.5,True,19
257,Lacroix,DEF,34,3,0.53,0.0,19.96,29.37,2.9,19.25,12.48,0.14,0.02,0.83,0.04,-0.02,0.24,84.17,51.0,2109.67,672292.33,False,12
257,Lacroix,DEF,35,2,0.36,0.0,15.68,29.23,2.9,16.93,11.76,0.13,0.01,0.89,0.05,-0.01,0.72,84.17,51.0,14499.0,672151.5,False,4
257,Lacroix,DEF,36,1,0.36,0.18,15.86,28.12,2.64,15.33,11.58,0.09,0.01,1.16,0.09,-0.01,0.44,84.17,51.0,19169.33,668046.67,True,9
257,Lacroix,DEF,36,3,0.33,0.17,17.0,25.8,4.4,15.33,11.5,0.1,0.01,1.28,-0.1,-0.01,0.22,90.0,51.17,84730.5,745060.0,False,13
257,Lacroix,DEF,37,2,0.17,0.17,13.5,25.1,4.08,10.17,11.0,0.05,0.01,1.35,-0.05,-0.01,0.65,90.0,51.33,131031.17,829683.17,False,5
258,Mitchell,DEF,4,6,0.67,0.33,23.33,21.07,15.2,4.0,8.33,0.0,0.04,1.22,0.0,-0.04,-0.89,90.0,50.0,12993.33,171835.33,True,17
258,Mitchell,DEF,5,8,0.75,0.25,24.25,21.0,16.7,3.0,8.25,0.0,0.06,1.01,0.0,-0.06,-0.76,90.0,50.0,12662.0,184499.5,False,19
258,Mitchell,DEF,6,4,0.6,0.4,25.2,26.84,21.46,7.4,7.6,0.06,0.07,0.94,0.14,-0.07,-0.54,90.0,50.0,10666.0,192824.8,True,12
258,Mitchell,DEF,7,1,0.5,0.33,22.83,26.5,20.43,7.5,8.5,0.05,0.08,1.14,0.12,-0.08,-0.64,90.0,50.0,10437.67,200263.0,False,9
258,Mitchell,DEF,8,1,0.33,0.33,18.67,24.47,20.85,11.0,8.17,0.06,0.08,1.21,0.11,-0.08,-0.38,90.0,50.0,19203.33,230820.0,True,4
258,Mitchell,DEF,9,2,0.33,0.17,17.5,24.8,16.68,11.17,8.5,0.06,0.07,1.39,0.1,-0.07,-0.22,90.0,50.0,13920.33,248930.83,False,1
258,Mitchell,DEF,10,6,0.17,0.17,14.17,23.43,14.65,10.83,8.17,0.06,0.07,1.38,0.1,-0.07,-0.05,90.0,50.0,10113.67,262289.17,True,5
258,Mitchell,DEF,11,11,0.17,0.17,12.83,21.43,12.98,11.17,7.5,0.06,0.05,1.41,0.1,-0.05,-0.08,90.0,50.0,7100.17,271699.83,True,6
258,Mitchell,DEF,12,6,0.33,0.0,14.33,17.3,8.9,7.33,8.33,0.02,0.07,1.37,-0.02,-0.07,-0.2,90.0,50.0,5508.0,279453.0,False,20
258,Mitchell,DEF,13,1,0.5,0.0,17.0,15.07,7.27,6.67,7.17,0.02,0.06,1.31,-0.02,-0.06,-0.31,90.0,50.0,11286.0,294802.5,True,14
258,Mitchell,DEF,14,6,0.51,0.0,15.84,13.79,7.06,3.54,6.57,0.01,0.06,1.18,-0.01,-0.06,-0.17,89.0,50.0,2740.5,297938.17,False,3
258,Mitchell,DEF,15,2,0.67,0.0,19.21,14.36,7.63,2.36,6.57,0.0,0.06,1.0,0.0,-0.06,-0.49,89.0,50.0,3896.17,303166.83,False,10
258,Mitchell,DEF,16,1,0.67,0.0,19.72,15.67,10.11,2.02,6.74,0.0,0.07,0.95,0.0,-0.07,-0.44,89.0,50.0,7379.17,311667.83,True,13
258,Mitchell,DEF,17,0,0.51,0.0,15.51,14.8,8.65,2.02,6.57,0.0,0.06,1.06,0.0,-0.06,-0.04,89.0,50.0,4008.5,316170.17,False,11
258,Mitchell,DEF,18,2,0.34,0.0,8.93,13.42,8.06,1.69,5.9,0.0,0.03,1.44,0.0,-0.03,0.24,89.0,50.0,6706.67,324244.0,True,18
258,Mitchell,DEF,19,4,0.17,0.0,5.56,13.01,10.3,1.69,5.39,0.01,0.04,1.28,-0.01,-0.04,0.57,89.0,50.0,-2832.83,319513.17,True,10
258,Mitchell,DEF,20,2,0.17,0.0,8.33,16.37,13.65,2.0,6.5,0.0,0.06,1.39,-0.0,-0.06,0.28,90.0,50.0,-3811.33,316620.0,False,15
258,Mitchell,DEF,21,5,0.0,0.17,5.33,16.97,13.08,2.0,7.17,0.0,0.06,1.57,-0.0,-0.06,0.42,90.0,50.0,-7467.33,309569.5,True,2
258,Mitchell,DEF,22,0,0.17,0.33,6.5,16.0,12.48,8.17,6.5,0.05,0.06,1.74,-0.05,-0.06,0.1,90.0,50.0,-9230.17,301088.83,False,17
258,Mitchell,DEF,23,1,0.17,0.5,6.0,15.7,12.43,8.5,6.5,0.08,0.06,1.82,-0.08,-0.06,-0.16,90.0,50.0,-5509.33,296797.67,True,7
258,Mitchell,DEF,24,2,0.18,0.53,6.65,17.05,13.39,8.93,7.18,0.08,0.07,1.84,-0.08,-0.07,-0.26,85.67,50.0,-8937.33,288132.17,False,16
258,Mitchell,DEF,25,6,0.18,0.53,7.18,17.72,13.34,9.63,7.35,0.08,0.06,1.77,-0.08,-0.06,-0.2,85.67,50.0,-8280.33,281289.0,False,6
258,Mitchell,DEF,26,1,0.35,0.53,8.4,14.95,9.65,8.93,6.13,0.08,0.04,1.59,-0.08,-0.04,-0.19,85.67,50.0,-8153.33,273894.67,True,3
258,Mitchell,DEF,27,11,0.35,0.35,7.7,12.61,12.59,10.51,4.9,0.1,0.05,1.32,-0.1,-0.05,0.26,85.67,50.0,-5604.0,268979.67,True,20
258,Mitchell,DEF,28,1,0.35,0.18,11.21,14.32,12.68,7.35,4.55,0.06,0.05,1.3,-0.06,0.13,0.28,85.67,50.0,-2855.5,266774.0,False,14
258,Mitchell,DEF,29,2,0.35,0.0,13.31,16.28,16.11,7.88,5.08,0.04,0.06,1.36,-0.04,0.12,0.22,85.67,50.0,-1376.17,265792.67,False,18
258,Mitchell,DEF,30,6,0.33,0.0,13.5,14.1,13.03,7.5,4.5,0.03,0.05,1.19,-0.03,0.12,-0.02,90.0,50.0,1445.83,267710.33,True,11
258,Mitchell,DEF,32,5,0.5,0.0,15.83,13.6,10.38,6.17,4.67,0.03,0.04,1.29,-0.03,0.12,-0.29,90.0,50.0,4256.5,272509.0,True,15
258,Mitchell,DEF,33,7,0.33,0.0,16.0,16.83,14.72,6.5,5.0,0.03,0.14,1.34,-0.03,0.2,-0.17,90.0,50.0,5505.17,276391.0,True,19
258,Mitchell,DEF,34,0,0.5,0.0,21.5,17.47,14.4,5.33,5.17,0.02,0.14,1.35,-0.02,0.19,-0.69,90.0,50.0,5437.0,279917.17,False,12
258,Mitchell,DEF,35,1,0.36,0.0,15.82,15.89,16.36,2.36,5.82,0.01,0.13,1.37,-0.01,0.05,-0.28,82.5,50.0,6631.17,285604.33,False,4
258,Mitchell,DEF,36,4,0.4,0.0,17.6,17.76,15.88,2.8,6.2,0.01,0.15,1.22,-0.01,0.05,-0.22,75.0,50.0,5737.83,289462.17,True,9
258,Mitchell,DEF,36,2,0.4,0.0,20.0,19.92,19.32,5.0,6.6,0.04,0.16,1.22,-0.04,0.24,-0.02,75.0,50.0,8410.0,296292.0,False,13
258,Mitchell,DEF,37,1,0.2,0.2,15.6,22.16,18.84,8.4,7.6,0.05,0.15,1.31,-0.05,0.25,0.49,75.0,50.0,10773.67,301738.83,False,5
258,Mitchell,DEF,38,1,0.2,0.2,13.0,20.16,14.84,10.4,7.8,0.11,0.07,1.43,-0.11,0.13,0.57,75.0,50.0,9197.17,307278.17,True,1
260,Guéhi,DEF,4,6,0.67,0.0,24.67,26.27,4.43,7.67,6.67,0.05,0.01,1.22,0.28,-0.01,-0.89,90.0,45.0,33054.67,1371301.67,True,17
260,Guéhi,DEF,5,7,0.75,0.0,25.25,24.05,6.28,6.75,6.5,0.05,0.01,1.01,0.2,-0.01,-0.76,90.0,45.25,197779.25,1608832.5,False,19
260,Guéhi,DEF,6,7,0.6,0.0,25.2,23.64,5.3,7.0,7.2,0.08,0.01,0.94,0.12,0.19,-0.54,90.0,45.6,251257.4,1850313.2,True,12
260,Guéhi,DEF,7,3,0.5,0.0,24.5,25.6,6.27,6.5,7.83,0.06,0.02,1.14,0.1,0.32,-0.64,90.0,45.83,248452.67,2049387.67,False,9
260,Guéhi,DEF,8,4,0.33,0.0,22.0,27.77,5.2,12.33,8.5,0.1,0.09,1.21,0.07,0.24,-0.38,90.0,46.33,336162.5,2456517.17,True,4
260,Guéhi,DEF,9,4,0.33,0.0,23.83,28.53,10.83,14.33,8.67,0.12,0.16,1.39,0.05,0.34,-0.22,90.0,47.0,359357.0,2864536.83,False,1
260,Guéhi,DEF,10,10,0.17,0.0,17.67,23.43,10.67,13.0,8.83,0.12,0.16,1.38,-0.12,0.34,-0.05,90.0,47.67,362674.33,3271563.0,True,5
260,Guéhi,DEF,12,5,0.17,0.0,18.83,24.63,10.5,12.67,9.83,0.12,0.16,1.41,-0.12,0.34,-0.08,90.0,48.33,276628.0,3572771.0,False,20
260,Guéhi,DEF,13,0,0.33,0.17,18.33,23.83,10.73,11.33,9.17,0.08,0.16,1.6,-0.08,0.17,-0.43,90.0,49.0,192935.67,3816152.17,True,14
260,Guéhi,DEF,14,14,0.33,0.33,15.33,19.67,11.48,11.0,8.17,0.08,0.16,1.44,-0.08,0.0,-0.11,90.0,49.67,160893.0,4021862.67,False,3
260,Guéhi,DEF,15,8,0.5,0.33,21.83,23.77,13.52,5.17,8.67,0.05,0.14,1.26,-0.05,0.2,-0.26,90.0,50.17,72096.0,4142358.17,False,10
260,Guéhi,DEF,16,1,0.5,0.33,23.67,29.03,7.88,8.0,8.5,0.05,0.07,1.05,0.12,0.09,-0.38,90.0,50.5,54541.17,4244970.83,True,13
260,Guéhi,DEF,17,1,0.5,0.33,22.33,27.9,7.88,7.67,8.0,0.07,0.07,1.07,0.1,0.09,-0.07,90.0,51.0,115487.83,4404172.5,False,11
260,Guéhi,DEF,18,2,0.33,0.5,17.67,27.13,6.38,8.0,7.67,0.07,0.07,1.42,0.1,0.1,0.24,90.0,51.5,141245.17,4597147.0,True,18
260,Guéhi,DEF,19,2,0.17,0.33,16.33,27.67,6.32,9.17,7.83,0.11,0.07,1.27,0.05,0.1,0.57,90.0,51.83,146712.33,4741816.0,True,10
260,Guéhi,DEF,20,2,0.17,0.17,17.5,30.1,4.17,16.0,8.5,0.15,0.07,1.39,0.02,0.1,0.28,90.0,52.17,146182.83,4903488.17,False,15
260,Guéhi,DEF,21,6,0.0,0.33,10.33,23.87,1.92,17.5,8.17,0.18,0.01,1.57,-0.01,-0.02,0.42,90.0,52.5,125156.67,5039180.33,True,2
260,Guéhi,DEF,23,6,0.17,0.33,10.17,19.9,2.2,12.0,8.33,0.14,0.02,1.74,-0.14,-0.02,0.1,90.0,52.83,79706.67,5128248.83,True,20
260,Guéhi,DEF,24,3,0.33,0.33,14.83,21.5,4.82,14.33,8.0,0.12,0.05,1.64,-0.12,-0.05,-0.31,90.0,52.83,-19846.17,5118209.33,False,18
260,Guéhi,DEF,25,3,0.33,0.17,15.17,22.53,5.65,18.17,8.0,0.22,0.06,1.37,-0.22,-0.06,-0.37,90.0,52.67,-77008.0,5038955.67,False,12
260,Guéhi,DEF,26,7,0.33,0.33,14.67,25.03,5.55,20.17,8.83,0.18,0.05,1.43,-0.18,-0.05,-0.43,90.0,52.5,-92529.67,4964412.33,True,10
260,Guéhi,DEF,27,2,0.5,0.33,18.5,26.07,7.25,13.33,8.83,0.14,0.06,1.35,-0.14,-0.06,-0.52,90.0,52.33,-100322.0,4874642.67,True,15
260,Guéhi,DEF,28,6,0.5,0.17,21.0,26.8,9.48,11.5,8.17,0.12,0.09,1.11,-0.12,-0.09,-0.44,90.0,52.17,-59064.17,4819090.17,False,11
260,Guéhi,DEF,29,1,0.5,0.17,21.33,27.83,9.42,17.0,8.5,0.15,0.09,1.07,-0.15,-0.09,-0.4,90.0,52.0,-48398.5,4772096.5,True,16
260,Guéhi,DEF,30,2,0.33,0.17,17.17,26.03,7.55,14.67,8.17,0.18,0.06,1.13,-0.18,-0.06,-0.13,90.0,52.0,596.0,4781092.17,False,19
260,Guéhi,DEF,32,15,0.33,0.17,17.5,24.63,10.5,13.67,7.83,0.14,0.06,1.04,-0.14,-0.06,-0.21,90.0,52.0,-5557.83,4781270.67,False,7
260,Guéhi,DEF,33,1,0.5,0.0,23.67,30.0,13.0,14.0,7.33,0.19,0.06,1.03,-0.03,-0.06,-0.36,90.0,51.83,-5739.17,4718178.67,True,1
260,Guéhi,DEF,33,7,0.33,0.17,20.17,28.4,11.77,16.5,7.0,0.2,0.05,1.06,-0.03,-0.05,-0.23,90.0,51.67,28237.5,4694577.83,False,3
260,Guéhi,DEF,35,4,0.5,0.17,22.0,28.57,12.2,16.83,7.17,0.2,0.03,1.06,-0.03,-0.04,-0.4,90.0,51.5,41776.67,4648349.17,False,9
260,Guéhi,DEF,36,9,0.33,0.17,19.67,31.4,16.37,12.83,7.17,0.17,0.04,1.28,-0.01,0.13,-0.11,90.0,51.33,53512.17,4568014.33,True,5
260,Guéhi,DEF,36,6,0.5,0.17,24.5,34.0,15.72,11.67,8.83,0.13,0.04,1.15,0.03,0.13,-0.32,90.0,51.17,38352.5,4468780.83,True,8
260,Guéhi,DEF,37,2,0.67,0.17,26.83,33.1,13.38,9.33,8.0,0.1,0.04,1.18,0.07,0.12,-0.51,90.0,51.0,47491.83,4379009.67,False,4
261,Richards,DEF,4,6,0.67,0.0,21.0,24.07,0.73,1.33,9.67,0.03,0.02,1.22,-0.03,-0.02,-0.89,90.0,45.0,8913.33,165471.33,True,17
261,Richards,DEF,5,4,0.75,0.0,23.0,22.5,4.38,4.5,8.25,0.07,0.02,1.01,-0.07,-0.02,-0.76,90.0,45.0,16935.75,182430.75,False,19
261,Richards,DEF,6,4,0.6,0.0,22.4,24.52,4.3,3.6,10.0,0.05,0.02,0.94,-0.05,-0.02,-0.54,90.0,45.0,19874.0,199290.8,True,12
261,Richards,DEF,7,3,0.5,0.0,19.83,23.73,3.62,3.0,10.5,0.04,0.01,1.14,-0.04,-0.01,-0.64,90.0,45.0,24538.67,218395.0,False,9
261,Richards,DEF,8,3,0.33,0.0,17.67,24.43,5.4,3.5,10.83,0.05,0.11,1.21,-0.05,-0.11,-0.38,90.0,45.0,32705.33,256309.0,True,4
261,Richards,DEF,9,2,0.33,0.0,17.5,26.63,7.65,4.67,12.0,0.05,0.13,1.39,-0.05,-0.13,-0.22,90.0,45.0,34537.5,294110.83,False,1
261,Richards,DEF,10,6,0.17,0.0,13.83,24.57,7.65,4.67,11.33,0.05,0.13,1.38,-0.05,-0.13,-0.05,90.0,45.0,32834.5,330501.17,True,5
261,Richards,DEF,11,8,0.17,0.0,12.67,24.93,5.15,2.67,12.0,0.02,0.12,1.41,-0.02,-0.12,-0.08,90.0,45.0,25771.17,357727.67,True,6
261,Richards,DEF,12,6,0.33,0.0,14.0,23.27,4.63,4.0,11.17,0.02,0.16,1.37,-0.02,-0.16,-0.2,90.0,45.0,21894.83,381158.5,False,20
261,Richards,DEF,13,1,0.51,0.0,17.42,22.7,4.96,4.06,10.32,0.02,0.16,1.33,-0.02,-0.16,-0.31,88.67,45.0,26064.83,410766.33,True,14
261,Richards,DEF,14,9,0.51,0.0,15.9,21.32,5.06,4.91,10.15,0.01,0.07,1.19,-0.01,-0.07,-0.17,88.67,45.17,18517.5,418701.67,False,3
261,Richards,DEF,15,4,0.68,0.0,20.64,19.05,2.71,4.06,9.47,0.01,0.05,1.0,-0.01,-0.05,-0.5,88.67,45.33,17189.5,437132.67,False,10
261,Richards,DEF,16,1,0.68,0.0,20.98,19.42,2.76,4.4,9.81,0.01,0.05,0.95,-0.01,-0.05,-0.44,88.67,45.5,21089.5,458779.17,True,13
261,Richards,DEF,17,2,0.51,0.0,17.93,18.74,2.99,4.4,9.98,0.01,0.05,1.06,-0.01,-0.05,-0.04,88.67,45.67,18076.0,475816.0,False,11
261,Richards,DEF,22,2,0.34,0.0,13.2,20.37,3.18,3.38,10.66,0.01,0.02,1.45,-0.01,-0.02,0.25,88.67,45.83,23580.67,501011.5,False,17
261,Richards,DEF,23,7,0.17,0.17,10.83,23.03,3.12,3.33,12.17,0.01,0.02,1.41,-0.01,-0.02,0.59,90.0,45.67,10790.83,459916.5,True,7
261,Richards,DEF,24,1,0.17,0.17,13.5,27.9,2.0,7.5,11.5,0.06,0.02,1.58,0.1,-0.02,0.59,90.0,45.33,9239.67,430457.83,False,16
261,Richards,DEF,25,8,0.0,0.33,8.67,29.43,4.22,7.17,10.83,0.06,0.02,1.5,0.1,-0.02,0.83,90.0,45.0,8331.83,388023.67,False,6
261,Richards,DEF,26,0,0.17,0.33,11.33,28.67,4.05,7.17,10.5,0.06,0.03,1.52,0.1,-0.03,0.65,90.0,44.67,7051.83,345075.5,True,3
261,Richards,DEF,27,6,0.17,0.5,10.5,28.5,5.8,10.83,10.0,0.09,0.03,1.41,0.08,-0.03,0.76,90.0,44.33,22501.17,320716.5,True,20
261,Richards,DEF,28,1,0.33,0.5,14.5,26.53,5.77,11.17,8.5,0.11,0.02,1.24,0.06,-0.02,0.26,90.0,44.0,17908.67,287496.33,False,14
261,Richards,DEF,29,4,0.33,0.33,13.33,25.1,7.28,11.5,7.17,0.11,0.02,1.29,0.06,-0.02,0.21,90.0,44.0,15424.83,303091.67,False,18
261,Richards,DEF,30,10,0.33,0.33,12.83,23.97,7.47,6.0,8.83,0.04,0.02,1.19,-0.04,-0.02,-0.02,90.0,44.0,15671.33,318994.17,True,11
261,Richards,DEF,32,2,0.5,0.17,17.33,23.73,10.12,6.83,9.33,0.05,0.04,1.29,-0.05,-0.04,-0.29,90.0,44.0,15001.83,334306.5,True,15
261,Richards,DEF,33,6,0.33,0.17,14.5,23.13,10.25,6.5,9.33,0.05,0.03,1.34,-0.05,-0.03,-0.17,90.0,44.0,14164.83,342859.17,True,19
261,Richards,DEF,34,1,0.5,0.0,18.67,24.37,8.45,2.5,9.83,0.03,0.03,1.35,-0.03,-0.03,-0.69,90.0,44.0,576.67,332864.83,False,12
261,Richards,DEF,35,1,0.33,0.0,14.33,22.73,8.25,3.0,9.67,0.11,0.03,1.27,-0.11,-0.03,-0.11,90.0,44.0,-43.5,325502.5,False,4
261,Richards,DEF,36,3,0.39,0.0,15.32,22.97,7.55,3.1,9.7,0.13,0.03,1.17,-0.13,-0.03,-0.0,77.33,44.0,5059.83,324958.67,True,9
261,Richards,DEF,36,1,0.39,0.0,14.35,20.52,7.82,8.34,8.73,0.21,0.05,1.17,-0.21,-0.05,0.19,77.33,44.0,9541.17,328920.33,False,13
261,Richards,DEF,37,0,0.19,0.0,7.95,18.0,2.0,8.73,8.53,0.25,0.03,1.25,-0.25,-0.03,0.69,77.33,44.0,11102.83,330401.67,False,5
262,Chadi Riad,DEF,28,1,0.47,0.95,21.79,19.71,8.48,5.68,4.26,0.05,0.01,0.91,-0.05,0.46,-0.44,47.5,40.0,339.75,3597.75,False,14
262,Chadi Riad,DEF,35,1,0.29,0.58,16.73,18.4,6.14,4.04,5.19,0.03,0.01,1.25,-0.03,0.27,-0.38,52.0,40.0,304.5,4183.17,False,4
262,Chadi Riad,DEF,37,2,0.24,0.48,12.06,15.2,2.92,1.93,6.51,0.0,0.02,1.44,-0.0,-0.02,-0.24,62.17,40.0,260.83,4862.83,False,5
262,Chadi Riad,DEF,38,3,0.23,0.23,11.19,14.08,2.05,3.26,6.99,0.01,0.02,1.47,-0.01,-0.02,-0.31,64.33,40.0,155.0,5476.33,True,1
263,Clyne,DEF,17,1,0.0,0.0,8.08,12.23,7.9,5.19,7.5,0.2,0.02,0.57,-0.2,-0.02,1.16,52.0,38.67,3132.67,68950.33,False,11
263,Clyne,DEF,18,1,0.0,0.0,4.5,12.6,6.34,3.68,7.77,0.14,0.01,1.27,-0.14,-0.01,1.19,55.0,38.5,6786.75,75920.5,True,18
263,Clyne,DEF,19,7,0.0,0.0,7.15,12.61,9.68,6.82,7.47,0.11,0.06,1.18,-0.11,-0.06,1.09,55.4,38.4,6300.2,81643.6,True,10
263,Clyne,DEF,20,1,0.0,0.0,11.28,17.22,11.31,7.6,7.36,0.11,0.14,1.32,-0.11,0.11,0.64,61.17,38.33,5034.0,85253.83,False,15
263,Clyne,DEF,29,1,0.0,0.0,9.78,15.43,9.96,6.74,6.96,0.09,0.12,1.25,-0.09,0.1,0.48,69.0,38.0,6546.5,90726.33,False,18
263,Clyne,DEF,36,1,0.0,0.22,7.39,13.09,8.98,6.09,6.09,0.05,0.13,1.46,-0.05,0.09,0.28,69.0,38.0,6265.0,92893.33,False,13
263,Clyne,DEF,38,1,0.0,0.26,9.1,17.53,10.38,6.24,7.54,0.02,0.15,1.8,-0.02,0.11,0.02,57.67,38.0,3692.5,89595.0,True,1
290,Branthwaite,DEF,26,4,0.0,0.65,10.43,16.83,10.04,5.22,7.17,0.01,0.02,1.1,-0.01,-0.02,-0.45,46.0,53.0,1837.0,21181.33,True,4
290,Branthwaite,DEF,27,2,0.0,0.39,11.84,15.08,6.39,9.47,7.89,0.07,0.02,1.2,-0.07,0.38,-0.01,57.0,53.0,1786.25,22385.25,True,14
290,Branthwaite,DEF,28,9,0.0,0.28,10.47,15.28,8.26,6.79,7.64,0.05,0.02,1.22,-0.05,0.26,-0.08,63.6,53.0,1788.0,23514.4,False,15
290,Branthwaite,DEF,29,6,0.0,0.22,12.35,23.47,6.51,12.57,8.38,0.05,0.02,1.18,0.17,0.2,0.15,68.0,53.0,1797.17,24606.0,True,3
290,Branthwaite,DEF,31,1,0.2,0.2,15.37,22.37,3.7,14.16,8.29,0.06,0.01,1.06,0.15,0.19,0.15,74.17,53.0,5936.0,31530.33,True,7
290,Branthwaite,DEF,32,3,0.24,0.0,18.54,26.15,3.95,16.1,9.27,0.06,0.01,0.94,0.18,0.23,0.28,61.5,53.0,6684.83,42083.33,False,5
290,Branthwaite,DEF,33,4,0.2,0.0,15.46,25.61,3.37,13.28,8.92,0.06,0.01,1.31,0.13,0.19,0.08,75.67,53.0,6211.67,48543.5,True,12
291,Tarkowski,DEF,4,8,0.33,0.0,13.0,22.47,0.9,3.67,12.0,0.07,0.0,1.87,-0.07,-0.0,-0.87,90.0,55.0,21086.67,769247.67,True,2
291,Tarkowski,DEF,5,3,0.5,0.0,16.5,24.15,3.38,4.25,11.75,0.05,0.01,1.54,-0.05,-0.01,-0.79,90.0,55.0,6118.25,779814.0,False,12
291,Tarkowski,DEF,6,1,0.4,0.0,15.6,26.24,4.26,3.4,12.2,0.04,0.01,1.41,-0.04,-0.01,-0.41,90.0,55.0,2515.0,786236.0,True,19
291,Tarkowski,DEF,7,5,0.33,0.17,14.67,25.47,6.17,2.83,11.33,0.03,0.03,1.37,-0.03,-0.03,-0.37,90.0,55.0,28219.67,824620.83,True,8
291,Tarkowski,DEF,8,3,0.33,0.17,17.17,26.07,8.63,3.0,10.67,0.0,0.07,1.3,0.0,-0.07,-0.3,90.0,55.0,23285.33,866857.17,False,13
291,Tarkowski,DEF,9,1,0.17,0.17,14.0,28.4,8.58,2.67,11.17,0.0,0.07,1.29,0.0,-0.07,0.04,90.0,55.0,13417.67,893140.0,True,18
291,Tarkowski,DEF,10,2,0.17,0.17,14.17,27.2,10.95,3.0,10.5,0.0,0.08,1.45,0.0,-0.08,0.04,90.0,55.0,-7194.67,888170.17,False,17
291,Tarkowski,DEF,11,5,0.0,0.17,11.33,25.07,10.08,2.67,10.0,0.0,0.08,1.55,0.0,-0.08,0.12,90.0,55.0,-10943.83,883858.17,True,10
291,Tarkowski,DEF,12,8,0.17,0.33,13.17,21.53,8.85,8.83,8.83,0.03,0.08,1.46,-0.03,-0.08,-0.13,90.0,54.83,-15918.5,873714.83,False,14
291,Tarkowski,DEF,13,3,0.33,0.17,15.17,22.9,7.98,9.83,10.0,0.03,0.07,1.54,-0.03,-0.07,-0.38,90.0,54.67,-49297.0,820791.83,True,15
291,Tarkowski,DEF,14,10,0.33,0.17,15.67,23.73,9.03,9.5,9.33,0.03,0.05,1.59,-0.03,0.11,0.08,90.0,54.5,-44502.83,775713.0,False,4
291,Tarkowski,DEF,15,9,0.5,0.17,19.0,22.97,10.88,10.17,8.83,0.03,0.08,1.27,-0.03,0.09,0.06,90.0,54.33,-34053.5,743619.83,True,16
291,Tarkowski,DEF,16,1,0.67,0.33,22.83,25.17,8.52,9.83,10.5,0.03,0.07,1.01,-0.03,0.09,-0.18,90.0,54.17,-11321.5,741064.83,False,7
291,Tarkowski,DEF,17,3,0.67,0.33,21.17,24.57,7.72,10.17,9.67,0.03,0.07,1.2,-0.03,0.1,-0.2,90.0,54.17,25365.5,769306.33,True,1
291,Tarkowski,DEF,18,8,0.5,0.33,19.67,26.7,10.18,4.33,10.17,0.01,0.08,1.47,-0.01,0.09,-0.3,90.0,54.33,28529.0,797607.33,False,3
291,Tarkowski,DEF,19,9,0.5,0.33,21.0,25.8,8.48,3.33,10.0,0.01,0.06,1.42,-0.01,0.1,-0.26,90.0,54.5,45999.83,855906.0,False,16
291,Tarkowski,DEF,20,2,0.67,0.33,22.0,26.37,4.63,6.67,12.0,0.07,0.04,1.36,-0.07,-0.04,-0.87,90.0,54.67,59197.33,922705.67,True,5
291,Tarkowski,DEF,21,4,0.5,0.33,18.83,27.77,6.27,10.33,12.67,0.12,0.02,1.68,-0.12,-0.02,-0.52,90.0,55.0,110186.67,1040788.17,True,20
291,Tarkowski,DEF,22,8,0.33,0.17,16.33,28.57,8.02,12.33,12.17,0.12,0.02,1.72,-0.12,-0.02,-0.38,90.0,55.5,132613.0,1174606.17,False,2
291,Tarkowski,DEF,23,4,0.5,0.17,20.5,30.37,7.88,12.67,13.5,0.12,0.02,1.59,-0.12,-0.02,-0.59,90.0,55.83,104890.83,1281352.0,True,11
291,Tarkowski,DEF,24,2,0.5,0.0,21.0,31.3,6.17,12.67,13.83,0.12,0.01,1.46,-0.12,-0.01,-0.46,90.0,56.33,137656.83,1426645.67,False,6
291,Tarkowski,DEF,25,2,0.33,0.0,18.17,30.33,6.27,15.67,13.0,0.14,0.05,1.46,-0.14,-0.05,-0.3,90.0,56.83,134420.0,1556572.17,False,10
291,Tarkowski,DEF,26,1,0.17,0.0,13.17,23.37,6.3,12.5,10.33,0.12,0.05,1.53,-0.12,-0.05,-0.2,90.0,57.33,112868.17,1671484.67,True,4
291,Tarkowski,DEF,27,1,0.17,0.0,12.5,21.83,2.88,13.67,9.5,0.11,0.04,1.36,-0.11,-0.04,-0.36,90.0,57.67,37216.5,1704005.0,True,14
291,Tarkowski,DEF,28,3,0.17,0.17,12.83,19.73,2.87,14.0,8.67,0.14,0.04,1.45,-0.14,-0.04,-0.45,90.0,57.67,-24912.67,1677114.0,False,15
291,Tarkowski,DEF,29,15,0.0,0.17,9.67,20.7,2.87,12.67,9.0,0.13,0.04,1.38,-0.13,-0.04,-0.05,90.0,57.67,-38640.33,1642275.5,True,3
291,Tarkowski,DEF,31,6,0.17,0.17,13.83,22.93,2.18,15.5,7.67,0.15,0.04,1.31,0.02,-0.04,-0.14,90.0,57.5,-66207.67,1578523.0,True,7
291,Tarkowski,DEF,32,3,0.33,0.17,16.17,23.13,2.08,16.5,7.33,0.14,0.01,1.22,0.03,-0.01,-0.22,90.0,57.33,-77320.5,1511001.17,False,5
291,Tarkowski,DEF,33,1,0.33,0.17,17.83,28.33,2.13,15.33,9.17,0.1,0.01,1.37,0.07,-0.01,-0.2,90.0,57.17,-46724.67,1475431.0,True,12
291,Tarkowski,DEF,34,3,0.33,0.17,19.67,28.07,2.15,13.0,8.67,0.08,0.0,1.38,0.08,-0.0,-0.22,90.0,57.0,-28259.83,1450421.0,False,19
291,Tarkowski,DEF,35,0,0.33,0.17,19.67,30.0,4.07,12.0,8.17,0.05,0.04,1.37,0.12,0.13,-0.03,90.0,57.0,14921.67,1498514.5,True,13
291,Tarkowski,DEF,36,15,0.33,0.33,18.0,28.23,4.12,12.67,7.0,0.05,0.04,1.44,0.12,0.13,0.06,90.0,57.0,14652.33,1522301.5,False,8
291,Tarkowski,DEF,37,3,0.17,0.33,16.5,33.57,6.27,19.0,8.5,0.06,0.13,1.73,0.11,0.21,0.1,90.0,57.0,1997.5,1530428.33,True,17
291,Tarkowski,DEF,38,3,0.0,0.33,13.0,34.4,8.2,20.83,9.33,0.06,0.13,1.7,0.1,0.2,0.63,90.0,57.0,37887.0,1572317.0,False,18
292,Mykolenko,DEF,7,4,0.0,0.34,4.08,13.52,6.86,2.72,7.13,0.0,0.09,1.08,0.0,-0.09,0.62,88.33,49.0,-9331.0,47548.0,True,8
292,Mykolenko,DEF,8,1,0.0,0.25,5.83,15.16,8.47,4.31,8.37,0.01,0.08,1.22,-0.01,-0.08,0.3,88.75,49.0,-7301.0,46831.0,False,13
292,Mykolenko,DEF,9,1,0.0,0.2,4.25,13.83,7.04,3.44,7.48,0.0,0.08,1.46,-0.0,-0.08,0.16,89.0,49.0,-6194.4,46163.6,True,18
292,Mykolenko,DEF,10,2,0.0,0.17,2.86,12.95,6.66,3.53,6.9,0.01,0.07,1.56,-0.01,-0.07,0.29,89.17,49.0,-5254.5,45693.33,False,17
292,Mykolenko,DEF,11,6,0.0,0.17,4.04,15.14,6.07,4.37,6.9,0.01,0.06,1.56,-0.01,-0.06,0.12,89.17,49.0,-1526.33,43851.67,True,10
292,Mykolenko,DEF,12,9,0.17,0.17,8.67,16.93,7.55,3.67,7.0,0.01,0.08,1.46,-0.01,-0.08,-0.13,90.0,49.0,-167.17,44293.0,False,14
292,Mykolenko,DEF,13,2,0.33,0.0,11.0,15.77,7.33,3.33,7.33,0.01,0.08,1.54,-0.01,-0.08,-0.38,90.0,49.0,-758.17,43862.5,True,15
292,Mykolenko,DEF,14,5,0.33,0.0,9.67,16.17,6.58,1.83,7.17,0.0,0.09,1.59,-0.0,-0.09,0.08,90.0,49.0,-19.83,44449.83,False,4
292,Mykolenko,DEF,15,5,0.5,0.17,12.67,16.0,6.82,2.17,7.5,0.0,0.08,1.27,-0.0,-0.08,0.06,90.0,49.0,193.5,45055.67,True,16
292,Mykolenko,DEF,16,1,0.67,0.33,17.83,17.53,7.65,1.83,8.17,0.01,0.09,1.01,-0.01,-0.09,-0.18,90.0,49.0,1987.67,48005.83,False,7
292,Mykolenko,DEF,17,1,0.67,0.33,18.0,17.33,11.18,1.0,8.0,0.01,0.11,1.2,-0.01,-0.11,-0.2,90.0,49.0,2145.17,50539.5,True,1
292,Mykolenko,DEF,18,6,0.5,0.5,14.17,15.3,8.0,1.0,7.67,0.01,0.06,1.47,-0.01,-0.06,-0.3,90.0,49.0,1665.5,52485.33,False,3
292,Mykolenko,DEF,19,8,0.5,0.5,14.83,17.13,13.88,1.67,7.33,0.01,0.08,1.42,-0.01,-0.08,-0.26,90.0,49.0,3542.5,57284.67,False,16
292,Mykolenko,DEF,20,0,0.67,0.5,18.67,16.83,12.65,2.0,7.17,0.01,0.06,1.36,-0.01,-0.06,-0.87,90.0,49.0,3598.5,61154.0,True,5
292,Mykolenko,DEF,21,2,0.5,0.33,15.83,19.03,16.32,1.67,6.83,0.01,0.06,1.68,-0.01,-0.06,-0.52,90.0,49.0,6951.5,68745.33,True,20
292,Mykolenko,DEF,22,6,0.33,0.17,12.5,18.93,15.17,2.83,7.0,0.02,0.05,1.72,-0.02,-0.05,-0.38,90.0,49.0,7347.17,76221.0,False,2
292,Mykolenko,DEF,23,2,0.5,0.17,14.17,17.57,13.13,3.67,6.5,0.03,0.04,1.59,-0.03,-0.04,-0.59,90.0,49.0,5883.0,82305.67,True,11
292,Mykolenko,DEF,25,2,0.5,0.0,14.67,17.77,17.85,3.83,6.5,0.03,0.04,1.46,-0.03,-0.04,-0.46,90.0,49.0,7365.67,90140.17,False,10
292,Mykolenko,DEF,26,1,0.34,0.17,11.97,16.42,14.51,3.88,5.73,0.03,0.06,1.56,-0.03,0.11,-0.38,89.0,49.0,3142.67,91977.67,True,4
292,Mykolenko,DEF,28,3,0.17,0.17,9.27,16.65,20.76,4.21,4.72,0.03,0.16,1.52,-0.03,0.01,-0.01,89.0,49.0,2003.33,93518.17,False,15
292,Mykolenko,DEF,29,6,0.17,0.17,10.79,16.89,17.46,4.21,5.73,0.03,0.15,1.29,-0.03,0.02,-0.11,89.0,49.0,-1850.0,90457.67,True,3
292,Mykolenko,DEF,30,1,0.34,0.17,14.66,17.19,17.95,2.7,5.56,0.01,0.16,1.3,-0.01,0.01,-0.29,89.0,49.0,-3171.33,86120.33,False,1
292,Mykolenko,DEF,31,7,0.17,0.17,11.29,17.63,16.38,1.52,6.24,0.0,0.15,1.51,-0.0,0.02,-0.17,89.0,49.0,-2389.83,82912.5,True,7
292,Mykolenko,DEF,32,3,0.34,0.17,15.51,20.93,18.83,1.35,6.74,0.0,0.16,1.46,0.0,0.01,-0.28,89.0,49.0,-3067.5,79301.17,False,5
292,Mykolenko,DEF,33,3,0.33,0.0,14.83,21.17,17.85,0.67,7.83,0.0,0.13,1.61,0.0,-0.13,-0.27,90.0,49.0,-292.67,78828.5,True,12
292,Mykolenko,DEF,34,1,0.33,0.0,15.0,21.47,11.82,0.0,9.17,0.0,0.03,1.62,0.0,-0.03,-0.29,90.0,49.0,-277.67,77908.83,False,19
292,Mykolenko,DEF,35,1,0.33,0.0,14.33,21.17,11.6,0.0,8.67,0.0,0.03,1.65,0.0,-0.03,-0.31,90.0,49.0,2459.0,82936.33,True,13
292,Mykolenko,DEF,36,0,0.17,0.0,8.83,20.27,10.78,0.33,8.5,0.0,0.02,1.76,0.0,-0.02,0.08,90.0,49.0,790.5,83759.0,False,8
292,Mykolenko,DEF,37,1,0.17,0.17,8.33,19.57,13.18,0.67,8.0,0.0,0.03,1.73,0.0,-0.03,0.1,90.0,49.0,1097.67,84966.33,True,17
292,Mykolenko,DEF,38,2,0.0,0.17,3.5,16.53,8.33,1.0,7.5,0.0,0.02,1.7,0.0,-0.02,0.63,90.0,49.0,1302.33,85955.83,False,18
293,O'Brien,DEF,4,6,0.33,0.0,6.0,10.6,5.03,5.0,5.33,0.08,0.01,1.87,-0.08,-0.01,-0.87,90.0,50.0,-275.33,60439.0,True,2
293,O'Brien,DEF,5,1,0.5,0.0,11.0,12.0,7.62,5.0,5.5,0.07,0.02,1.54,-0.07,-0.02,-0.79,90.0,50.0,-1372.25,60754.25,False,12
293,O'Brien,DEF,6,2,0.4,0.0,8.8,10.64,7.2,4.0,4.6,0.06,0.02,1.41,-0.06,-0.02,-0.41,90.0,50.0,-1576.0,60666.6,True,19
293,O'Brien,DEF,7,5,0.33,0.0,9.17,10.97,6.88,4.17,5.33,0.06,0.02,1.37,-0.06,-0.02,-0.37,90.0,50.0,-1271.0,61067.5,True,8
293,O'Brien,DEF,8,1,0.33,0.0,12.83,15.17,9.9,6.5,6.33,0.04,0.03,1.3,-0.04,-0.03,-0.3,90.0,50.0,-1782.17,61643.83,False,13
293,O'Brien,DEF,9,1,0.17,0.0,9.17,14.77,10.93,5.83,6.33,0.04,0.03,1.29,-0.04,-0.03,0.04,90.0,50.0,-2056.83,61059.5,True,18
293,O'Brien,DEF,10,2,0.17,0.0,11.18,15.2,10.07,5.77,6.82,0.03,0.03,1.45,-0.03,-0.03,-0.05,85.83,50.0,-2652.5,59252.67,False,17
293,O'Brien,DEF,11,1,0.0,0.0,7.99,16.47,7.76,4.97,7.46,0.02,0.02,1.57,-0.02,-0.02,0.02,84.5,50.0,-2126.17,57947.5,True,10
293,O'Brien,DEF,12,6,0.0,0.0,10.33,18.9,8.25,6.03,8.83,0.03,0.02,1.71,-0.03,-0.02,-0.21,69.67,49.83,-1865.83,56807.83,False,14
293,O'Brien,DEF,13,0,0.22,0.0,13.01,19.1,7.46,5.07,8.38,0.02,0.02,1.86,-0.02,-0.02,-0.54,68.0,49.67,-2532.5,54566.83,True,15
293,O'Brien,DEF,14,6,0.22,0.0,7.06,15.84,3.86,2.21,7.28,0.0,0.0,1.92,0.0,-0.0,0.06,68.0,49.5,-2130.83,52878.33,False,4
293,O'Brien,DEF,15,8,0.44,0.0,12.79,18.44,5.85,3.75,8.16,0.04,0.01,1.5,-0.04,-0.01,0.04,68.0,49.33,-1694.33,51534.67,True,16
293,O'Brien,DEF,16,1,0.62,0.21,16.42,19.29,7.67,3.53,6.65,0.04,0.02,1.18,-0.04,0.18,-0.14,72.17,49.17,-603.67,51417.67,False,7
293,O'Brien,DEF,17,2,0.61,0.2,15.51,16.98,12.78,4.69,5.1,0.03,0.04,1.39,-0.03,0.17,-0.16,73.5,49.0,-568.33,51097.33,True,1
293,O'Brien,DEF,18,6,0.51,0.17,12.74,14.71,10.88,3.91,5.26,0.03,0.03,1.49,-0.03,0.14,-0.31,88.33,49.0,-794.83,50489.17,False,3
293,O'Brien,DEF,19,8,0.5,0.17,13.33,16.37,11.07,6.67,5.5,0.03,0.04,1.42,-0.03,0.13,-0.26,90.0,49.0,911.17,52264.0,False,16
293,O'Brien,DEF,20,0,0.67,0.17,18.67,19.2,10.6,5.33,6.83,0.03,0.03,1.37,-0.03,0.13,-0.87,90.0,49.0,1291.0,53893.0,True,5
293,O'Brien,DEF,21,2,0.5,0.17,14.5,18.57,7.73,4.5,6.67,0.0,0.03,1.68,-0.0,0.13,-0.52,90.0,49.0,5989.67,60566.67,True,20
293,O'Brien,DEF,22,9,0.33,0.0,11.0,16.87,10.07,4.17,6.83,0.0,0.04,1.72,-0.0,-0.04,-0.38,90.0,49.0,7018.67,68021.67,False,2
293,O'Brien,DEF,23,4,0.5,0.0,15.17,19.3,5.57,3.17,8.5,0.0,0.02,1.59,-0.0,-0.02,-0.59,90.0,49.0,5731.67,73936.67,True,11
293,O'Brien,DEF,24,5,0.5,0.0,17.33,22.43,5.83,3.83,9.17,0.0,0.02,1.46,-0.0,-0.02,-0.46,90.0,49.0,8567.0,83056.67,False,6
293,O'Brien,DEF,25,3,0.33,0.0,16.0,22.9,8.88,4.17,8.5,0.01,0.03,1.46,-0.01,0.13,-0.3,90.0,49.0,7663.83,90464.67,False,10
293,O'Brien,DEF,26,-2,0.17,0.17,13.5,21.5,11.42,6.0,8.0,0.04,0.04,1.53,-0.04,0.12,-0.2,90.0,49.0,8193.83,99092.5,True,4
293,O'Brien,DEF,28,1,0.17,0.17,11.99,20.29,11.54,5.91,7.64,0.04,0.04,1.4,-0.04,0.13,-0.36,86.33,49.0,4805.33,104015.33,False,15
293,O'Brien,DEF,29,6,0.17,0.17,11.47,21.13,9.05,6.25,8.17,0.04,0.05,1.45,-0.04,0.13,-0.24,86.33,49.0,2306.17,101427.33,True,3
293,O'Brien,DEF,30,3,0.17,0.17,11.47,18.38,9.43,6.25,6.78,0.04,0.05,1.34,-0.04,0.12,-0.12,86.33,49.0,4282.83,101340.0,False,1
293,O'Brien,DEF,31,6,0.17,0.17,9.9,17.76,8.93,5.91,7.12,0.04,0.05,1.59,-0.04,0.13,-0.21,86.33,49.0,1141.67,97714.0,True,7
293,O'Brien,DEF,32,4,0.35,0.17,10.77,15.32,6.05,2.61,7.12,0.03,0.04,1.51,-0.03,-0.04,-0.29,86.33,49.0,1596.17,95340.67,False,5
293,O'Brien,DEF,33,1,0.35,0.0,10.42,14.14,3.84,1.39,6.43,0.02,0.03,1.66,-0.02,0.14,-0.27,86.33,49.0,875.67,91533.83,True,12
293,O'Brien,DEF,34,1,0.33,0.0,12.83,17.1,6.08,1.33,7.0,0.02,0.04,1.62,-0.02,0.13,-0.29,90.0,49.0,-812.0,85494.67,False,19
293,O'Brien,DEF,35,6,0.35,0.18,13.48,16.6,6.41,1.4,7.0,0.02,0.02,1.67,-0.02,0.15,-0.44,85.67,49.0,1176.83,87920.5,True,13
293,O'Brien,DEF,36,1,0.18,0.35,8.93,21.5,6.04,7.18,7.35,0.05,0.02,1.78,0.13,0.15,-0.03,85.67,49.0,-241.33,87840.5,False,8
293,O'Brien,DEF,37,0,0.18,0.35,7.7,19.37,7.88,7.18,5.6,0.05,0.02,1.76,0.13,0.15,-0.01,85.67,49.0,679.0,88773.67,True,17
293,O'Brien,DEF,38,1,0.0,0.53,2.29,17.47,7.36,13.74,5.64,0.15,0.02,1.7,0.03,0.15,0.41,85.17,49.0,1465.33,89946.5,False,18
295,Keane,DEF,4,6,0.33,0.0,13.0,22.8,0.3,1.33,11.33,0.0,0.0,1.87,0.0,-0.0,-0.87,90.0,45.0,4710.33,45129.67,True,2
295,Keane,DEF,5,1,0.5,0.0,14.75,19.85,2.92,9.5,10.0,0.14,0.01,1.54,-0.14,-0.01,-0.79,90.0,45.0,5211.75,51344.5,False,12
295,Keane,DEF,6,11,0.4,0.0,13.6,18.96,2.48,8.0,9.4,0.11,0.01,1.41,-0.11,-0.01,-0.41,90.0,45.0,5647.2,56780.4,True,19
295,Keane,DEF,7,4,0.33,0.0,15.5,26.37,2.22,9.83,10.0,0.1,0.01,1.37,0.07,-0.01,-0.37,90.0,45.0,7376.33,63960.17,True,8
295,Keane,DEF,8,1,0.35,0.0,16.11,27.84,2.33,11.56,11.21,0.15,0.01,1.31,0.03,-0.01,-0.26,85.67,45.0,10284.83,77775.0,False,13
295,Keane,DEF,9,1,0.18,0.0,12.26,27.0,2.42,11.56,9.98,0.15,0.01,1.3,0.03,-0.01,0.1,85.67,45.0,8930.5,89282.83,True,18
295,Keane,DEF,10,4,0.18,0.0,11.56,25.49,3.13,11.56,8.75,0.15,0.01,1.47,0.03,-0.01,0.11,85.67,45.0,10032.83,100831.0,False,17
295,Keane,DEF,11,15,0.0,0.0,10.16,30.68,1.37,5.95,10.86,0.05,0.01,1.57,0.13,-0.01,0.18,85.67,45.0,9222.67,111485.67,True,10
295,Keane,DEF,12,9,0.18,0.0,15.23,34.77,1.37,11.38,9.98,0.08,0.01,1.48,0.27,-0.01,-0.08,85.67,45.0,8898.33,122110.5,False,14
295,Keane,DEF,13,2,0.35,0.0,14.88,27.91,1.23,9.63,9.63,0.08,0.01,1.57,0.09,-0.01,-0.34,85.67,45.0,11474.5,135174.17,True,15
295,Keane,DEF,15,9,0.33,0.0,13.5,27.97,1.33,7.67,9.17,0.05,0.01,1.59,0.12,-0.01,0.08,90.0,45.0,22438.0,162618.0,True,16
295,Keane,DEF,16,1,0.5,0.0,18.0,29.73,1.33,8.67,10.5,0.05,0.01,1.28,0.12,-0.01,0.05,90.0,45.17,16466.5,189105.0,False,7
295,Keane,DEF,17,4,0.5,0.0,18.5,29.03,0.68,9.83,10.5,0.06,0.01,1.3,0.11,-0.01,-0.13,90.0,45.33,27862.67,228061.83,True,1
295,Keane,DEF,18,10,0.5,0.0,19.0,27.3,0.83,9.83,9.67,0.06,0.0,1.45,0.11,-0.0,-0.28,90.0,45.5,35454.33,273982.0,False,3
295,Keane,DEF,20,0,0.5,0.0,18.83,28.53,0.85,4.67,12.83,0.03,0.0,1.62,-0.03,-0.0,-0.45,90.0,45.83,74711.0,375726.83,True,5
295,Keane,DEF,21,5,0.33,0.0,14.5,26.47,0.88,5.67,12.17,0.03,0.01,1.74,-0.03,-0.01,0.09,90.0,46.33,53402.0,490677.17,True,20
295,Keane,DEF,24,2,0.34,0.0,15.73,28.56,0.73,10.49,11.5,0.09,0.01,1.52,0.07,-0.01,-0.17,88.67,46.83,45438.67,596857.0,False,6
295,Keane,DEF,25,4,0.17,0.0,13.53,27.07,0.68,13.36,10.66,0.11,0.01,1.68,0.06,-0.01,-0.16,88.67,47.0,48991.0,638510.33,False,10
295,Keane,DEF,26,1,0.17,0.0,15.23,28.45,0.74,13.2,11.17,0.12,0.01,1.64,0.05,-0.01,-0.29,88.67,47.17,32092.83,661917.67,True,4
295,Keane,DEF,27,2,0.2,0.0,15.85,28.04,0.63,17.07,10.77,0.14,0.01,1.56,0.06,-0.01,-0.14,73.83,47.33,21728.83,675080.33,True,14
295,Keane,DEF,28,1,0.0,0.0,10.97,21.82,0.65,19.3,8.13,0.15,0.01,1.53,0.05,-0.01,0.09,73.83,47.33,-23813.33,626232.0,False,15
295,Keane,DEF,29,1,0.0,0.0,15.51,25.32,0.74,20.34,8.9,0.17,0.01,1.31,0.08,-0.01,-0.3,59.0,47.0,-9759.17,556360.5,True,3
295,Keane,DEF,30,3,0.0,0.0,18.71,22.45,0.81,16.13,11.61,0.08,0.01,1.75,-0.08,-0.01,-0.78,46.5,46.67,-14520.33,479474.0,False,1
295,Keane,DEF,31,8,0.0,0.0,19.03,28.19,0.9,12.26,13.87,0.07,0.01,2.15,-0.07,-0.01,-0.86,46.5,46.5,-16994.5,463090.5,True,7
295,Keane,DEF,33,1,0.32,0.0,23.87,30.06,0.9,10.97,14.52,0.04,0.01,1.82,-0.04,-0.01,-0.85,46.5,46.33,-15269.5,448639.33,True,12
295,Keane,DEF,34,1,0.32,0.0,22.74,30.81,0.8,8.33,15.05,0.04,0.01,1.9,-0.04,-0.01,-0.62,46.83,46.0,-19213.67,424950.67,False,19
295,Keane,DEF,35,2,0.32,0.0,19.86,32.28,0.8,4.16,14.41,0.02,0.01,1.87,-0.02,-0.01,-0.27,46.83,45.67,-12607.67,413383.67,True,13
295,Keane,DEF,36,1,0.24,0.24,13.62,29.82,0.78,4.86,12.89,0.02,0.01,1.77,-0.02,-0.01,0.18,61.67,45.5,-15118.67,396925.67,False,8
295,Keane,DEF,37,4,0.2,0.2,10.33,27.14,0.7,9.54,10.73,0.06,0.01,1.81,-0.06,-0.01,0.17,75.5,45.33,-18106.0,377088.5,True,17
295,Keane,DEF,38,4,0.2,0.2,9.54,25.59,2.78,7.75,8.94,0.05,0.01,1.43,-0.05,0.19,0.76,75.5,45.17,968.33,377524.33,False,18
296,Patterson,DEF,24,1,0.76,0.0,24.79,23.49,2.33,6.48,11.06,0.01,0.02,1.35,-0.01,-0.02,-0.97,47.2,44.0,293.8,3519.6,False,6
316,Robinson,DEF,18,8,0.37,0.0,19.42,25.1,21.7,6.72,9.34,0.07,0.08,1.23,-0.07,-0.08,-0.48,48.2,49.6,-3879.0,72848.8,False,19
316,Robinson,DEF,19,2,0.54,0.0,23.93,27.3,32.66,7.07,9.24,0.06,0.21,1.14,-0.06,-0.21,-0.6,55.17,49.5,-1263.0,74795.5,False,8
316,Robinson,DEF,20,1,0.46,0.0,23.13,26.75,33.48,5.95,8.7,0.05,0.22,1.31,-0.05,-0.22,-0.62,65.5,49.33,5232.33,78227.5,True,12
316,Robinson,DEF,21,2,0.39,0.0,20.35,24.97,30.31,4.7,8.41,0.04,0.19,1.36,-0.04,-0.19,-0.38,76.67,49.17,4575.0,79314.5,True,7
316,Robinson,DEF,22,2,0.34,0.0,19.14,23.79,28.86,4.83,8.45,0.04,0.17,1.6,-0.04,-0.17,-0.56,87.0,49.0,5934.83,78824.67,False,11
316,Robinson,DEF,23,1,0.34,0.0,18.28,22.55,28.09,3.1,7.76,0.01,0.17,1.42,-0.01,-0.17,-0.56,87.0,49.0,8405.83,87781.33,True,6
316,Robinson,DEF,24,1,0.18,0.0,15.06,20.5,25.0,2.57,7.35,0.01,0.16,1.64,-0.01,-0.16,-0.53,81.67,49.0,6774.5,94547.0,False,14
316,Robinson,DEF,29,1,0.0,0.0,10.34,17.69,16.68,1.53,6.51,0.0,0.07,1.74,0.0,-0.07,-0.21,78.33,49.0,3472.83,97282.67,True,19
316,Robinson,DEF,30,5,0.0,0.19,9.0,17.96,16.68,1.15,7.28,0.0,0.06,1.64,0.0,-0.06,-0.11,78.33,49.0,2195.5,97278.17,False,16
316,Robinson,DEF,31,1,0.19,0.38,12.26,18.11,16.3,1.15,7.85,0.0,0.05,1.56,0.0,-0.05,-0.42,78.33,49.0,2192.0,97667.5,True,3
316,Robinson,DEF,32,3,0.2,0.59,11.59,18.51,15.07,1.97,8.25,0.0,0.05,1.31,0.0,-0.05,-0.14,76.33,49.0,6473.83,113059.17,False,12
316,Robinson,DEF,33,1,0.21,0.62,12.59,20.27,18.12,2.48,8.88,0.0,0.05,1.32,0.0,-0.05,0.12,72.67,49.0,2573.0,113435.17,False,5
316,Robinson,DEF,34,1,0.23,0.7,14.19,21.77,22.16,2.79,9.07,0.0,0.06,1.36,0.0,-0.06,0.03,64.5,49.0,1383.83,112105.0,True,2
316,Robinson,DEF,35,1,0.28,0.83,15.46,22.36,22.78,2.76,10.21,0.0,0.06,1.4,0.0,-0.06,-0.29,54.33,49.0,2805.67,113164.67,False,1
316,Robinson,DEF,36,1,0.28,0.55,14.36,18.77,11.76,3.31,9.11,0.01,0.02,1.99,-0.01,-0.02,-0.33,54.33,49.0,1990.5,115214.83,True,4
316,Robinson,DEF,37,12,0.0,0.55,11.6,18.94,11.82,6.9,8.83,0.01,0.02,1.95,-0.01,-0.02,-0.02,54.33,49.0,1687.67,116969.17,False,20
316,Robinson,DEF,38,6,0.0,0.25,17.44,28.82,13.63,9.1,9.1,0.21,0.05,1.93,0.04,-0.05,-0.16,59.33,49.0,-1483.67,105011.83,True,15
317,Andersen,DEF,4,10,0.0,0.0,13.67,20.6,7.87,6.0,9.67,0.07,0.22,1.82,-0.07,-0.22,-0.49,90.0,45.0,-3749.33,301676.67,True,11
317,Andersen,DEF,5,4,0.25,0.0,18.25,22.7,6.65,4.5,10.25,0.05,0.18,1.56,-0.05,-0.18,-0.56,90.0,45.0,8599.25,320277.75,True,5
317,Andersen,DEF,6,3,0.2,0.0,17.6,24.64,5.48,5.8,11.2,0.09,0.15,1.37,-0.09,-0.15,-0.37,90.0,45.0,18885.6,342740.8,False,2
317,Andersen,DEF,7,3,0.17,0.0,16.0,23.67,4.7,5.17,11.0,0.07,0.12,1.33,-0.07,-0.12,0.01,90.0,45.0,27594.5,369172.5,False,4
317,Andersen,DEF,8,1,0.17,0.0,14.67,26.67,4.68,4.5,12.17,0.07,0.12,1.27,-0.07,-0.12,0.4,90.0,45.0,27273.33,402370.83,True,1
317,Andersen,DEF,10,6,0.18,0.0,14.66,26.91,3.1,3.85,12.1,0.08,0.02,1.2,-0.08,-0.02,0.45,81.83,45.0,26346.33,433082.0,True,20
317,Andersen,DEF,11,3,0.37,0.0,16.86,25.33,1.32,4.95,11.0,0.05,0.05,0.81,-0.05,-0.05,0.47,81.83,45.0,20219.17,441395.0,False,9
317,Andersen,DEF,12,10,0.18,0.0,12.28,25.99,0.86,5.32,11.18,0.05,0.05,0.93,-0.05,-0.05,0.72,81.83,45.0,12779.0,437277.83,True,17
317,Andersen,DEF,13,4,0.37,0.0,15.21,25.3,1.3,4.95,11.18,0.02,0.05,0.85,-0.02,-0.05,0.62,81.83,45.0,4297.17,425949.83,False,18
317,Andersen,DEF,14,0,0.37,0.0,17.05,27.9,1.23,4.95,12.1,0.02,0.05,0.8,-0.02,-0.05,0.3,81.83,45.0,-7679.17,393723.0,True,13
317,Andersen,DEF,15,1,0.37,0.0,15.03,26.29,2.05,4.95,10.81,0.02,0.05,1.0,-0.02,-0.05,0.47,81.83,45.0,-5430.5,372910.33,True,8
317,Andersen,DEF,16,2,0.33,0.0,15.0,27.23,6.22,5.17,10.33,0.02,0.08,1.09,-0.02,-0.08,0.58,90.0,45.0,1322.33,359074.67,False,3
317,Andersen,DEF,17,7,0.17,0.17,11.17,29.47,6.07,2.83,12.0,0.01,0.04,1.46,-0.01,-0.04,0.54,90.0,45.17,79529.67,449365.67,True,16
317,Andersen,DEF,18,5,0.33,0.33,13.83,27.83,6.03,2.5,11.83,0.01,0.04,1.32,-0.01,-0.04,0.35,90.0,45.33,81588.17,531081.5,False,19
317,Andersen,DEF,19,3,0.33,0.5,12.5,26.77,5.88,2.17,10.67,0.0,0.04,1.44,-0.0,-0.04,0.23,90.0,45.5,80766.33,609521.83,False,8
317,Andersen,DEF,20,3,0.33,0.67,10.83,26.0,6.17,2.83,10.17,0.03,0.06,1.57,-0.03,-0.06,0.1,90.0,45.67,74189.33,684556.17,True,12
317,Andersen,DEF,21,2,0.33,0.67,12.0,25.1,5.42,3.5,10.83,0.03,0.06,1.43,-0.03,-0.06,-0.26,90.0,45.83,61677.5,746817.33,True,7
317,Andersen,DEF,22,2,0.33,0.67,11.67,24.43,1.58,2.83,11.0,0.03,0.03,1.56,-0.03,-0.03,-0.56,90.0,46.0,50201.33,797156.67,False,11
317,Andersen,DEF,23,8,0.33,0.5,13.0,24.03,1.55,3.17,10.17,0.03,0.03,1.38,-0.03,-0.03,-0.55,90.0,46.0,-22281.17,766232.17,True,6
317,Andersen,DEF,24,0,0.17,0.33,13.67,27.07,3.37,3.17,10.0,0.03,0.04,1.55,-0.03,0.13,-0.55,90.0,46.0,-26939.17,741259.17,False,14
317,Andersen,DEF,25,1,0.0,0.33,9.33,25.7,4.77,8.5,9.0,0.1,0.05,1.7,-0.1,0.12,-0.19,90.0,46.0,-32978.17,711850.83,True,9
317,Andersen,DEF,26,2,0.0,0.17,8.83,24.93,6.37,8.17,8.5,0.09,0.03,1.74,-0.09,0.14,-0.07,90.0,46.0,-25325.83,697278.83,False,13
317,Andersen,DEF,27,4,0.0,0.33,9.33,26.77,6.43,7.5,8.17,0.09,0.03,1.74,-0.09,0.14,0.09,90.0,46.0,-24688.5,672613.17,False,17
317,Andersen,DEF,30,7,0.0,0.33,9.5,26.57,5.95,7.5,8.67,0.09,0.03,1.65,-0.09,0.14,0.18,90.0,45.83,-19965.33,653938.83,False,16
317,Andersen,DEF,31,4,0.17,0.5,11.33,26.43,6.05,7.17,9.17,0.09,0.03,1.57,-0.09,0.14,0.1,90.0,45.67,-18078.67,640672.0,True,3
317,Andersen,DEF,32,1,0.17,0.5,9.33,23.73,4.47,7.17,9.0,0.09,0.02,1.51,-0.09,-0.02,0.15,90.0,45.67,29627.5,743194.67,False,12
317,Andersen,DEF,33,6,0.17,0.33,11.17,24.3,3.07,3.17,9.67,0.03,0.05,1.48,-0.03,-0.05,0.02,90.0,45.67,-1282.83,746083.17,False,5
317,Andersen,DEF,34,11,0.33,0.33,14.33,22.97,1.25,3.33,9.5,0.02,0.05,1.4,-0.02,-0.05,-0.24,90.0,45.5,-13335.5,715536.17,True,2
317,Andersen,DEF,35,3,0.5,0.17,19.5,22.53,2.9,3.33,10.33,0.02,0.05,1.33,-0.02,-0.05,-0.66,90.0,45.33,-3939.33,715355.33,False,1
317,Andersen,DEF,36,-2,0.5,0.17,18.33,22.23,3.05,3.33,10.5,0.02,0.05,1.56,-0.02,-0.05,-0.56,90.0,45.33,-12667.83,707111.67,True,4
318,Bassey,DEF,4,9,0.0,0.33,5.33,9.27,1.23,2.33,4.33,0.05,0.01,1.82,-0.05,-0.01,-0.49,90.0,45.0,-783.33,48181.33,True,11
318,Bassey,DEF,5,4,0.25,0.25,12.5,12.95,1.68,1.75,5.25,0.04,0.01,1.56,-0.04,-0.01,-0.56,90.0,45.0,112.5,50821.0,True,5
318,Bassey,DEF,6,0,0.2,0.2,13.0,16.16,1.5,1.8,6.2,0.03,0.01,1.37,-0.03,-0.01,-0.37,90.0,45.0,1070.8,53703.2,False,2
318,Bassey,DEF,7,1,0.17,0.33,10.83,16.23,3.22,1.5,6.17,0.03,0.01,1.33,-0.03,-0.01,0.01,90.0,45.0,1237.0,56047.33,False,4
318,Bassey,DEF,8,1,0.17,0.17,10.5,16.93,3.15,1.5,6.5,0.03,0.01,1.27,-0.03,-0.01,0.4,90.0,45.0,975.17,59725.5,True,1
318,Bassey,DEF,9,1,0.2,0.2,11.99,20.71,3.62,0.79,7.47,0.0,0.01,1.29,-0.0,-0.01,0.48,76.33,45.0,812.5,62316.33,False,15
318,Bassey,DEF,10,6,0.2,0.2,10.41,19.65,3.64,0.79,8.25,0.0,0.01,1.24,-0.0,-0.01,0.52,76.33,45.0,661.67,64277.17,True,20
318,Bassey,DEF,11,2,0.2,0.2,8.45,17.33,3.28,1.18,7.27,0.0,0.0,1.14,-0.0,-0.0,0.63,76.33,45.0,1442.17,66901.17,False,9
318,Bassey,DEF,12,9,0.2,0.39,7.47,16.9,4.13,0.79,7.27,0.0,0.01,1.3,0.0,-0.01,0.66,76.33,45.0,98.83,67593.33,True,17
318,Bassey,DEF,13,4,0.39,0.2,14.15,19.14,8.94,1.18,7.47,0.0,0.01,1.12,0.0,-0.01,0.26,76.33,45.0,-368.17,67888.5,False,18
318,Bassey,DEF,14,2,0.39,0.2,15.52,19.53,8.71,1.18,8.25,0.0,0.01,1.07,0.0,-0.01,-0.08,76.33,45.0,-293.5,68220.0,True,13
318,Bassey,DEF,15,3,0.33,0.17,11.83,19.9,7.65,0.67,8.5,0.0,0.01,1.17,0.0,-0.01,0.5,90.0,45.0,126.83,68863.83,True,8
318,Bassey,DEF,16,9,0.33,0.17,13.33,24.17,7.92,1.0,8.83,0.0,0.02,1.09,-0.0,-0.02,0.58,90.0,45.0,376.33,69744.5,False,3
318,Bassey,DEF,24,1,0.17,0.17,14.17,32.53,8.45,6.83,10.33,0.12,0.02,1.46,0.04,-0.02,0.54,90.0,45.0,1872.0,72151.33,False,14
318,Bassey,DEF,26,1,0.2,0.0,15.46,34.69,9.24,8.52,10.7,0.15,0.02,1.48,0.05,-0.02,0.7,75.67,44.83,2388.17,68359.33,False,13
318,Bassey,DEF,27,7,0.0,0.0,9.32,32.35,2.18,9.12,10.51,0.15,0.01,1.71,0.04,-0.01,1.06,75.67,44.67,2398.5,64734.5,False,17
318,Bassey,DEF,28,1,0.0,0.0,11.89,34.18,6.26,10.51,11.1,0.16,0.01,1.91,0.03,0.18,0.86,75.67,44.5,2643.33,61398.33,True,18
318,Bassey,DEF,29,1,0.0,0.2,13.68,33.19,6.07,12.69,10.11,0.22,0.02,1.66,-0.02,0.18,0.33,75.67,44.33,3234.33,58682.17,True,19
318,Bassey,DEF,30,9,0.0,0.4,13.48,28.86,6.22,12.29,8.92,0.22,0.01,1.54,-0.02,0.18,0.24,75.67,44.17,4474.5,57213.67,False,16
318,Bassey,DEF,31,2,0.2,0.4,14.47,20.14,5.57,8.33,7.33,0.14,0.01,1.24,-0.14,0.18,0.14,75.67,44.0,2061.67,52700.5,True,3
318,Bassey,DEF,32,3,0.17,0.33,13.33,19.1,4.87,7.0,6.5,0.12,0.02,1.23,-0.12,0.15,-0.06,90.0,44.0,9979.33,79000.0,False,12
318,Bassey,DEF,33,6,0.17,0.33,15.0,20.57,4.83,6.5,7.67,0.12,0.02,1.27,-0.12,0.15,-0.27,90.0,44.0,6852.83,85882.17,False,5
318,Bassey,DEF,34,6,0.33,0.33,15.17,16.7,1.48,7.17,5.83,0.12,0.02,1.2,-0.12,-0.02,-0.36,90.0,44.0,5878.67,90667.33,True,2
318,Bassey,DEF,35,1,0.5,0.17,18.5,15.93,1.53,5.33,5.5,0.07,0.01,1.2,-0.07,-0.01,-0.54,90.0,44.0,5717.5,96578.33,False,1
318,Bassey,DEF,36,2,0.5,0.0,18.83,18.4,2.9,5.67,6.17,0.07,0.01,1.56,-0.07,-0.01,-0.56,90.0,44.0,3476.67,99982.83,True,4
318,Bassey,DEF,37,2,0.33,0.0,15.83,17.77,6.25,3.17,5.83,0.01,0.01,1.54,-0.01,-0.01,-0.37,90.0,44.0,3120.17,103086.33,False,20
318,Bassey,DEF,38,6,0.33,0.0,17.33,17.4,6.17,2.83,6.33,0.01,0.01,1.57,-0.01,-0.01,-0.4,90.0,44.0,277.83,88124.5,True,15
319,Castagne,DEF,7,1,0.0,0.0,5.83,15.83,16.38,13.33,6.67,0.16,0.04,2.17,-0.16,-0.04,0.32,54.0,44.75,-812.25,13866.0,False,4
319,Castagne,DEF,8,2,0.0,0.0,5.59,14.88,15.24,10.88,7.06,0.12,0.04,1.86,-0.12,-0.04,0.78,61.2,44.6,-714.0,13707.2,True,1
319,Castagne,DEF,9,1,0.0,0.0,6.59,15.41,11.93,8.41,7.5,0.1,0.03,1.87,-0.1,-0.03,0.41,66.0,44.5,-676.17,13571.83,False,15
319,Castagne,DEF,12,1,0.0,0.0,6.68,15.79,11.92,8.06,7.83,0.1,0.03,1.8,-0.1,-0.03,0.5,65.17,44.33,-534.67,13592.0,True,17
319,Castagne,DEF,13,1,0.0,0.0,7.34,17.67,11.99,4.35,8.7,0.03,0.02,1.72,-0.03,-0.02,0.73,55.17,44.17,-419.5,13368.83,False,18
319,Castagne,DEF,14,3,0.0,0.0,11.45,18.0,10.93,2.95,9.16,0.01,0.02,1.35,-0.01,-0.02,0.94,45.83,43.83,-380.33,13092.0,True,13
319,Castagne,DEF,21,1,0.0,0.33,13.85,22.68,15.86,13.85,8.24,0.17,0.08,1.42,-0.17,0.25,0.56,45.5,43.0,140.17,13883.67,True,7
319,Castagne,DEF,22,1,0.0,0.57,8.49,18.17,16.16,12.45,6.23,0.15,0.07,1.71,-0.15,-0.07,-0.3,53.0,43.0,159.67,14138.17,False,11
319,Castagne,DEF,23,4,0.0,0.85,9.34,20.43,12.37,11.89,7.92,0.15,0.07,1.65,-0.15,-0.07,-0.52,53.0,43.0,248.67,14473.17,True,6
319,Castagne,DEF,24,1,0.0,0.66,11.28,21.8,10.75,9.29,8.62,0.11,0.07,1.64,-0.11,-0.07,-0.54,67.83,43.0,-184.67,14265.33,False,14
319,Castagne,DEF,25,2,0.0,0.55,9.2,19.25,10.34,8.1,8.1,0.1,0.06,1.7,-0.1,-0.06,-0.22,81.5,43.0,-224.67,14116.5,True,9
319,Castagne,DEF,27,1,0.0,0.34,9.47,18.27,9.42,1.69,7.95,0.0,0.06,1.76,0.0,-0.06,-0.24,88.67,43.0,-55.5,14178.67,False,17
319,Castagne,DEF,29,1,0.0,0.41,9.53,17.35,6.12,1.62,7.91,0.0,0.03,1.87,0.0,-0.03,-0.45,74.0,43.0,0.33,14235.5,True,19
319,Castagne,DEF,31,2,0.0,0.25,11.19,18.94,3.98,6.96,8.95,0.04,0.03,1.7,-0.04,-0.03,-0.2,60.33,43.0,19.33,14302.83,True,3
319,Castagne,DEF,32,1,0.0,0.0,14.42,22.52,14.07,9.7,8.7,0.06,0.07,1.65,-0.06,-0.07,-0.16,60.33,43.0,-62.17,14324.17,False,12
319,Castagne,DEF,33,7,0.0,0.0,12.93,23.22,22.92,14.42,7.96,0.07,0.08,1.65,-0.07,-0.08,0.09,60.33,43.0,-63.83,14312.5,False,5
319,Castagne,DEF,34,5,0.25,0.0,18.65,22.77,21.18,13.92,6.71,0.07,0.08,1.56,-0.07,-0.08,-0.56,60.33,43.0,34.33,14380.83,True,2
319,Castagne,DEF,35,1,0.49,0.24,21.65,20.97,24.15,13.14,6.32,0.07,0.1,1.29,-0.07,-0.1,-0.56,61.67,43.0,344.0,15242.67,False,1
319,Castagne,DEF,36,2,0.39,0.2,17.88,19.1,19.77,15.52,5.9,0.08,0.09,1.65,-0.08,-0.09,-0.48,76.33,43.0,341.67,15642.67,True,4
319,Castagne,DEF,37,5,0.34,0.17,18.27,18.47,19.57,9.98,5.92,0.04,0.11,1.56,-0.04,-0.11,-0.37,88.67,43.0,495.0,16207.33,False,20
319,Castagne,DEF,38,8,0.34,0.17,18.78,17.12,17.85,10.83,5.58,0.04,0.11,1.58,-0.04,0.06,-0.4,88.67,43.0,1511.33,17855.5,True,15
320,Diop,DEF,17,1,0.0,0.4,3.63,13.72,0.69,1.61,8.07,0.0,0.01,1.64,0.0,-0.01,0.38,74.33,44.0,-155.33,8267.67,True,16
320,Diop,DEF,18,1,0.0,0.39,4.74,13.66,0.67,1.58,7.89,0.0,0.01,1.6,0.0,-0.01,0.37,57.0,43.75,-103.75,8407.25,False,19
320,Diop,DEF,20,1,0.0,0.39,5.87,13.93,0.7,1.57,8.22,0.0,0.01,1.59,0.0,-0.01,0.37,46.0,43.6,-74.8,8527.8,True,12
320,Diop,DEF,21,2,0.0,0.28,5.34,15.47,0.73,1.12,8.16,0.0,0.01,1.52,0.0,-0.01,0.45,53.33,43.5,-78.0,8602.0,True,7
320,Diop,DEF,22,1,0.0,0.0,6.92,14.4,0.97,2.22,6.09,0.01,0.01,1.99,-0.01,-0.01,-0.33,54.17,43.33,-33.33,8743.83,False,11
320,Diop,DEF,28,1,0.0,0.0,8.06,16.45,1.0,1.29,6.77,0.01,0.01,2.02,-0.01,-0.01,-0.08,46.5,43.17,49.33,8943.83,True,18
320,Diop,DEF,29,2,0.0,0.32,9.68,20.26,1.06,1.94,7.74,0.01,0.0,1.61,-0.01,-0.0,-0.0,46.5,43.0,43.0,9096.0,True,19
320,Diop,DEF,36,1,0.0,0.25,9.15,20.62,0.99,1.98,6.92,0.0,0.0,1.51,-0.0,-0.0,-0.02,60.67,43.0,64.5,9217.67,True,4
320,Diop,DEF,37,2,0.0,0.22,8.4,19.95,1.04,2.21,6.19,0.0,0.0,1.49,-0.0,-0.0,0.05,67.83,43.0,44.17,9356.5,False,20
320,Diop,DEF,38,15,0.0,0.22,9.51,19.72,1.04,2.21,5.97,0.0,0.01,1.51,-0.0,-0.01,-0.18,67.83,43.0,113.67,9571.33,True,15
321,J.Cuenca,DEF,17,5,0.0,0.0,13.39,21.75,2.46,3.21,10.71,0.0,0.01,1.3,0.0,-0.01,-0.23,56.0,44.33,-152.67,4235.33,True,16
321,J.Cuenca,DEF,18,9,0.35,0.35,17.79,23.58,5.34,2.09,10.12,0.0,0.0,1.05,0.0,-0.0,-0.36,64.5,44.0,-93.25,4458.0,False,19
321,J.Cuenca,DEF,19,3,0.52,0.26,21.21,24.1,4.19,1.55,11.12,0.0,0.01,1.02,0.0,-0.01,-0.5,69.6,43.8,-15.0,4713.2,False,8
321,J.Cuenca,DEF,20,3,0.41,0.41,18.9,25.36,4.36,1.23,11.71,0.0,0.01,1.14,0.0,-0.01,-0.52,73.0,43.67,100.83,5088.5,True,12
321,J.Cuenca,DEF,21,0,0.4,0.4,19.21,27.51,4.27,0.4,13.15,0.0,0.01,1.18,0.0,-0.01,-0.37,74.17,43.33,110.33,5521.67,True,7
321,J.Cuenca,DEF,22,3,0.37,0.56,18.15,25.15,4.07,0.37,11.67,0.0,0.01,1.24,0.0,-0.01,-0.5,81.0,43.17,178.5,5873.83,False,11
321,J.Cuenca,DEF,23,4,0.36,0.73,17.64,23.24,3.47,0.0,11.09,0.0,0.01,1.24,0.0,-0.01,-0.52,82.5,43.0,282.17,6318.33,True,6
321,J.Cuenca,DEF,24,1,0.18,0.55,14.91,23.2,1.69,0.73,11.64,0.01,0.01,1.42,-0.01,-0.01,-0.51,82.5,43.0,297.17,6688.33,False,14
321,J.Cuenca,DEF,25,2,0.0,0.55,11.57,22.44,5.46,1.47,10.47,0.01,0.09,1.57,-0.01,-0.09,-0.29,81.67,43.0,205.0,6921.0,True,9
321,J.Cuenca,DEF,27,1,0.0,0.55,10.29,20.42,4.74,1.47,9.92,0.01,0.09,1.62,-0.01,-0.09,-0.15,81.67,43.0,181.83,7070.0,False,17
321,J.Cuenca,DEF,28,1,0.0,0.67,10.3,20.1,5.55,1.79,9.63,0.01,0.11,1.7,-0.01,-0.11,-0.36,67.0,43.0,151.67,7292.0,True,18
321,J.Cuenca,DEF,38,0,0.0,0.5,10.31,23.68,6.01,2.01,11.06,0.01,0.11,1.7,-0.01,-0.11,-0.19,59.67,43.0,99.0,7458.5,True,15
322,Tete,DEF,4,6,0.0,0.0,13.0,17.53,7.77,4.67,7.33,0.02,0.13,1.82,-0.02,-0.13,-0.49,90.0,45.0,92.0,17241.0,True,11
322,Tete,DEF,5,2,0.25,0.0,16.25,16.0,6.7,3.5,7.0,0.02,0.1,1.56,-0.02,-0.1,-0.56,90.0,45.0,756.0,19218.0,True,5
322,Tete,DEF,9,2,0.2,0.0,15.2,17.36,8.1,2.8,7.2,0.01,0.09,1.37,-0.01,-0.09,-0.37,90.0,45.0,862.6,20677.2,False,15
322,Tete,DEF,10,6,0.17,0.17,14.0,17.97,7.0,2.33,7.67,0.01,0.07,1.5,-0.01,-0.07,-0.33,90.0,45.0,697.0,20023.67,True,20
322,Tete,DEF,11,3,0.33,0.17,15.33,18.37,8.88,7.17,7.0,0.03,0.08,1.29,-0.03,-0.08,-0.29,90.0,45.0,1491.67,21406.67,False,9
322,Tete,DEF,12,6,0.33,0.17,15.83,19.83,8.42,5.5,8.5,0.03,0.02,1.26,-0.03,-0.02,-0.09,90.0,45.0,1367.83,22010.33,True,17
322,Tete,DEF,13,12,0.5,0.17,18.17,18.1,10.55,5.17,7.5,0.02,0.03,0.89,-0.02,-0.03,-0.06,90.0,45.0,1342.33,22440.0,False,18
322,Tete,DEF,14,0,0.33,0.17,18.83,27.3,10.07,7.0,9.5,0.03,0.02,0.9,0.14,-0.02,0.09,90.0,45.0,534.33,21596.67,True,13
322,Tete,DEF,15,3,0.36,0.18,18.36,27.2,8.73,7.64,9.64,0.03,0.02,1.15,0.15,-0.02,0.3,82.5,45.0,1689.83,22315.0,True,8
322,Tete,DEF,16,2,0.36,0.0,19.27,29.56,11.71,10.0,10.0,0.04,0.03,1.07,0.14,-0.03,0.39,82.5,45.0,2813.83,25724.17,False,3
322,Tete,DEF,17,9,0.18,0.18,15.64,30.51,9.89,4.73,11.45,0.02,0.03,1.47,0.16,-0.03,0.35,82.5,45.0,13526.83,41553.67,True,16
322,Tete,DEF,18,6,0.36,0.18,18.0,28.76,10.15,4.73,10.36,0.02,0.06,1.32,0.16,-0.06,0.13,82.5,45.0,14570.67,56714.67,False,19
322,Tete,DEF,19,1,0.37,0.19,18.52,29.19,9.13,6.11,10.37,0.04,0.07,1.48,0.15,-0.07,0.0,81.0,45.0,16283.33,74393.5,False,8
322,Tete,DEF,25,1,0.4,0.2,14.73,19.09,10.09,4.64,8.27,0.03,0.08,1.63,-0.03,-0.08,-0.02,74.33,45.0,16286.17,90547.83,True,9
322,Tete,DEF,26,1,0.44,0.22,16.76,20.38,15.11,5.07,8.16,0.03,0.11,1.45,-0.03,-0.11,-0.13,68.0,45.0,14639.33,91264.0,False,13
322,Tete,DEF,27,4,0.44,0.22,14.56,18.35,15.79,3.97,7.06,0.08,0.11,1.39,-0.08,-0.11,0.15,68.0,45.0,13199.67,90539.17,False,17
322,Tete,DEF,28,2,0.44,0.0,16.22,18.04,15.71,4.67,7.11,0.09,0.11,1.24,-0.09,-0.11,0.1,67.5,45.0,1569.0,76328.5,True,18
322,Tete,DEF,29,2,0.22,0.0,11.78,17.38,14.73,7.11,7.33,0.13,0.12,1.3,-0.13,-0.12,0.26,67.5,45.0,732.33,63118.17,True,19
322,Tete,DEF,30,6,0.0,0.0,9.56,17.6,15.82,6.67,7.56,0.12,0.12,1.34,-0.12,-0.12,0.44,67.5,45.0,-30.67,48317.0,False,16
342,Bogle,DEF,4,2,0.69,0.34,11.68,9.55,4.74,5.15,5.5,0.03,0.01,1.06,-0.03,-0.01,0.31,87.33,45.0,-521.0,20998.0,False,10
342,Bogle,DEF,5,4,0.51,0.26,11.51,11.1,3.99,7.41,5.88,0.04,0.01,1.01,-0.04,-0.01,0.27,88.0,45.0,-219.25,21524.5,False,20
342,Bogle,DEF,6,3,0.41,0.41,10.58,11.07,3.5,6.01,6.43,0.03,0.01,1.13,-0.03,0.2,0.11,86.8,45.0,-169.0,21937.2,True,4
342,Bogle,DEF,7,3,0.34,0.34,10.48,13.09,5.46,6.35,7.04,0.02,0.01,1.08,-0.02,0.16,0.3,87.33,45.0,-342.67,21998.67,True,18
342,Bogle,DEF,8,1,0.17,0.34,8.28,14.1,6.34,6.21,8.28,0.03,0.02,1.08,-0.03,0.15,0.64,87.0,45.0,-240.67,22499.83,False,3
342,Bogle,DEF,9,2,0.17,0.17,9.68,13.89,7.56,8.49,7.81,0.11,0.04,0.78,-0.11,0.13,0.57,88.33,45.0,388.5,23511.0,True,19
342,Bogle,DEF,10,1,0.0,0.17,8.49,16.03,7.91,9.85,8.15,0.1,0.07,0.82,-0.1,0.1,0.71,88.33,45.0,448.83,24457.17,False,6
342,Bogle,DEF,11,1,0.0,0.17,5.23,13.74,8.74,8.37,7.33,0.09,0.07,1.2,-0.09,0.11,0.72,86.0,45.0,374.67,25164.0,False,16
342,Bogle,DEF,12,0,0.0,0.0,3.09,14.43,8.78,8.24,6.87,0.09,0.07,1.36,-0.09,-0.07,0.87,87.33,45.0,-74.0,25364.33,True,2
342,Bogle,DEF,13,1,0.0,0.17,1.37,12.02,8.98,7.21,5.5,0.09,0.08,1.49,-0.09,-0.08,0.74,87.33,45.0,-81.67,25603.5,False,13
342,Bogle,DEF,14,5,0.0,0.17,0.17,9.96,9.26,7.02,3.94,0.09,0.07,1.93,-0.09,-0.07,0.47,87.67,45.0,-374.83,25469.0,True,7
342,Bogle,DEF,15,0,0.0,0.17,1.72,12.83,10.64,5.34,3.79,0.01,0.05,2.02,-0.01,0.12,0.22,87.0,45.0,-1025.0,24588.5,True,12
342,Bogle,DEF,16,2,0.0,0.34,-2.59,9.14,8.4,2.41,2.93,0.0,0.02,2.23,0.0,0.15,0.36,87.0,44.83,-956.0,23786.83,False,5
342,Bogle,DEF,17,6,0.0,0.34,1.18,12.02,11.87,3.36,3.86,0.01,0.08,1.8,-0.01,0.09,0.38,89.33,44.67,-1081.67,22876.33,True,8
342,Bogle,DEF,18,2,0.17,0.34,5.66,10.66,11.9,4.11,3.6,0.01,0.08,1.46,-0.01,0.09,0.26,87.5,44.5,-630.5,22431.83,False,17
342,Bogle,DEF,19,1,0.17,0.17,6.86,10.66,9.72,4.97,4.11,0.08,0.07,1.31,-0.08,0.1,0.24,87.5,44.33,-271.5,22386.0,False,12
342,Bogle,DEF,22,6,0.2,0.2,8.96,11.4,9.92,5.9,4.48,0.1,0.08,0.93,-0.1,0.12,0.29,73.67,44.17,-122.33,22444.67,True,10
342,Bogle,DEF,23,2,0.41,0.21,12.8,9.21,9.33,5.57,4.95,0.1,0.09,0.84,-0.1,-0.09,0.19,72.67,44.0,-235.67,22122.5,False,9
342,Bogle,DEF,24,0,0.41,0.0,15.69,10.24,11.72,7.22,5.16,0.1,0.11,0.58,-0.1,-0.11,0.04,72.67,44.0,-209.83,21803.83,True,1
342,Bogle,DEF,25,8,0.41,0.0,11.77,9.66,8.79,7.64,5.37,0.09,0.04,0.88,-0.09,-0.04,0.36,72.67,44.0,-93.83,21589.67,True,16
342,Bogle,DEF,26,4,0.2,0.0,13.09,18.64,9.95,10.87,5.84,0.22,0.04,1.04,-0.01,-0.04,0.37,74.5,44.0,-88.67,21399.17,False,7
342,Bogle,DEF,27,1,0.2,0.0,13.09,18.97,9.91,11.48,5.64,0.13,0.04,1.53,0.07,0.16,0.08,74.5,44.0,198.33,21447.5,False,2
342,Bogle,DEF,28,2,0.17,0.17,12.74,19.19,12.58,10.02,6.11,0.11,0.05,1.53,0.06,0.12,-0.0,88.33,44.0,667.83,22030.0,True,13
342,Bogle,DEF,29,2,0.0,0.17,9.26,19.58,13.11,9.43,6.51,0.11,0.1,1.82,0.06,0.07,-0.11,87.5,44.0,730.67,22889.5,True,17
342,Bogle,DEF,30,1,0.0,0.17,8.69,18.73,11.33,10.95,5.91,0.15,0.09,1.89,0.02,0.09,-0.15,86.33,44.0,1976.5,25107.5,False,8
342,Bogle,DEF,31,5,0.0,0.19,12.18,18.72,9.97,10.08,5.9,0.17,0.09,1.73,0.02,0.1,-0.59,78.83,44.0,1380.5,26638.0,True,5
342,Bogle,DEF,32,6,0.19,0.38,11.42,11.95,12.16,8.56,5.52,0.05,0.1,1.58,-0.05,0.09,-0.63,78.83,44.0,1432.33,28388.0,False,14
342,Bogle,DEF,33,6,0.19,0.38,15.41,13.93,17.98,7.8,5.9,0.05,0.27,1.23,-0.05,-0.08,-0.47,78.83,44.0,1771.5,30287.17,True,20
342,Bogle,DEF,33,1,0.38,0.19,16.55,11.8,15.53,7.8,4.95,0.05,0.26,1.06,-0.05,-0.07,-0.49,78.83,44.0,12763.17,59130.67,False,4
342,Bogle,DEF,35,5,0.41,0.2,17.27,12.15,13.84,7.92,5.49,0.05,0.21,0.8,-0.05,-0.0,-0.39,73.83,44.0,24377.83,88171.33,True,3
342,Bogle,DEF,38,2,0.4,0.2,20.8,18.0,19.26,5.4,6.0,0.01,0.26,0.69,-0.01,0.14,-0.29,75.0,44.0,24728.17,98312.83,False,19
343,Struijk,DEF,4,2,0.67,0.0,18.33,16.6,4.3,8.67,6.0,0.08,0.01,1.3,-0.08,-0.01,0.37,90.0,45.0,-527.0,38552.33,False,10
343,Struijk,DEF,5,4,0.5,0.0,15.75,16.45,3.38,6.5,6.5,0.06,0.01,1.18,-0.06,-0.01,0.32,90.0,45.0,-239.5,39935.0,False,20
343,Struijk,DEF,6,3,0.4,0.0,15.4,19.72,2.86,5.2,8.0,0.05,0.01,1.3,-0.05,-0.01,0.1,90.0,45.0,-457.8,40655.0,True,4
343,Struijk,DEF,7,1,0.33,0.0,14.33,20.33,4.15,5.33,8.67,0.06,0.01,1.22,-0.06,-0.01,0.28,90.0,45.0,-128.17,41534.5,True,18
343,Struijk,DEF,8,0,0.17,0.0,9.83,17.6,2.48,6.33,8.17,0.08,0.01,1.22,-0.08,-0.01,0.61,90.0,45.0,-96.0,43753.83,False,3
343,Struijk,DEF,11,1,0.17,0.17,10.83,18.17,3.13,5.5,8.17,0.1,0.01,0.82,-0.1,-0.01,0.52,90.0,45.0,-128.5,44887.5,False,16
343,Struijk,DEF,12,0,0.0,0.2,7.27,20.87,3.6,6.48,9.04,0.11,0.01,1.04,-0.11,-0.01,0.73,76.33,44.83,-213.67,43977.83,True,2
343,Struijk,DEF,13,3,0.0,0.39,6.48,21.26,3.71,10.22,8.65,0.13,0.01,1.18,-0.13,-0.01,0.79,76.33,44.67,-639.83,42234.67,False,13
343,Struijk,DEF,14,2,0.0,0.39,3.93,18.98,3.6,11.99,7.86,0.15,0.01,1.44,-0.15,-0.01,0.92,76.33,44.5,-676.67,40327.0,True,7
343,Struijk,DEF,15,0,0.0,0.39,3.73,17.29,1.75,11.59,7.07,0.15,0.01,1.47,-0.15,-0.01,0.7,76.33,44.17,-1049.17,37956.17,True,12
343,Struijk,DEF,16,4,0.0,0.59,3.34,18.79,3.79,9.83,7.07,0.11,0.01,1.74,-0.11,-0.01,0.62,76.33,43.83,-1187.83,35402.5,False,5
343,Struijk,DEF,17,4,0.0,0.39,6.68,23.82,7.21,8.25,9.83,0.07,0.01,1.79,-0.07,-0.01,0.37,76.33,43.5,-1552.17,32359.17,True,8
343,Struijk,DEF,18,2,0.0,0.33,7.83,22.53,6.17,15.17,10.0,0.14,0.01,1.64,-0.14,-0.01,0.19,90.0,43.33,-917.33,31636.0,False,17
343,Struijk,DEF,19,8,0.0,0.17,9.33,22.67,9.57,13.33,9.83,0.13,0.03,1.49,-0.13,-0.03,0.17,90.0,43.17,-425.67,31456.67,False,12
343,Struijk,DEF,20,8,0.17,0.17,13.67,22.9,9.6,11.83,10.0,0.11,0.03,1.3,-0.11,-0.03,-0.14,90.0,43.0,-235.5,31385.5,True,14
343,Struijk,DEF,21,2,0.17,0.17,16.67,26.97,11.28,11.83,10.5,0.09,0.05,1.41,-0.09,0.12,-0.24,90.0,43.0,254.83,31853.67,False,15
343,Struijk,DEF,22,6,0.17,0.0,15.83,28.83,9.77,12.17,11.83,0.14,0.05,1.49,-0.14,0.12,-0.16,90.0,43.0,1281.17,33381.17,True,10
343,Struijk,DEF,23,4,0.33,0.0,15.5,23.6,6.23,12.17,9.33,0.17,0.05,1.44,-0.17,0.12,-0.27,90.0,43.0,3461.17,37200.0,False,9
343,Struijk,DEF,24,2,0.33,0.0,16.33,24.5,6.28,5.33,10.0,0.09,0.06,1.28,-0.09,0.11,-0.11,90.0,43.0,3554.5,40996.0,True,1
343,Struijk,DEF,25,4,0.33,0.0,16.17,27.23,2.82,7.17,11.83,0.11,0.03,1.53,-0.11,0.14,0.14,90.0,43.0,4848.67,46088.67,True,16
343,Struijk,DEF,27,2,0.17,0.0,14.0,29.77,2.82,8.5,12.5,0.13,0.03,1.42,-0.13,0.14,0.41,90.0,43.0,6047.83,52691.83,False,2
343,Struijk,DEF,28,2,0.17,0.0,11.33,25.6,1.0,7.83,11.83,0.13,0.01,1.4,-0.13,-0.01,0.43,90.0,43.0,4605.33,56413.83,True,13
343,Struijk,DEF,29,2,0.17,0.0,13.67,24.67,2.35,6.83,10.83,0.07,0.01,1.33,-0.07,-0.01,0.0,90.0,43.0,3443.17,58978.83,True,17
343,Struijk,DEF,30,8,0.0,0.0,12.17,24.2,4.23,7.33,10.33,0.05,0.02,1.41,-0.05,-0.02,0.09,90.0,43.0,2915.33,61039.83,False,8
343,Struijk,DEF,31,5,0.17,0.0,13.33,22.8,4.13,7.0,9.5,0.04,0.01,1.42,-0.04,-0.01,-0.09,90.0,43.0,2075.5,62220.17,True,5
343,Struijk,DEF,32,2,0.34,0.17,15.56,19.86,6.63,4.57,8.46,0.04,0.04,1.13,-0.04,-0.04,-0.45,88.67,43.0,1513.0,63976.17,False,14
343,Struijk,DEF,33,7,0.34,0.17,16.24,17.46,6.65,7.27,7.44,0.06,0.04,1.13,-0.06,-0.04,-0.45,88.67,43.0,29315.0,92247.5,True,20
343,Struijk,DEF,33,3,0.51,0.17,19.79,18.07,8.41,8.63,7.61,0.09,0.04,0.98,-0.09,-0.04,-0.47,88.67,43.0,57011.5,188193.0,False,4
343,Struijk,DEF,35,1,0.51,0.17,20.13,21.92,6.61,8.29,9.64,0.09,0.04,0.88,-0.09,-0.04,-0.21,88.67,43.0,83879.0,284325.67,True,3
343,Struijk,DEF,36,1,0.51,0.34,18.61,20.0,5.08,8.12,9.3,0.08,0.03,0.83,-0.08,-0.03,-0.16,88.67,43.0,93277.33,345673.0,False,18
343,Struijk,DEF,38,1,0.36,0.36,17.2,19.99,5.34,8.69,9.05,0.1,0.04,0.93,-0.1,-0.04,-0.02,82.83,43.0,78243.0,391315.67,False,19
344,Bijol,DEF,13,1,0.0,0.0,10.0,18.69,4.0,0.69,7.93,0.0,0.0,1.87,0.0,-0.0,0.2,87.0,39.0,541.0,17043.33,False,13
344,Bijol,DEF,14,12,0.0,0.0,7.94,17.18,3.41,2.94,7.94,0.04,0.0,1.72,-0.04,-0.0,0.34,76.5,39.0,265.25,17753.75,True,7
344,Bijol,DEF,15,1,0.0,0.0,12.05,25.5,2.7,9.77,8.86,0.05,0.0,1.55,0.18,-0.0,0.27,79.2,39.0,196.6,18230.8,True,12
344,Bijol,DEF,16,2,0.0,0.0,11.74,25.51,2.43,9.2,9.0,0.04,0.0,1.58,0.15,-0.0,0.38,76.67,39.0,1165.33,20304.0,False,5
344,Bijol,DEF,17,5,0.0,0.0,10.38,24.64,0.51,9.57,8.14,0.04,0.01,1.63,0.16,-0.01,0.41,73.67,39.0,2918.83,24421.17,True,8
344,Bijol,DEF,18,2,0.0,0.0,15.07,29.08,2.46,11.2,8.96,0.04,0.06,1.32,0.16,0.14,0.31,73.67,39.0,3849.83,29130.0,False,17
344,Bijol,DEF,19,7,0.0,0.0,15.76,28.34,2.73,18.96,8.38,0.08,0.08,1.1,0.12,0.12,0.3,75.17,39.0,6151.5,37889.5,False,12
344,Bijol,DEF,20,4,0.18,0.18,19.23,28.92,2.58,18.87,8.89,0.06,0.07,1.27,0.12,0.11,-0.19,82.67,39.0,6715.0,45866.83,True,14
344,Bijol,DEF,21,3,0.18,0.18,17.06,25.4,4.48,13.61,9.44,0.04,0.09,1.39,-0.04,0.1,-0.3,82.67,39.0,7846.83,54069.17,False,15
344,Bijol,DEF,26,3,0.17,0.17,15.52,23.79,4.36,14.14,9.31,0.05,0.08,1.52,-0.05,0.26,-0.14,87.0,39.0,7618.33,61270.67,False,7
344,Bijol,DEF,27,0,0.17,0.17,13.83,22.93,4.22,14.0,9.67,0.04,0.08,1.9,-0.04,0.26,-0.4,90.0,39.0,5712.5,63061.83,False,2
344,Bijol,DEF,28,1,0.18,0.36,9.82,18.8,2.65,13.82,9.64,0.05,0.03,1.92,-0.05,0.15,-0.28,82.5,39.0,4439.83,63780.67,True,13
344,Bijol,DEF,29,1,0.22,0.44,8.6,19.24,2.8,8.82,10.81,0.02,0.02,2.17,-0.02,0.2,-0.41,68.0,39.0,1838.83,60135.33,True,17
344,Bijol,DEF,30,7,0.0,0.28,6.11,20.94,3.61,22.5,10.83,0.09,0.04,2.19,-0.09,0.23,0.03,54.0,39.0,1353.33,57064.33,False,8
344,Bijol,DEF,31,11,0.28,0.56,8.61,18.22,0.69,23.89,11.67,0.1,0.03,1.94,-0.1,0.25,0.0,54.0,39.0,44.83,53552.67,True,5
344,Bijol,DEF,32,4,0.56,0.56,16.94,23.67,3.53,23.06,13.61,0.09,0.04,1.39,-0.09,-0.04,-0.56,54.0,39.0,-642.17,49328.83,False,14
344,Bijol,DEF,33,6,0.56,0.56,19.44,25.22,3.53,24.17,13.06,0.1,0.04,0.89,-0.1,-0.04,-0.33,54.0,39.0,3714.67,53368.33,True,20
344,Bijol,DEF,33,4,0.73,0.24,24.63,24.1,5.73,22.93,11.71,0.1,0.03,0.73,-0.1,-0.03,-0.49,61.5,39.0,18751.67,88821.17,False,4
344,Bijol,DEF,35,5,0.63,0.21,22.87,25.68,4.93,19.3,12.38,0.08,0.03,0.8,-0.08,-0.03,-0.38,71.5,39.0,33915.83,124459.33,True,3
344,Bijol,DEF,36,5,0.53,0.18,21.23,26.21,5.88,6.67,11.4,0.02,0.01,0.77,-0.02,0.16,-0.25,85.5,39.0,32463.83,138973.5,False,18
344,Bijol,DEF,37,8,0.35,0.0,20.18,28.88,7.7,5.44,11.05,0.02,0.03,0.88,-0.02,0.15,-0.18,85.5,39.0,33010.67,154160.5,True,6
344,Bijol,DEF,38,1,0.35,0.0,18.6,28.14,5.86,4.74,10.7,0.02,0.02,1.33,-0.02,0.16,-0.63,85.5,39.0,34452.83,170927.5,False,19
347,Gudmundsson,DEF,4,0,0.69,0.35,17.37,20.92,20.71,6.6,7.3,0.06,0.06,1.34,-0.06,-0.06,0.4,86.33,40.0,25051.67,357064.67,False,10
347,Gudmundsson,DEF,5,4,0.52,0.26,14.44,16.4,17.48,5.42,6.45,0.04,0.06,1.21,-0.04,-0.06,0.33,87.25,40.0,61077.5,417640.25,False,20
347,Gudmundsson,DEF,6,1,0.41,0.21,13.74,17.14,15.19,5.54,7.18,0.03,0.07,1.33,-0.03,-0.07,0.1,87.8,40.0,52080.6,454886.0,True,4
347,Gudmundsson,DEF,7,1,0.34,0.17,10.38,16.47,12.76,5.95,6.98,0.03,0.06,1.24,-0.03,-0.06,0.29,88.17,40.0,58291.5,495622.83,True,18
347,Gudmundsson,DEF,8,1,0.17,0.17,5.4,13.68,8.11,3.13,7.14,0.0,0.04,1.26,0.0,-0.04,0.65,86.17,40.0,56616.83,563883.33,False,3
347,Gudmundsson,DEF,9,1,0.17,0.0,12.71,17.62,19.98,4.18,6.44,0.0,0.14,0.84,0.0,-0.14,0.55,86.17,40.0,44543.33,612300.33,True,19
347,Gudmundsson,DEF,10,1,0.0,0.0,8.61,16.8,19.37,4.49,6.74,0.0,0.16,0.84,0.0,-0.16,0.65,80.17,40.0,38762.33,654663.33,False,6
347,Gudmundsson,DEF,11,1,0.0,0.0,8.61,20.1,20.11,4.86,7.48,0.0,0.15,1.26,0.0,-0.15,0.61,80.17,40.0,1157.0,654404.0,False,16
347,Gudmundsson,DEF,12,1,0.0,0.0,6.86,18.27,19.56,5.34,6.86,0.0,0.13,1.27,-0.0,-0.13,0.83,78.67,40.0,-6259.5,649274.83,True,2
347,Gudmundsson,DEF,13,1,0.0,0.0,9.92,19.98,21.64,5.53,7.44,0.04,0.13,1.41,-0.04,-0.13,0.68,78.67,40.0,-24807.67,624518.17,False,13
347,Gudmundsson,DEF,14,4,0.0,0.0,11.28,21.43,23.6,7.59,7.37,0.05,0.15,1.58,-0.05,-0.15,0.59,69.17,40.0,-27674.33,592074.67,True,7
347,Gudmundsson,DEF,15,0,0.0,0.0,10.41,22.38,15.16,7.16,9.54,0.06,0.05,1.69,-0.06,-0.05,0.26,69.17,40.0,-29335.67,563246.0,True,12
347,Gudmundsson,DEF,16,2,0.0,0.19,7.6,20.69,16.75,6.23,8.38,0.06,0.04,1.87,-0.06,-0.04,0.47,77.0,39.83,-27021.17,537172.5,False,5
347,Gudmundsson,DEF,17,2,0.0,0.2,8.22,18.12,16.85,5.48,7.43,0.06,0.04,1.4,-0.06,-0.04,0.56,76.67,39.67,-25055.0,513570.67,True,8
347,Gudmundsson,DEF,18,2,0.0,0.19,9.21,19.42,17.29,6.52,7.1,0.13,0.1,1.35,-0.13,-0.1,0.38,78.17,39.33,-19876.67,495976.83,False,17
347,Gudmundsson,DEF,19,8,0.0,0.19,9.79,18.23,17.44,5.18,6.52,0.1,0.12,1.18,-0.1,-0.12,0.36,78.17,39.0,-12262.33,491952.83,False,12
347,Gudmundsson,DEF,20,2,0.17,0.17,12.71,16.93,16.01,3.85,6.02,0.08,0.11,1.29,-0.08,-0.11,-0.12,89.67,38.67,-9421.0,492022.17,True,14
347,Gudmundsson,DEF,21,0,0.17,0.17,10.71,12.71,11.24,6.02,4.35,0.08,0.1,1.4,-0.08,-0.1,-0.23,89.67,38.33,-2108.0,491833.5,False,15
347,Gudmundsson,DEF,22,6,0.17,0.0,10.37,13.08,8.78,6.52,4.68,0.07,0.1,1.49,-0.07,-0.1,-0.15,89.67,38.17,2813.17,495908.83,True,10
347,Gudmundsson,DEF,24,-1,0.33,0.0,12.67,12.67,6.97,7.5,4.67,0.08,0.1,1.44,-0.08,-0.1,-0.27,90.0,38.0,12352.0,509876.0,True,1
347,Gudmundsson,DEF,25,2,0.33,0.17,10.33,11.0,6.28,5.5,4.5,0.02,0.05,1.54,-0.02,-0.05,0.12,90.0,38.0,3063.17,511959.17,True,16
347,Gudmundsson,DEF,26,0,0.33,0.17,11.0,12.87,7.57,6.17,4.83,0.02,0.05,1.65,-0.02,-0.05,0.02,90.0,38.0,-416.83,505346.33,False,7
347,Gudmundsson,DEF,27,1,0.17,0.33,4.67,10.8,6.77,5.83,4.17,0.02,0.04,1.84,-0.02,-0.04,0.16,90.0,38.0,2264.5,506058.17,False,2
347,Gudmundsson,DEF,28,2,0.18,0.36,4.91,10.73,7.24,5.27,4.73,0.03,0.04,1.85,-0.03,-0.04,0.15,82.5,38.0,-1844.33,503880.17,True,13
347,Gudmundsson,DEF,29,2,0.18,0.36,6.55,9.71,4.64,5.27,5.09,0.03,0.02,1.77,-0.03,-0.02,-0.32,82.5,38.0,-5509.33,498130.0,True,17
347,Gudmundsson,DEF,30,-2,0.0,0.37,3.87,9.15,4.83,5.16,4.98,0.02,0.02,1.88,-0.02,-0.02,-0.22,81.33,38.0,-5441.0,492498.67,False,8
347,Gudmundsson,DEF,32,2,0.0,0.2,4.43,8.58,5.11,5.23,5.44,0.02,0.03,1.68,-0.02,-0.03,-0.67,74.5,38.0,3995.0,497443.67,False,14
347,Gudmundsson,DEF,33,6,0.0,0.2,4.63,6.89,4.37,5.23,5.03,0.02,0.07,1.67,-0.02,-0.07,-0.66,74.5,38.0,919.17,488618.67,True,20
347,Gudmundsson,DEF,33,1,0.2,0.0,10.87,9.95,4.71,5.23,6.44,0.02,0.07,1.16,-0.02,-0.07,-0.55,74.5,38.0,2301.33,483175.83,False,4
348,Rodon,DEF,4,4,0.67,0.0,17.33,19.6,0.5,0.67,9.33,0.0,0.0,1.3,0.0,0.0,0.37,90.0,40.0,8918.33,250071.67,False,10
348,Rodon,DEF,5,2,0.5,0.0,16.0,19.45,0.55,1.0,9.5,0.0,0.0,1.18,0.0,0.0,0.32,90.0,40.0,20233.0,273740.75,False,20
348,Rodon,DEF,6,7,0.4,0.0,15.2,19.56,0.56,0.8,9.4,0.0,0.0,1.3,0.0,-0.0,0.1,90.0,40.0,34421.2,307134.2,True,4
348,Rodon,DEF,7,1,0.33,0.0,16.17,25.47,0.52,8.5,9.33,0.06,0.0,1.22,0.11,-0.0,0.28,90.0,40.0,46213.0,347488.17,True,18
348,Rodon,DEF,8,1,0.17,0.0,12.33,25.53,0.67,11.0,9.17,0.07,0.0,1.22,0.1,-0.0,0.61,90.0,40.0,59624.67,416101.0,False,3
348,Rodon,DEF,9,13,0.17,0.0,14.17,24.7,2.93,14.5,7.67,0.07,0.01,0.82,0.09,-0.01,0.52,90.0,40.17,71918.83,494144.0,True,19
348,Rodon,DEF,10,1,0.0,0.0,15.33,32.4,4.48,19.67,8.33,0.11,0.01,0.85,0.22,-0.01,0.65,90.0,40.33,69294.0,567308.83,False,6
348,Rodon,DEF,11,1,0.0,0.0,14.17,32.57,4.6,19.67,8.0,0.11,0.01,1.22,0.22,-0.01,0.62,90.0,40.5,73423.0,644249.33,False,16
348,Rodon,DEF,12,3,0.0,0.0,12.83,33.37,4.63,20.33,8.0,0.11,0.01,1.34,0.22,-0.01,0.82,90.0,40.67,57481.33,703999.67,True,2
348,Rodon,DEF,13,0,0.0,0.0,12.5,29.27,8.03,12.83,8.5,0.06,0.02,1.47,0.11,-0.02,0.7,90.0,40.83,39493.33,745542.17,False,13
348,Rodon,DEF,14,2,0.0,0.17,12.5,30.47,7.9,10.67,9.0,0.04,0.01,1.9,0.12,-0.01,0.43,90.0,41.0,20591.5,756574.33,True,7
348,Rodon,DEF,15,1,0.0,0.17,12.0,27.9,5.67,7.5,9.33,0.04,0.01,1.98,0.12,-0.01,0.18,90.0,41.0,4002.0,761135.83,True,12
348,Rodon,DEF,16,2,0.0,0.17,6.5,21.2,4.35,2.0,9.0,0.0,0.01,2.19,0.0,-0.01,0.31,90.0,41.0,508.0,761899.17,False,5
348,Rodon,DEF,17,2,0.0,0.17,6.67,20.97,4.38,1.67,9.17,0.0,0.01,1.8,0.0,-0.01,0.36,90.0,41.0,-22216.17,739042.83,True,8
348,Rodon,DEF,18,1,0.0,0.17,7.5,19.63,4.63,4.67,8.67,0.04,0.01,1.64,-0.04,-0.01,0.19,90.0,41.0,-22758.17,717120.5,False,17
348,Rodon,DEF,21,1,0.0,0.19,4.69,16.39,1.41,4.88,7.5,0.05,0.01,1.57,-0.05,-0.01,0.3,80.0,40.83,-22224.83,695573.5,False,15
348,Rodon,DEF,22,6,0.0,0.0,3.38,13.84,1.54,4.5,6.38,0.05,0.01,1.42,-0.05,-0.01,0.46,80.0,40.5,-23477.17,651684.33,True,10
348,Rodon,DEF,23,4,0.19,0.0,6.94,13.12,1.54,4.5,5.44,0.05,0.01,1.31,-0.05,-0.01,0.38,80.0,40.17,-20445.67,600594.83,False,9
348,Rodon,DEF,24,2,0.19,0.0,7.5,12.0,1.18,4.5,5.81,0.05,0.01,1.07,-0.05,-0.01,0.25,80.0,39.83,-16899.5,553516.5,True,1
348,Rodon,DEF,25,4,0.19,0.0,6.75,13.84,1.09,4.5,6.75,0.05,0.01,1.34,-0.05,-0.01,0.53,80.0,39.5,-5365.33,517763.67,True,16
348,Rodon,DEF,26,3,0.19,0.0,7.69,15.19,0.75,1.69,7.5,0.01,0.02,1.3,-0.01,-0.02,0.58,80.0,39.17,-1201.33,485488.0,False,7
348,Rodon,DEF,27,4,0.17,0.0,9.0,17.47,0.68,1.5,8.67,0.0,0.02,1.65,-0.0,-0.02,0.18,90.0,39.0,460.5,454612.17,False,2
348,Rodon,DEF,28,2,0.17,0.0,10.83,21.07,0.47,3.17,10.5,0.04,0.02,1.52,-0.04,-0.02,-0.02,90.0,39.0,9512.0,465031.67,True,13
348,Rodon,DEF,29,2,0.0,0.0,8.4,21.43,0.5,2.85,10.91,0.05,0.02,1.8,-0.05,-0.02,-0.12,89.33,39.0,11479.17,476960.0,True,17
348,Rodon,DEF,30,8,0.0,0.0,9.4,21.9,0.69,2.85,10.24,0.05,0.02,1.84,-0.05,-0.02,-0.16,89.33,39.0,9693.0,486705.5,False,8
348,Rodon,DEF,31,6,0.17,0.0,13.43,20.92,2.94,3.53,9.74,0.05,0.02,1.59,-0.05,-0.02,-0.58,89.33,39.0,9584.33,496670.5,True,5
348,Rodon,DEF,33,1,0.34,0.0,15.28,19.31,4.08,3.36,9.07,0.04,0.03,1.44,-0.04,-0.03,-0.6,89.33,39.0,10583.17,509777.33,True,20
348,Rodon,DEF,33,0,0.4,0.0,16.51,18.44,4.83,4.03,8.46,0.05,0.03,1.1,-0.05,-0.03,-0.49,74.5,39.0,-3886.83,490088.5,False,4
348,Rodon,DEF,35,1,0.45,0.0,17.01,17.55,5.53,6.49,8.06,0.0,0.05,1.14,-0.0,-0.05,-0.24,67.0,39.0,-18930.0,468104.83,True,3
348,Rodon,DEF,36,1,0.44,0.22,16.18,18.53,8.16,10.64,7.54,0.03,0.05,0.81,-0.03,-0.05,0.08,67.67,39.0,-21038.0,446696.17,False,18
348,Rodon,DEF,37,6,0.44,0.44,15.07,19.77,11.35,14.41,7.76,0.04,0.06,0.9,-0.04,-0.06,-0.02,67.67,39.0,-20366.33,426302.83,True,6
348,Rodon,DEF,38,1,0.44,0.44,14.19,20.26,10.55,14.41,6.87,0.04,0.06,1.43,-0.04,-0.06,-0.55,67.67,39.0,-21631.33,404279.5,False,19
370,Frimpong,DEF,22,2,0.58,0.0,26.54,12.63,20.25,12.12,1.44,0.0,0.18,0.98,-0.0,0.69,-0.12,52.0,57.17,7162.17,705762.5,True,3
370,Frimpong,DEF,23,0,0.45,0.0,22.44,12.11,26.21,14.28,1.36,0.06,0.14,0.76,-0.06,0.54,0.14,66.17,57.17,48281.67,711691.33,False,4
370,Frimpong,DEF,28,4,0.42,0.0,20.96,13.26,25.67,13.98,1.91,0.06,0.14,0.75,-0.06,0.29,0.31,70.83,57.33,50155.67,763780.33,True,19
370,Frimpong,DEF,29,7,0.52,0.0,24.57,10.24,25.27,16.03,2.33,0.08,0.15,0.68,-0.08,0.37,0.35,58.0,57.33,39575.17,750056.33,False,20
370,Frimpong,DEF,30,6,0.54,0.0,25.71,10.23,23.44,15.54,1.88,0.09,0.14,0.57,-0.09,0.39,0.5,56.0,57.33,31811.0,728934.33,True,18
370,Frimpong,DEF,31,0,0.7,0.0,25.71,10.05,20.95,15.9,2.34,0.08,0.13,0.55,-0.08,0.1,0.15,64.17,57.33,30660.17,715122.0,False,6
370,Frimpong,DEF,32,6,0.5,0.25,23.19,12.45,27.13,16.13,3.28,0.08,0.15,0.85,-0.08,0.1,0.41,59.5,57.33,40408.0,726795.0,True,10
370,Frimpong,DEF,33,1,0.81,0.27,26.6,12.14,21.79,12.63,4.03,0.02,0.12,0.96,-0.02,0.15,0.12,55.83,57.17,12500.5,692758.83,False,9
370,Frimpong,DEF,34,1,0.95,0.32,28.94,11.07,23.31,11.45,3.82,0.01,0.12,0.93,-0.01,0.19,-0.3,47.17,57.0,11082.33,657347.33,True,8
370,Frimpong,DEF,35,1,0.9,0.3,22.13,8.97,18.93,11.36,3.29,0.02,0.08,1.1,-0.02,-0.08,-0.2,50.17,57.0,12345.67,671481.17,False,14
370,Frimpong,DEF,36,2,0.59,0.3,12.73,8.05,19.63,12.43,2.96,0.01,0.08,1.73,-0.01,-0.08,-0.25,50.67,57.0,7678.67,679824.5,True,7
370,Frimpong,DEF,38,1,0.27,0.27,7.07,8.05,18.95,16.04,2.18,0.02,0.07,1.57,-0.02,-0.07,0.07,55.17,57.0,4049.83,684415.5,True,5
371,Kerkez,DEF,4,0,0.38,0.38,14.69,18.08,1.58,0.0,9.04,0.0,0.0,0.84,0.0,-0.0,-0.09,79.67,60.0,-45752.67,646711.33,False,3
371,Kerkez,DEF,5,4,0.33,0.65,12.39,15.65,6.88,3.26,7.83,0.03,0.01,0.77,-0.03,-0.01,-0.11,69.0,60.0,-24711.75,662280.5,True,9
371,Kerkez,DEF,6,1,0.25,0.49,13.03,17.75,9.47,2.95,8.36,0.02,0.02,0.75,-0.02,-0.02,-0.01,73.2,59.8,-37043.4,654546.8,False,8
371,Kerkez,DEF,7,1,0.2,0.39,11.25,16.14,10.84,3.95,7.5,0.02,0.02,1.18,-0.02,-0.02,-0.19,76.0,59.67,-37631.0,643924.5,False,7
371,Kerkez,DEF,8,1,0.2,0.2,11.18,16.16,11.83,4.39,7.38,0.02,0.02,1.06,-0.02,-0.02,0.14,75.17,59.5,-45791.5,623266.33,True,14
371,Kerkez,DEF,9,6,0.2,0.2,11.97,14.85,15.29,5.59,6.59,0.02,0.03,1.14,-0.02,-0.03,0.06,75.17,59.17,-40741.67,598870.83,False,5
371,Kerkez,DEF,11,1,0.0,0.43,9.41,20.14,17.49,13.47,5.99,0.15,0.03,1.62,0.06,-0.03,0.3,70.17,58.83,-36622.83,573830.5,False,13
371,Kerkez,DEF,12,1,0.0,0.22,10.33,20.37,14.73,11.41,6.03,0.14,0.03,1.67,0.08,-0.03,0.49,69.67,58.33,-48877.67,525216.83,True,16
371,Kerkez,DEF,13,6,0.0,0.23,10.03,19.18,19.71,12.53,4.78,0.18,0.05,1.81,0.04,-0.05,0.69,65.83,58.0,-36578.17,489218.33,False,19
371,Kerkez,DEF,14,1,0.23,0.23,14.81,20.36,19.04,11.34,5.09,0.18,0.05,1.2,0.05,-0.05,0.88,64.83,57.67,-32108.83,456484.67,True,17
371,Kerkez,DEF,15,1,0.27,0.27,16.99,21.93,23.15,13.01,4.51,0.21,0.05,1.39,0.06,-0.05,0.74,56.5,57.33,-24398.67,431004.5,False,11
371,Kerkez,DEF,16,7,0.27,0.27,14.6,24.85,23.26,12.21,4.78,0.21,0.06,1.43,0.05,-0.06,0.96,56.5,57.17,-17729.0,411283.83,True,6
371,Kerkez,DEF,17,2,0.49,0.0,17.32,16.44,23.02,3.17,5.12,0.05,0.05,1.2,-0.05,-0.05,0.26,61.5,56.83,-14494.33,394548.17,False,18
371,Kerkez,DEF,18,2,0.42,0.0,17.15,19.52,21.39,4.02,6.14,0.04,0.04,1.21,-0.04,-0.04,0.06,70.83,56.67,-8785.67,386900.83,True,20
371,Kerkez,DEF,19,1,0.4,0.0,17.08,19.45,17.34,4.62,7.03,0.01,0.02,1.18,-0.01,-0.02,-0.18,74.67,56.5,-4652.83,384747.33,True,11
371,Kerkez,DEF,20,1,0.23,0.0,15.54,20.69,22.43,4.87,6.96,0.01,0.03,1.37,-0.01,-0.03,-0.21,64.67,56.33,-2209.83,383662.33,False,10
371,Kerkez,DEF,21,9,0.19,0.0,12.91,18.0,17.16,4.75,6.46,0.01,0.02,1.23,-0.01,-0.02,0.1,79.0,56.17,-2899.0,381294.67,False,1
371,Kerkez,DEF,22,1,0.38,0.0,18.42,16.9,14.03,4.18,6.65,0.01,0.02,1.05,-0.01,-0.02,-0.29,79.0,56.0,-2712.67,379126.0,True,3
371,Kerkez,DEF,23,0,0.2,0.2,17.38,18.78,27.1,5.86,5.86,0.01,0.04,0.77,-0.01,-0.04,0.21,76.83,56.0,1497.33,381417.0,False,4
371,Kerkez,DEF,24,5,0.22,0.22,16.01,17.26,30.18,6.06,5.41,0.01,0.04,0.75,-0.01,-0.04,0.55,69.33,56.0,927.83,382927.67,True,15
371,Kerkez,DEF,25,1,0.22,0.22,16.88,18.39,30.5,4.33,3.89,0.0,0.04,0.6,-0.0,0.18,0.7,69.33,56.0,-2371.0,379359.33,True,13
371,Kerkez,DEF,27,6,0.19,0.19,14.38,17.93,23.96,3.73,4.48,0.0,0.04,0.97,-0.0,0.15,0.52,80.33,56.0,-2679.17,376893.5,False,16
371,Kerkez,DEF,28,1,0.38,0.19,18.42,17.54,23.81,2.66,4.18,0.0,0.03,1.02,-0.0,0.16,0.12,79.0,56.0,-856.5,376883.17,True,19
371,Kerkez,DEF,29,6,0.19,0.19,13.48,16.25,23.85,3.42,3.8,0.0,0.03,1.26,-0.0,0.16,0.26,79.0,56.0,2731.33,380690.17,False,20
371,Kerkez,DEF,31,7,0.39,0.0,15.03,13.04,11.75,2.34,3.51,0.0,0.01,1.24,-0.0,0.18,0.13,76.83,56.0,1069.17,382400.17,False,6
371,Kerkez,DEF,33,1,0.37,0.0,17.23,17.49,9.38,4.58,3.48,0.1,0.01,1.41,0.09,0.17,-0.12,81.83,56.0,2186.33,386171.0,False,9
371,Kerkez,DEF,34,1,0.44,0.0,17.33,16.04,6.47,6.0,3.78,0.12,0.01,1.63,0.11,-0.01,-0.29,67.5,56.0,2094.67,389876.5,True,8
371,Kerkez,DEF,35,1,0.57,0.0,21.79,16.87,5.52,7.64,3.96,0.15,0.01,1.34,0.14,-0.01,-0.2,53.0,56.0,2505.67,394902.5,False,14
371,Kerkez,DEF,38,1,0.0,0.0,10.14,18.0,11.06,6.45,3.38,0.16,0.02,1.43,0.15,-0.02,1.03,48.83,56.0,-3797.33,393445.33,True,5
372,Robertson,DEF,11,0,0.38,0.0,22.5,23.87,38.44,17.92,6.1,0.08,0.2,0.98,-0.08,-0.2,0.17,47.2,58.6,-4409.0,122458.2,False,13
372,Robertson,DEF,12,1,0.31,0.0,17.63,21.15,31.73,14.54,5.88,0.06,0.17,1.2,-0.06,-0.17,0.35,48.5,58.5,-3638.83,121762.67,True,16
372,Robertson,DEF,13,1,0.32,0.0,20.04,23.92,36.48,14.31,6.04,0.07,0.19,1.16,-0.07,-0.19,0.11,47.17,58.17,-2842.67,121300.0,False,19
372,Robertson,DEF,16,1,0.31,0.0,16.99,15.73,16.58,3.46,5.66,0.03,0.08,1.0,-0.03,-0.08,0.26,47.67,58.0,-348.83,121840.0,True,6
372,Robertson,DEF,32,6,0.33,0.0,11.96,14.28,25.11,7.97,3.65,0.04,0.1,1.48,-0.04,-0.1,-0.15,45.17,57.0,23.67,128443.33,True,10
372,Robertson,DEF,33,2,0.57,0.0,17.66,15.09,21.42,11.39,4.27,0.13,0.08,1.08,-0.13,-0.08,-0.22,52.67,57.0,175.5,129120.83,False,9
372,Robertson,DEF,34,8,0.29,0.0,11.58,13.08,13.92,11.86,4.34,0.14,0.04,1.14,-0.14,-0.04,0.01,51.83,57.0,324.83,130018.5,True,8
372,Robertson,DEF,35,0,0.23,0.0,14.54,19.11,14.93,13.38,3.69,0.2,0.05,1.37,0.03,-0.05,-0.21,65.0,57.0,633.33,131655.5,False,14
372,Robertson,DEF,38,2,0.21,0.0,13.19,16.94,10.87,12.34,3.62,0.18,0.04,1.59,0.03,-0.04,-0.53,70.5,57.0,1075.17,133129.5,True,5
373,Virgil,DEF,4,8,0.33,0.0,16.67,39.73,1.63,9.0,14.67,0.06,0.01,1.04,-0.06,-0.01,0.29,90.0,60.0,-8766.0,2518776.67,False,3
373,Virgil,DEF,5,4,0.5,0.0,19.25,36.0,5.3,6.75,12.5,0.04,0.02,0.81,-0.04,-0.02,0.19,90.0,60.0,73255.0,2708148.75,True,9
373,Virgil,DEF,6,2,0.4,0.0,18.2,33.32,4.48,5.8,12.0,0.04,0.02,0.79,-0.04,-0.02,0.21,90.0,60.2,94973.2,2870834.6,False,8
373,Virgil,DEF,7,1,0.33,0.17,16.67,33.47,4.25,4.83,12.0,0.03,0.02,1.14,-0.03,-0.02,0.02,90.0,60.33,80560.5,2986635.83,False,7
373,Virgil,DEF,8,3,0.33,0.17,16.17,28.4,4.25,0.67,9.67,0.0,0.02,1.03,0.0,-0.02,0.14,90.0,60.5,57850.33,3191763.33,True,14
373,Virgil,DEF,9,3,0.33,0.17,16.33,28.03,4.7,4.5,9.67,0.04,0.02,1.1,-0.04,-0.02,0.07,90.0,60.67,25483.5,3310844.83,False,5
373,Virgil,DEF,10,5,0.17,0.17,12.67,27.73,6.35,5.5,11.0,0.04,0.02,1.47,-0.04,-0.02,0.19,90.0,60.67,6507.83,3388338.5,True,2
373,Virgil,DEF,11,1,0.17,0.33,12.0,27.37,3.93,5.5,11.0,0.04,0.02,1.52,-0.04,-0.02,0.15,90.0,60.67,-89162.5,3334190.0,False,13
373,Virgil,DEF,12,3,0.17,0.33,9.83,25.1,3.9,5.5,10.0,0.04,0.02,1.67,-0.04,-0.02,0.33,90.0,60.33,-140536.33,3220587.17,True,16
373,Virgil,DEF,13,6,0.17,0.17,9.67,25.03,7.6,6.33,9.83,0.04,0.02,1.45,-0.04,-0.02,0.72,90.0,60.17,-59245.67,3197540.5,False,19
373,Virgil,DEF,14,4,0.33,0.17,13.0,25.1,7.58,7.0,9.83,0.05,0.02,1.33,-0.05,-0.02,0.5,90.0,60.0,-53362.5,3150138.83,True,17
373,Virgil,DEF,15,2,0.33,0.17,13.17,24.83,9.48,4.33,9.17,0.03,0.02,1.17,-0.03,-0.02,0.49,90.0,59.83,-19797.83,3146785.67,False,11
373,Virgil,DEF,16,6,0.33,0.33,12.33,26.4,7.45,6.83,9.17,0.04,0.02,0.97,-0.04,-0.02,0.7,90.0,59.83,-12520.67,3143686.5,True,6
373,Virgil,DEF,17,2,0.33,0.17,12.67,26.43,7.32,6.83,9.33,0.04,0.02,1.22,-0.04,-0.02,0.45,90.0,59.67,-10512.67,3143309.5,False,18
373,Virgil,DEF,18,2,0.33,0.17,15.33,29.7,7.87,9.33,9.83,0.06,0.02,1.13,-0.06,-0.02,0.21,90.0,59.67,8659.33,3162644.0,True,20
373,Virgil,DEF,19,6,0.33,0.17,16.33,28.07,6.13,9.83,8.83,0.06,0.03,1.04,-0.06,-0.03,-0.04,90.0,59.5,-51820.33,3133752.67,True,11
373,Virgil,DEF,20,1,0.33,0.17,15.5,28.27,6.6,11.17,8.67,0.08,0.04,1.11,-0.08,-0.04,-0.11,90.0,59.33,-34630.0,3127525.0,False,10
373,Virgil,DEF,21,6,0.33,0.17,14.67,25.07,4.55,10.67,7.5,0.06,0.05,1.16,-0.06,-0.05,0.0,90.0,59.17,-50947.17,3084131.5,False,1
373,Virgil,DEF,22,2,0.5,0.0,18.5,20.6,4.78,6.83,5.33,0.04,0.05,1.01,-0.04,-0.05,-0.34,90.0,59.0,-66504.5,3026957.0,True,3
373,Virgil,DEF,23,9,0.33,0.0,16.17,21.0,7.25,7.5,5.33,0.04,0.06,0.76,-0.04,-0.06,0.08,90.0,59.0,-16796.0,3022958.0,False,4
373,Virgil,DEF,24,4,0.33,0.0,16.83,26.77,7.0,15.67,6.33,0.04,0.06,0.97,0.12,-0.06,0.2,90.0,59.0,-26370.5,3005351.67,True,15
373,Virgil,DEF,25,0,0.33,0.0,16.17,26.4,4.78,14.83,7.67,0.05,0.05,0.85,0.11,-0.05,0.31,90.0,59.0,-55894.83,2932106.33,True,13
373,Virgil,DEF,26,17,0.17,0.17,12.33,25.73,6.08,13.5,8.0,0.03,0.05,1.22,0.14,-0.05,0.28,90.0,59.0,-64088.17,2869906.67,False,17
373,Virgil,DEF,27,11,0.33,0.17,18.67,33.3,6.0,20.67,9.5,0.16,0.03,1.2,0.17,-0.03,-0.04,90.0,59.0,-58454.33,2816431.67,False,16
373,Virgil,DEF,28,7,0.33,0.17,20.17,35.4,5.88,26.83,10.17,0.18,0.03,1.31,0.15,0.14,-0.14,90.0,59.0,23308.67,2851310.5,True,19
373,Virgil,DEF,29,1,0.33,0.17,22.0,40.8,5.2,32.0,10.33,0.22,0.04,1.55,0.28,0.13,-0.22,90.0,59.17,127199.33,2988276.0,False,20
373,Virgil,DEF,30,2,0.33,0.17,19.5,34.2,7.23,25.33,9.0,0.27,0.07,1.23,0.07,0.1,-0.07,90.0,59.5,214630.83,3215413.83,True,18
373,Virgil,DEF,31,3,0.33,0.17,20.0,35.3,9.33,25.83,8.17,0.26,0.08,1.37,0.08,0.09,-0.2,90.0,60.0,241170.17,3464616.83,False,6
373,Virgil,DEF,32,9,0.33,0.0,20.67,36.53,7.72,26.5,8.83,0.26,0.07,1.24,0.08,0.09,-0.08,90.0,60.67,289857.67,3851492.5,True,10
373,Virgil,DEF,33,8,0.33,0.0,17.83,32.6,7.93,20.83,8.83,0.15,0.08,1.31,0.02,0.09,-0.15,90.0,61.33,255463.17,4114947.17,False,9
373,Virgil,DEF,34,4,0.17,0.0,16.67,36.83,7.68,20.17,9.0,0.16,0.07,1.25,0.17,-0.07,0.09,90.0,62.0,183016.17,4254588.67,True,8
373,Virgil,DEF,35,1,0.17,0.0,15.17,30.43,5.87,14.33,9.33,0.13,0.05,1.31,0.03,-0.05,-0.15,90.0,62.33,110233.0,4461023.67,False,14
373,Virgil,DEF,36,2,0.17,0.0,15.0,30.87,3.88,12.83,10.0,0.06,0.02,1.63,0.1,-0.02,-0.3,90.0,62.5,2742.33,4462561.83,True,7
373,Virgil,DEF,37,14,0.17,0.0,13.83,27.97,1.65,13.17,9.5,0.11,0.01,1.52,0.06,-0.01,-0.18,90.0,62.33,-47586.0,4415172.83,False,2
373,Virgil,DEF,38,2,0.17,0.0,17.5,38.93,1.67,18.5,9.17,0.18,0.01,1.46,0.32,-0.01,0.2,90.0,62.0,-107940.67,4220657.83,True,5
374,Konaté,DEF,4,9,0.35,0.35,12.91,17.72,0.84,0.0,6.28,0.0,0.0,1.06,0.0,-0.0,0.34,86.0,55.0,-16266.33,301037.67,False,3
374,Konaté,DEF,5,4,0.52,0.26,17.27,18.73,7.61,2.35,6.54,0.13,0.02,0.83,-0.13,-0.02,0.22,86.0,55.0,-8582.75,313398.75,True,9
374,Konaté,DEF,6,3,0.41,0.21,15.55,20.53,6.18,2.9,7.47,0.11,0.01,0.8,-0.11,-0.01,0.24,86.8,55.0,458.6,330963.2,False,8
374,Konaté,DEF,7,1,0.36,0.36,15.8,22.51,7.74,3.2,8.88,0.11,0.02,1.08,-0.11,-0.02,-0.01,84.5,55.0,2527.67,345947.17,False,7
374,Konaté,DEF,8,3,0.38,0.38,17.73,21.62,8.29,3.43,8.96,0.11,0.02,0.86,-0.11,-0.02,0.1,78.67,55.0,1595.67,369921.0,True,14
374,Konaté,DEF,9,3,0.38,0.19,18.88,25.36,10.87,4.77,9.92,0.12,0.06,0.94,-0.12,-0.06,0.02,78.67,55.0,-7237.83,375705.0,False,5
374,Konaté,DEF,10,8,0.19,0.19,15.06,26.44,12.64,5.39,10.6,0.11,0.06,1.35,-0.11,-0.06,0.14,80.67,54.83,-4038.83,381663.33,True,2
374,Konaté,DEF,11,1,0.18,0.18,13.46,25.16,7.95,4.43,11.43,0.05,0.05,1.39,-0.05,-0.05,0.08,81.33,54.67,-9040.33,378849.83,False,13
374,Konaté,DEF,12,0,0.18,0.18,12.36,23.98,7.99,3.5,10.7,0.04,0.05,1.56,-0.04,-0.05,0.29,81.33,54.5,-16077.17,367143.5,True,16
374,Konaté,DEF,13,8,0.19,0.0,10.36,21.3,5.81,2.88,9.02,0.03,0.04,1.33,-0.03,-0.04,0.78,78.17,54.33,-9483.5,363138.67,False,19
374,Konaté,DEF,14,4,0.36,0.0,12.68,23.82,5.52,2.68,10.0,0.02,0.04,1.26,-0.02,-0.04,0.52,84.0,54.17,-11637.17,353662.67,True,17
374,Konaté,DEF,15,1,0.36,0.0,14.11,22.68,3.39,4.46,10.0,0.03,0.01,1.1,-0.03,-0.01,0.51,84.0,54.0,2138.17,359562.67,False,11
374,Konaté,DEF,16,9,0.36,0.0,13.39,20.96,1.61,6.79,9.64,0.04,0.01,0.88,-0.04,-0.01,0.73,84.0,54.0,2585.67,364597.83,True,6
374,Konaté,DEF,17,1,0.36,0.18,15.0,24.79,1.5,6.07,10.36,0.01,0.01,1.14,-0.01,-0.01,0.47,84.0,54.0,1723.83,368689.17,False,18
374,Konaté,DEF,18,2,0.36,0.36,15.36,24.79,1.75,6.43,10.36,0.01,0.01,1.05,-0.01,-0.01,0.2,84.0,54.0,6301.33,377346.5,True,20
374,Konaté,DEF,19,7,0.33,0.33,15.83,24.83,1.82,6.33,9.83,0.01,0.01,1.04,-0.01,-0.01,-0.04,90.0,54.0,8814.5,393023.17,True,11
374,Konaté,DEF,20,1,0.33,0.33,16.0,23.47,3.27,6.33,9.17,0.01,0.05,1.11,-0.01,-0.05,-0.11,90.0,54.0,12454.17,408760.33,False,10
374,Konaté,DEF,21,7,0.33,0.33,14.5,22.47,3.33,3.5,8.17,0.01,0.05,1.16,-0.01,-0.05,0.0,90.0,54.0,9819.17,419728.67,False,1
374,Konaté,DEF,22,2,0.5,0.5,18.33,24.33,3.33,0.67,8.5,0.0,0.05,1.01,0.0,-0.05,-0.34,90.0,54.0,5502.17,426394.0,True,3
374,Konaté,DEF,24,11,0.33,0.33,15.33,21.9,4.48,1.0,7.0,0.0,0.07,0.76,0.0,-0.07,0.08,90.0,54.0,14105.17,442628.17,True,15
374,Konaté,DEF,25,1,0.33,0.17,19.33,27.67,4.22,4.33,8.0,0.04,0.07,0.64,0.13,-0.07,0.19,90.0,54.0,3908.17,439558.67,True,13
374,Konaté,DEF,26,6,0.33,0.17,19.17,27.57,4.1,4.0,8.83,0.04,0.07,0.94,0.13,-0.07,0.05,90.0,54.0,-5469.67,421043.67,False,17
374,Konaté,DEF,27,9,0.33,0.17,18.83,27.07,4.48,4.17,8.67,0.04,0.03,0.94,0.13,-0.03,0.06,90.0,54.0,-5333.5,408663.0,False,16
374,Konaté,DEF,28,1,0.5,0.17,22.5,28.4,5.95,4.17,9.83,0.04,0.03,1.01,0.13,-0.03,-0.34,90.0,54.0,2087.83,404673.33,True,19
374,Konaté,DEF,29,2,0.33,0.0,20.0,27.57,5.78,4.17,9.67,0.04,0.03,1.23,0.13,-0.03,-0.23,90.0,54.0,24924.33,425025.17,False,20
374,Konaté,DEF,31,0,0.34,0.0,20.97,27.2,5.35,3.92,9.38,0.04,0.02,1.24,0.13,-0.02,-0.21,88.0,54.17,24656.33,443200.33,False,6
374,Konaté,DEF,32,6,0.35,0.18,17.33,20.7,5.59,0.18,8.58,0.0,0.02,1.55,-0.0,-0.02,-0.33,85.67,54.33,33247.0,478943.5,True,10
374,Konaté,DEF,33,4,0.53,0.18,19.96,19.16,5.76,0.18,7.53,0.0,0.02,1.22,-0.0,-0.02,-0.35,85.67,54.5,26363.67,506289.67,False,9
374,Konaté,DEF,34,4,0.35,0.18,18.91,21.01,3.76,0.0,8.58,0.0,0.01,1.25,0.0,-0.01,-0.2,85.67,54.67,22262.67,525605.67,True,8
374,Konaté,DEF,35,1,0.18,0.18,17.68,20.94,1.84,0.0,8.23,0.0,0.01,1.44,0.0,-0.01,-0.21,85.67,54.83,21536.67,552250.67,False,14
374,Konaté,DEF,36,2,0.18,0.18,16.24,21.04,2.1,0.0,7.59,0.0,0.01,1.52,0.0,-0.01,-0.11,85.0,55.0,-860.0,550709.5,True,7
374,Konaté,DEF,37,0,0.18,0.18,14.88,19.98,1.36,0.0,7.44,0.0,0.01,1.56,0.0,-0.01,-0.14,84.67,55.0,-9401.0,541182.33,False,2
374,Konaté,DEF,38,1,0.17,0.0,13.62,19.55,1.36,0.34,6.9,0.0,0.01,1.5,0.0,-0.01,0.23,87.0,54.83,-13787.5,527179.5,True,5
375,Bradley,DEF,6,1,0.0,1.24,3.1,10.68,8.38,11.17,4.97,0.04,0.08,0.54,-0.04,-0.08,0.7,48.33,50.0,-1495.33,13395.33,False,8
375,Bradley,DEF,7,0,0.0,0.95,5.68,13.36,10.28,8.53,5.68,0.03,0.07,1.39,-0.03,-0.07,0.03,47.5,50.0,-911.25,14137.0,False,7
375,Bradley,DEF,8,2,0.0,1.15,1.91,10.8,9.96,6.89,5.36,0.02,0.05,1.17,-0.02,-0.05,0.36,47.0,50.0,-702.8,14746.8,True,14
375,Bradley,DEF,9,4,0.0,0.91,3.65,11.07,12.8,6.69,4.86,0.02,0.05,1.14,-0.02,-0.05,0.38,49.33,50.0,-615.83,15291.0,False,5
375,Bradley,DEF,10,6,0.0,0.52,7.26,11.98,11.41,5.19,5.19,0.02,0.05,1.55,-0.02,0.21,0.27,57.83,50.0,409.5,17038.67,True,2
375,Bradley,DEF,11,0,0.23,0.23,10.1,10.38,8.61,3.67,4.82,0.01,0.04,1.46,-0.01,0.19,0.15,65.33,50.0,513.33,18360.0,False,13
375,Bradley,DEF,15,5,0.23,0.47,10.08,13.69,11.55,3.52,5.62,0.0,0.09,1.69,-0.0,0.14,0.42,64.0,50.0,1459.83,20736.5,False,11
375,Bradley,DEF,17,1,0.44,0.67,13.52,12.59,12.83,4.66,5.32,0.0,0.12,1.2,-0.0,0.1,0.57,67.67,50.0,1044.83,21928.33,False,18
375,Bradley,DEF,18,1,0.44,0.44,15.96,13.79,12.28,5.1,5.32,0.0,0.13,1.29,-0.0,0.09,0.26,67.67,50.0,1865.5,23634.0,True,20
375,Bradley,DEF,19,6,0.48,0.48,18.05,15.64,9.67,4.57,6.74,0.0,0.13,1.28,-0.0,0.11,0.17,62.33,50.0,1694.67,24884.0,True,11
375,Bradley,DEF,20,8,0.69,0.46,20.49,12.38,9.28,8.06,5.75,0.02,0.12,0.79,-0.02,-0.12,-0.1,65.17,50.0,1311.5,25764.33,False,10
375,Bradley,DEF,21,6,0.46,0.46,20.72,19.52,12.52,7.37,7.6,0.02,0.13,0.87,-0.02,0.1,0.28,65.17,50.0,1499.83,26783.67,False,1
402,Aït-Nouri,DEF,10,1,0.45,0.45,15.15,19.16,11.9,3.12,10.25,0.02,0.21,1.31,-0.02,-0.21,-0.42,67.33,60.0,-84558.67,2160390.0,True,4
402,Aït-Nouri,DEF,16,1,0.44,0.44,16.85,19.51,12.19,3.1,10.2,0.02,0.21,1.31,-0.02,-0.21,-0.43,50.75,59.5,-67496.25,1772430.5,False,8
402,Aït-Nouri,DEF,28,11,0.26,0.0,17.74,13.06,10.31,8.23,6.17,0.07,0.06,1.03,-0.07,-0.06,-0.25,58.33,57.0,-890.83,494885.83,False,11
402,Aït-Nouri,DEF,29,4,0.41,0.21,21.53,15.5,10.23,8.0,5.74,0.07,0.16,1.12,-0.07,0.05,-0.51,73.17,57.0,2810.33,491116.33,True,16
402,Aït-Nouri,DEF,30,1,0.36,0.18,22.46,18.53,14.9,6.59,5.52,0.06,0.18,1.09,-0.06,0.18,-0.2,84.17,57.0,12620.0,506439.33,False,19
402,Aït-Nouri,DEF,32,1,0.36,0.18,24.18,20.98,18.45,8.18,5.64,0.06,0.2,1.11,-0.06,0.17,-0.2,82.5,57.0,15765.83,523422.5,False,7
402,Aït-Nouri,DEF,33,8,0.42,0.21,24.85,22.97,20.8,4.59,5.85,0.02,0.21,1.21,-0.02,0.2,-0.37,71.83,57.0,15714.5,537378.33,False,3
402,Aït-Nouri,DEF,36,6,0.44,0.22,25.33,22.8,27.16,7.33,4.67,0.04,0.23,1.09,-0.04,0.22,-0.2,67.5,57.0,13903.0,548907.5,True,8
402,Aït-Nouri,DEF,38,1,0.67,0.22,28.22,21.24,32.96,10.89,3.78,0.05,0.28,1.1,-0.05,0.17,-0.43,67.5,57.0,11143.67,555194.83,True,2
403,Gvardiol,DEF,7,12,0.36,0.0,18.8,23.49,9.29,1.45,8.31,0.01,0.07,1.04,-0.01,-0.07,-0.32,83.0,58.0,45329.67,452523.33,False,5
403,Gvardiol,DEF,9,2,0.53,0.0,24.69,28.25,10.62,5.58,7.96,0.03,0.06,0.98,-0.03,0.2,-0.45,84.75,58.0,39086.5,494964.0,False,2
403,Gvardiol,DEF,10,2,0.42,0.0,20.77,23.29,9.5,6.5,6.92,0.04,0.06,0.95,-0.04,0.15,-0.32,85.8,58.2,21332.4,535115.4,True,4
403,Gvardiol,DEF,11,6,0.35,0.0,18.9,21.68,8.03,5.38,6.59,0.03,0.05,0.91,-0.03,0.12,-0.22,86.5,58.33,12787.0,557884.33,True,12
403,Gvardiol,DEF,12,1,0.35,0.0,19.6,21.47,8.01,5.72,6.94,0.03,0.05,0.77,-0.03,0.12,-0.08,86.5,58.33,16628.67,603765.17,False,15
403,Gvardiol,DEF,13,6,0.35,0.0,18.21,19.21,9.42,6.07,5.55,0.03,0.06,0.99,-0.03,0.12,-0.12,86.5,58.33,14351.17,645917.5,True,11
403,Gvardiol,DEF,14,0,0.33,0.17,17.33,20.87,7.4,13.17,5.0,0.15,0.05,1.14,0.02,0.12,-0.14,90.0,58.33,-6013.67,664951.0,False,10
403,Gvardiol,DEF,15,12,0.17,0.17,11.67,17.03,5.22,10.67,5.17,0.14,0.05,1.16,0.03,-0.05,0.51,90.0,58.33,-4200.17,685502.33,True,17
403,Gvardiol,DEF,16,8,0.35,0.35,17.51,25.04,5.1,15.09,5.55,0.16,0.04,1.18,0.18,-0.04,0.38,86.5,58.17,4265.33,694838.33,False,8
403,Gvardiol,DEF,17,6,0.52,0.35,20.64,26.39,5.39,18.38,6.42,0.17,0.05,1.38,0.17,-0.05,0.01,86.5,58.17,48653.33,749287.33,True,19
403,Gvardiol,DEF,18,8,0.52,0.35,19.94,26.64,5.93,20.64,6.42,0.23,0.05,1.42,0.11,-0.05,-0.04,86.5,58.5,75359.5,831840.83,False,16
403,Gvardiol,DEF,19,1,0.52,0.35,22.89,32.05,7.2,20.64,7.63,0.23,0.05,1.13,0.11,0.12,0.08,86.5,58.83,81531.17,919676.67,False,17
403,Gvardiol,DEF,20,1,0.58,0.19,23.77,29.49,5.55,21.43,8.38,0.24,0.02,0.99,-0.05,0.17,-0.01,77.0,59.17,89627.67,1017858.5,True,7
403,Gvardiol,DEF,36,1,0.64,0.21,27.3,31.14,7.12,23.03,8.1,0.27,0.03,0.99,-0.05,0.19,-0.78,70.33,59.67,82550.67,1104123.17,True,8
403,Gvardiol,DEF,38,1,0.44,0.0,21.95,24.06,7.53,21.95,8.12,0.25,0.04,0.97,-0.25,0.18,-0.75,68.33,59.67,82137.67,1048160.67,True,2
405,Aké,DEF,25,1,0.32,0.32,19.47,17.94,18.57,3.83,7.02,0.0,0.09,1.74,0.0,-0.09,-0.46,47.0,53.0,203.67,76305.17,False,12
406,Khusanov,DEF,5,1,0.49,0.49,20.77,18.59,2.18,0.0,9.4,0.0,0.01,1.37,0.0,-0.01,-0.88,60.67,54.33,-2945.0,36580.33,False,1
406,Khusanov,DEF,17,1,0.4,0.4,18.24,16.81,2.06,0.0,8.72,0.0,0.01,1.24,0.0,-0.01,-0.84,56.75,54.25,73.75,40420.0,True,19
406,Khusanov,DEF,20,1,0.36,0.36,20.52,16.7,3.13,0.0,8.28,0.0,0.01,1.19,0.0,-0.01,-0.83,50.0,54.2,25.0,39067.2,True,7
406,Khusanov,DEF,21,2,0.31,0.31,18.37,16.94,2.8,0.0,8.41,0.0,0.01,1.42,0.0,-0.01,-0.79,48.17,54.17,2.33,38173.83,True,6
406,Khusanov,DEF,22,3,0.24,0.24,16.5,16.16,2.89,0.0,7.52,0.0,0.01,1.37,0.0,-0.01,-0.64,61.83,54.0,338.33,38546.0,False,14
406,Khusanov,DEF,23,6,0.24,0.0,17.9,18.86,3.89,0.0,9.55,0.0,0.01,1.6,0.0,-0.01,-0.65,62.83,54.0,1814.0,38863.67,True,20
406,Khusanov,DEF,24,0,0.24,0.0,17.9,17.81,6.21,0.0,8.12,0.0,0.02,1.39,0.0,-0.02,-0.43,62.83,54.0,3403.17,40490.5,False,18
406,Khusanov,DEF,25,6,0.21,0.21,17.06,19.28,5.82,0.0,8.53,0.0,0.02,1.39,0.0,-0.02,-0.11,70.33,54.0,1733.83,39579.5,False,12
406,Khusanov,DEF,26,1,0.39,0.2,17.25,17.37,4.75,0.78,8.24,0.06,0.01,1.41,-0.06,-0.01,-0.23,76.5,54.0,1686.5,41744.33,True,10
406,Khusanov,DEF,27,1,0.4,0.2,18.4,17.44,4.94,0.8,8.4,0.06,0.01,1.31,-0.06,-0.01,-0.31,75.0,54.0,1449.67,43706.67,True,15
406,Khusanov,DEF,29,1,0.44,0.22,18.22,18.22,4.93,0.89,9.11,0.07,0.01,1.26,-0.07,-0.01,-0.37,67.5,54.0,1191.33,45479.17,True,16
406,Khusanov,DEF,30,2,0.55,0.27,18.93,15.59,4.64,1.1,7.13,0.08,0.01,0.98,-0.08,-0.01,-0.43,54.67,54.0,461.0,46459.17,False,19
406,Khusanov,DEF,32,6,0.27,0.27,15.64,17.23,4.99,2.74,7.68,0.12,0.01,0.96,-0.12,-0.01,-0.13,54.67,54.0,-652.5,46212.5,False,7
406,Khusanov,DEF,33,4,0.55,0.0,20.03,16.79,10.7,3.02,6.31,0.13,0.02,0.98,-0.13,-0.02,-0.71,54.67,54.0,451.5,47355.67,True,1
406,Khusanov,DEF,33,11,0.25,0.0,18.1,21.92,16.09,3.27,7.79,0.07,0.04,1.1,-0.07,-0.04,-0.59,59.67,54.0,2971.33,51379.67,False,3
406,Khusanov,DEF,35,3,0.43,0.0,21.1,22.61,14.28,3.23,7.97,0.06,0.06,0.94,-0.06,-0.06,-0.51,69.67,54.0,5670.83,55597.67,False,9
406,Khusanov,DEF,36,6,0.39,0.0,19.83,24.61,13.24,3.11,8.36,0.06,0.06,1.33,-0.06,-0.06,-0.36,77.17,54.0,7610.0,61879.67,True,8
406,Khusanov,DEF,37,2,0.5,0.0,20.67,22.53,12.35,2.83,7.83,0.05,0.05,1.23,-0.05,-0.05,-0.39,90.0,54.0,9827.33,70525.67,False,4
407,Matheus N.,DEF,6,12,0.0,0.0,10.0,15.29,4.29,0.0,10.0,0.0,0.01,1.18,0.0,-0.01,-0.01,51.0,54.0,-3980.0,40537.67,True,3
407,Matheus N.,DEF,7,5,0.0,0.0,18.52,28.37,7.44,8.15,7.78,0.07,0.02,0.9,0.3,0.35,0.21,60.75,53.75,-3042.75,39108.75,False,5
407,Matheus N.,DEF,8,7,0.27,0.27,20.54,24.97,7.68,5.95,6.76,0.05,0.02,0.88,0.22,0.25,-0.07,66.6,53.6,1042.2,42409.2,True,9
407,Matheus N.,DEF,9,2,0.43,0.21,22.98,24.13,13.62,4.89,6.6,0.04,0.06,0.86,0.17,0.15,-0.23,70.5,53.5,2614.33,46633.83,False,2
407,Matheus N.,DEF,10,2,0.37,0.18,21.9,23.34,13.1,4.42,6.26,0.04,0.06,0.86,0.14,0.13,-0.12,81.5,53.17,6031.67,53770.17,True,4
407,Matheus N.,DEF,11,13,0.36,0.18,22.91,23.2,12.56,4.73,5.82,0.04,0.06,0.76,0.14,0.13,-0.03,82.5,53.0,8161.5,63474.17,True,12
407,Matheus N.,DEF,12,1,0.5,0.17,26.83,25.4,13.43,4.33,6.0,0.04,0.05,0.72,0.13,0.28,-0.22,90.0,53.0,7722.17,72741.83,False,15
407,Matheus N.,DEF,13,3,0.5,0.17,23.17,20.33,14.27,1.0,6.83,0.01,0.06,1.02,-0.01,0.11,-0.35,90.0,53.0,12873.67,87936.5,True,11
407,Matheus N.,DEF,14,2,0.33,0.17,20.0,21.6,15.6,1.67,6.83,0.01,0.1,1.14,-0.01,0.24,-0.14,90.0,53.0,15924.33,108224.0,False,10
407,Matheus N.,DEF,15,6,0.17,0.17,15.5,22.0,12.72,1.83,7.67,0.0,0.08,1.16,-0.0,0.25,0.51,90.0,53.0,15113.83,124504.67,True,17
407,Matheus N.,DEF,16,11,0.33,0.17,18.17,22.7,12.62,2.33,7.5,0.0,0.09,1.14,0.0,0.25,0.36,90.0,53.0,12624.0,138016.17,False,8
407,Matheus N.,DEF,17,8,0.5,0.17,23.33,27.0,15.88,2.0,8.17,0.0,0.11,1.33,0.0,0.4,0.0,90.0,53.0,11628.33,150065.17,True,19
407,Matheus N.,DEF,18,4,0.5,0.17,22.33,25.73,15.8,3.0,7.67,0.0,0.11,1.38,0.0,0.22,-0.04,90.0,53.17,24588.0,177135.33,False,16
407,Matheus N.,DEF,19,11,0.5,0.17,23.83,27.27,16.53,3.33,8.0,0.0,0.11,1.1,-0.0,0.22,0.07,90.0,53.33,27660.5,208207.0,False,17
407,Matheus N.,DEF,20,1,0.67,0.0,28.67,28.7,17.62,3.0,9.17,0.0,0.08,0.97,-0.0,0.09,-0.14,90.0,53.5,25212.0,232167.5,True,7
407,Matheus N.,DEF,21,2,0.67,0.17,30.17,27.33,15.68,2.67,8.33,0.0,0.06,1.11,-0.0,0.11,-0.78,90.0,53.67,37525.0,271413.5,True,6
407,Matheus N.,DEF,23,11,0.52,0.17,27.24,26.0,15.48,2.41,8.28,0.0,0.06,1.23,-0.0,0.12,-0.71,87.0,54.0,61314.67,335702.33,True,20
407,Matheus N.,DEF,24,1,0.52,0.34,25.69,23.97,14.91,2.76,7.41,0.0,0.06,1.01,-0.0,0.11,-0.49,87.0,54.33,34180.83,376288.67,False,18
407,Matheus N.,DEF,25,5,0.34,0.34,21.03,21.38,15.14,1.72,6.55,0.0,0.06,1.02,-0.0,0.12,-0.16,87.0,54.33,23751.17,405703.33,False,12
407,Matheus N.,DEF,26,4,0.34,0.34,22.24,19.62,14.9,1.38,5.86,0.0,0.06,1.13,0.0,0.29,-0.27,87.0,54.33,11739.83,420656.83,True,10
407,Matheus N.,DEF,27,2,0.18,0.37,19.61,15.98,14.52,1.47,4.4,0.0,0.05,1.2,0.0,0.5,-0.29,81.83,54.33,9721.17,436919.0,True,15
407,Matheus N.,DEF,28,8,0.18,0.18,19.25,15.87,15.47,1.47,3.67,0.0,0.05,1.0,0.0,0.49,-0.08,81.83,54.33,-1567.33,441705.5,False,11
407,Matheus N.,DEF,29,1,0.35,0.18,23.69,20.48,24.91,1.77,4.24,0.0,0.1,1.02,0.0,0.43,-0.32,84.83,54.17,-29098.17,417311.5,True,16
407,Matheus N.,DEF,30,2,0.18,0.0,18.21,18.35,26.7,3.89,4.07,0.0,0.08,1.09,0.0,0.27,-0.03,84.83,54.0,5207.17,425650.17,False,19
407,Matheus N.,DEF,32,6,0.18,0.0,18.92,18.07,26.29,10.43,4.07,0.02,0.09,1.0,-0.02,0.27,-0.11,84.83,54.0,2734.33,429479.0,False,7
407,Matheus N.,DEF,33,5,0.35,0.0,19.98,18.6,29.67,10.43,3.54,0.02,0.11,0.98,-0.02,0.07,-0.28,84.83,53.83,6347.5,427445.0,True,1
407,Matheus N.,DEF,33,6,0.33,0.0,20.33,21.93,27.68,9.83,4.0,0.02,0.11,1.06,-0.02,0.06,-0.23,90.0,53.67,8446.67,427983.83,False,3
407,Matheus N.,DEF,35,1,0.5,0.0,23.0,23.27,28.63,10.17,4.5,0.02,0.11,1.06,-0.02,0.06,-0.4,90.0,53.5,10066.5,426695.33,False,9
407,Matheus N.,DEF,36,5,0.33,0.0,17.5,20.0,19.75,10.83,4.67,0.02,0.08,1.28,-0.02,0.09,-0.11,90.0,53.33,13215.67,421919.67,True,5
407,Matheus N.,DEF,36,1,0.5,0.17,20.83,21.13,18.87,8.5,5.5,0.02,0.07,1.15,-0.02,0.1,-0.32,90.0,53.17,7163.0,409589.33,True,8
407,Matheus N.,DEF,37,2,0.53,0.18,21.83,21.8,21.66,2.84,5.5,0.0,0.07,1.21,0.0,0.11,-0.5,84.5,53.0,9130.5,399140.67,False,4
408,Rúben,DEF,4,6,0.49,0.0,14.59,22.09,1.65,0.97,5.84,0.0,0.04,1.35,0.0,-0.04,0.11,61.67,55.0,14456.33,392940.67,True,14
408,Rúben,DEF,5,2,0.65,0.0,18.0,19.44,1.41,0.65,6.22,0.0,0.03,1.4,0.0,-0.03,-0.42,68.75,55.0,903.0,409673.0,False,1
408,Rúben,DEF,6,2,0.49,0.0,14.79,16.87,1.23,0.49,6.16,0.0,0.02,1.29,0.0,-0.02,-0.31,73.0,55.0,-550.6,421056.8,True,3
408,Rúben,DEF,7,9,0.4,0.0,14.44,16.77,1.88,0.4,6.13,0.0,0.03,1.12,0.0,-0.03,-0.13,75.83,55.0,5977.33,437977.67,False,5
408,Rúben,DEF,8,6,0.4,0.0,15.63,17.88,2.97,0.0,7.52,0.0,0.02,1.17,0.0,-0.02,-0.18,75.83,55.0,4690.33,476799.5,True,9
408,Rúben,DEF,9,4,0.59,0.0,20.57,19.82,3.24,0.0,7.71,0.0,0.02,1.11,0.0,-0.02,-0.52,75.83,55.0,3082.83,498479.17,False,2
408,Rúben,DEF,10,2,0.5,0.0,19.83,22.37,4.93,1.67,8.33,0.02,0.02,0.89,-0.02,-0.02,-0.39,90.0,55.0,1762.67,509558.83,True,4
408,Rúben,DEF,11,6,0.33,0.0,17.67,22.67,4.92,2.0,8.5,0.02,0.02,0.76,-0.02,-0.02,-0.09,90.0,55.0,8861.17,526845.67,True,12
408,Rúben,DEF,12,7,0.5,0.0,22.0,23.7,4.98,2.0,8.67,0.02,0.02,0.72,-0.02,-0.02,-0.22,90.0,55.0,5986.33,539069.0,False,15
408,Rúben,DEF,13,1,0.5,0.0,23.83,30.2,7.27,4.83,8.33,0.04,0.03,1.02,0.13,-0.03,-0.35,90.0,55.0,1747.17,545428.5,True,11
408,Rúben,DEF,14,0,0.33,0.0,18.83,27.1,6.7,5.0,6.67,0.04,0.03,1.14,0.13,-0.03,-0.14,90.0,55.0,20135.5,575512.17,False,10
408,Rúben,DEF,15,14,0.17,0.0,14.0,25.47,6.42,5.0,6.67,0.04,0.03,1.15,0.13,-0.03,0.51,90.0,55.17,16412.33,595435.67,True,17
408,Rúben,DEF,16,8,0.33,0.0,19.0,28.4,6.95,5.33,6.0,0.03,0.03,1.14,0.3,-0.03,0.36,90.0,55.33,9810.67,608090.0,False,8
408,Rúben,DEF,17,6,0.5,0.0,22.0,32.3,7.22,5.0,6.83,0.03,0.03,1.33,0.3,-0.03,0.0,90.0,55.5,27650.0,639781.33,True,19
408,Rúben,DEF,18,3,0.5,0.0,21.0,32.3,7.22,7.83,5.83,0.05,0.03,1.38,0.28,-0.03,-0.04,90.0,55.83,52242.83,698455.17,False,16
408,Rúben,DEF,19,6,0.5,0.17,18.5,27.2,4.73,5.0,6.83,0.03,0.02,1.1,0.13,-0.02,0.07,90.0,56.17,58803.83,761820.33,False,17
408,Rúben,DEF,20,5,0.67,0.17,23.17,29.0,5.15,4.83,8.0,0.03,0.02,0.97,0.14,-0.02,-0.14,90.0,56.5,42986.5,802265.17,True,7
408,Rúben,DEF,25,1,0.85,0.34,27.34,28.05,5.71,10.53,7.13,0.04,0.02,0.93,0.13,-0.02,-0.76,88.33,56.67,43897.0,849614.67,False,12
408,Rúben,DEF,26,6,0.77,0.38,22.07,21.72,3.43,9.79,7.1,0.04,0.02,0.99,-0.04,-0.02,-0.61,78.17,56.5,45697.83,815217.0,True,10
408,Rúben,DEF,27,0,0.77,0.38,21.88,19.8,3.47,9.79,6.14,0.04,0.02,0.9,-0.04,-0.02,-0.52,78.17,56.33,27380.83,760804.83,True,15
408,Rúben,DEF,28,9,0.64,0.64,18.89,19.32,3.88,7.22,7.22,0.02,0.02,0.86,-0.02,-0.02,-0.22,70.67,56.0,7432.67,684335.83,False,11
408,Rúben,DEF,29,1,0.85,0.42,23.99,20.93,8.19,7.43,8.07,0.03,0.02,1.06,-0.03,-0.02,-0.63,70.67,55.67,-1523.83,599624.67,True,16
408,Rúben,DEF,38,1,0.64,0.42,19.1,21.35,10.97,7.43,7.22,0.03,0.04,1.09,-0.03,-0.04,-0.24,70.67,55.33,-1384.5,517336.5,True,2
409,Stones,DEF,5,1,0.34,0.0,15.17,18.55,2.0,0.0,4.83,0.0,0.01,1.34,0.0,-0.01,0.04,87.0,55.0,4675.33,95499.0,False,1
409,Stones,DEF,9,2,0.34,0.0,14.66,18.34,1.98,0.68,4.77,0.0,0.01,1.38,0.0,-0.01,0.33,66.0,55.0,-2510.0,95737.75,False,2
409,Stones,DEF,13,1,0.28,0.0,12.78,19.33,5.36,0.56,4.72,0.0,0.02,1.27,0.0,-0.02,0.39,64.8,55.0,-2549.0,94636.8,True,11
409,Stones,DEF,14,0,0.28,0.0,13.57,19.33,5.34,0.55,4.71,0.0,0.02,1.27,0.0,-0.02,0.39,54.17,54.83,-2190.0,93670.33,False,10
409,Stones,DEF,36,1,0.0,0.0,5.67,20.73,5.8,0.67,5.67,0.0,0.02,1.53,0.0,-0.02,1.14,45.0,54.67,-2290.5,98677.83,True,8
410,Lewis,DEF,6,1,0.56,0.0,24.75,26.1,15.86,7.31,6.75,0.01,0.38,1.45,-0.01,0.19,0.24,53.33,50.0,77064.33,309789.33,True,3
411,O'Reilly,DEF,6,2,0.83,0.41,16.93,17.67,3.72,1.24,8.67,0.02,0.01,1.55,-0.02,-0.01,-1.14,54.5,49.25,-88.25,16449.5,True,3
411,O'Reilly,DEF,7,5,0.6,0.3,15.6,21.0,11.94,4.5,8.7,0.02,0.06,1.25,-0.02,-0.06,-0.65,60.0,49.2,9184.2,27575.2,False,5
411,O'Reilly,DEF,8,11,0.69,0.46,19.15,21.14,16.66,4.38,7.85,0.02,0.06,1.15,-0.02,-0.06,-0.69,65.0,49.17,9055.5,35992.33,True,9
411,O'Reilly,DEF,9,1,0.8,0.2,24.4,23.08,17.0,6.6,8.0,0.07,0.08,1.12,-0.07,0.12,-0.72,75.0,49.0,10907.83,48601.33,False,2
411,O'Reilly,DEF,10,8,0.78,0.2,24.21,22.69,18.47,9.37,8.0,0.09,0.09,0.9,-0.09,0.1,-0.71,76.83,49.0,17927.83,68462.83,True,4
411,O'Reilly,DEF,11,11,0.59,0.2,24.21,29.05,21.4,14.45,7.42,0.15,0.11,0.75,0.05,0.08,-0.36,76.83,49.0,17263.17,87255.0,True,12
411,O'Reilly,DEF,12,1,0.58,0.19,26.71,32.13,23.38,14.71,7.55,0.17,0.11,0.73,0.03,0.27,-0.34,77.5,49.0,19762.0,109170.0,False,15
411,O'Reilly,DEF,13,4,0.57,0.19,26.07,27.48,20.66,13.32,6.28,0.17,0.12,1.06,0.02,0.26,-0.49,78.83,49.17,58601.67,173512.67,True,11
411,O'Reilly,DEF,14,0,0.38,0.0,23.97,31.62,20.95,27.02,6.85,0.34,0.15,1.2,-0.15,0.42,-0.25,78.83,49.5,112075.67,339169.33,False,10
411,O'Reilly,DEF,15,6,0.19,0.0,15.03,28.9,17.83,24.43,7.14,0.28,0.12,1.2,-0.1,0.25,0.49,79.83,50.0,138290.67,480455.0,True,17
411,O'Reilly,DEF,16,6,0.33,0.0,19.17,26.93,15.37,20.17,7.0,0.25,0.11,1.14,-0.08,0.22,0.36,90.0,50.5,134113.67,616109.33,False,8
411,O'Reilly,DEF,17,6,0.5,0.0,18.5,21.33,12.88,16.33,7.5,0.19,0.09,1.33,-0.19,0.24,0.0,90.0,51.0,165484.33,780778.17,True,19
411,O'Reilly,DEF,18,1,0.5,0.0,15.83,16.37,12.02,17.33,6.5,0.17,0.11,1.38,-0.17,0.06,-0.04,90.0,51.67,205280.17,992796.83,False,16
411,O'Reilly,DEF,19,1,0.5,0.17,15.5,17.93,14.43,17.33,6.83,0.16,0.09,1.1,-0.16,0.08,0.07,90.0,52.17,171361.67,1159630.0,False,17
411,O'Reilly,DEF,20,2,0.53,0.18,14.41,11.95,9.6,5.34,6.23,0.02,0.06,1.02,-0.02,-0.06,-0.13,84.33,52.5,110296.17,1207083.5,True,7
411,O'Reilly,DEF,21,1,0.53,0.18,18.68,12.59,10.62,6.58,6.05,0.04,0.06,1.17,-0.04,-0.06,-0.81,84.33,52.67,60066.0,1266858.67,True,6
411,O'Reilly,DEF,22,-1,0.42,0.21,15.59,12.06,13.03,6.03,5.4,0.02,0.06,1.22,-0.02,-0.06,-0.8,72.17,52.83,52110.83,1321159.5,False,14
411,O'Reilly,DEF,23,6,0.23,0.46,10.44,9.65,14.68,5.8,4.18,0.02,0.06,1.36,-0.02,-0.06,-0.43,64.67,52.83,-10644.33,1315143.0,True,20
411,O'Reilly,DEF,24,1,0.23,0.46,12.06,13.41,17.28,4.64,5.34,0.03,0.06,1.28,-0.03,-0.06,-0.35,64.67,52.5,-87477.67,1224740.5,False,18
411,O'Reilly,DEF,25,2,0.23,0.23,12.06,12.99,14.22,4.18,5.8,0.04,0.03,1.39,-0.04,-0.03,-0.23,64.67,52.0,-128557.83,1099900.0,False,12
411,O'Reilly,DEF,26,13,0.21,0.21,11.3,13.05,13.67,3.41,5.97,0.04,0.03,1.38,-0.04,-0.03,-0.1,70.33,51.5,-137014.5,977521.5,True,10
411,O'Reilly,DEF,27,17,0.43,0.21,15.14,16.34,13.14,9.17,4.48,0.12,0.03,1.32,0.09,-0.03,-0.25,70.33,50.83,-121838.0,858200.83,True,15
411,O'Reilly,DEF,28,6,0.36,0.18,17.64,26.0,10.49,14.36,4.0,0.16,0.05,1.24,0.38,-0.05,-0.15,82.5,50.17,-105366.0,755438.33,False,11
411,O'Reilly,DEF,30,2,0.52,0.0,22.72,28.44,10.92,23.06,4.51,0.23,0.05,1.09,0.29,-0.05,-0.4,86.5,49.83,27277.67,789431.67,False,19
411,O'Reilly,DEF,32,14,0.35,0.0,20.12,27.43,10.72,32.43,3.29,0.32,0.04,1.08,0.2,-0.04,-0.21,86.5,49.83,65220.17,856325.0,False,7
411,O'Reilly,DEF,33,7,0.55,0.0,27.8,34.98,12.38,40.61,3.29,0.41,0.1,0.99,0.32,-0.1,-0.44,82.0,49.83,174909.67,1007077.67,True,1
411,O'Reilly,DEF,33,6,0.55,0.0,31.83,37.83,14.49,42.07,3.84,0.41,0.16,1.07,0.32,0.03,-0.52,82.0,50.0,231623.0,1238656.5,False,3
411,O'Reilly,DEF,35,1,0.55,0.0,30.0,36.66,13.85,47.38,4.94,0.47,0.16,0.92,0.08,0.03,-0.37,82.0,50.33,280676.5,1477006.33,False,9
411,O'Reilly,DEF,36,5,0.55,0.0,24.15,25.72,15.2,46.1,5.49,0.46,0.17,1.31,-0.27,0.01,-0.4,82.0,50.83,338755.67,1755244.17,True,5
411,O'Reilly,DEF,37,2,0.53,0.18,22.11,21.89,15.63,36.84,4.91,0.37,0.17,1.06,-0.19,0.01,-0.18,85.5,51.33,284833.0,1977426.0,False,4
436,De Ligt,DEF,4,1,0.0,0.0,14.67,24.2,5.47,10.33,8.33,0.1,0.02,1.42,-0.1,-0.02,-0.09,90.0,50.0,28957.0,263633.67,False,13
436,De Ligt,DEF,5,2,0.0,0.0,12.5,21.85,4.3,7.75,8.5,0.08,0.02,1.7,-0.08,-0.02,0.05,90.0,50.0,10401.25,282467.25,True,7
436,De Ligt,DEF,6,3,0.0,0.0,14.0,22.88,8.1,6.2,8.6,0.06,0.09,1.44,-0.06,-0.09,0.16,90.0,50.0,2673.8,290059.8,False,5
436,De Ligt,DEF,7,8,0.0,0.0,13.17,22.4,6.9,5.83,8.83,0.08,0.08,1.54,-0.08,-0.08,0.29,90.0,50.0,2955.0,297697.33,True,17
436,De Ligt,DEF,8,2,0.17,0.0,15.33,19.23,4.32,1.83,8.67,0.04,0.06,1.44,-0.04,-0.06,0.23,90.0,50.0,2196.33,331444.33,False,12
436,De Ligt,DEF,9,1,0.17,0.0,11.33,15.1,4.35,3.33,7.67,0.11,0.06,1.6,-0.11,-0.06,0.06,90.0,50.0,-4884.83,343141.33,True,6
436,De Ligt,DEF,10,1,0.17,0.0,12.17,16.37,4.55,2.5,8.33,0.1,0.06,1.59,-0.1,-0.06,0.08,90.0,50.0,-11815.67,336109.33,False,16
436,De Ligt,DEF,11,9,0.17,0.0,12.5,16.8,4.42,2.83,8.17,0.1,0.06,1.49,-0.1,-0.06,0.01,90.0,50.0,-1793.0,342233.83,False,18
436,De Ligt,DEF,12,2,0.17,0.0,12.5,21.4,0.67,8.33,8.5,0.11,0.0,1.58,0.05,-0.0,0.09,90.0,50.0,478.5,348806.67,True,9
436,De Ligt,DEF,13,2,0.17,0.0,14.0,21.9,3.07,12.67,8.0,0.14,0.06,1.28,0.02,-0.06,0.06,90.0,50.0,9886.33,366175.83,False,8
437,Martinez,DEF,21,1,0.25,0.0,18.05,22.22,12.38,1.27,8.14,0.01,0.03,0.97,-0.01,-0.03,0.05,59.0,48.0,7549.67,34732.5,False,3
437,Martinez,DEF,22,8,0.21,0.0,15.53,22.09,10.55,1.28,7.23,0.01,0.03,0.85,-0.01,-0.03,0.43,70.5,48.0,8243.83,44003.67,True,13
437,Martinez,DEF,23,-1,0.37,0.0,17.56,21.88,9.2,1.46,7.68,0.01,0.03,0.71,-0.01,-0.03,0.2,82.0,48.0,6907.33,51640.0,False,1
437,Martinez,DEF,24,1,0.34,0.0,15.42,21.69,7.42,1.51,7.71,0.01,0.03,0.81,-0.01,-0.03,0.2,89.5,48.0,8446.33,61058.83,True,10
437,Martinez,DEF,25,7,0.17,0.0,11.5,21.17,6.12,1.5,7.17,0.01,0.05,0.98,-0.01,-0.05,0.35,90.0,48.0,10322.0,72498.0,True,18
437,Martinez,DEF,26,2,0.33,0.0,14.67,21.37,5.92,1.5,7.83,0.01,0.06,0.87,-0.01,-0.06,0.3,90.0,48.0,5732.5,77665.67,False,19
437,Martinez,DEF,32,-3,0.33,0.0,14.17,20.77,4.82,0.83,6.67,0.0,0.05,0.9,-0.0,-0.05,0.26,90.0,48.0,8742.5,87834.33,True,11
437,Martinez,DEF,36,6,0.36,0.0,14.61,20.6,5.15,0.71,7.49,0.0,0.06,1.27,-0.0,-0.06,-0.02,84.17,48.0,7053.67,86207.17,False,17
437,Martinez,DEF,37,3,0.36,0.0,15.68,20.14,5.35,0.36,6.59,0.0,0.07,1.42,-0.0,-0.07,-0.17,84.17,48.0,8031.0,84550.5,True,16
437,Martinez,DEF,38,6,0.36,0.0,18.36,24.24,6.38,1.6,8.2,0.02,0.07,1.54,-0.02,-0.07,-0.29,84.17,48.0,6638.0,81207.17,False,6
438,Mazraoui,DEF,14,3,0.33,0.33,17.61,18.98,9.36,3.26,8.15,0.0,0.05,0.92,0.0,-0.05,0.06,46.0,49.0,381.83,23007.33,True,19
438,Mazraoui,DEF,15,2,0.3,0.3,20.66,23.31,9.18,2.36,8.26,0.0,0.05,0.63,0.0,-0.05,-0.04,50.83,49.0,264.33,23475.5,False,20
438,Mazraoui,DEF,23,1,0.0,0.29,15.44,21.96,10.75,2.91,8.74,0.01,0.03,0.68,-0.01,-0.03,0.19,51.5,49.0,514.17,24171.5,False,1
438,Mazraoui,DEF,24,1,0.0,0.0,17.21,22.77,11.02,3.02,8.76,0.01,0.03,0.63,-0.01,-0.03,0.28,49.67,49.0,725.33,24253.17,True,10
438,Mazraoui,DEF,34,1,0.56,0.56,18.61,10.0,5.97,5.28,6.39,0.05,0.02,1.83,-0.05,-0.02,-0.99,54.0,49.0,380.33,27263.83,True,5
438,Mazraoui,DEF,36,11,0.49,0.49,17.46,12.98,5.48,2.7,7.87,0.03,0.02,1.79,-0.03,-0.02,-0.81,61.0,49.0,808.17,28682.83,False,17
438,Mazraoui,DEF,38,6,0.61,0.2,21.69,15.73,11.68,2.64,7.7,0.03,0.02,1.66,-0.03,-0.02,-0.85,74.0,49.0,721.5,29376.83,False,6
440,Dalot,DEF,6,1,0.0,0.0,8.9,21.56,25.71,8.9,5.93,0.0,0.31,1.53,-0.0,0.19,0.45,60.67,45.0,-9587.0,222312.0,False,5
440,Dalot,DEF,7,9,0.0,0.0,6.29,18.26,29.38,5.96,4.3,0.0,0.24,1.69,-0.0,0.09,0.63,68.0,44.75,-11822.75,195342.5,True,17
440,Dalot,DEF,8,4,0.27,0.0,12.36,15.96,25.58,6.99,4.57,0.02,0.21,1.47,-0.02,0.33,0.41,67.0,44.6,-9884.4,179046.8,False,12
440,Dalot,DEF,9,1,0.21,0.0,12.28,17.11,23.38,5.51,6.14,0.01,0.17,1.74,-0.01,0.26,-0.05,70.83,44.5,-8547.5,168006.0,True,6
440,Dalot,DEF,10,1,0.2,0.0,11.71,16.32,21.77,4.88,5.66,0.02,0.14,1.62,-0.02,0.25,0.13,76.83,44.33,-7066.17,151657.0,False,16
440,Dalot,DEF,11,0,0.18,0.0,11.94,16.93,20.0,2.76,6.06,0.01,0.13,1.68,-0.01,0.24,0.16,81.67,44.17,-5132.67,134533.33,False,18
440,Dalot,DEF,12,1,0.22,0.0,8.78,12.69,16.84,1.98,6.15,0.02,0.05,1.84,-0.02,0.16,0.36,68.33,44.0,-2203.17,119570.33,True,9
440,Dalot,DEF,13,2,0.26,0.0,12.02,14.83,13.83,2.81,7.93,0.02,0.04,1.62,-0.02,0.21,0.17,58.67,44.0,276.0,120739.17,False,8
440,Dalot,DEF,14,15,0.0,0.0,6.65,14.06,12.02,2.85,7.6,0.02,0.04,1.85,-0.02,-0.04,0.05,63.17,44.0,-100.33,121137.5,True,19
440,Dalot,DEF,15,5,0.25,0.0,13.4,19.16,10.01,7.84,5.56,0.1,0.04,1.36,0.16,-0.04,0.41,59.33,44.0,757.5,122623.33,False,20
440,Dalot,DEF,16,2,0.26,0.0,17.79,26.66,17.23,12.64,6.45,0.13,0.08,1.19,0.13,0.18,0.36,58.17,44.0,793.0,124778.5,True,4
440,Dalot,DEF,17,0,0.24,0.24,18.39,27.1,22.09,12.34,6.05,0.12,0.1,1.18,0.12,0.38,0.76,62.0,44.0,9922.0,136798.5,False,2
440,Dalot,DEF,18,13,0.2,0.4,17.72,24.85,19.51,13.14,5.77,0.1,0.1,1.19,0.1,0.3,0.4,75.33,44.0,15646.67,153264.5,True,15
440,Dalot,DEF,19,2,0.35,0.35,19.76,24.39,14.98,12.0,6.53,0.18,0.08,1.26,-0.0,0.45,0.15,85.0,44.0,19209.0,172509.83,True,20
440,Dalot,DEF,20,2,0.35,0.35,19.59,25.73,17.44,11.47,6.35,0.17,0.08,1.15,0.01,0.44,0.27,85.0,44.17,83638.67,284948.5,False,11
440,Dalot,DEF,21,1,0.17,0.34,14.18,20.63,16.56,8.78,6.75,0.13,0.08,1.19,-0.13,0.42,0.33,88.83,44.33,82179.17,367094.5,False,3
440,Dalot,DEF,22,5,0.17,0.33,13.0,18.47,14.0,5.83,6.67,0.11,0.06,1.16,-0.11,0.28,0.51,90.0,44.5,76945.0,443563.17,True,13
440,Dalot,DEF,23,1,0.33,0.33,15.0,17.23,9.77,5.83,7.0,0.11,0.04,0.91,-0.11,0.13,0.09,90.0,44.67,49320.33,490647.67,False,1
440,Dalot,DEF,24,2,0.33,0.17,13.5,15.17,8.68,3.33,6.17,0.1,0.03,0.85,-0.1,0.14,0.15,90.0,44.83,38718.17,529255.5,True,10
440,Dalot,DEF,25,12,0.17,0.17,11.78,15.78,13.64,3.53,5.55,0.03,0.08,0.98,-0.03,-0.08,0.19,89.17,45.0,36660.17,566895.17,True,18
440,Dalot,DEF,26,1,0.34,0.17,18.67,20.69,15.8,3.87,5.89,0.03,0.09,0.87,-0.03,0.08,0.14,89.17,45.0,-26669.0,512517.17,False,19
440,Dalot,DEF,27,7,0.34,0.34,18.65,20.29,16.44,3.76,5.48,0.02,0.09,0.83,-0.02,0.08,0.2,87.67,45.0,-5253.33,510895.17,False,9
440,Dalot,DEF,28,1,0.51,0.34,21.56,19.98,13.88,7.53,5.82,0.02,0.09,0.89,-0.02,0.08,-0.21,87.67,45.0,-429.5,511134.33,True,8
440,Dalot,DEF,29,1,0.34,0.34,19.68,20.36,17.79,7.53,4.79,0.02,0.11,0.88,-0.02,0.06,-0.02,87.67,45.0,24959.5,538229.5,False,15
440,Dalot,DEF,30,2,0.39,0.39,22.26,22.88,20.28,8.9,5.61,0.03,0.12,0.99,-0.03,0.07,-0.21,77.5,45.17,31214.67,570147.17,True,2
440,Dalot,DEF,31,1,0.38,0.38,19.72,19.49,14.94,11.87,5.17,0.05,0.07,0.8,-0.05,0.12,-0.04,78.33,45.33,28992.83,599796.67,False,4
440,Dalot,DEF,32,1,0.19,0.38,12.26,14.63,15.59,11.3,5.17,0.05,0.08,1.05,-0.05,-0.08,0.1,78.33,45.5,32494.33,637551.5,True,11
440,Dalot,DEF,33,6,0.22,0.22,13.64,16.2,16.9,12.54,6.16,0.05,0.1,1.17,-0.05,-0.1,-0.07,68.17,45.67,8590.17,644494.33,False,7
440,Dalot,DEF,34,4,0.22,0.22,13.2,14.08,14.3,8.14,5.5,0.04,0.08,1.38,-0.04,-0.08,-0.28,68.17,45.83,-5770.0,630147.5,True,5
440,Dalot,DEF,35,1,0.22,0.0,13.2,15.58,9.48,7.7,7.48,0.04,0.05,1.61,-0.04,-0.05,-0.51,68.17,46.0,-10996.0,623332.17,True,12
440,Dalot,DEF,37,1,0.19,0.0,12.64,15.32,8.44,7.47,7.28,0.05,0.05,1.35,-0.05,-0.05,-0.2,78.33,46.0,-17808.5,606661.33,True,16
441,Dorgu,DEF,5,5,0.0,0.33,5.0,11.4,18.73,14.0,5.0,0.08,0.05,1.86,-0.08,-0.05,-0.2,90.0,45.0,-20397.33,738165.67,True,7
441,Dorgu,DEF,6,0,0.0,0.25,9.25,17.55,20.75,13.0,5.5,0.06,0.14,1.5,-0.06,0.11,-0.01,90.0,45.0,-36047.5,714008.0,False,5
441,Dorgu,DEF,7,1,0.0,0.41,7.7,15.97,17.05,10.95,5.88,0.05,0.11,1.61,-0.05,0.09,0.01,88.8,45.0,-35665.0,694389.8,True,17
441,Dorgu,DEF,8,1,0.0,0.38,8.43,15.93,18.04,10.72,5.94,0.05,0.11,1.59,-0.05,0.08,-0.05,78.33,45.0,-37317.83,674187.0,False,12
441,Dorgu,DEF,9,-1,0.0,0.22,9.42,18.66,22.42,10.51,7.01,0.04,0.12,1.92,-0.04,0.1,-0.17,68.5,44.83,-51224.5,650499.0,True,6
441,Dorgu,DEF,10,1,0.0,0.53,8.45,22.12,26.05,11.09,7.92,0.05,0.14,2.0,-0.05,0.13,0.38,56.83,44.67,-85964.5,578210.17,False,16
441,Dorgu,DEF,11,5,0.0,0.66,9.56,21.3,16.52,12.53,7.91,0.11,0.14,1.75,-0.11,0.19,0.23,45.5,44.33,-58815.5,525721.5,False,18
441,Dorgu,DEF,20,1,0.3,0.0,28.6,42.38,32.39,23.18,7.22,0.09,0.12,1.4,0.21,0.18,-0.2,49.83,41.5,89051.5,432771.5,False,11
441,Dorgu,DEF,21,5,0.25,0.25,23.54,34.28,28.94,19.13,6.62,0.09,0.1,1.26,0.16,0.14,-0.28,61.17,41.5,98711.5,531607.83,False,3
441,Dorgu,DEF,22,15,0.2,0.2,25.14,37.32,36.88,19.76,6.59,0.11,0.12,1.06,0.09,0.28,0.14,75.17,41.5,100582.17,632615.67,True,13
441,Dorgu,DEF,23,8,0.33,0.17,27.83,39.63,33.27,24.5,6.5,0.17,0.11,0.91,0.16,0.23,0.09,90.0,41.67,96830.67,729068.67,False,1
441,Dorgu,DEF,35,1,0.34,0.17,26.49,38.55,26.95,24.28,5.77,0.18,0.07,0.8,0.33,0.1,0.05,88.33,42.0,138619.33,868994.5,True,12
441,Dorgu,DEF,36,1,0.2,0.2,21.56,31.49,28.23,21.16,4.75,0.19,0.07,0.72,0.21,0.12,0.27,75.83,42.0,137047.67,873208.67,False,17
441,Dorgu,DEF,37,1,0.23,0.23,23.31,33.6,27.88,23.54,4.85,0.2,0.08,0.6,0.26,0.15,0.33,65.0,41.83,38883.0,738463.17,True,16
441,Dorgu,DEF,38,18,0.29,0.0,30.77,41.23,29.38,33.1,5.23,0.28,0.17,0.56,0.3,0.12,0.31,51.67,41.67,31170.33,637465.33,False,6
442,Maguire,DEF,22,6,0.55,0.0,21.68,22.34,4.34,9.88,5.21,0.06,0.01,1.77,0.21,0.27,-0.68,54.67,44.0,-1311.5,83913.0,True,13
442,Maguire,DEF,23,3,0.69,0.0,23.77,21.83,3.65,9.92,5.77,0.09,0.0,1.35,0.15,0.23,-0.66,65.0,43.83,114.17,81597.67,False,1
442,Maguire,DEF,24,2,0.44,0.0,17.08,21.77,1.2,8.1,7.23,0.06,0.0,1.51,0.16,-0.0,-0.42,68.5,43.67,1988.5,80957.17,True,10
442,Maguire,DEF,25,6,0.41,0.21,16.51,22.58,1.2,14.45,7.84,0.1,0.0,1.45,0.11,-0.0,-0.42,72.67,43.5,13041.67,91345.33,True,18
442,Maguire,DEF,26,2,0.52,0.17,18.14,22.42,1.33,12.09,7.6,0.08,0.01,1.26,0.09,-0.01,-0.4,86.83,43.33,17944.5,106367.5,False,19
442,Maguire,DEF,27,7,0.54,0.18,17.35,15.87,1.55,9.94,7.23,0.07,0.01,0.93,-0.07,-0.01,-0.02,83.0,43.17,24443.33,128158.0,False,9
442,Maguire,DEF,28,2,0.52,0.35,18.1,18.7,0.96,9.23,8.7,0.07,0.01,0.91,-0.07,-0.01,-0.04,86.17,43.0,25277.67,148081.67,True,8
442,Maguire,DEF,29,1,0.35,0.35,17.08,19.94,1.39,8.98,8.63,0.05,0.01,0.91,-0.05,-0.01,0.15,85.17,43.0,27509.0,176539.0,False,15
442,Maguire,DEF,30,1,0.35,0.35,16.2,17.47,1.51,10.04,7.4,0.05,0.01,1.14,-0.05,-0.01,-0.08,85.17,43.17,24152.67,201036.5,True,2
442,Maguire,DEF,31,0,0.35,0.35,16.91,16.77,3.56,3.35,6.34,0.01,0.02,0.97,-0.01,-0.02,-0.09,85.17,43.33,12013.83,213168.33,False,4
442,Maguire,DEF,34,7,0.18,0.36,10.48,15.0,3.38,5.24,7.41,0.02,0.03,1.07,-0.02,-0.03,0.19,83.0,43.5,9001.83,224488.33,True,5
442,Maguire,DEF,35,1,0.17,0.35,12.96,21.07,4.87,12.96,8.12,0.03,0.06,1.18,-0.03,0.12,0.03,86.83,43.67,4125.67,219580.67,True,12
442,Maguire,DEF,36,10,0.0,0.17,9.5,20.56,4.8,14.17,7.95,0.06,0.06,1.22,-0.06,0.12,0.33,86.83,43.83,3524.33,212143.83,False,17
442,Maguire,DEF,37,3,0.17,0.17,12.81,20.66,4.47,13.15,8.71,0.05,0.06,1.36,-0.05,0.11,0.01,87.83,44.0,1980.17,202967.83,True,16
442,Maguire,DEF,38,6,0.17,0.17,14.52,23.57,4.41,12.98,10.42,0.06,0.06,1.26,-0.06,0.11,0.11,87.83,44.0,10232.17,203215.17,False,6
443,Shaw,DEF,4,1,0.0,0.0,5.65,11.93,6.74,0.0,4.59,0.0,0.02,1.42,0.0,-0.02,-0.01,85.0,45.0,1870.67,29961.33,False,13
443,Shaw,DEF,5,2,0.0,0.0,4.43,11.06,5.95,0.0,3.91,0.0,0.03,1.71,0.0,-0.03,0.12,86.25,45.0,442.25,31345.25,True,7
443,Shaw,DEF,6,1,0.0,0.0,6.0,11.71,5.17,1.03,4.76,0.02,0.02,1.44,-0.02,-0.02,0.21,87.0,45.0,-82.0,31969.6,False,5
443,Shaw,DEF,7,6,0.0,0.0,5.42,11.71,4.51,0.87,4.72,0.01,0.02,1.56,-0.01,-0.02,0.19,85.83,45.0,237.5,32958.83,True,17
443,Shaw,DEF,8,2,0.17,0.0,8.04,11.02,2.46,0.86,4.79,0.01,0.02,1.46,-0.01,-0.02,0.08,87.67,45.0,127.67,36141.17,False,12
443,Shaw,DEF,9,9,0.17,0.0,7.9,10.89,2.18,0.86,4.98,0.01,0.02,1.58,-0.01,-0.02,-0.04,87.33,45.0,-804.67,36892.67,True,6
443,Shaw,DEF,10,1,0.36,0.0,13.19,13.05,3.67,0.9,4.88,0.01,0.01,1.55,-0.01,0.17,-0.29,83.0,45.0,-459.0,37472.33,False,16
443,Shaw,DEF,11,1,0.36,0.0,14.64,16.73,3.89,0.9,5.6,0.01,0.01,1.44,-0.01,0.17,-0.36,83.0,45.0,2456.33,41420.67,False,18
443,Shaw,DEF,12,2,0.36,0.0,13.55,17.78,3.63,0.0,5.42,0.0,0.01,1.53,0.0,0.17,-0.27,83.0,45.0,2890.17,45297.5,True,9
443,Shaw,DEF,13,1,0.35,0.0,16.65,20.06,11.37,1.06,5.67,0.0,0.08,1.2,0.0,0.09,-0.14,84.67,45.0,3478.5,49922.17,False,8
443,Shaw,DEF,14,1,0.18,0.18,13.89,21.9,11.74,1.08,6.31,0.0,0.08,1.41,0.0,0.1,-0.14,83.17,45.0,3344.17,53967.83,True,19
443,Shaw,DEF,15,2,0.18,0.36,13.27,21.59,11.94,1.08,5.74,0.0,0.09,1.1,0.0,0.09,0.16,83.67,45.0,5148.33,60202.67,False,20
443,Shaw,DEF,16,0,0.0,0.34,9.2,19.4,11.4,1.36,6.14,0.0,0.1,1.02,0.0,-0.1,0.34,88.0,45.0,5820.5,67686.5,True,4
443,Shaw,DEF,17,3,0.0,0.34,7.33,17.25,10.77,2.05,6.48,0.0,0.09,0.97,0.0,-0.09,0.74,88.0,45.0,3444.5,71468.33,False,2
443,Shaw,DEF,18,5,0.0,0.34,7.84,17.49,11.08,2.05,6.99,0.0,0.09,1.07,0.0,-0.09,0.63,88.0,45.0,2963.33,75034.5,True,15
443,Shaw,DEF,19,2,0.17,0.51,8.06,15.81,6.41,1.71,7.37,0.0,0.04,1.19,0.0,-0.04,0.35,87.5,45.0,2004.5,77210.5,True,20
443,Shaw,DEF,20,2,0.17,0.34,9.78,15.1,13.8,2.36,6.07,0.0,0.07,1.08,0.0,-0.07,0.44,89.0,45.0,3636.0,82187.0,False,11
443,Shaw,DEF,21,1,0.17,0.17,11.73,16.39,16.02,3.02,6.87,0.0,0.07,1.09,0.0,-0.07,0.42,89.5,45.0,1608.0,84145.5,False,3
443,Shaw,DEF,22,5,0.17,0.17,12.07,17.2,18.13,3.35,6.87,0.0,0.08,1.06,0.0,-0.08,0.61,89.5,45.0,152.33,84028.5,True,13
443,Shaw,DEF,23,1,0.34,0.34,15.42,15.69,18.28,3.02,6.37,0.0,0.09,0.87,0.0,-0.09,0.14,89.5,45.0,-1054.33,83379.0,False,1
443,Shaw,DEF,24,1,0.34,0.34,14.41,14.18,18.15,3.02,5.87,0.0,0.09,0.81,0.0,-0.09,0.2,89.5,45.0,-1030.5,82917.67,True,10
443,Shaw,DEF,25,6,0.17,0.17,10.33,12.73,15.72,2.67,5.17,0.0,0.07,0.98,0.0,-0.07,0.35,90.0,45.0,475.33,84151.83,True,18
443,Shaw,DEF,26,2,0.34,0.17,11.59,11.35,9.32,4.37,5.54,0.04,0.05,0.87,-0.04,-0.05,0.3,89.33,45.0,-286.0,83791.17,False,19
443,Shaw,DEF,27,6,0.34,0.17,12.26,12.02,11.8,4.37,4.87,0.07,0.07,0.91,-0.07,-0.07,0.27,89.33,45.0,1438.83,85777.17,False,9
443,Shaw,DEF,28,1,0.5,0.17,14.1,10.75,7.99,4.03,4.53,0.07,0.05,0.97,-0.07,-0.05,-0.13,89.33,45.0,1970.67,88151.0,True,8
443,Shaw,DEF,29,1,0.38,0.0,12.28,11.17,8.83,4.22,4.41,0.08,0.04,1.06,-0.08,-0.04,0.09,78.17,45.0,3725.33,92401.0,False,15
443,Shaw,DEF,30,4,0.41,0.21,12.51,10.0,9.53,4.51,4.1,0.09,0.05,1.16,-0.09,-0.05,-0.14,73.17,45.0,2299.67,94954.17,True,2
443,Shaw,DEF,31,3,0.41,0.21,15.38,13.9,10.5,4.51,5.74,0.09,0.05,0.97,-0.09,-0.05,-0.15,73.17,45.0,879.33,96113.5,False,4
443,Shaw,DEF,32,0,0.2,0.2,13.0,17.43,9.12,2.03,7.11,0.04,0.04,1.23,-0.04,-0.04,-0.01,73.83,45.0,1152.5,99140.67,True,11
443,Shaw,DEF,33,11,0.2,0.41,10.56,15.85,5.81,3.05,7.31,0.01,0.02,1.49,-0.01,-0.02,-0.07,73.83,45.0,915.33,100377.83,False,7
443,Shaw,DEF,34,5,0.2,0.41,11.78,15.97,5.65,2.64,8.53,0.01,0.02,1.68,-0.01,-0.02,-0.26,73.83,45.0,-525.33,99460.33,True,5
443,Shaw,DEF,35,2,0.37,0.55,14.45,15.88,5.14,3.29,9.15,0.02,0.02,1.72,-0.02,-0.02,-0.63,82.0,45.0,2350.0,106236.17,True,12
443,Shaw,DEF,36,6,0.34,0.52,15.17,18.55,6.22,3.45,10.34,0.02,0.05,1.55,-0.02,-0.05,-0.34,87.0,45.0,2636.67,109223.83,False,17
443,Shaw,DEF,37,6,0.52,0.52,17.76,16.0,6.0,3.45,8.97,0.02,0.07,1.59,-0.02,-0.07,-0.56,87.0,45.0,2939.0,112406.67,True,16
443,Shaw,DEF,38,6,0.52,0.69,17.93,19.1,6.67,6.03,8.1,0.03,0.08,1.6,0.14,-0.08,-0.57,87.0,45.0,5426.5,116888.5,False,6
444,Yoro,DEF,4,1,0.0,0.0,12.12,14.19,6.4,4.5,7.96,0.09,0.01,1.47,-0.09,0.33,-0.08,86.67,45.0,26586.33,217005.0,False,13
444,Yoro,DEF,5,1,0.0,0.0,8.97,11.66,5.41,4.21,7.29,0.08,0.01,1.6,-0.08,0.27,0.08,80.25,45.0,13634.75,233286.75,True,7
444,Yoro,DEF,6,1,0.0,0.0,7.92,10.98,5.09,3.96,6.86,0.07,0.01,1.58,-0.07,0.25,0.26,68.2,45.0,6817.2,240299.6,False,5
444,Yoro,DEF,7,6,0.0,0.0,7.4,12.58,5.01,3.7,7.15,0.07,0.01,1.53,-0.07,0.24,0.44,60.83,45.0,2772.83,242712.17,True,17
444,Yoro,DEF,8,1,0.25,0.0,11.28,11.33,4.51,6.02,6.27,0.07,0.01,1.35,-0.07,0.24,0.4,59.83,45.0,-61.83,260434.67,False,12
444,Yoro,DEF,9,1,0.32,0.0,8.42,11.14,2.2,4.86,6.15,0.04,0.01,1.29,-0.04,-0.01,0.65,46.33,45.0,-5375.5,264847.83,True,6
444,Yoro,DEF,10,1,0.32,0.0,10.14,12.49,1.58,3.49,6.65,0.01,0.0,1.24,-0.01,-0.0,0.67,47.33,45.0,-16454.83,251044.67,False,16
444,Yoro,DEF,11,0,0.3,0.0,12.34,18.0,1.51,2.71,7.53,0.01,0.01,1.24,-0.01,-0.01,0.57,49.83,44.83,-13760.67,240528.83,False,18
444,Yoro,DEF,12,2,0.3,0.0,11.52,19.94,1.61,2.73,7.88,0.01,0.01,1.28,-0.01,-0.01,0.84,49.5,44.67,-12051.33,230697.83,True,9
444,Yoro,DEF,13,1,0.25,0.0,12.64,18.45,7.98,2.73,6.94,0.0,0.02,1.06,-0.0,-0.02,0.68,60.5,44.5,-10617.83,221840.0,False,8
444,Yoro,DEF,14,1,0.0,0.0,5.69,18.16,8.86,1.08,7.32,0.0,0.02,1.45,0.0,-0.02,0.72,55.33,44.33,-8656.0,214548.67,True,19
444,Yoro,DEF,15,1,0.0,0.0,4.6,16.21,7.89,1.94,6.53,0.0,0.02,1.33,0.0,-0.02,0.84,62.0,44.0,-7260.83,208362.33,False,20
444,Yoro,DEF,16,1,0.0,0.0,5.05,18.42,9.15,2.38,7.13,0.0,0.03,1.32,0.0,-0.03,0.75,50.5,43.67,-6175.17,203146.0,True,4
444,Yoro,DEF,17,1,0.0,0.0,2.44,15.19,9.67,2.44,7.32,0.0,0.03,1.27,0.0,-0.03,1.17,49.17,43.5,-6501.5,197315.33,False,2
444,Yoro,DEF,18,1,0.0,0.0,5.25,14.75,8.4,2.5,7.0,0.0,0.04,1.3,0.0,-0.04,0.7,60.0,43.33,-5269.83,192780.83,True,15
444,Yoro,DEF,19,1,0.0,0.0,4.21,14.51,1.72,2.41,8.43,0.0,0.03,1.78,0.0,-0.03,0.33,49.83,43.17,-4155.67,189217.83,True,20
444,Yoro,DEF,21,1,0.0,0.0,8.42,17.94,2.1,11.98,8.42,0.1,0.03,1.47,-0.1,-0.03,0.48,46.33,42.83,-4041.67,182577.67,False,3
444,Yoro,DEF,24,1,0.0,0.0,6.61,16.43,2.2,12.9,8.18,0.12,0.03,1.45,-0.12,-0.03,0.75,47.67,42.67,-3968.67,178986.17,True,10
444,Yoro,DEF,29,1,0.31,0.0,15.92,20.69,1.78,11.94,7.65,0.12,0.01,0.72,-0.12,-0.01,0.2,49.0,41.5,-1710.17,164572.0,False,15
444,Yoro,DEF,30,3,0.28,0.0,15.37,20.46,2.52,5.87,7.55,0.1,0.04,1.17,-0.1,-0.04,-0.06,53.67,41.33,-890.83,162252.33,True,2
444,Yoro,DEF,31,1,0.23,0.23,15.04,20.63,2.04,3.99,8.22,0.06,0.04,1.18,-0.06,-0.04,-0.24,63.83,41.17,-96.17,160709.33,False,4
444,Yoro,DEF,32,3,0.19,0.19,11.63,17.66,1.66,4.96,7.82,0.09,0.03,1.3,-0.09,-0.03,-0.16,78.67,41.0,1026.83,161905.67,True,11
444,Yoro,DEF,34,1,0.17,0.17,11.67,17.97,3.43,8.5,8.67,0.11,0.06,1.44,-0.11,-0.06,-0.11,90.0,41.0,1896.33,164096.5,True,5
444,Yoro,DEF,35,1,0.0,0.19,7.71,17.27,3.91,9.83,8.67,0.13,0.07,1.56,-0.13,-0.07,0.17,77.83,41.0,1378.17,165097.5,True,12
444,Yoro,DEF,38,1,0.0,0.24,8.1,17.19,4.29,12.14,9.52,0.16,0.08,1.84,-0.16,-0.08,0.06,63.0,41.0,813.0,165738.33,False,6
447,Heaven,DEF,17,3,0.0,0.39,12.08,29.77,8.49,3.12,10.91,0.01,0.04,1.23,-0.01,0.35,1.5,46.2,38.6,1050.2,161479.0,False,2
447,Heaven,DEF,18,8,0.0,0.28,11.5,31.12,6.2,3.36,11.21,0.01,0.03,1.31,-0.01,0.25,1.21,53.5,38.5,3855.17,169225.17,True,15
447,Heaven,DEF,19,2,0.22,0.22,14.56,29.34,5.03,2.65,10.81,0.01,0.03,1.29,-0.01,0.19,0.7,68.0,38.17,9150.17,184783.0,True,20
447,Heaven,DEF,20,4,0.2,0.2,13.59,24.34,3.01,3.74,10.44,0.01,0.02,1.26,-0.01,-0.02,0.32,76.17,38.0,27932.0,228015.83,False,11
447,Heaven,DEF,21,0,0.18,0.0,15.24,24.71,2.74,3.05,10.58,0.01,0.01,1.25,-0.01,-0.01,0.36,83.67,38.17,30136.83,258146.83,False,3
447,Heaven,DEF,22,1,0.18,0.0,13.66,22.55,2.91,3.64,9.66,0.06,0.02,1.22,-0.06,-0.02,0.42,82.33,38.33,31683.33,289361.5,True,13
447,Heaven,DEF,27,1,0.22,0.0,16.89,22.04,1.2,4.0,9.56,0.07,0.02,1.07,-0.07,-0.02,0.04,67.5,38.5,25573.0,312911.17,False,9
447,Heaven,DEF,28,0,0.28,0.0,19.65,18.4,1.45,3.99,8.83,0.09,0.02,0.93,-0.09,-0.02,-0.07,52.67,38.33,25101.33,324556.83,True,8
473,Hall,DEF,14,3,0.29,0.0,17.36,23.09,12.21,5.5,7.23,0.02,0.19,1.76,-0.02,0.1,-0.31,51.83,53.33,-9754.17,135134.5,True,18
473,Hall,DEF,15,1,0.23,0.0,17.21,22.98,10.12,6.74,7.21,0.04,0.16,1.5,-0.04,0.07,-0.1,64.5,52.83,-1546.33,123882.17,True,3
473,Hall,DEF,16,4,0.23,0.0,19.4,27.26,13.0,10.52,8.18,0.06,0.17,1.74,-0.06,0.07,-0.1,64.17,52.33,4915.67,119994.83,False,17
473,Hall,DEF,17,2,0.0,0.0,16.13,28.89,12.97,10.52,9.58,0.06,0.17,1.68,-0.06,0.07,0.19,64.17,52.0,7260.17,117302.5,True,7
473,Hall,DEF,18,2,0.0,0.19,15.0,26.45,13.68,7.99,9.16,0.05,0.13,1.28,-0.05,0.06,0.28,77.0,52.0,6174.83,123582.83,False,14
473,Hall,DEF,19,4,0.0,0.19,17.58,27.83,16.77,10.02,8.32,0.07,0.13,1.05,-0.07,0.06,0.47,79.33,52.0,7283.67,131220.83,False,3
473,Hall,DEF,20,6,0.0,0.19,16.04,25.81,13.23,10.57,9.43,0.07,0.06,1.07,-0.07,-0.06,0.44,79.5,52.0,32941.17,183302.5,True,8
473,Hall,DEF,21,4,0.2,0.2,19.84,26.98,18.86,11.43,9.02,0.06,0.13,1.11,-0.06,-0.13,0.09,74.83,52.17,32458.33,215853.17,True,11
473,Hall,DEF,22,9,0.18,0.18,17.58,22.99,21.09,6.68,7.38,0.03,0.14,1.12,-0.03,0.03,0.29,85.33,52.33,33835.33,247752.5,False,20
473,Hall,DEF,23,1,0.35,0.18,20.57,21.59,22.52,7.38,6.33,0.05,0.14,1.12,-0.05,0.03,0.11,85.33,52.5,42956.67,292489.0,True,2
473,Hall,DEF,24,3,0.35,0.0,22.15,22.78,24.31,7.73,6.15,0.05,0.16,1.11,-0.05,0.01,0.12,85.33,52.67,46136.67,339877.83,False,12
473,Hall,DEF,25,0,0.35,0.0,19.41,24.0,25.34,5.65,7.59,0.03,0.17,1.24,-0.03,0.01,0.35,85.0,52.83,38665.33,379168.67,True,5
473,Hall,DEF,26,1,0.35,0.18,15.71,21.85,24.81,5.12,6.88,0.03,0.15,1.36,-0.03,0.03,0.58,85.0,53.0,13433.5,375695.0,False,18
473,Hall,DEF,27,7,0.2,0.2,12.63,20.77,23.01,3.61,7.02,0.02,0.09,1.5,-0.02,0.11,0.71,74.83,53.0,3024.5,379025.5,False,13
473,Hall,DEF,28,1,0.2,0.2,13.43,28.06,15.78,5.61,8.02,0.03,0.06,1.39,0.17,-0.06,0.62,74.83,53.0,-8779.17,370371.17,True,9
473,Hall,DEF,29,2,0.0,0.2,8.02,28.82,15.8,6.21,8.62,0.02,0.06,1.76,0.18,-0.06,0.85,74.83,53.0,-13547.67,357709.83,True,14
473,Hall,DEF,30,5,0.0,0.2,7.22,25.66,11.59,7.02,8.02,0.03,0.04,1.82,0.17,-0.04,0.59,74.83,53.0,-17719.5,340923.17,False,7
473,Hall,DEF,31,1,0.2,0.4,11.57,22.99,10.56,6.59,6.98,0.03,0.05,1.69,0.17,-0.05,0.11,75.17,53.0,-10794.5,331770.0,True,17
473,Hall,DEF,32,1,0.2,0.2,12.77,24.47,17.58,7.98,6.39,0.04,0.13,1.82,0.16,-0.13,-0.22,75.17,53.0,25830.67,421106.83,False,8
473,Hall,DEF,33,1,0.17,0.17,11.67,22.73,18.08,8.5,5.67,0.04,0.12,1.89,0.12,-0.12,-0.23,90.0,53.17,32919.5,455670.17,True,4
473,Hall,DEF,35,1,0.18,0.18,10.36,16.65,19.38,7.45,5.27,0.03,0.13,2.21,-0.03,-0.13,-0.58,82.5,53.33,33886.17,483067.83,True,6
473,Hall,DEF,36,2,0.21,0.21,13.28,16.61,23.27,6.74,4.64,0.04,0.15,2.23,-0.04,-0.15,-0.96,71.17,53.5,25774.0,506033.5,False,16
473,Hall,DEF,37,1,0.21,0.21,14.54,20.95,26.47,5.48,5.27,0.03,0.16,2.15,-0.03,-0.16,-0.88,71.17,53.5,22751.83,526206.17,True,19
473,Hall,DEF,38,1,0.0,0.21,10.54,21.25,23.9,12.65,4.85,0.05,0.14,2.06,-0.05,-0.14,-0.58,71.17,53.5,21893.5,545716.17,False,10
474,Schär,DEF,4,8,0.69,0.0,18.69,17.79,4.74,4.5,8.31,0.03,0.01,0.42,-0.03,-0.01,0.27,86.67,55.0,-3892.67,285533.67,True,20
474,Schär,DEF,9,1,0.77,0.0,21.09,20.57,6.43,3.86,9.0,0.02,0.02,0.44,-0.02,-0.02,0.07,87.5,55.0,4164.5,302488.25,True,10
474,Schär,DEF,10,1,0.71,0.0,21.37,23.6,6.01,3.56,10.21,0.02,0.02,0.45,-0.02,-0.02,0.02,75.8,54.8,1222.2,288145.2,False,19
474,Schär,DEF,12,4,0.64,0.0,20.17,23.77,5.73,3.61,10.19,0.02,0.02,0.72,-0.02,-0.02,-0.08,70.67,54.67,1027.67,279248.0,True,13
474,Schär,DEF,13,1,0.42,0.0,16.77,25.94,5.5,3.18,10.61,0.01,0.03,1.21,-0.01,-0.03,-0.36,70.67,54.33,-544.17,275091.67,False,9
474,Schär,DEF,14,1,0.52,0.0,20.09,27.97,6.68,2.35,10.96,0.02,0.03,1.41,-0.02,-0.03,-0.89,57.5,54.0,-1820.33,260142.83,True,18
474,Schär,DEF,17,0,0.0,0.0,10.15,22.84,1.83,5.24,9.49,0.05,0.11,1.95,-0.05,-0.11,-0.32,45.83,53.17,-1670.67,219475.83,True,7
474,Schär,DEF,18,2,0.0,0.28,7.87,21.94,1.32,10.69,8.72,0.06,0.1,1.6,-0.06,-0.1,0.09,53.33,53.0,-2285.5,215725.17,False,14
474,Schär,DEF,19,4,0.0,0.28,7.31,18.11,1.69,16.03,6.19,0.14,0.09,1.26,-0.14,-0.09,0.43,53.33,53.0,-1494.33,214842.17,False,3
474,Schär,DEF,20,8,0.0,0.22,9.68,21.21,4.33,14.52,7.26,0.12,0.07,1.21,-0.12,-0.07,0.33,68.17,53.0,832.0,217768.83,True,8
474,Schär,DEF,21,3,0.18,0.18,13.55,23.71,6.25,15.36,7.77,0.14,0.08,1.1,-0.14,-0.08,-0.01,83.0,53.0,1979.17,220395.33,True,11
475,Botman,DEF,6,3,1.14,0.0,34.18,25.41,0.34,0.0,10.25,0.0,0.0,0.67,0.0,0.0,-0.67,52.67,49.0,-1001.67,51644.33,True,1
475,Botman,DEF,7,6,0.73,0.0,25.4,30.92,3.96,1.45,11.98,0.0,0.0,1.17,0.0,0.0,-0.44,62.0,49.0,-531.75,52493.25,True,16
475,Botman,DEF,8,1,0.8,0.0,26.89,28.17,5.78,6.12,10.38,0.02,0.06,0.93,-0.02,-0.06,-0.4,67.6,49.0,1140.4,55026.6,False,6
475,Botman,DEF,9,2,0.63,0.0,22.08,25.53,4.84,7.36,9.46,0.03,0.05,0.93,-0.03,-0.05,-0.09,71.33,49.0,2837.5,58886.0,True,10
475,Botman,DEF,10,-1,0.43,0.0,16.89,23.47,4.85,8.76,8.55,0.03,0.05,1.1,-0.03,-0.05,-0.03,70.17,49.0,4434.0,65013.67,False,19
475,Botman,DEF,11,3,0.37,0.0,14.13,21.46,6.32,8.0,8.0,0.02,0.05,1.03,-0.02,-0.05,0.27,80.67,49.0,3658.33,69879.67,False,5
475,Botman,DEF,12,1,0.19,0.0,10.41,21.35,6.4,8.0,8.18,0.02,0.05,1.42,-0.02,-0.05,0.44,80.67,49.0,2963.17,73910.83,True,13
475,Botman,DEF,21,4,0.22,0.0,11.28,18.66,5.37,8.62,7.3,0.03,0.06,1.28,-0.03,-0.06,0.49,67.83,49.0,2067.5,76873.17,True,11
475,Botman,DEF,22,5,0.0,0.0,9.45,22.87,5.89,7.21,7.71,0.05,0.0,1.48,-0.05,0.24,0.75,60.33,49.0,770.0,72913.83,False,20
475,Botman,DEF,23,3,0.25,0.25,14.17,22.13,5.79,5.22,6.96,0.03,0.0,1.33,-0.03,0.25,0.41,60.33,49.0,-574.67,67421.5,True,2
475,Botman,DEF,25,7,0.23,0.23,16.07,26.4,5.65,7.35,8.72,0.04,0.01,1.18,-0.04,0.22,0.65,65.33,49.0,-1452.67,60936.33,True,5
475,Botman,DEF,26,2,0.22,0.22,18.95,35.18,3.21,15.07,9.47,0.1,0.01,1.41,0.12,0.21,0.53,69.67,49.0,-1082.83,54841.17,False,18
475,Botman,DEF,29,1,0.22,0.22,19.38,35.83,3.17,19.16,9.26,0.25,0.01,1.24,-0.03,0.21,0.27,69.67,49.0,470.33,50412.5,True,14
475,Botman,DEF,30,10,0.22,0.22,19.51,34.63,3.21,19.73,8.65,0.25,0.01,1.23,-0.03,0.22,0.32,67.67,49.0,1129.83,46184.83,False,7
475,Botman,DEF,31,1,0.4,0.2,20.16,32.13,0.92,16.36,8.98,0.2,0.01,1.29,-0.0,-0.01,-0.1,75.17,49.0,1083.83,47180.83,True,17
475,Botman,DEF,32,3,0.22,0.0,18.7,34.35,3.04,19.78,10.22,0.25,0.02,1.39,-0.03,-0.02,-0.08,69.0,49.0,1887.67,51386.0,False,8
475,Botman,DEF,33,2,0.22,0.0,15.87,32.13,3.02,17.83,9.78,0.26,0.02,1.69,-0.04,-0.02,-0.39,69.0,49.0,1172.5,52377.83,True,4
475,Botman,DEF,34,4,0.22,0.22,13.48,27.96,5.04,10.87,10.43,0.2,0.03,1.95,-0.2,-0.03,-0.87,69.0,49.0,1127.0,53158.67,False,1
475,Botman,DEF,35,4,0.22,0.22,14.57,28.78,5.22,8.7,11.3,0.07,0.05,1.66,-0.07,-0.05,-0.57,69.0,49.0,569.67,53421.0,True,6
475,Botman,DEF,36,4,0.18,0.18,14.85,29.63,6.16,9.13,11.99,0.08,0.1,1.64,-0.08,-0.1,-0.56,83.83,49.0,1014.67,54547.17,False,16
475,Botman,DEF,37,4,0.0,0.18,13.06,31.2,6.23,9.13,13.78,0.08,0.1,1.59,-0.08,-0.1,-0.33,83.83,49.0,919.0,55556.83,True,19
475,Botman,DEF,38,3,0.0,0.17,12.5,32.13,4.13,7.17,14.17,0.05,0.08,1.6,-0.05,-0.08,-0.27,90.0,49.0,227.67,53491.5,False,10
476,Burn,DEF,4,6,0.67,0.33,17.33,15.13,5.6,4.67,8.0,0.0,0.03,0.53,-0.0,-0.03,0.47,90.0,50.0,40614.0,459476.67,True,20
476,Burn,DEF,5,9,0.75,0.25,19.0,14.8,4.32,5.75,7.5,0.01,0.02,0.52,-0.01,-0.02,0.23,90.0,50.0,44674.25,511441.25,False,4
476,Burn,DEF,6,0,0.8,0.2,20.6,18.44,3.7,5.0,9.0,0.01,0.02,0.53,-0.01,-0.02,0.07,90.0,50.0,37522.0,543539.0,True,1
476,Burn,DEF,7,11,0.67,0.33,17.0,17.43,3.1,5.17,9.0,0.01,0.02,0.78,-0.01,-0.02,0.05,90.0,50.0,37828.0,572859.83,True,16
476,Burn,DEF,8,2,0.67,0.33,17.33,18.33,4.78,5.17,7.83,0.01,0.02,0.8,-0.01,0.15,0.04,90.0,50.0,59358.33,663836.0,False,6
476,Burn,DEF,9,2,0.67,0.33,17.67,18.87,4.67,3.83,7.5,0.01,0.02,0.83,-0.01,0.15,-0.17,90.0,50.17,105923.0,791909.67,True,10
476,Burn,DEF,10,1,0.5,0.33,13.83,18.3,4.63,4.5,7.67,0.01,0.02,0.97,-0.01,0.15,-0.14,90.0,50.33,107154.67,909736.83,False,19
476,Burn,DEF,11,0,0.33,0.33,9.17,17.1,5.18,3.33,7.17,0.0,0.02,1.18,0.0,0.14,0.15,90.0,50.67,104259.83,1027710.83,False,5
476,Burn,DEF,13,5,0.17,0.34,2.24,14.66,5.19,3.1,7.24,0.0,0.02,1.27,0.0,0.15,0.63,87.0,51.0,88162.0,1126340.17,False,9
476,Burn,DEF,14,6,0.17,0.17,6.38,20.07,8.76,3.62,7.24,0.01,0.02,1.08,-0.01,0.32,0.64,87.0,51.17,76437.33,1154912.67,True,18
476,Burn,DEF,15,7,0.0,0.17,4.83,20.83,6.95,4.31,8.97,0.01,0.03,1.16,-0.01,0.32,0.91,87.0,51.33,56769.67,1163541.67,True,3
476,Burn,DEF,16,1,0.18,0.0,10.2,19.42,5.23,4.19,8.56,0.01,0.02,1.16,-0.01,0.34,0.66,82.33,51.33,23589.5,1141874.5,False,17
476,Burn,DEF,24,1,0.2,0.0,12.34,23.26,5.62,3.84,10.31,0.01,0.02,1.0,-0.01,0.38,0.82,74.17,51.5,17003.17,1106673.0,False,12
476,Burn,DEF,25,1,0.2,0.2,11.73,26.33,4.91,4.65,12.54,0.01,0.02,1.11,-0.01,0.39,0.91,74.17,51.17,10087.83,946250.5,True,5
476,Burn,DEF,26,1,0.24,0.24,18.67,28.82,6.03,5.51,11.97,0.02,0.02,1.15,-0.02,0.46,0.52,62.67,50.83,25708.67,805786.67,False,18
476,Burn,DEF,27,2,0.24,0.48,15.32,23.65,3.88,5.27,11.97,0.02,0.02,1.36,-0.02,0.22,0.32,62.67,50.67,30774.5,727159.33,False,13
476,Burn,DEF,28,0,0.24,0.72,10.77,20.87,3.73,3.83,11.49,0.02,0.01,1.5,-0.02,-0.01,0.17,62.67,50.5,28904.17,642598.67,True,9
476,Burn,DEF,29,2,0.0,0.89,2.45,20.27,3.34,3.12,10.47,0.02,0.0,1.75,-0.02,-0.0,0.48,67.33,50.33,12014.67,533839.33,True,14
476,Burn,DEF,30,1,0.0,0.79,3.38,20.5,3.02,3.18,9.74,0.01,0.0,1.83,-0.01,-0.0,0.35,75.5,50.0,1142.17,421009.83,False,7
476,Burn,DEF,31,3,0.0,0.72,6.94,21.73,3.57,2.39,9.57,0.02,0.0,1.75,-0.02,-0.0,-0.07,62.67,50.0,1843.5,423528.67,True,17
476,Burn,DEF,33,1,0.0,0.58,8.55,24.26,2.88,9.52,10.69,0.05,0.0,1.87,-0.05,-0.0,-0.12,77.17,50.0,4555.67,435830.5,True,4
476,Burn,DEF,34,3,0.0,0.46,6.71,23.88,0.76,11.11,10.87,0.14,0.0,1.96,-0.14,-0.0,0.12,64.83,50.0,3983.83,440253.5,False,1
476,Burn,DEF,35,7,0.0,0.46,8.1,26.56,1.74,17.35,10.87,0.17,0.0,1.76,-0.17,-0.0,0.09,64.83,50.0,3701.83,444684.17,True,6
476,Burn,DEF,36,2,0.0,0.46,14.58,34.29,1.41,25.45,12.03,0.21,0.0,1.62,0.03,-0.0,-0.23,64.83,50.0,2546.5,447884.17,False,16
476,Burn,DEF,37,1,0.0,0.46,14.34,31.0,1.94,25.45,11.34,0.21,0.01,1.53,0.03,-0.01,-0.15,64.83,50.0,3717.0,452419.17,True,19
476,Burn,DEF,38,1,0.0,0.46,14.04,29.88,4.35,25.32,10.36,0.2,0.01,1.52,0.03,-0.01,-0.14,65.17,50.0,4874.67,458145.5,False,10
477,Livramento,DEF,4,6,0.67,0.0,22.0,15.2,14.9,4.0,2.0,0.0,0.09,0.53,0.0,0.25,0.47,90.0,50.33,131286.67,574740.0,True,20
477,Livramento,DEF,5,6,0.75,0.0,22.0,13.9,12.6,3.5,2.5,0.0,0.08,0.52,0.0,0.18,0.23,90.0,50.5,148116.0,710295.75,False,4
477,Livramento,DEF,6,6,0.8,0.0,22.8,13.64,11.04,3.2,3.0,0.0,0.06,0.53,0.0,0.14,0.07,90.0,50.6,128882.4,797546.0,True,1
477,Livramento,DEF,12,2,0.86,0.0,23.44,12.22,9.63,2.74,3.08,0.0,0.06,0.73,0.0,0.11,-0.22,87.67,50.67,104751.5,852257.5,True,13
477,Livramento,DEF,13,2,0.68,0.0,19.51,12.35,5.6,2.05,3.59,0.0,0.05,1.12,0.0,0.12,-0.44,87.67,50.5,100608.17,849693.17,False,9
477,Livramento,DEF,14,3,0.68,0.0,20.19,11.74,5.46,2.74,4.96,0.02,0.02,1.17,-0.02,-0.02,-0.83,87.67,50.33,96785.67,832811.83,True,18
477,Livramento,DEF,15,1,0.51,0.0,19.16,16.49,8.76,2.74,7.02,0.02,0.03,1.18,-0.02,-0.03,-0.5,87.67,50.0,41148.83,738040.17,True,3
477,Livramento,DEF,16,2,0.34,0.17,18.31,18.51,13.31,3.08,7.53,0.02,0.03,1.37,-0.02,-0.03,-0.52,87.67,49.67,18041.0,626244.5,False,17
477,Livramento,DEF,20,1,0.17,0.17,15.23,17.73,15.71,3.08,6.67,0.02,0.04,1.33,-0.02,-0.04,-0.3,87.67,49.33,9683.83,506306.67,True,8
477,Livramento,DEF,21,1,0.0,0.19,13.21,20.08,19.15,3.77,6.98,0.02,0.04,1.18,-0.02,-0.04,-0.05,79.5,49.0,10357.5,366145.5,True,11
477,Livramento,DEF,30,6,0.0,0.21,14.79,20.96,25.0,4.17,6.67,0.02,0.05,0.88,-0.02,-0.05,0.37,72.0,49.0,14455.83,359512.67,False,7
477,Livramento,DEF,31,1,0.21,0.21,14.58,16.88,23.1,2.5,5.0,0.01,0.09,0.96,-0.01,-0.09,0.08,72.0,49.0,12076.67,341901.33,True,17
477,Livramento,DEF,32,1,0.25,0.25,14.47,14.22,22.66,2.45,3.43,0.0,0.1,1.29,-0.0,-0.1,-0.31,61.17,49.0,9750.5,323963.67,False,8
477,Livramento,DEF,33,2,0.25,0.0,12.26,11.38,16.46,1.47,2.21,0.0,0.09,1.53,-0.0,-0.09,-0.3,61.17,49.0,3.17,291327.67,True,4
478,Trippier,DEF,4,8,0.8,0.0,17.92,5.81,18.88,0.8,1.99,0.0,0.06,0.46,0.0,-0.06,0.34,75.33,50.0,13442.33,242784.0,True,20
478,Trippier,DEF,6,0,0.85,0.0,21.93,10.48,36.88,1.14,2.28,0.0,0.1,0.47,0.0,-0.1,0.1,79.0,50.0,13748.5,263978.75,True,1
478,Trippier,DEF,7,6,0.8,0.0,19.38,11.47,34.59,1.06,2.92,0.0,0.1,0.57,0.0,-0.1,0.49,67.8,50.0,5902.2,270842.4,True,16
478,Trippier,DEF,8,1,0.84,0.0,20.14,12.97,36.61,0.84,3.36,0.0,0.1,0.51,0.0,-0.1,0.33,71.5,50.0,5680.5,277329.5,False,6
478,Trippier,DEF,9,2,0.63,0.0,16.36,14.22,36.25,0.84,3.36,0.0,0.12,0.66,0.0,-0.12,0.6,71.5,50.0,7983.17,301984.17,True,10
478,Trippier,DEF,11,0,0.61,0.0,20.07,18.65,39.0,0.81,4.86,0.0,0.15,0.88,0.0,-0.15,0.13,74.0,50.0,7693.5,317727.67,False,5
478,Trippier,DEF,22,6,0.38,0.19,14.46,18.72,34.88,0.38,4.95,0.0,0.14,1.21,0.0,-0.14,0.31,78.83,50.0,-1814.67,318631.33,False,20
478,Trippier,DEF,23,1,0.38,0.19,13.32,17.01,25.12,0.19,4.95,0.01,0.17,1.17,-0.01,-0.17,0.35,78.83,49.83,-4018.83,291574.67,True,2
478,Trippier,DEF,24,1,0.33,0.17,14.0,17.0,25.85,0.17,4.5,0.01,0.18,1.14,-0.01,-0.18,0.2,90.0,49.67,486.83,269701.83,False,12
478,Trippier,DEF,25,1,0.17,0.17,10.81,17.83,26.86,0.17,5.07,0.01,0.18,1.44,-0.01,-0.18,0.42,88.83,49.5,-200.67,246045.67,True,5
478,Trippier,DEF,26,2,0.17,0.17,10.38,17.69,28.19,0.17,5.1,0.01,0.18,1.58,-0.01,-0.18,0.46,88.17,49.33,-2093.83,219949.67,False,18
478,Trippier,DEF,27,0,0.17,0.17,8.17,16.06,23.39,0.85,4.76,0.01,0.13,1.63,-0.01,-0.13,0.41,88.17,49.17,-3031.67,192519.83,False,13
478,Trippier,DEF,28,1,0.17,0.17,9.53,17.01,28.5,0.85,4.59,0.01,0.15,1.41,-0.01,-0.15,0.46,88.17,49.0,1181.83,169376.83,True,9
478,Trippier,DEF,29,6,0.0,0.18,5.61,16.21,26.74,0.88,4.56,0.01,0.1,1.62,-0.01,-0.1,0.66,85.5,49.0,1346.67,171169.5,True,14
478,Trippier,DEF,31,2,0.0,0.35,7.89,20.39,25.49,1.23,6.67,0.01,0.07,1.68,-0.01,0.11,0.43,85.5,49.0,870.83,172437.5,True,17
478,Trippier,DEF,33,1,0.0,0.36,9.29,18.58,22.97,1.28,5.65,0.01,0.07,1.57,-0.01,0.11,0.26,82.33,49.0,1497.5,175949.83,True,4
478,Trippier,DEF,36,1,0.0,0.4,9.14,18.48,20.66,1.79,5.56,0.01,0.07,1.54,-0.01,0.13,0.05,75.5,49.0,914.33,177830.83,False,16
478,Trippier,DEF,37,2,0.0,0.49,11.13,19.88,25.22,1.24,5.69,0.01,0.08,1.46,-0.01,0.16,0.27,60.67,49.0,537.67,179348.17,True,19
505,Milenković,DEF,4,1,0.0,0.0,6.0,14.6,1.13,2.67,6.33,0.02,0.01,1.67,-0.02,-0.01,-0.01,90.0,55.0,-11608.33,1042906.0,False,1
505,Milenković,DEF,5,2,0.0,0.0,4.5,13.65,1.25,2.5,6.0,0.01,0.01,1.72,-0.01,-0.01,0.28,90.0,55.0,-45905.75,1004741.75,False,3
505,Milenković,DEF,6,1,0.0,0.0,6.8,14.6,3.66,2.0,6.4,0.01,0.03,1.54,-0.01,-0.03,0.26,90.0,55.0,-43517.2,981109.0,True,17
505,Milenković,DEF,7,3,0.0,0.17,7.0,15.87,3.6,2.33,6.33,0.01,0.03,1.48,-0.01,-0.03,0.18,90.0,54.83,-53192.5,947715.67,False,15
505,Milenković,DEF,8,1,0.0,0.17,7.67,15.53,3.58,2.33,6.67,0.01,0.03,1.78,-0.01,-0.03,0.05,90.0,54.67,-71996.67,892083.0,True,7
505,Milenković,DEF,9,1,0.0,0.17,5.67,14.23,3.75,6.5,5.83,0.06,0.03,1.88,-0.06,-0.03,0.29,90.0,54.33,-79834.0,820737.33,False,4
505,Milenković,DEF,10,1,0.0,0.17,6.5,14.03,3.52,5.5,5.83,0.06,0.03,1.57,-0.06,-0.03,0.43,90.0,54.0,-87601.5,727117.0,True,14
505,Milenković,DEF,11,4,0.0,0.17,7.33,16.0,3.5,7.33,6.33,0.08,0.03,1.45,-0.08,-0.03,0.38,90.0,53.5,-70550.5,662036.17,True,11
505,Milenković,DEF,12,8,0.0,0.17,7.33,18.27,1.35,7.33,7.5,0.08,0.01,1.42,-0.08,-0.01,0.41,90.0,53.0,-68857.83,594244.0,False,12
505,Milenković,DEF,13,1,0.17,0.0,10.0,19.33,0.82,6.67,8.67,0.08,0.01,1.55,-0.08,-0.01,0.12,90.0,52.67,-55885.5,539740.83,True,6
505,Milenković,DEF,14,6,0.17,0.0,9.0,18.73,0.88,7.5,7.83,0.09,0.01,1.25,-0.09,-0.01,0.41,90.0,52.33,-35007.83,509719.83,False,20
505,Milenković,DEF,15,0,0.33,0.17,12.83,20.5,0.78,3.33,9.0,0.03,0.01,1.13,-0.03,-0.01,0.04,90.0,52.17,-19634.17,492050.5,False,9
505,Milenković,DEF,16,8,0.33,0.33,11.5,21.87,0.78,4.67,10.17,0.04,0.01,1.22,-0.04,-0.01,0.12,90.0,52.0,-12484.67,480425.33,True,18
505,Milenković,DEF,17,1,0.5,0.33,14.83,22.2,0.65,3.17,10.83,0.02,0.01,1.08,-0.02,-0.01,-0.08,90.0,51.83,-11442.0,469681.0,False,10
505,Milenković,DEF,18,3,0.5,0.5,13.5,18.97,0.78,3.17,9.17,0.02,0.01,1.22,-0.02,-0.01,-0.22,90.0,51.67,-7372.83,462824.0,True,13
505,Milenković,DEF,19,1,0.33,0.5,10.5,18.33,1.0,4.33,9.0,0.03,0.01,1.14,-0.03,-0.01,0.19,90.0,51.5,-5755.5,457305.33,True,9
505,Milenković,DEF,20,3,0.33,0.5,12.17,22.53,1.32,3.83,9.5,0.02,0.03,1.1,-0.02,-0.03,0.24,90.0,51.33,-6924.33,449464.33,False,2
505,Milenković,DEF,21,2,0.17,0.33,7.67,22.23,1.12,3.5,9.67,0.02,0.03,1.21,-0.02,-0.03,0.62,90.0,51.17,-10573.0,438604.67,False,19
505,Milenković,DEF,22,6,0.17,0.17,9.33,21.43,1.08,3.17,9.0,0.02,0.03,1.18,-0.02,-0.03,0.32,90.0,51.0,-10470.33,428906.67,True,1
505,Milenković,DEF,23,8,0.17,0.17,9.17,20.53,1.02,2.5,8.5,0.0,0.03,1.48,-0.0,-0.03,0.03,90.0,51.0,-6006.67,423593.17,False,5
505,Milenković,DEF,24,3,0.33,0.0,11.83,21.3,0.82,2.5,9.5,0.0,0.02,1.53,-0.0,-0.02,-0.19,90.0,51.0,-6439.5,417535.5,True,8
505,Milenković,DEF,25,1,0.33,0.17,12.0,20.83,0.6,1.33,9.67,0.0,0.02,1.6,0.0,-0.02,-0.43,90.0,51.0,-2561.83,416311.33,False,11
505,Milenković,DEF,26,6,0.33,0.17,9.33,16.87,0.2,1.67,9.5,0.0,0.0,1.81,0.0,0.0,-0.47,90.0,51.0,-2446.17,413033.17,True,20
505,Milenković,DEF,27,4,0.5,0.17,13.67,16.13,0.42,1.83,8.83,0.0,0.0,1.61,-0.0,0.0,-0.78,90.0,51.0,-355.0,413599.0,True,12
505,Milenković,DEF,28,1,0.5,0.17,13.5,17.27,0.42,1.67,9.5,0.02,0.0,1.74,-0.02,0.0,-0.91,90.0,51.0,-490.5,413388.33,False,6
505,Milenković,DEF,29,0,0.33,0.17,10.67,15.77,0.42,2.0,8.67,0.02,0.0,1.61,-0.02,-0.0,-0.44,90.0,51.0,1548.0,415546.17,False,13
505,Milenković,DEF,30,6,0.17,0.33,7.0,14.93,0.43,2.67,7.5,0.02,0.0,1.66,-0.02,-0.0,-0.16,90.0,51.0,652.33,416582.83,True,10
505,Milenković,DEF,31,9,0.33,0.17,9.83,13.07,0.7,3.33,6.0,0.02,0.0,1.52,-0.02,-0.0,-0.18,90.0,51.0,-1508.5,415328.83,False,18
505,Milenković,DEF,32,2,0.5,0.17,15.67,16.73,0.72,2.67,7.33,0.02,0.01,1.29,-0.02,-0.01,-0.46,90.0,51.0,-1554.83,416753.33,True,2
505,Milenković,DEF,33,5,0.33,0.17,13.33,16.77,0.62,2.5,7.17,0.01,0.01,1.39,-0.01,-0.01,-0.39,90.0,51.0,-998.17,415787.17,True,3
505,Milenković,DEF,34,8,0.33,0.17,15.0,14.7,0.6,1.67,6.5,0.0,0.01,1.16,0.0,0.16,-0.16,90.0,51.0,877.83,417530.67,False,17
505,Milenković,DEF,35,1,0.5,0.17,18.5,18.2,0.58,1.33,9.17,0.0,0.0,1.06,0.0,0.16,-0.39,90.0,51.0,3728.83,424281.5,False,7
505,Milenković,DEF,36,2,0.55,0.0,19.82,18.87,0.64,0.73,9.82,0.0,0.0,0.96,0.0,0.18,-0.41,82.5,51.0,4771.17,429357.67,True,15
505,Milenković,DEF,37,1,0.36,0.0,16.91,21.24,0.98,0.0,10.73,0.0,0.0,1.04,0.0,0.18,-0.31,82.5,51.0,4669.0,434107.17,False,14
505,Milenković,DEF,38,4,0.18,0.0,11.45,16.98,1.05,1.45,8.73,0.0,0.0,1.66,-0.0,0.18,-0.39,82.5,51.0,3142.33,434490.5,True,4
506,Murillo,DEF,4,3,0.0,0.33,6.0,13.27,3.97,0.0,5.0,0.0,0.07,1.67,0.0,-0.07,-0.01,90.0,55.0,-15438.0,698426.0,False,1
506,Murillo,DEF,8,1,0.0,0.29,6.76,15.88,3.5,0.0,7.35,0.0,0.06,1.76,0.0,-0.06,0.01,76.5,55.0,-40127.25,669247.25,True,7
506,Murillo,DEF,9,1,0.0,0.24,6.65,15.67,3.13,0.47,7.36,0.0,0.05,1.75,0.0,-0.05,0.15,75.8,54.8,-38997.2,588830.0,False,4
506,Murillo,DEF,10,3,0.0,0.19,6.91,18.12,2.65,0.38,7.48,0.0,0.04,1.53,0.0,-0.04,0.39,78.17,54.5,-34595.67,533318.67,True,14
506,Murillo,DEF,11,1,0.0,0.19,7.48,21.26,2.53,1.15,9.4,0.01,0.04,1.46,-0.01,-0.04,0.65,78.17,54.17,-36815.67,459454.33,True,11
506,Murillo,DEF,12,17,0.0,0.19,7.68,21.34,1.71,1.54,9.4,0.01,0.01,1.38,-0.01,-0.01,0.73,78.17,53.83,-33480.67,382600.17,False,12
506,Murillo,DEF,16,6,0.19,0.19,17.65,34.12,2.72,6.52,12.28,0.05,0.01,1.28,0.14,-0.01,0.25,78.17,53.5,-30646.83,304788.67,True,18
506,Murillo,DEF,17,1,0.34,0.17,19.62,29.98,2.62,6.2,10.5,0.04,0.01,1.04,0.13,-0.01,0.16,87.17,53.0,-14643.0,246698.17,False,10
506,Murillo,DEF,18,3,0.33,0.33,19.5,31.47,4.2,6.83,10.5,0.04,0.01,1.03,0.12,-0.01,-0.03,90.0,52.67,-7380.67,243011.67,True,13
506,Murillo,DEF,19,1,0.33,0.33,19.33,30.33,4.3,6.83,11.33,0.04,0.02,1.17,0.12,-0.02,-0.17,90.0,52.5,-6032.67,240114.67,True,9
506,Murillo,DEF,20,3,0.33,0.33,18.83,29.0,6.13,7.33,10.0,0.05,0.02,1.19,0.12,-0.02,-0.19,90.0,52.33,-2559.67,241612.33,False,2
506,Murillo,DEF,21,2,0.33,0.17,19.0,31.77,5.98,7.0,11.5,0.05,0.02,1.34,0.12,-0.02,-0.01,90.0,52.17,-3210.67,241214.0,False,19
506,Murillo,DEF,22,8,0.17,0.17,11.33,23.7,6.18,5.5,10.17,0.04,0.03,1.18,-0.04,-0.03,0.32,90.0,52.0,-1686.5,243044.17,True,1
506,Murillo,DEF,23,8,0.17,0.17,11.17,25.77,8.3,5.17,11.17,0.04,0.03,1.48,-0.04,-0.03,0.02,90.0,52.0,343.67,244081.17,False,5
506,Murillo,DEF,24,2,0.33,0.0,13.67,24.43,6.47,4.0,11.5,0.04,0.02,1.53,-0.04,-0.02,-0.19,90.0,52.0,-755.17,243748.67,True,8
506,Murillo,DEF,27,2,0.33,0.0,15.0,23.73,8.1,4.0,10.0,0.04,0.02,1.6,-0.04,-0.02,-0.44,90.0,52.0,3363.0,248403.67,True,12
506,Murillo,DEF,28,1,0.33,0.0,15.5,24.93,8.07,3.83,10.33,0.04,0.02,1.68,-0.04,-0.02,-0.68,90.0,52.0,-191.33,246880.0,False,6
506,Murillo,DEF,29,2,0.33,0.0,15.33,22.07,8.22,3.83,8.83,0.04,0.02,1.63,-0.04,-0.02,-0.8,90.0,52.0,902.33,247261.5,False,13
506,Murillo,DEF,30,6,0.33,0.17,16.0,22.1,6.32,1.0,9.0,0.02,0.01,1.83,-0.02,-0.01,-0.83,90.0,52.0,190.83,246511.33,True,10
506,Murillo,DEF,31,8,0.33,0.17,16.0,20.57,5.9,1.33,7.5,0.02,0.01,1.65,-0.02,-0.01,-0.65,90.0,52.0,2141.5,248150.5,False,18
506,Murillo,DEF,32,-1,0.33,0.17,17.0,20.93,6.05,1.33,7.67,0.02,0.01,1.54,-0.02,-0.01,-0.54,90.0,52.0,4497.5,258226.33,True,2
506,Murillo,DEF,33,1,0.33,0.33,13.83,18.63,4.5,2.5,8.33,0.04,0.01,1.39,-0.04,-0.01,-0.39,90.0,52.0,3322.83,260596.33,True,3
507,Aina,DEF,20,1,0.0,0.33,6.67,17.93,11.1,3.67,7.33,0.01,0.11,1.67,-0.01,-0.11,-0.01,90.0,50.0,6700.33,1538107.67,False,2
507,Aina,DEF,21,2,0.0,0.27,6.39,19.22,11.56,8.25,8.25,0.01,0.09,1.66,-0.01,-0.09,0.21,84.5,49.25,4790.25,1214589.0,False,19
507,Aina,DEF,22,5,0.0,0.21,8.2,18.21,12.81,7.99,7.99,0.01,0.08,1.51,-0.01,-0.08,0.17,85.6,48.8,3993.4,1020706.6,True,1
507,Aina,DEF,23,11,0.17,0.35,9.38,16.3,11.08,6.78,7.3,0.01,0.07,1.61,-0.01,-0.07,-0.22,86.33,48.5,3286.17,891400.67,False,5
507,Aina,DEF,24,2,0.35,0.35,12.34,15.43,9.24,6.78,6.78,0.01,0.07,1.66,-0.01,0.11,-0.45,86.33,48.0,3634.17,690382.33,True,8
507,Aina,DEF,25,1,0.35,0.17,14.25,15.92,9.31,7.47,6.95,0.02,0.07,1.8,-0.02,0.1,-0.59,86.33,47.5,4821.33,476233.5,False,11
507,Aina,DEF,26,7,0.35,0.17,13.9,14.94,7.23,6.25,7.3,0.03,0.02,1.82,-0.03,0.15,-0.6,86.33,47.0,7981.83,258606.17,True,20
507,Aina,DEF,27,1,0.5,0.17,18.0,14.6,10.72,3.83,6.5,0.04,0.05,1.61,-0.04,0.12,-0.78,90.0,47.0,9045.33,268462.17,True,12
507,Aina,DEF,28,1,0.5,0.33,16.83,13.57,8.33,2.67,6.17,0.04,0.04,1.74,-0.04,0.13,-0.91,90.0,47.0,9214.17,278156.17,False,6
507,Aina,DEF,29,1,0.34,0.17,14.41,14.34,9.98,2.54,6.27,0.03,0.04,1.64,-0.03,0.13,-0.45,88.5,47.0,9004.67,287605.5,False,13
507,Aina,DEF,30,10,0.17,0.17,10.34,13.46,9.86,2.2,5.93,0.03,0.04,1.69,-0.03,-0.04,-0.17,88.5,47.0,7750.5,295719.33,True,10
507,Aina,DEF,31,6,0.34,0.17,13.05,15.36,9.73,1.69,7.46,0.04,0.04,1.54,-0.04,-0.04,-0.19,88.5,47.0,3836.33,299749.5,False,18
507,Aina,DEF,32,2,0.51,0.17,17.63,16.31,9.44,1.36,7.8,0.03,0.04,1.31,-0.03,-0.04,-0.47,88.5,47.0,1910.33,304698.5,True,2
507,Aina,DEF,33,2,0.34,0.17,15.65,16.3,8.35,0.51,8.0,0.01,0.03,1.42,-0.01,-0.03,-0.4,88.17,47.0,1530.17,306133.67,True,3
507,Aina,DEF,34,9,0.34,0.0,15.82,16.98,8.25,0.51,7.83,0.01,0.03,1.19,-0.01,-0.03,-0.17,88.17,47.0,1196.0,306959.5,False,17
508,N.Williams,DEF,4,0,0.0,0.33,10.0,12.73,12.07,7.0,4.67,0.01,0.04,1.67,-0.01,-0.04,-0.01,90.0,50.0,-24515.33,1031248.33,False,1
508,N.Williams,DEF,5,10,0.0,0.5,6.25,13.55,9.7,5.75,4.75,0.01,0.03,1.72,-0.01,-0.03,0.28,90.0,50.0,-60964.25,983663.5,False,3
508,N.Williams,DEF,6,1,0.0,0.4,10.6,20.72,9.42,12.0,5.2,0.04,0.03,1.54,0.16,-0.03,0.26,90.0,50.0,-59201.8,951023.0,True,17
508,N.Williams,DEF,7,0,0.0,0.5,11.83,21.6,17.32,11.0,5.0,0.03,0.06,1.48,0.13,-0.06,0.18,90.0,49.83,-65126.83,915133.67,False,15
508,N.Williams,DEF,8,1,0.0,0.5,11.67,22.7,14.48,13.5,5.17,0.04,0.05,1.78,0.13,-0.05,0.05,90.0,49.67,-84588.5,843636.0,True,7
508,N.Williams,DEF,9,1,0.0,0.5,7.5,23.03,14.37,14.17,5.5,0.12,0.05,1.88,0.04,-0.05,0.29,90.0,49.33,-95163.5,755822.17,False,4
508,N.Williams,DEF,10,1,0.0,0.5,9.33,23.87,14.68,13.67,5.83,0.13,0.05,1.57,0.03,-0.05,0.43,90.0,49.0,-95277.83,667557.17,True,14
508,N.Williams,DEF,11,2,0.0,0.33,11.0,23.97,14.55,14.0,6.33,0.14,0.06,1.45,0.03,-0.06,0.38,90.0,48.5,-74470.83,599464.5,True,11
508,N.Williams,DEF,12,13,0.0,0.33,9.83,19.9,17.65,8.17,6.67,0.12,0.1,1.42,-0.12,-0.1,0.41,90.0,48.0,-68443.83,533042.5,False,12
508,N.Williams,DEF,13,1,0.17,0.17,14.67,24.03,9.98,7.83,9.0,0.12,0.06,1.55,-0.12,0.11,0.12,90.0,47.67,-56871.83,475933.83,True,6
508,N.Williams,DEF,14,8,0.17,0.0,14.33,22.07,8.35,5.33,9.17,0.11,0.06,1.25,-0.11,0.11,0.41,90.0,47.33,-34661.67,444502.67,False,20
508,N.Williams,DEF,15,1,0.33,0.0,20.17,22.83,8.42,5.5,9.17,0.04,0.08,1.13,-0.04,0.09,0.04,90.0,47.17,-14044.83,433118.5,False,9
508,N.Williams,DEF,16,7,0.33,0.0,19.33,23.67,10.25,4.67,8.83,0.03,0.09,1.22,-0.03,0.08,0.12,90.0,47.0,-5944.0,428262.67,True,18
508,N.Williams,DEF,17,2,0.5,0.0,23.5,25.5,14.85,7.5,8.67,0.04,0.11,1.08,-0.04,0.06,-0.08,90.0,47.0,-3643.67,425598.83,False,10
508,N.Williams,DEF,18,1,0.5,0.0,21.83,25.03,12.93,9.0,8.0,0.05,0.09,1.22,-0.05,0.08,-0.22,90.0,47.0,4425.17,431639.67,True,13
508,N.Williams,DEF,19,1,0.33,0.0,14.83,18.87,11.43,9.5,5.5,0.06,0.09,1.14,-0.06,-0.09,0.19,90.0,47.0,6552.0,438070.0,True,9
508,N.Williams,DEF,20,1,0.33,0.0,18.0,23.97,22.57,12.17,5.33,0.07,0.2,1.1,-0.07,-0.2,0.24,90.0,47.0,4412.67,443373.5,False,2
508,N.Williams,DEF,21,4,0.17,0.0,13.5,24.13,23.8,11.17,6.0,0.06,0.18,1.21,-0.06,-0.18,0.62,90.0,47.0,-2708.33,440082.5,False,19
508,N.Williams,DEF,22,6,0.17,0.0,15.33,25.57,23.95,13.17,7.0,0.05,0.17,1.18,-0.05,-0.17,0.32,90.0,47.0,-5536.33,435506.83,True,1
508,N.Williams,DEF,23,8,0.17,0.0,14.5,23.1,21.08,10.33,6.5,0.04,0.18,1.48,-0.04,-0.18,0.03,90.0,47.0,-2865.33,433753.67,False,5
508,N.Williams,DEF,24,-2,0.33,0.0,16.83,23.57,18.77,8.83,7.67,0.03,0.16,1.53,-0.03,-0.16,-0.19,90.0,47.0,-8747.33,424731.83,True,8
508,N.Williams,DEF,26,8,0.36,0.0,14.94,23.25,20.3,8.74,8.2,0.03,0.17,1.55,-0.03,-0.17,-0.28,82.33,47.0,-4576.0,422471.33,True,20
508,N.Williams,DEF,27,4,0.55,0.0,17.49,20.08,16.74,12.57,7.83,0.04,0.17,1.4,-0.04,-0.17,-0.49,82.33,47.0,-5941.33,409578.5,True,12
508,N.Williams,DEF,28,0,0.55,0.0,19.31,20.88,15.41,11.84,8.56,0.04,0.17,1.43,-0.04,-0.17,-0.88,82.33,47.0,-4518.0,399253.5,False,6
508,N.Williams,DEF,29,1,0.59,0.0,16.08,17.84,13.29,9.41,7.84,0.04,0.17,1.6,-0.04,-0.17,-0.81,76.5,47.0,-2697.5,390525.5,False,13
508,N.Williams,DEF,30,5,0.39,0.0,11.79,18.35,13.09,8.65,8.45,0.04,0.14,1.45,-0.04,-0.14,-0.27,76.33,47.0,-1154.67,383410.17,True,10
508,N.Williams,DEF,31,15,0.39,0.2,11.2,16.0,18.06,9.63,6.48,0.05,0.15,1.3,-0.05,-0.15,-0.12,76.33,47.0,-284.5,377163.33,False,18
508,N.Williams,DEF,32,11,0.54,0.18,20.89,23.75,21.75,13.39,6.61,0.06,0.2,1.24,-0.06,0.16,-0.34,84.0,47.0,-1579.0,370955.83,True,2
508,N.Williams,DEF,33,2,0.36,0.18,18.57,29.0,18.5,12.14,6.79,0.05,0.13,1.34,0.13,0.22,-0.27,84.0,47.0,7664.0,379390.67,True,3
508,N.Williams,DEF,34,5,0.36,0.18,18.04,28.11,20.84,15.18,5.0,0.06,0.16,1.1,0.12,0.19,-0.03,84.0,47.17,23308.0,410990.83,False,17
508,N.Williams,DEF,35,1,0.5,0.33,20.71,26.35,21.97,15.19,5.01,0.06,0.16,0.93,0.11,0.17,-0.27,89.83,47.33,37652.67,465263.5,False,7
508,N.Williams,DEF,36,2,0.55,0.36,22.36,28.44,22.13,16.55,5.45,0.07,0.17,1.1,0.12,0.19,-0.56,82.5,47.5,37191.67,502623.33,True,15
508,N.Williams,DEF,37,1,0.36,0.18,20.91,29.71,20.13,15.64,6.73,0.06,0.17,1.18,0.12,0.19,-0.46,82.5,47.67,33957.83,536392.5,False,14
508,N.Williams,DEF,38,2,0.18,0.18,14.0,25.45,17.71,10.91,7.27,0.05,0.11,1.81,0.13,-0.11,-0.53,82.5,47.83,30581.0,565229.67,True,4
510,Jair Cunha,DEF,33,1,0.0,0.0,7.57,19.43,0.34,4.21,8.41,0.06,0.0,2.29,-0.06,0.0,-0.61,71.33,42.67,-118.0,7717.0,True,3
510,Jair Cunha,DEF,34,1,0.0,0.0,8.24,21.3,0.82,3.44,8.93,0.05,0.0,1.98,-0.05,0.0,-0.26,65.5,42.5,-104.0,7733.75,False,17
510,Jair Cunha,DEF,35,1,0.0,0.0,8.68,19.74,0.78,2.89,8.39,0.04,0.0,1.77,-0.04,0.0,-0.32,62.2,42.4,-53.8,7830.0,False,7
510,Jair Cunha,DEF,36,2,0.0,0.0,8.6,18.46,0.73,2.53,8.09,0.04,0.0,1.83,-0.04,0.0,-0.57,59.33,42.33,-55.33,7841.5,True,15
510,Jair Cunha,DEF,37,1,0.0,0.0,8.34,16.38,1.09,6.83,7.58,0.07,0.0,1.38,-0.07,-0.0,-0.36,59.33,42.0,9.67,7984.0,False,14
510,Jair Cunha,DEF,38,2,0.0,0.0,9.33,18.11,3.92,5.21,8.23,0.04,0.02,1.71,-0.04,-0.02,-0.61,54.67,42.0,29.5,8004.5,True,4
511,Morato,DEF,7,3,0.0,0.33,7.0,16.47,1.53,1.0,6.0,0.01,0.01,1.29,-0.01,-0.01,0.37,90.0,44.0,-12.0,9884.0,False,15
511,Morato,DEF,8,0,0.0,0.52,7.8,19.2,1.3,0.78,8.32,0.01,0.01,1.38,-0.01,-0.01,0.18,86.5,44.0,-129.75,9886.25,True,7
511,Morato,DEF,11,1,0.0,0.62,6.81,18.45,1.14,0.62,8.05,0.01,0.01,1.44,-0.01,-0.01,0.42,87.2,44.0,-147.2,9910.0,True,11
511,Morato,DEF,13,3,0.0,0.62,7.81,19.19,1.13,0.62,8.42,0.01,0.01,1.47,-0.01,-0.01,0.38,73.0,44.0,-181.33,9807.5,True,6
511,Morato,DEF,14,7,0.0,0.62,11.71,22.97,1.29,1.03,10.07,0.01,0.01,1.4,-0.01,-0.01,0.24,73.0,43.83,-81.0,9858.83,False,20
511,Morato,DEF,15,2,0.21,0.41,15.62,22.23,1.09,1.03,9.66,0.01,0.01,1.41,-0.01,-0.01,0.02,73.0,43.67,-171.5,9783.67,False,9
511,Morato,DEF,21,1,0.21,0.62,12.33,23.79,0.86,0.41,10.68,0.0,0.01,1.4,0.0,-0.01,0.45,73.0,43.5,-33.67,9839.17,False,19
511,Morato,DEF,23,1,0.25,0.5,13.14,22.66,1.02,0.5,9.42,0.0,0.01,1.33,0.0,-0.01,0.65,60.5,43.33,16.5,9935.33,False,5
511,Morato,DEF,24,1,0.33,0.33,18.26,26.02,1.17,0.65,10.76,0.0,0.01,1.26,0.0,-0.01,0.38,46.0,43.17,32.67,9984.0,True,8
511,Morato,DEF,25,3,0.28,0.28,16.36,23.19,1.04,1.13,10.16,0.0,0.01,1.13,0.0,-0.01,0.28,53.17,43.0,80.5,10154.5,False,11
511,Morato,DEF,26,8,0.28,0.28,12.13,21.39,0.65,3.1,9.59,0.12,0.01,1.4,-0.12,-0.01,0.29,53.17,43.0,100.17,10332.17,True,20
511,Morato,DEF,29,1,0.28,0.28,13.54,24.55,3.61,15.24,11.0,0.23,0.01,1.26,-0.23,-0.01,0.43,53.17,43.0,96.5,10513.33,False,13
511,Morato,DEF,36,2,0.29,0.29,16.96,24.27,3.42,15.53,10.35,0.23,0.01,1.79,-0.23,-0.01,-0.64,52.17,43.0,37.67,10867.33,True,15
511,Morato,DEF,37,9,0.29,0.29,18.4,24.1,6.93,12.94,9.78,0.11,0.02,1.5,-0.11,-0.02,-0.92,52.17,43.0,42.5,10981.5,False,14
511,Morato,DEF,38,4,0.0,0.29,14.66,34.56,4.74,10.06,9.78,0.14,0.02,2.69,0.15,-0.02,-1.25,52.17,43.0,12.5,11036.83,True,4
531,Ballard,DEF,6,1,0.6,0.0,37.55,52.09,12.46,39.93,13.11,0.11,0.11,0.61,0.48,-0.11,-0.01,50.33,45.67,138178.33,351411.33,False,16
531,Ballard,DEF,9,2,0.58,0.0,31.46,46.49,12.44,32.62,15.73,0.16,0.09,0.89,0.13,-0.09,-0.6,51.5,45.83,61977.33,322431.83,False,7
531,Ballard,DEF,10,4,0.29,0.0,17.18,31.51,12.47,19.51,14.27,0.12,0.09,0.99,-0.12,-0.09,-0.41,51.5,46.0,62190.17,367266.33,True,9
531,Ballard,DEF,11,10,0.23,0.0,14.73,29.51,10.13,19.8,13.12,0.16,0.04,0.98,-0.16,-0.04,-0.29,65.17,46.0,-14707.83,299134.5,True,1
531,Ballard,DEF,12,1,0.21,0.0,18.08,34.82,7.19,22.71,12.2,0.16,0.04,1.2,0.05,0.17,-0.36,71.33,46.0,-6590.5,294017.0,False,10
531,Ballard,DEF,13,3,0.18,0.18,16.64,30.27,6.21,18.07,10.74,0.12,0.03,1.3,0.06,0.14,-0.41,83.83,46.0,13854.67,312476.83,True,4
531,Ballard,DEF,14,4,0.17,0.17,14.5,27.17,7.93,17.33,8.5,0.09,0.03,1.39,0.08,0.13,-0.23,90.0,46.0,17526.83,333035.0,False,12
531,Ballard,DEF,15,1,0.0,0.17,10.33,26.17,4.5,12.83,8.83,0.08,0.01,1.5,0.08,0.16,-0.16,90.0,46.0,16741.67,351134.83,False,13
531,Ballard,DEF,16,8,0.0,0.17,10.0,26.37,4.42,10.0,8.5,0.07,0.01,1.75,0.09,0.16,-0.08,90.0,46.0,16590.83,369222.0,True,15
531,Ballard,DEF,17,9,0.17,0.17,11.83,25.37,2.7,8.0,8.5,0.05,0.0,1.65,0.12,0.16,-0.15,90.0,46.0,14660.5,385211.67,False,6
531,Ballard,DEF,20,1,0.33,0.33,13.17,21.47,2.75,10.5,9.17,0.06,0.01,1.52,-0.06,-0.01,-0.35,90.0,46.0,22353.5,410087.17,False,18
531,Ballard,DEF,21,1,0.38,0.19,14.43,23.77,3.08,13.1,9.87,0.07,0.0,1.36,-0.07,-0.0,-0.22,79.0,46.0,-3986.17,404605.33,False,5
531,Ballard,DEF,22,4,0.39,0.19,14.22,21.23,0.68,12.86,9.94,0.06,0.0,1.61,-0.06,-0.0,-0.25,77.0,46.0,-7755.83,397291.17,True,8
531,Ballard,DEF,23,2,0.39,0.19,15.39,22.75,5.36,22.6,10.13,0.18,0.02,1.45,-0.18,-0.02,-0.08,77.0,46.0,-4424.83,394878.0,False,19
531,Ballard,DEF,24,9,0.39,0.39,14.42,23.84,5.61,23.77,10.91,0.19,0.02,1.27,-0.19,-0.02,0.09,77.0,46.0,-962.5,396055.33,True,3
531,Ballard,DEF,25,1,0.39,0.39,15.97,24.16,5.53,22.79,11.1,0.2,0.02,1.24,-0.2,-0.02,0.13,77.0,46.0,-921.83,396929.33,False,1
531,Ballard,DEF,26,4,0.19,0.19,11.1,23.34,7.52,16.56,10.52,0.17,0.02,1.31,-0.17,-0.02,0.64,77.0,46.0,-8318.5,389076.67,True,12
531,Ballard,DEF,27,4,0.17,0.17,11.08,23.39,8.47,14.49,11.08,0.15,0.02,1.54,-0.15,-0.02,0.34,88.0,46.0,-315.5,389503.5,True,10
531,Ballard,DEF,28,4,0.17,0.17,12.83,23.83,11.72,14.33,10.83,0.15,0.03,1.35,-0.15,0.14,0.49,90.0,46.0,4212.67,394726.17,False,4
531,Ballard,DEF,29,9,0.17,0.17,13.17,23.87,9.35,6.0,11.17,0.06,0.02,1.53,-0.06,0.15,0.3,90.0,46.0,4583.0,399883.83,False,11
531,Ballard,DEF,30,4,0.33,0.0,17.83,25.67,9.17,5.83,12.0,0.06,0.02,1.47,-0.06,0.15,-0.14,90.0,46.0,6279.0,406691.17,True,6
531,Ballard,DEF,33,0,0.18,0.0,14.91,27.75,13.67,6.32,12.81,0.04,0.01,1.76,-0.04,0.16,-0.19,85.5,46.17,20213.33,427772.33,False,2
531,Ballard,DEF,34,0,0.2,0.2,14.8,28.4,13.66,6.0,13.4,0.05,0.01,1.91,-0.05,0.19,-0.51,75.0,46.33,13046.67,427277.17,True,16
531,Ballard,DEF,35,-2,0.2,0.2,10.8,27.92,11.86,8.2,12.4,0.05,0.02,1.62,-0.05,0.18,0.58,75.0,46.5,17588.5,437894.17,False,20
532,Hume,DEF,4,6,0.33,0.0,13.33,14.33,10.63,2.67,6.0,0.02,0.04,0.92,-0.02,-0.04,0.08,90.0,45.0,2101.67,28135.33,False,8
532,Hume,DEF,5,4,0.5,0.0,16.5,16.1,14.43,2.0,6.25,0.02,0.04,1.13,-0.02,-0.04,-0.38,90.0,45.0,909.25,28805.0,True,2
532,Hume,DEF,6,6,0.4,0.0,15.8,16.76,14.4,2.0,7.0,0.01,0.04,1.05,-0.01,-0.04,-0.25,90.0,45.0,512.6,29193.6,False,16
532,Hume,DEF,7,1,0.5,0.0,17.33,15.73,12.15,2.17,7.17,0.01,0.04,1.15,-0.01,-0.04,-0.49,90.0,45.0,380.5,29446.67,False,14
532,Hume,DEF,8,11,0.34,0.0,13.3,14.59,10.04,2.73,7.16,0.02,0.03,1.33,-0.02,-0.03,-0.31,88.0,45.0,1089.5,32399.5,True,20
532,Hume,DEF,9,2,0.51,0.0,18.07,17.22,11.15,3.92,7.33,0.05,0.04,1.3,-0.05,0.13,-0.62,88.0,45.0,-98.17,33140.67,False,7
532,Hume,DEF,10,1,0.51,0.0,18.58,16.16,11.06,3.24,6.82,0.05,0.04,1.25,-0.05,0.13,-0.57,88.0,45.0,1096.5,35024.17,True,9
532,Hume,DEF,11,1,0.34,0.17,14.83,13.4,11.47,6.82,5.62,0.07,0.05,1.1,-0.07,0.12,-0.25,88.0,45.0,2222.83,38160.83,True,1
532,Hume,DEF,12,1,0.34,0.17,13.81,11.8,9.22,6.48,4.77,0.07,0.06,1.3,-0.07,0.11,-0.28,88.0,45.0,2223.67,40990.83,False,10
532,Hume,DEF,13,0,0.17,0.34,10.42,12.06,11.17,6.32,4.44,0.07,0.06,1.37,-0.07,0.11,-0.17,87.83,45.0,2334.33,44049.5,True,4
532,Hume,DEF,14,2,0.19,0.57,12.29,15.05,14.97,6.43,5.29,0.07,0.07,1.27,-0.07,0.12,-0.33,79.33,45.0,1393.83,46004.5,False,12
532,Hume,DEF,15,1,0.0,0.57,7.75,14.45,12.48,6.05,6.05,0.03,0.05,1.39,-0.03,-0.05,-0.25,79.33,45.0,688.17,47082.67,False,13
532,Hume,DEF,16,1,0.0,0.57,6.28,14.77,12.56,6.09,6.28,0.03,0.06,1.66,-0.03,-0.06,-0.14,78.83,45.0,-482.5,46954.67,True,15
532,Hume,DEF,17,10,0.0,0.45,8.04,17.64,11.08,3.35,8.04,0.01,0.04,1.78,-0.01,-0.04,-0.22,67.17,45.0,-1715.67,45349.33,False,6
532,Hume,DEF,18,1,0.22,0.45,13.62,21.39,14.14,4.02,9.6,0.02,0.06,1.61,-0.02,-0.06,-0.49,67.17,45.0,-1668.67,43972.83,True,11
532,Hume,DEF,19,6,0.22,0.45,14.93,21.92,11.58,4.01,9.58,0.02,0.05,1.63,-0.02,-0.05,-0.51,67.33,45.0,-1135.33,43341.5,True,13
532,Hume,DEF,20,2,0.39,0.19,14.65,17.07,7.36,5.4,8.09,0.04,0.04,1.81,-0.04,-0.04,-0.85,77.83,45.0,-1157.83,42292.17,False,18
532,Hume,DEF,21,0,0.39,0.19,15.61,16.3,10.16,8.29,7.71,0.04,0.04,1.76,-0.04,-0.04,-0.79,77.83,45.0,-302.33,42259.67,False,5
532,Hume,DEF,22,1,0.38,0.38,13.79,15.86,11.85,8.23,7.28,0.04,0.04,1.93,-0.04,-0.04,-0.97,78.33,45.0,215.33,42718.0,True,8
532,Hume,DEF,23,0,0.33,0.5,10.83,14.13,8.9,13.33,6.17,0.09,0.04,1.76,-0.09,-0.04,-0.76,90.0,45.0,672.33,43603.0,False,19
532,Hume,DEF,24,5,0.18,0.55,2.36,10.55,8.22,15.27,4.73,0.11,0.02,1.95,-0.11,-0.02,-0.32,82.5,45.0,867.0,44679.0,True,3
532,Hume,DEF,25,1,0.36,0.55,3.64,9.05,10.44,16.18,4.0,0.15,0.02,1.57,-0.15,-0.02,-0.12,82.5,45.0,-113.83,44399.0,False,1
532,Hume,DEF,26,2,0.18,0.55,1.66,10.27,10.93,14.54,3.87,0.13,0.02,1.33,-0.13,-0.02,0.51,81.5,45.0,-74.33,44556.0,True,12
532,Hume,DEF,27,1,0.19,0.56,-0.19,9.98,9.9,12.62,4.14,0.14,0.02,1.59,-0.14,-0.02,0.29,79.67,45.0,-631.0,43969.33,True,10
532,Hume,DEF,28,2,0.19,0.38,0.75,10.36,8.17,14.31,4.14,0.16,0.02,1.33,-0.16,-0.02,0.55,79.67,45.0,-905.5,43179.33,False,4
532,Hume,DEF,29,8,0.19,0.19,3.01,12.01,7.64,6.59,5.08,0.09,0.02,1.54,-0.09,-0.02,0.34,79.67,45.0,-796.33,42491.83,False,11
532,Hume,DEF,30,2,0.34,0.17,11.36,13.73,6.06,4.82,6.02,0.07,0.02,1.38,-0.07,-0.02,-0.18,87.17,45.0,-839.33,41740.67,True,6
532,Hume,DEF,31,1,0.17,0.0,9.81,14.28,5.8,4.47,6.37,0.05,0.02,1.66,-0.05,-0.02,-0.28,87.17,45.0,-43.17,41836.17,False,15
532,Hume,DEF,32,0,0.17,0.17,9.7,13.17,6.06,5.78,6.29,0.09,0.1,1.71,-0.09,-0.1,-0.52,88.17,45.0,-52.17,41993.0,True,18
532,Hume,DEF,33,7,0.2,0.39,10.61,13.32,6.84,4.72,6.29,0.08,0.13,1.52,-0.08,-0.13,-0.34,76.33,45.0,203.33,42402.17,False,2
532,Hume,DEF,34,-2,0.23,0.46,16.63,22.6,7.63,7.29,7.06,0.1,0.15,1.56,0.13,-0.15,-0.65,65.83,45.0,-29.0,42394.5,True,16
532,Hume,DEF,35,2,0.23,0.46,12.53,23.24,11.26,8.43,7.52,0.1,0.17,1.42,0.13,-0.17,0.4,65.83,45.0,498.33,43578.33,False,20
532,Hume,DEF,36,6,0.0,0.46,7.29,23.06,12.49,10.03,7.06,0.12,0.17,1.55,0.11,-0.17,0.5,65.83,45.0,467.83,44172.33,True,14
532,Hume,DEF,37,1,0.23,0.46,10.96,22.61,16.49,9.82,6.4,0.1,0.19,1.25,0.13,-0.19,0.58,65.67,45.0,-237.33,43992.83,False,9
532,Hume,DEF,38,8,0.25,0.25,12.15,23.5,17.21,8.68,5.95,0.04,0.08,1.14,0.2,-0.08,0.85,60.5,45.0,-2.67,44017.33,True,7
535,Cirkin,DEF,21,1,0.38,0.38,12.48,18.68,2.72,0.76,8.32,0.0,0.01,2.03,0.0,-0.01,-1.28,79.33,40.0,475.0,3540.33,False,5
535,Cirkin,DEF,22,1,0.36,0.36,12.65,18.07,2.71,0.72,7.95,0.0,0.01,2.1,0.0,-0.01,-1.38,62.25,40.0,500.0,3937.5,True,8
535,Cirkin,DEF,23,1,0.36,0.36,13.98,18.72,2.73,0.72,8.61,0.0,0.01,2.09,0.0,-0.01,-1.37,50.2,40.0,526.8,4344.4,False,19
535,Cirkin,DEF,30,1,0.3,0.3,13.38,17.7,2.65,0.61,7.91,0.0,0.01,1.84,0.0,-0.01,-1.23,49.33,40.0,512.17,4712.0,True,6
539,O'Nien,DEF,33,0,0.59,0.29,16.12,8.91,1.26,3.52,5.57,0.01,0.03,1.11,-0.01,-0.03,-0.81,51.17,40.0,148.67,8312.5,False,2
539,O'Nien,DEF,37,4,0.46,0.23,12.46,10.89,1.29,2.77,6.0,0.0,0.03,1.5,-0.0,-0.03,-0.34,65.0,40.0,247.17,8852.83,False,9
539,O'Nien,DEF,38,6,0.4,0.2,12.12,12.95,1.15,3.18,7.15,0.01,0.02,1.49,-0.01,-0.02,-0.3,75.5,40.0,213.5,9530.0,True,7
541,Reinildo,DEF,4,6,0.33,0.33,16.33,17.6,5.27,2.0,9.67,0.01,0.01,0.92,-0.01,-0.01,0.08,90.0,40.0,60423.0,854915.33,False,8
541,Reinildo,DEF,5,-2,0.5,0.25,19.5,18.55,4.47,1.5,8.75,0.0,0.01,1.13,-0.0,-0.01,-0.38,90.0,40.0,40260.0,878693.25,True,2
541,Reinildo,DEF,9,2,0.46,0.23,15.15,17.04,4.2,1.38,8.27,0.0,0.01,1.1,-0.0,-0.01,-0.18,78.4,40.0,33540.4,895721.2,False,7
541,Reinildo,DEF,10,2,0.37,0.19,13.63,15.91,3.53,1.12,7.84,0.0,0.01,1.06,-0.0,-0.01,-0.13,80.33,40.0,23133.17,840561.67,True,9
541,Reinildo,DEF,11,0,0.19,0.19,10.46,16.17,4.05,3.17,7.47,0.01,0.01,1.12,-0.01,-0.01,0.0,80.33,40.0,20521.83,819484.17,True,1
541,Reinildo,DEF,12,1,0.19,0.37,7.1,12.21,2.45,3.55,6.54,0.01,0.01,1.29,-0.01,-0.01,-0.17,80.33,40.0,-4339.83,755829.0,False,10
541,Reinildo,DEF,13,4,0.19,0.37,6.16,13.82,2.39,2.43,6.35,0.01,0.01,1.47,-0.01,-0.01,-0.35,80.33,40.0,-13417.83,682398.5,True,4
541,Reinildo,DEF,14,4,0.0,0.37,2.24,12.21,2.32,3.55,6.16,0.01,0.01,1.45,-0.01,0.18,0.04,80.33,40.0,-11565.5,612562.0,False,12
541,Reinildo,DEF,16,10,0.0,0.33,6.67,15.3,2.18,3.17,7.67,0.01,0.0,1.5,-0.01,0.16,-0.16,90.0,40.0,-13605.33,537956.67,True,15
541,Reinildo,DEF,22,2,0.17,0.5,10.33,16.87,2.5,3.17,8.33,0.01,0.01,1.39,-0.01,0.16,-0.22,90.0,39.83,-17719.5,519997.0,True,8
541,Reinildo,DEF,23,-1,0.17,0.5,10.5,18.03,4.27,1.33,8.67,0.0,0.02,1.34,-0.0,0.15,-0.18,90.0,39.5,-13801.67,484760.33,False,19
541,Reinildo,DEF,24,11,0.18,0.55,9.64,18.18,4.4,1.09,8.55,0.01,0.02,1.36,-0.01,0.16,0.1,82.5,39.17,-8727.17,454777.0,True,3
541,Reinildo,DEF,25,1,0.36,0.36,15.82,20.25,8.4,2.91,8.18,0.01,0.05,0.97,-0.01,0.32,0.3,82.5,38.83,-4822.33,428510.33,False,1
541,Reinildo,DEF,26,1,0.36,0.36,14.18,20.91,8.53,1.82,8.36,0.01,0.05,0.94,-0.01,0.14,0.52,82.5,38.5,392.5,406012.33,True,12
541,Reinildo,DEF,31,0,0.36,0.55,13.64,21.71,11.38,2.18,7.27,0.01,0.07,1.13,-0.01,0.11,0.32,82.5,38.17,5520.17,391239.17,False,15
541,Reinildo,DEF,32,7,0.22,0.67,9.98,21.95,13.32,2.66,6.87,0.01,0.08,1.34,-0.01,0.14,0.44,67.67,38.0,12860.83,374006.83,True,18
541,Reinildo,DEF,33,1,0.44,0.67,14.63,21.19,10.33,2.66,6.87,0.01,0.07,1.39,-0.01,0.15,0.16,67.67,38.0,11028.83,377837.33,False,2
541,Reinildo,DEF,34,1,0.43,0.43,15.96,22.0,13.09,2.98,6.81,0.01,0.07,1.45,-0.01,0.14,0.04,70.5,38.0,8373.17,378008.0,True,16
541,Reinildo,DEF,35,2,0.24,0.48,10.71,18.71,9.29,0.95,6.9,0.0,0.06,1.65,0.0,-0.06,0.26,63.0,38.0,8031.17,393842.0,False,20
541,Reinildo,DEF,36,8,0.25,0.5,13.79,17.9,11.93,1.0,6.52,0.0,0.07,1.68,0.0,-0.07,-0.18,59.83,38.0,4242.83,390305.33,True,14
541,Reinildo,DEF,37,2,0.5,0.25,18.55,15.69,8.15,0.5,7.02,0.0,0.03,1.2,0.0,-0.03,0.05,59.83,38.0,-173.0,381360.17,False,9
541,Reinildo,DEF,38,2,0.4,0.0,17.88,15.47,6.89,0.4,6.63,0.0,0.03,1.17,0.0,-0.03,0.04,74.67,38.0,3077.83,386670.5,True,7
568,Pedro Porro,DEF,4,6,0.72,0.36,21.24,20.52,29.23,3.96,7.92,0.04,0.15,1.46,-0.04,-0.15,-1.1,83.33,55.33,108992.33,2482769.33,False,19
568,Pedro Porro,DEF,5,1,0.79,0.26,24.09,20.01,29.94,4.5,7.15,0.03,0.21,1.23,-0.03,-0.21,-0.97,85.0,55.5,86857.5,2597002.0,False,6
568,Pedro Porro,DEF,6,1,0.63,0.21,21.03,20.48,29.5,4.0,7.15,0.02,0.18,1.26,-0.02,-0.18,-0.62,85.6,55.6,70499.8,2675272.4,True,20
568,Pedro Porro,DEF,7,7,0.59,0.2,20.97,21.01,30.86,3.76,7.12,0.02,0.17,1.21,-0.02,-0.17,-0.62,75.83,55.67,23764.33,2695427.5,False,11
568,Pedro Porro,DEF,8,1,0.4,0.2,18.79,19.82,22.96,4.35,8.31,0.02,0.12,1.36,-0.02,0.07,-0.57,75.83,55.83,-4576.83,2772051.33,True,2
568,Pedro Porro,DEF,9,11,0.2,0.0,16.81,19.7,21.13,3.16,7.71,0.0,0.1,1.11,-0.0,0.09,0.07,75.83,56.0,-15079.67,2809773.0,False,9
568,Pedro Porro,DEF,10,2,0.38,0.0,21.41,21.18,22.28,2.65,6.63,0.0,0.15,1.06,0.0,0.23,-0.11,79.17,56.0,-99505.5,2722716.33,True,7
568,Pedro Porro,DEF,11,2,0.2,0.0,16.15,18.35,17.25,1.58,6.11,0.0,0.09,1.43,0.0,0.31,-0.25,76.17,55.83,-120660.0,2617505.17,True,14
568,Pedro Porro,DEF,12,0,0.21,0.0,16.55,16.92,13.97,1.24,5.79,0.0,0.08,1.29,0.0,0.33,-0.25,72.5,55.67,-143697.5,2483652.67,False,1
568,Pedro Porro,DEF,13,1,0.21,0.21,16.07,15.77,11.14,1.29,5.57,0.0,0.08,1.35,0.0,0.35,-0.28,70.0,55.5,-126751.67,2363636.83,True,10
568,Pedro Porro,DEF,14,1,0.21,0.21,16.93,18.69,21.3,2.36,4.93,0.01,0.17,1.08,-0.01,0.05,0.2,70.0,55.17,-107059.33,2266223.83,False,15
568,Pedro Porro,DEF,15,5,0.21,0.21,16.93,20.91,17.81,2.36,6.21,0.02,0.17,1.45,-0.02,0.04,-0.17,70.0,54.83,-108668.0,2162162.83,True,5
568,Pedro Porro,DEF,16,0,0.21,0.43,13.71,18.3,21.94,4.07,6.21,0.02,0.13,1.19,-0.02,-0.13,0.1,70.0,54.5,-97982.17,2069163.0,False,16
568,Pedro Porro,DEF,17,1,0.21,0.62,11.92,20.01,21.41,3.9,6.99,0.01,0.13,1.15,-0.01,-0.13,0.49,73.0,54.17,-93454.5,1982076.67,True,12
568,Pedro Porro,DEF,18,6,0.19,0.58,11.49,21.78,25.4,5.84,7.21,0.03,0.14,1.16,-0.03,-0.14,0.59,77.0,53.83,-91585.83,1894104.83,False,8
568,Pedro Porro,DEF,19,10,0.33,0.33,13.33,19.93,24.27,5.5,6.67,0.03,0.13,1.18,-0.03,-0.13,0.32,90.0,53.5,-83845.67,1814191.5,False,5
568,Pedro Porro,DEF,20,4,0.5,0.33,15.33,19.03,18.03,4.0,7.33,0.02,0.06,1.24,-0.02,-0.06,-0.07,90.0,53.17,-78119.33,1738010.17,True,17
568,Pedro Porro,DEF,21,0,0.5,0.33,17.33,20.13,23.55,4.83,7.67,0.02,0.08,0.98,-0.02,-0.08,0.02,90.0,52.83,-58098.5,1684999.17,False,4
568,Pedro Porro,DEF,22,4,0.33,0.33,13.0,18.17,20.4,4.5,7.17,0.03,0.08,1.14,-0.03,-0.08,0.36,90.0,52.5,-43305.17,1645329.5,True,19
568,Pedro Porro,DEF,23,1,0.33,0.17,18.5,24.13,34.82,5.67,6.67,0.03,0.16,1.21,-0.03,0.01,0.13,90.0,52.33,-31004.67,1617552.33,False,3
568,Pedro Porro,DEF,28,0,0.36,0.18,19.09,22.47,32.62,6.18,6.73,0.04,0.16,1.31,-0.04,0.03,-0.04,82.5,52.17,-8465.83,1613858.17,False,10
568,Pedro Porro,DEF,29,1,0.18,0.36,15.82,24.4,34.2,6.55,7.64,0.05,0.16,1.46,-0.05,0.02,0.17,82.5,51.83,-633.17,1548416.33,True,8
568,Pedro Porro,DEF,30,2,0.0,0.38,10.54,23.01,35.32,6.78,6.78,0.05,0.16,1.64,-0.05,0.03,0.62,79.67,51.67,1824.33,1483974.67,False,12
568,Pedro Porro,DEF,31,1,0.0,0.38,7.34,20.41,29.37,6.59,5.65,0.06,0.14,1.87,-0.06,0.05,0.39,79.67,51.5,-2732.83,1412703.17,True,16
568,Pedro Porro,DEF,32,1,0.0,0.19,8.28,21.77,35.13,5.84,5.27,0.05,0.16,1.91,-0.05,0.03,0.35,79.67,51.33,1970.67,1361567.33,False,17
568,Pedro Porro,DEF,33,10,0.0,0.38,5.84,18.15,27.09,12.24,5.84,0.06,0.1,1.65,-0.06,-0.1,0.42,79.67,51.17,2839.33,1295844.67,True,6
568,Pedro Porro,DEF,34,8,0.0,0.34,9.29,25.71,27.45,15.49,6.54,0.07,0.1,1.54,0.1,-0.1,0.52,87.17,51.0,-14.33,1226132.33,False,20
568,Pedro Porro,DEF,35,4,0.17,0.34,13.42,26.88,28.22,16.18,7.4,0.06,0.1,1.29,0.12,-0.1,0.43,87.17,51.0,34697.17,1349690.67,False,2
568,Pedro Porro,DEF,36,1,0.17,0.33,15.83,28.1,28.82,15.83,8.0,0.06,0.1,1.06,0.11,-0.1,0.28,90.0,51.17,31324.83,1380524.67,True,11
568,Pedro Porro,DEF,37,0,0.17,0.5,17.17,30.4,36.05,15.67,8.67,0.07,0.16,1.0,0.1,-0.16,0.34,90.0,51.33,35773.67,1416382.67,False,7
568,Pedro Porro,DEF,38,10,0.17,0.67,17.67,30.43,35.78,16.0,8.33,0.07,0.18,0.86,0.1,-0.18,0.31,90.0,51.5,29865.5,1430987.67,True,9
569,Romero,DEF,4,12,0.67,0.33,20.67,20.0,0.83,2.67,7.33,0.0,0.01,1.36,0.0,-0.01,-1.03,90.0,50.0,44188.0,444190.0,False,19
569,Romero,DEF,5,2,0.75,0.25,26.5,23.55,6.08,10.75,6.25,0.02,0.04,1.17,-0.02,0.21,-0.92,90.0,50.0,32872.5,489886.5,False,6
569,Romero,DEF,6,2,0.6,0.4,23.4,25.2,5.3,8.6,8.6,0.01,0.04,1.2,-0.01,0.16,-0.6,90.0,50.2,54823.2,552710.6,True,20
569,Romero,DEF,7,1,0.5,0.33,20.33,22.53,4.73,8.0,7.83,0.02,0.04,1.19,-0.02,0.13,-0.52,90.0,50.33,59173.83,611615.33,False,11
569,Romero,DEF,10,1,0.33,0.5,18.33,22.13,4.63,7.33,8.33,0.02,0.04,1.32,-0.02,0.13,-0.48,90.0,50.5,62019.83,710366.17,True,7
569,Romero,DEF,11,1,0.19,0.38,17.06,22.76,5.19,9.0,8.06,0.02,0.04,1.45,-0.02,0.14,-0.52,80.0,50.5,38062.17,733412.17,True,14
569,Romero,DEF,12,1,0.19,0.57,16.23,22.26,5.23,12.26,8.11,0.08,0.04,1.26,-0.08,0.15,-0.32,79.5,50.5,9830.67,714690.67,False,1
569,Romero,DEF,14,17,0.0,0.75,7.17,21.66,1.15,5.66,10.0,0.06,0.02,1.51,-0.06,-0.02,0.18,79.5,50.5,6868.83,691528.83,False,15
569,Romero,DEF,15,6,0.0,0.75,11.89,34.0,2.7,12.45,8.87,0.12,0.01,1.65,0.25,-0.01,0.05,79.5,50.33,-18614.67,630702.67,True,5
569,Romero,DEF,16,1,0.19,0.96,16.77,35.61,4.41,12.53,9.83,0.13,0.01,1.48,0.26,-0.01,0.06,77.83,50.17,-25966.83,560552.33,False,16
569,Romero,DEF,17,0,0.19,0.77,15.03,35.15,4.34,12.14,9.64,0.13,0.01,1.6,0.26,-0.01,0.33,77.83,50.0,-15117.33,503315.0,True,12
569,Romero,DEF,19,9,0.17,0.68,11.27,32.65,3.98,10.42,10.59,0.11,0.01,1.29,0.23,-0.01,0.76,87.83,50.0,7562.17,506364.5,False,5
569,Romero,DEF,20,2,0.34,0.51,14.94,32.84,3.96,8.32,11.38,0.08,0.01,1.33,0.26,-0.01,0.53,88.33,50.0,11361.0,499357.5,True,17
569,Romero,DEF,21,3,0.34,0.34,17.32,29.65,6.01,9.34,10.19,0.08,0.06,1.09,0.26,-0.06,0.27,88.33,50.0,16102.17,497565.33,False,4
569,Romero,DEF,22,8,0.34,0.17,14.43,20.38,9.54,6.96,11.21,0.06,0.13,0.96,-0.06,-0.13,0.57,88.33,50.0,17608.33,503509.0,True,19
569,Romero,DEF,23,11,0.17,0.17,11.67,27.17,9.57,11.67,11.5,0.08,0.15,1.38,0.09,-0.15,0.46,90.0,50.0,12950.5,503773.0,False,3
569,Romero,DEF,24,0,0.17,0.17,16.33,34.17,9.73,14.83,12.0,0.1,0.15,1.22,0.24,-0.15,0.44,90.0,50.0,4974.17,495415.17,True,13
569,Romero,DEF,25,-3,0.18,0.18,17.45,34.36,10.49,15.82,10.55,0.1,0.16,1.38,0.26,-0.16,0.44,82.5,50.0,13692.17,498088.0,False,14
569,Romero,DEF,31,1,0.0,0.21,10.81,35.71,11.91,17.46,10.39,0.09,0.18,1.48,0.32,-0.18,1.01,72.17,50.0,12471.67,511932.17,True,16
569,Romero,DEF,32,1,0.0,0.21,9.98,37.21,11.93,17.88,10.39,0.1,0.13,1.69,0.32,-0.13,1.22,72.17,50.0,11772.33,502672.67,False,17
570,Danso,DEF,13,3,0.31,0.93,12.68,20.72,0.9,1.24,12.37,0.0,0.02,1.64,0.0,-0.02,0.22,48.5,43.0,-346.33,18229.17,True,10
570,Danso,DEF,14,3,0.24,0.72,12.21,23.41,1.1,0.96,11.73,0.0,0.02,1.32,0.0,-0.02,0.6,62.67,43.0,-282.17,19046.67,False,15
570,Danso,DEF,15,1,0.24,0.48,15.32,26.95,0.98,0.96,13.16,0.0,0.02,1.73,0.0,-0.02,0.19,62.67,43.0,-181.33,19073.33,True,5
570,Danso,DEF,18,7,0.0,0.61,9.15,25.63,1.16,2.44,10.98,0.01,0.02,1.8,-0.01,-0.02,0.64,49.17,43.0,-153.83,19115.17,False,8
570,Danso,DEF,23,1,0.28,0.55,14.36,30.59,1.08,2.21,13.53,0.01,0.03,1.37,-0.01,-0.03,0.57,54.33,42.83,-223.17,18950.0,False,3
570,Danso,DEF,28,1,0.22,0.22,14.14,29.13,1.28,1.8,12.57,0.01,0.03,1.4,-0.01,-0.03,0.39,66.83,42.67,-165.0,18849.33,False,10
570,Danso,DEF,29,3,0.25,0.25,16.89,30.66,1.39,1.01,12.86,0.01,0.03,1.37,-0.01,-0.03,0.15,59.5,42.5,-99.17,18491.5,True,8
570,Danso,DEF,30,4,0.25,0.25,14.62,28.89,1.26,7.31,13.11,0.05,0.03,1.7,-0.05,-0.03,0.06,59.5,42.33,-86.83,17300.0,False,12
570,Danso,DEF,31,3,0.25,0.25,11.34,26.17,1.01,7.31,12.61,0.05,0.03,1.62,-0.05,-0.03,-0.1,59.5,42.17,-11.67,17022.83,True,16
570,Danso,DEF,32,1,0.21,0.21,9.86,25.19,1.07,6.58,11.92,0.05,0.02,1.58,-0.05,-0.02,0.27,73.0,42.0,33.67,16868.83,False,17
570,Danso,DEF,33,2,0.0,0.0,7.09,24.31,1.37,8.32,11.01,0.06,0.01,1.62,-0.06,-0.01,0.58,61.33,42.0,77.5,16746.0,True,6
570,Danso,DEF,34,5,0.0,0.24,5.91,23.15,0.92,8.03,11.81,0.06,0.01,1.43,-0.06,-0.01,0.7,63.5,42.0,145.0,16669.17,False,20
570,Danso,DEF,35,3,0.19,0.38,9.0,23.4,4.9,7.28,11.11,0.05,0.01,1.29,-0.05,-0.01,0.43,78.33,42.0,766.17,20382.83,False,2
570,Danso,DEF,36,3,0.19,0.57,10.72,22.79,4.83,7.47,10.91,0.04,0.01,1.01,-0.04,-0.01,0.33,78.33,42.0,607.33,21020.17,True,11
570,Danso,DEF,37,3,0.19,0.77,10.72,22.52,7.09,8.23,10.34,0.04,0.01,0.94,-0.04,-0.01,0.4,78.33,42.0,726.5,21795.5,False,7
570,Danso,DEF,38,8,0.19,0.77,11.49,23.06,7.03,7.28,10.34,0.02,0.01,0.78,-0.02,-0.01,0.37,78.33,42.0,737.5,22458.17,True,9
572,Dragusin,DEF,27,2,0.0,0.0,2.58,17.41,0.77,5.53,8.85,0.07,0.0,2.22,-0.07,0.0,-0.01,48.8,45.0,216.0,1661.0,True,1
572,Dragusin,DEF,28,3,0.0,0.0,4.58,21.83,0.62,4.58,11.86,0.05,0.0,2.18,-0.05,0.0,0.51,55.67,45.0,112.17,1773.33,False,10
572,Dragusin,DEF,30,4,0.0,0.0,3.44,21.36,0.52,4.95,12.06,0.05,0.0,2.19,-0.05,0.0,0.39,69.67,45.0,120.0,2055.33,False,12
572,Dragusin,DEF,34,1,0.0,0.0,3.73,21.66,0.51,4.08,12.25,0.04,0.0,2.1,-0.04,-0.0,0.2,84.5,45.0,106.83,2297.5,False,20
572,Dragusin,DEF,38,1,0.0,0.0,5.38,25.32,0.54,4.52,14.21,0.05,0.0,2.12,-0.05,-0.0,0.25,69.67,45.0,106.17,2610.0,True,9
573,Spence,DEF,4,5,0.67,0.33,16.33,12.2,9.8,8.0,4.33,0.06,0.04,1.36,-0.06,-0.04,-1.03,90.0,45.0,33621.67,173679.0,False,19
573,Spence,DEF,5,1,0.79,0.53,16.68,10.43,8.42,6.88,3.44,0.05,0.03,1.24,-0.05,-0.03,-0.97,85.0,45.0,29339.0,200142.5,False,6
573,Spence,DEF,6,2,0.79,0.53,17.95,11.03,8.39,6.86,3.7,0.05,0.03,1.24,-0.05,-0.03,-0.97,68.2,45.0,26452.8,219782.0,True,20
573,Spence,DEF,8,1,0.67,0.45,16.75,11.21,10.83,5.81,3.57,0.04,0.04,1.27,-0.04,-0.04,-0.82,67.17,45.0,18640.0,229598.33,True,2
573,Spence,DEF,9,6,0.45,0.45,10.85,11.35,10.29,1.36,4.07,0.0,0.03,1.11,0.0,-0.03,-0.21,66.33,45.0,13536.33,249471.17,False,9
573,Spence,DEF,10,2,0.45,0.45,10.4,10.9,9.93,0.9,4.07,0.0,0.02,1.11,0.0,-0.02,-0.21,66.33,45.0,9964.5,263231.33,True,7
573,Spence,DEF,11,1,0.45,0.23,10.4,9.86,5.56,1.81,4.52,0.0,0.02,1.58,0.0,-0.02,-0.68,66.33,45.0,-8843.67,253714.5,True,14
573,Spence,DEF,12,0,0.22,0.0,8.61,11.33,5.32,1.72,5.6,0.0,0.02,1.51,0.0,-0.02,-0.22,69.67,45.0,-13877.5,239370.67,False,1
573,Spence,DEF,15,6,0.18,0.0,5.28,10.42,4.57,1.46,5.47,0.0,0.02,1.59,0.0,-0.02,0.23,82.33,45.0,-18201.67,220151.67,True,5
573,Spence,DEF,16,0,0.34,0.0,8.1,10.9,4.38,5.0,5.52,0.05,0.04,1.38,-0.05,-0.04,0.17,87.0,44.83,-16781.33,199843.33,False,16
573,Spence,DEF,17,1,0.36,0.0,8.73,10.58,4.44,6.18,5.09,0.07,0.04,1.79,-0.07,-0.04,-0.15,82.5,44.5,-12732.5,185537.0,True,12
573,Spence,DEF,18,7,0.18,0.0,8.36,11.2,6.58,8.18,4.73,0.07,0.06,1.63,-0.07,-0.06,0.37,82.5,44.17,-10885.83,172714.0,False,8
573,Spence,DEF,19,6,0.36,0.0,12.55,11.71,8.33,7.82,4.73,0.07,0.06,1.2,-0.07,-0.06,0.62,82.5,43.83,-8525.33,162372.17,False,5
573,Spence,DEF,20,1,0.55,0.0,15.82,11.78,9.64,7.45,4.36,0.07,0.07,1.24,-0.07,-0.07,0.22,82.5,43.5,-5988.5,154797.5,True,17
573,Spence,DEF,21,1,0.64,0.0,20.57,12.64,11.29,8.79,4.07,0.09,0.08,1.09,-0.09,-0.08,-0.24,70.0,43.17,-3496.17,149473.33,False,4
573,Spence,DEF,22,1,0.43,0.0,16.5,11.87,10.24,4.71,4.5,0.03,0.05,1.3,-0.03,-0.05,0.2,70.0,43.0,-1871.83,148115.67,True,19
573,Spence,DEF,23,1,0.42,0.21,16.21,12.8,12.06,11.43,5.2,0.04,0.08,1.34,-0.04,-0.08,-0.09,72.17,43.0,-1106.83,147310.33,False,3
573,Spence,DEF,26,0,0.42,0.21,18.08,17.88,17.15,15.38,5.2,0.05,0.17,1.5,-0.05,-0.17,-0.25,72.17,43.0,-354.83,147422.17,True,15
573,Spence,DEF,27,0,0.21,0.42,13.51,17.71,15.13,14.97,5.2,0.05,0.17,1.74,-0.05,-0.17,-0.08,72.17,42.83,-897.83,144713.0,True,1
573,Spence,DEF,30,4,0.0,0.42,3.95,15.88,16.75,16.21,5.4,0.05,0.23,2.0,-0.05,-0.23,0.49,72.17,42.67,-1530.33,141043.33,False,12
573,Spence,DEF,31,1,0.0,0.36,5.16,17.18,16.35,17.25,6.58,0.05,0.2,1.88,-0.05,-0.2,0.43,84.33,42.5,-2765.5,135604.67,True,16
573,Spence,DEF,33,1,0.0,0.39,4.1,18.2,15.72,18.55,6.83,0.05,0.21,1.86,-0.05,-0.21,0.29,76.83,42.33,-2277.83,130963.17,True,6
573,Spence,DEF,34,8,0.0,0.22,4.23,18.71,15.26,12.25,6.91,0.02,0.21,1.66,-0.02,-0.21,0.79,67.33,42.0,-2288.33,125801.17,False,20
573,Spence,DEF,35,1,0.22,0.22,5.35,14.26,7.8,7.35,7.8,0.01,0.08,1.5,-0.01,-0.08,0.51,67.33,41.67,-1862.83,121503.5,False,2
573,Spence,DEF,36,1,0.27,0.0,4.01,13.46,9.0,9.35,7.74,0.02,0.1,1.21,-0.02,-0.1,0.93,56.17,41.5,-1091.67,119842.83,True,11
574,Udogie,DEF,7,2,0.0,0.0,10.66,14.5,14.29,13.65,4.27,0.01,0.07,1.07,-0.01,-0.07,0.21,52.75,44.0,-124.0,56973.0,False,11
574,Udogie,DEF,10,1,0.0,0.0,11.06,14.95,13.9,11.96,4.19,0.01,0.07,1.25,-0.01,-0.07,-0.05,60.2,44.0,291.4,59286.2,True,7
574,Udogie,DEF,11,4,0.0,0.0,11.89,15.28,13.25,11.32,4.53,0.01,0.07,1.58,-0.01,-0.07,-0.45,53.0,44.0,-1228.0,58116.83,True,14
574,Udogie,DEF,12,0,0.0,0.0,13.7,20.63,19.48,11.74,3.91,0.0,0.06,1.65,0.0,0.22,-0.25,53.67,44.0,58.0,58433.5,False,1
574,Udogie,DEF,13,0,0.0,0.0,9.39,18.96,13.6,8.24,4.35,0.0,0.05,1.8,0.0,0.18,0.27,65.5,44.0,-435.0,57625.83,True,10
574,Udogie,DEF,14,1,0.0,0.23,8.6,19.44,15.58,6.28,4.88,0.02,0.04,1.62,-0.02,0.2,0.47,64.5,44.0,-225.0,57088.67,False,15
574,Udogie,DEF,23,1,0.0,0.23,7.54,19.42,14.8,5.71,4.57,0.02,0.03,1.8,-0.02,0.19,0.49,65.67,44.0,-1594.67,54644.33,False,3
574,Udogie,DEF,24,1,0.0,0.26,4.9,18.52,14.05,5.42,4.38,0.02,0.03,1.8,-0.02,0.22,0.78,58.17,43.83,-1881.5,49813.67,True,13
574,Udogie,DEF,25,0,0.0,0.21,4.48,17.74,12.9,8.96,4.27,0.03,0.03,1.63,-0.03,0.18,0.93,70.33,43.67,-356.33,47770.5,False,14
574,Udogie,DEF,31,-1,0.0,0.4,1.59,13.31,10.05,6.75,4.77,0.03,0.05,1.6,-0.03,-0.05,0.79,75.5,43.5,168.17,46205.33,True,16
574,Udogie,DEF,32,2,0.0,0.66,0.88,12.97,14.54,8.38,4.19,0.03,0.08,1.63,-0.03,-0.08,0.58,68.0,43.33,242.83,44071.33,False,17
574,Udogie,DEF,33,2,0.0,0.43,3.26,12.13,13.26,7.17,4.13,0.01,0.08,1.8,-0.01,-0.08,0.16,69.0,43.17,251.0,41683.33,True,6
574,Udogie,DEF,35,2,0.0,0.45,4.29,10.96,13.4,7.44,4.51,0.01,0.08,1.52,-0.01,-0.08,0.29,66.5,43.0,490.0,39719.5,False,2
574,Udogie,DEF,36,2,0.0,0.41,5.68,11.59,16.18,6.28,4.66,0.01,0.06,1.27,-0.01,-0.06,0.35,74.0,43.0,302.0,39724.5,True,11
574,Udogie,DEF,37,0,0.0,0.41,6.37,10.68,15.74,2.47,5.14,0.0,0.06,1.08,0.0,-0.06,0.36,73.0,43.0,343.33,39779.5,False,7
574,Udogie,DEF,38,7,0.0,0.4,5.38,9.92,12.38,2.79,4.98,0.0,0.04,1.0,0.0,-0.04,0.6,75.33,43.0,119.5,39550.83,True,9
575,Van de Ven,DEF,4,14,0.67,0.33,20.33,16.07,1.3,4.67,6.33,0.2,0.01,1.36,-0.2,-0.01,-1.03,90.0,45.33,94928.33,2941993.67,False,19
575,Van de Ven,DEF,5,1,0.77,0.26,26.82,24.29,3.82,9.54,6.19,0.18,0.01,1.21,0.08,-0.01,-0.95,87.25,45.5,63947.25,3032284.0,False,6
575,Van de Ven,DEF,6,2,0.62,0.21,22.14,21.9,3.51,8.0,5.54,0.14,0.01,1.23,0.07,-0.01,-0.62,87.8,45.8,147733.4,3203920.8,True,20
575,Van de Ven,DEF,7,2,0.51,0.17,20.76,20.99,4.98,8.51,5.61,0.12,0.03,1.22,0.05,-0.03,-0.54,88.17,46.0,160204.83,3359955.33,False,11
575,Van de Ven,DEF,8,0,0.34,0.17,18.54,21.54,4.87,6.12,5.61,0.02,0.03,1.34,0.15,-0.03,-0.49,88.17,46.5,164958.0,3613501.83,True,2
575,Van de Ven,DEF,9,23,0.17,0.34,14.63,21.27,4.97,6.81,5.61,0.03,0.03,1.13,0.14,-0.03,0.06,88.17,47.0,137471.83,3806745.83,False,9
575,Van de Ven,DEF,10,2,0.34,0.17,23.31,31.13,4.87,18.03,5.78,0.22,0.04,1.12,0.29,-0.04,-0.1,88.17,47.17,50933.5,3893137.0,True,7
575,Van de Ven,DEF,11,1,0.17,0.17,17.0,24.1,3.1,13.83,5.5,0.2,0.04,1.61,0.14,-0.04,-0.45,90.0,47.33,86711.17,4009475.83,True,14
575,Van de Ven,DEF,12,0,0.17,0.17,17.0,24.43,2.8,13.5,6.17,0.2,0.04,1.5,0.14,-0.04,-0.33,90.0,47.5,22160.67,4048197.17,False,1
575,Van de Ven,DEF,13,0,0.17,0.17,13.5,22.97,0.78,11.67,6.33,0.19,0.02,1.63,0.14,-0.02,0.04,90.0,47.67,-10537.17,4046526.33,True,10
575,Van de Ven,DEF,15,6,0.17,0.33,11.17,23.33,0.95,12.17,6.5,0.2,0.02,1.42,0.13,-0.02,0.41,90.0,47.67,-12119.17,4050325.83,True,5
575,Van de Ven,DEF,16,1,0.33,0.17,14.83,23.97,0.93,12.17,7.0,0.2,0.02,1.42,0.14,-0.02,0.08,90.0,47.5,-24382.33,4006445.5,False,16
575,Van de Ven,DEF,17,0,0.17,0.17,5.5,11.7,0.8,1.5,5.67,0.02,0.01,1.55,-0.02,-0.01,0.45,90.0,47.5,1584.17,3992375.5,True,12
575,Van de Ven,DEF,18,11,0.17,0.33,5.0,12.93,4.18,2.17,6.0,0.02,0.01,1.05,-0.02,-0.01,1.12,90.0,47.33,-67963.67,3902202.17,False,8
575,Van de Ven,DEF,19,6,0.33,0.33,9.33,15.37,4.12,2.17,7.17,0.02,0.0,1.16,-0.02,-0.0,0.67,90.0,47.0,-109670.83,3760061.17,False,5
575,Van de Ven,DEF,20,7,0.5,0.33,15.0,16.33,4.33,2.17,7.33,0.02,0.01,0.98,-0.02,-0.01,0.19,90.0,46.5,-113741.83,3626271.83,True,17
575,Van de Ven,DEF,21,0,0.5,0.17,19.67,20.2,6.02,2.33,7.67,0.04,0.01,0.98,-0.04,0.16,0.02,90.0,46.0,-104000.5,3504335.67,False,4
575,Van de Ven,DEF,22,0,0.33,0.33,15.17,20.77,5.95,7.5,7.0,0.08,0.0,1.14,-0.08,0.16,0.36,90.0,45.67,-55084.33,3463508.83,True,19
575,Van de Ven,DEF,23,7,0.33,0.5,15.83,24.6,5.97,7.17,8.17,0.07,0.01,1.21,-0.07,0.16,0.13,90.0,45.5,-22157.17,3453433.5,False,3
575,Van de Ven,DEF,25,1,0.33,0.33,18.5,30.33,2.9,9.67,8.17,0.08,0.01,1.34,0.08,0.16,-0.0,90.0,45.5,7109.67,3475614.67,False,14
575,Van de Ven,DEF,26,3,0.17,0.33,14.5,29.07,2.97,10.83,7.17,0.11,0.01,1.42,0.06,0.16,0.25,90.0,45.33,-1114.33,3456033.67,True,15
575,Van de Ven,DEF,27,0,0.0,0.33,11.67,32.0,2.93,11.5,7.83,0.13,0.01,1.69,0.03,0.16,0.31,90.0,45.33,-16505.83,3411694.33,True,1
575,Van de Ven,DEF,28,0,0.0,0.33,5.67,28.67,1.28,10.83,7.83,0.11,0.0,1.96,0.06,-0.0,0.54,90.0,45.33,-41172.67,3337386.17,False,10
575,Van de Ven,DEF,29,-3,0.0,0.33,6.17,27.6,1.23,5.33,7.83,0.06,0.0,2.1,0.1,-0.0,0.23,90.0,45.33,-67258.67,3237700.33,True,8
575,Van de Ven,DEF,31,1,0.0,0.18,2.22,24.8,1.31,5.91,7.76,0.07,0.0,1.85,0.11,-0.0,0.92,81.17,45.17,-96034.0,3106902.5,True,16
575,Van de Ven,DEF,32,1,0.0,0.2,-2.04,17.71,1.04,3.05,7.53,0.06,0.0,1.79,-0.06,-0.0,1.06,73.67,44.83,-90020.17,2924089.5,False,17
575,Van de Ven,DEF,33,1,0.0,0.41,-1.22,17.55,0.98,1.63,7.33,0.03,0.0,1.7,-0.03,-0.0,0.95,73.67,44.67,-67521.5,2803047.83,True,6
575,Van de Ven,DEF,34,6,0.0,0.41,-2.04,15.31,2.87,1.63,6.11,0.0,0.0,1.36,0.0,-0.0,1.29,73.67,44.5,-65706.83,2676687.17,False,20
575,Van de Ven,DEF,35,2,0.2,0.41,5.09,14.09,2.73,1.63,5.09,0.0,0.0,1.08,0.0,-0.0,0.75,73.67,44.33,-50962.17,2575682.67,False,2
575,Van de Ven,DEF,36,2,0.2,0.2,6.72,13.07,2.79,1.22,4.89,0.0,0.01,0.71,0.0,-0.01,0.92,73.67,44.17,-47088.0,2470727.33,True,11
575,Van de Ven,DEF,37,0,0.18,0.18,11.45,13.09,2.44,1.45,4.36,0.0,0.01,0.86,0.0,-0.01,0.23,82.5,44.0,-35171.83,2377770.5,False,7
575,Van de Ven,DEF,38,6,0.17,0.33,11.67,14.23,2.32,1.0,4.5,0.0,0.01,0.86,0.0,-0.01,0.31,90.0,44.0,-35575.0,2342543.17,True,9
603,Diouf,DEF,4,1,0.33,0.0,12.0,24.27,19.63,4.67,5.33,0.05,0.07,1.38,-0.05,0.6,1.28,90.0,45.0,-51006.33,688954.0,True,18
603,Diouf,DEF,5,3,0.25,0.0,9.0,23.35,16.08,7.75,6.0,0.04,0.06,1.36,-0.04,0.44,1.39,90.0,45.0,-54476.75,657279.5,True,8
603,Diouf,DEF,6,5,0.2,0.2,10.0,25.12,20.58,7.4,6.0,0.03,0.13,1.55,-0.03,0.47,1.05,90.0,44.8,-50480.2,634799.0,False,9
603,Diouf,DEF,7,3,0.17,0.17,10.0,21.87,18.13,6.67,5.83,0.03,0.12,1.41,-0.03,0.55,0.92,90.0,44.67,-56492.33,605355.33,False,1
603,Diouf,DEF,8,1,0.17,0.17,9.33,23.7,14.93,5.0,7.5,0.0,0.11,1.76,-0.0,0.55,0.4,90.0,44.5,-59602.5,551226.5,True,5
603,Diouf,DEF,9,1,0.18,0.18,10.55,23.31,14.31,5.09,8.18,0.0,0.12,1.58,-0.0,0.42,0.06,82.5,44.33,-43770.5,513350.67,False,11
603,Diouf,DEF,10,2,0.0,0.18,5.09,17.53,12.07,5.27,7.09,0.01,0.1,1.71,-0.01,0.26,0.29,82.5,44.17,-33290.83,487887.33,True,15
603,Diouf,DEF,11,1,0.0,0.18,8.18,17.89,12.18,2.18,7.09,0.01,0.1,1.57,-0.01,0.27,0.06,82.5,44.0,-31157.0,460262.33,True,3
603,Diouf,DEF,12,3,0.0,0.0,7.82,14.51,6.2,1.09,7.27,0.01,0.03,1.35,-0.01,0.16,0.29,82.5,43.83,-27119.0,434957.67,False,4
603,Diouf,DEF,13,1,0.0,0.0,6.55,16.4,5.36,0.55,8.18,0.01,0.01,1.95,-0.01,-0.01,-0.13,82.5,43.67,-17912.5,418028.0,True,12
603,Diouf,DEF,14,3,0.0,0.0,7.45,14.44,5.49,0.91,6.91,0.01,0.01,1.67,-0.01,-0.01,0.15,82.5,43.5,-18622.83,398173.0,False,14
603,Diouf,DEF,15,6,0.0,0.17,7.17,15.4,5.57,1.5,7.5,0.01,0.01,1.65,-0.01,-0.01,0.01,90.0,43.17,-24283.17,373991.17,False,6
603,Diouf,DEF,16,0,0.17,0.17,9.98,15.36,5.28,1.86,8.12,0.02,0.01,1.65,-0.02,-0.01,-0.3,88.67,42.83,-24167.5,350064.17,True,2
603,Diouf,DEF,23,1,0.17,0.34,5.24,12.79,4.57,3.55,7.78,0.03,0.01,1.68,-0.03,-0.01,0.02,88.67,42.33,-20711.17,330401.17,True,17
603,Diouf,DEF,24,1,0.19,0.39,5.26,14.49,4.17,4.09,8.77,0.03,0.01,1.75,-0.03,-0.01,-0.19,77.0,41.83,-18467.83,292783.0,False,7
603,Diouf,DEF,25,9,0.2,0.4,5.38,14.97,6.97,4.18,8.36,0.03,0.02,1.36,-0.03,-0.02,0.24,75.33,41.33,-12792.33,261744.0,False,3
603,Diouf,DEF,26,6,0.41,0.61,11.66,19.15,9.9,3.89,9.0,0.03,0.04,1.39,-0.03,0.16,-0.16,73.33,40.83,-7902.5,237646.33,True,14
603,Diouf,DEF,27,9,0.63,0.42,15.94,17.29,9.5,3.15,7.76,0.03,0.04,1.17,-0.03,0.17,-0.12,71.5,40.5,-3729.17,215519.33,True,4
603,Diouf,DEF,28,3,0.62,0.41,18.33,21.3,12.38,2.47,8.44,0.01,0.11,1.01,-0.01,0.09,0.02,72.83,40.17,1886.67,199041.67,False,12
603,Diouf,DEF,29,6,0.62,0.21,23.74,28.32,18.1,3.1,9.08,0.01,0.18,1.16,-0.01,0.23,0.28,72.67,40.0,10237.83,190878.33,False,10
603,Diouf,DEF,30,2,0.71,0.18,22.59,24.12,15.78,3.38,7.47,0.01,0.16,1.14,-0.01,0.2,0.1,84.33,40.0,15528.17,207447.83,True,13
603,Diouf,DEF,31,1,0.7,0.17,23.2,22.88,12.92,3.31,6.98,0.01,0.14,1.14,-0.01,0.2,-0.1,86.0,40.0,20284.33,228636.33,False,2
603,Diouf,DEF,32,6,0.51,0.0,18.24,20.62,10.96,3.58,6.31,0.01,0.14,1.19,-0.01,0.03,0.17,88.0,40.0,21737.33,252119.83,True,20
603,Diouf,DEF,33,5,0.5,0.0,18.03,21.37,16.03,4.01,6.18,0.02,0.14,1.21,-0.02,0.03,0.12,89.83,40.17,21554.5,274256.17,False,8
603,Diouf,DEF,34,2,0.5,0.17,16.36,19.07,18.87,3.84,5.34,0.02,0.11,1.23,-0.02,0.06,0.11,89.83,40.33,16713.33,288903.0,True,9
603,Diouf,DEF,35,1,0.5,0.17,17.67,18.53,22.47,2.33,5.33,0.01,0.1,1.23,-0.01,-0.1,-0.56,90.0,40.5,16702.5,316110.67,False,5
603,Diouf,DEF,36,2,0.34,0.17,16.18,19.17,25.78,4.65,5.68,0.01,0.1,1.48,-0.01,-0.1,-0.45,87.17,40.67,9696.5,325687.67,True,1
603,Diouf,DEF,37,0,0.34,0.17,16.0,19.41,28.41,4.65,5.68,0.01,0.1,1.34,-0.01,-0.1,-0.3,87.17,40.83,1707.67,327169.33,False,15
603,Diouf,DEF,38,6,0.34,0.34,14.97,19.58,34.42,7.57,5.16,0.02,0.12,1.34,-0.02,-0.12,-0.14,87.17,41.0,-848.0,325278.5,True,11
605,Kilman,DEF,4,1,0.33,0.33,5.0,16.2,5.57,2.33,7.33,0.06,0.01,1.38,-0.06,-0.01,1.28,90.0,44.67,-3411.33,27302.33,True,18
605,Kilman,DEF,5,2,0.25,0.25,3.0,17.4,4.25,3.5,7.75,0.1,0.01,1.36,-0.1,-0.01,1.39,90.0,44.5,-2772.25,26427.0,True,8
605,Kilman,DEF,6,3,0.2,0.4,4.0,19.96,3.62,2.8,8.4,0.08,0.01,1.55,-0.08,-0.01,1.05,90.0,44.4,-2283.0,25914.0,False,9
605,Kilman,DEF,7,1,0.17,0.5,4.67,21.5,4.82,2.67,9.17,0.06,0.03,1.41,-0.06,-0.03,0.92,90.0,44.33,-2310.17,25184.17,False,1
605,Kilman,DEF,8,3,0.17,0.33,4.33,20.47,2.2,2.67,9.17,0.06,0.02,1.76,-0.06,-0.02,0.4,90.0,44.17,-2319.67,23562.17,True,5
605,Kilman,DEF,9,1,0.17,0.33,8.83,25.47,2.27,1.5,10.67,0.03,0.02,1.69,-0.03,-0.02,-0.02,90.0,44.0,-1113.0,22996.0,False,11
605,Kilman,DEF,10,2,0.0,0.33,4.67,25.17,2.42,1.5,10.17,0.03,0.03,1.82,-0.03,-0.03,0.18,90.0,44.0,-486.0,22905.5,True,15
605,Kilman,DEF,11,1,0.0,0.33,6.83,25.7,4.17,4.33,10.0,0.02,0.03,1.69,-0.02,-0.03,-0.02,90.0,43.83,-598.33,22576.33,True,3
605,Kilman,DEF,12,3,0.0,0.17,6.33,24.33,4.07,5.17,9.33,0.02,0.03,1.48,-0.02,-0.03,0.19,90.0,43.67,-296.83,22602.33,False,4
605,Kilman,DEF,14,1,0.0,0.0,5.17,22.8,2.28,5.17,9.0,0.02,0.0,2.03,-0.02,-0.0,-0.2,90.0,43.5,-145.83,22718.83,False,14
605,Kilman,DEF,15,4,0.0,0.0,6.36,23.01,2.62,6.16,8.94,0.03,0.01,1.95,-0.03,-0.01,-0.16,75.5,43.33,-249.33,22447.33,False,6
605,Kilman,DEF,17,1,0.0,0.0,5.76,21.26,2.52,6.56,8.34,0.03,0.01,1.86,-0.03,-0.01,-0.27,75.5,43.0,-504.17,21852.33,False,13
605,Kilman,DEF,18,4,0.0,0.0,4.77,22.93,2.38,6.56,8.94,0.03,0.0,1.98,-0.03,-0.0,-0.19,75.5,42.67,-451.83,21205.33,True,10
605,Kilman,DEF,19,0,0.0,0.0,4.37,24.87,2.44,2.58,9.74,0.01,0.01,2.2,-0.01,-0.01,-0.41,75.5,42.5,-156.0,20904.67,True,6
605,Kilman,DEF,20,1,0.0,0.2,3.38,23.01,2.34,2.38,9.93,0.0,0.01,2.57,-0.0,-0.01,-0.79,75.5,42.33,-133.83,20623.0,False,20
605,Kilman,DEF,22,1,0.0,0.2,3.58,22.85,2.58,2.58,9.14,0.01,0.01,2.14,-0.01,-0.01,-0.15,75.5,42.17,761.0,21294.33,False,18
605,Kilman,DEF,23,1,0.0,0.2,3.59,22.95,2.59,2.59,9.18,0.01,0.01,2.08,-0.01,-0.01,-0.09,75.17,42.0,584.33,21478.67,True,17
605,Kilman,DEF,24,0,0.0,0.25,3.73,22.33,3.18,2.73,8.7,0.01,0.01,2.13,-0.01,-0.01,0.11,60.33,42.0,625.17,21716.33,False,7
606,Mavropanos,DEF,6,1,0.33,0.0,12.33,22.87,0.53,13.0,9.33,0.09,0.01,1.44,-0.09,-0.01,0.22,90.0,44.0,243.0,6446.0,False,9
606,Mavropanos,DEF,7,3,0.25,0.25,10.75,20.0,0.6,13.75,8.75,0.11,0.01,1.27,-0.11,-0.01,0.24,90.0,44.0,83.5,6715.75,False,1
606,Mavropanos,DEF,8,1,0.2,0.2,10.4,23.6,0.54,11.0,11.0,0.08,0.01,1.57,-0.08,-0.01,0.03,90.0,44.0,121.2,6972.8,True,5
606,Mavropanos,DEF,13,3,0.18,0.18,9.82,23.42,0.49,10.0,10.73,0.08,0.01,1.51,-0.08,-0.01,0.12,82.5,44.0,164.5,7279.17,True,12
606,Mavropanos,DEF,14,4,0.0,0.18,7.64,25.27,0.49,9.64,11.45,0.07,0.01,1.61,-0.07,-0.01,0.39,82.5,44.0,241.0,7314.83,False,14
606,Mavropanos,DEF,15,4,0.0,0.18,9.09,25.56,0.53,10.36,11.45,0.07,0.01,1.66,-0.07,-0.01,-0.02,82.5,44.0,198.0,7233.33,False,6
606,Mavropanos,DEF,16,1,0.0,0.18,8.73,25.67,0.65,9.82,12.0,0.07,0.04,1.58,-0.07,-0.04,-0.12,82.5,44.0,23.0,6938.0,True,2
606,Mavropanos,DEF,17,1,0.0,0.0,8.36,26.25,0.64,7.27,12.55,0.05,0.04,1.57,-0.05,-0.04,0.25,82.5,44.0,129.0,6736.67,False,13
606,Mavropanos,DEF,19,1,0.0,0.0,8.87,23.15,0.71,8.65,10.82,0.05,0.05,1.37,-0.05,-0.05,0.36,69.33,44.0,184.17,6579.83,True,6
606,Mavropanos,DEF,20,1,0.0,0.0,8.87,23.37,0.84,8.65,11.25,0.05,0.05,1.51,-0.05,-0.05,0.22,69.33,44.0,119.17,6318.67,False,20
606,Mavropanos,DEF,21,2,0.0,0.0,6.92,22.76,1.49,10.38,10.38,0.07,0.06,1.65,-0.07,-0.06,0.3,69.33,44.0,346.33,6842.83,True,16
606,Mavropanos,DEF,22,4,0.0,0.22,5.84,21.59,1.49,9.52,10.6,0.07,0.06,1.61,-0.07,-0.06,0.55,69.33,44.0,276.83,7246.83,False,18
606,Mavropanos,DEF,23,2,0.0,0.22,6.71,20.64,1.32,8.0,11.03,0.06,0.01,1.52,-0.06,-0.01,0.65,69.33,44.0,150.67,7502.33,True,17
606,Mavropanos,DEF,24,3,0.0,0.22,6.49,19.34,1.21,8.65,10.17,0.07,0.01,1.52,-0.07,-0.01,0.21,69.33,44.0,440.83,8067.5,False,7
606,Mavropanos,DEF,25,8,0.0,0.18,5.09,20.58,1.07,7.27,10.55,0.06,0.01,1.67,-0.06,-0.01,0.33,82.5,44.0,212.5,8371.0,False,3
606,Mavropanos,DEF,26,2,0.17,0.17,9.33,22.23,0.95,6.67,11.17,0.06,0.01,1.57,-0.06,-0.01,0.1,90.0,44.0,514.0,9029.17,True,14
606,Mavropanos,DEF,27,6,0.17,0.17,10.0,21.13,0.53,5.0,11.0,0.04,0.01,1.35,-0.04,-0.01,-0.02,90.0,44.0,251.83,9318.67,True,4
606,Mavropanos,DEF,28,2,0.33,0.0,13.0,21.17,2.2,6.0,10.33,0.04,0.01,1.23,-0.04,-0.01,-0.23,90.0,44.0,408.0,9826.67,False,12
606,Mavropanos,DEF,29,1,0.33,0.0,10.5,20.87,2.32,4.17,9.5,0.07,0.01,1.3,-0.07,-0.01,0.37,90.0,44.0,450.0,10391.33,False,10
606,Mavropanos,DEF,30,12,0.4,0.0,12.57,23.67,2.73,3.99,10.38,0.07,0.01,1.42,-0.07,-0.01,0.38,75.17,44.0,40.67,10517.5,True,13
606,Mavropanos,DEF,31,3,0.4,0.0,17.96,34.72,2.69,10.58,12.17,0.18,0.01,1.28,0.02,-0.01,0.11,75.17,44.0,84.67,10703.5,False,2
606,Mavropanos,DEF,32,21,0.2,0.0,16.96,36.12,5.75,10.58,12.17,0.18,0.04,1.35,0.02,-0.04,0.45,75.17,44.0,1568.83,16785.17,True,20
606,Mavropanos,DEF,33,6,0.4,0.0,27.34,51.29,7.7,20.95,12.97,0.25,0.05,1.35,0.35,-0.05,0.24,75.17,44.0,3291.5,20337.17,False,8
606,Mavropanos,DEF,34,4,0.4,0.0,27.94,50.53,5.59,26.94,12.97,0.27,0.04,1.37,0.33,-0.04,0.23,75.17,44.0,11090.5,32643.67,True,9
606,Mavropanos,DEF,35,-1,0.4,0.0,30.73,50.65,5.47,25.14,12.97,0.21,0.04,1.29,0.39,-0.04,-0.49,75.17,44.17,42135.17,142037.0,False,5
606,Mavropanos,DEF,36,4,0.33,0.0,24.0,43.13,4.73,21.33,11.83,0.18,0.04,1.46,0.32,-0.04,-0.29,90.0,44.33,45120.83,186894.17,True,1
606,Mavropanos,DEF,37,3,0.33,0.0,23.5,34.9,6.47,17.17,10.5,0.09,0.04,1.32,0.24,-0.04,-0.15,90.0,44.5,39372.0,225618.83,False,15
606,Mavropanos,DEF,38,8,0.33,0.0,21.0,34.0,4.1,17.67,10.33,0.09,0.03,1.33,0.24,-0.03,0.01,90.0,44.67,38568.5,259257.33,True,11
608,Scarles,DEF,19,3,0.0,0.0,3.24,10.14,1.7,1.62,7.3,0.02,0.01,1.97,-0.02,-0.01,0.47,55.5,43.5,-53.25,3904.5,True,6
608,Scarles,DEF,20,1,0.0,0.0,8.37,13.79,8.65,4.04,8.94,0.05,0.04,2.25,-0.05,-0.04,0.06,62.4,43.4,-23.2,3872.4,False,20
608,Scarles,DEF,21,4,0.0,0.0,7.39,14.6,9.74,4.03,8.28,0.04,0.06,2.16,-0.04,-0.06,0.3,67.0,43.33,281.0,4219.33,True,16
608,Scarles,DEF,22,2,0.0,0.0,8.38,18.21,9.37,3.87,9.88,0.04,0.06,1.86,-0.04,-0.06,0.5,69.83,43.17,176.5,4337.0,False,18
608,Scarles,DEF,23,5,0.0,0.0,10.39,19.56,10.8,3.34,10.02,0.03,0.05,1.75,-0.03,-0.05,0.11,80.83,43.0,155.0,4419.83,True,17
608,Scarles,DEF,24,0,0.0,0.0,13.17,19.17,10.72,4.02,9.7,0.03,0.05,1.63,-0.03,0.13,0.02,82.0,43.0,174.83,4661.67,False,7
608,Scarles,DEF,25,1,0.0,0.22,15.55,23.26,12.35,3.94,11.17,0.03,0.06,1.77,-0.03,0.16,0.2,68.5,43.0,196.0,4933.5,False,3
608,Scarles,DEF,26,1,0.0,0.27,14.64,23.53,8.3,2.17,10.84,0.0,0.04,1.42,0.0,0.23,0.47,55.33,43.0,159.17,5165.83,True,14
609,Todibo,DEF,9,0,0.0,0.0,4.58,18.17,1.71,0.83,7.92,0.0,0.0,1.9,0.0,-0.0,1.01,72.0,44.33,-737.0,12769.67,False,11
609,Todibo,DEF,10,4,0.0,0.29,5.59,17.65,1.59,0.59,7.35,0.0,0.01,1.78,0.0,-0.01,0.86,76.5,44.0,-582.5,12596.75,True,15
609,Todibo,DEF,11,1,0.0,0.23,6.36,19.55,1.36,0.45,8.64,0.0,0.01,1.5,0.0,-0.01,0.78,79.2,43.8,-553.0,12428.8,True,3
609,Todibo,DEF,12,5,0.0,0.19,6.3,20.37,3.04,0.74,8.52,0.0,0.01,1.41,0.0,-0.01,0.81,81.0,43.67,-404.17,12419.67,False,4
609,Todibo,DEF,13,1,0.0,0.36,7.09,22.18,4.33,1.09,8.73,0.0,0.03,2.01,0.0,0.15,0.17,82.5,43.33,-454.5,12320.0,True,12
609,Todibo,DEF,14,4,0.0,0.33,9.33,21.77,4.13,1.0,8.33,0.0,0.03,1.78,0.0,0.14,0.05,90.0,43.0,-169.83,12144.0,False,14
609,Todibo,DEF,15,2,0.0,0.33,9.0,22.57,4.15,1.83,9.33,0.01,0.04,1.65,-0.01,0.13,0.01,90.0,43.0,-100.5,12214.0,False,6
609,Todibo,DEF,16,1,0.0,0.17,8.83,24.03,5.72,2.17,9.83,0.01,0.03,1.72,-0.01,0.13,-0.22,90.0,43.0,-60.67,12315.83,True,2
609,Todibo,DEF,17,1,0.0,0.17,7.83,21.77,7.52,2.17,8.0,0.01,0.03,1.74,-0.01,0.13,0.09,90.0,43.0,50.17,12533.83,False,13
609,Todibo,DEF,18,1,0.0,0.17,6.83,19.13,5.83,1.83,7.0,0.01,0.03,1.92,-0.01,0.13,0.08,90.0,43.0,46.33,12723.0,True,10
609,Todibo,DEF,19,1,0.0,0.17,6.67,17.27,5.88,1.5,6.83,0.01,0.02,1.51,-0.01,-0.02,0.32,90.0,43.0,153.67,13050.83,True,6
609,Todibo,DEF,21,2,0.0,0.18,6.0,18.0,6.24,1.64,7.45,0.01,0.02,1.75,-0.01,-0.02,0.07,82.5,43.0,217.5,13387.17,True,16
609,Todibo,DEF,22,4,0.0,0.36,5.27,17.89,6.15,0.36,6.73,0.0,0.01,1.72,0.0,-0.01,0.28,82.5,43.0,124.83,13474.83,False,18
609,Todibo,DEF,23,2,0.0,0.36,7.64,17.78,4.25,0.0,6.91,0.0,0.01,1.64,0.0,-0.01,0.36,82.5,43.0,86.5,13514.5,True,17
609,Todibo,DEF,24,0,0.0,0.36,9.27,18.47,2.33,0.0,7.45,0.0,0.01,1.64,0.0,-0.01,-0.0,82.5,43.0,225.17,13692.83,False,7
609,Todibo,DEF,29,9,0.0,0.36,6.73,19.67,2.38,1.27,9.09,0.04,0.01,1.75,-0.04,-0.01,-0.11,82.5,43.0,100.0,13731.83,False,10
609,Todibo,DEF,30,4,0.18,0.18,10.18,19.31,0.45,1.64,9.27,0.04,0.0,1.61,-0.04,-0.0,-0.16,82.5,43.0,37.5,13413.5,True,13
609,Todibo,DEF,34,1,0.17,0.17,12.0,19.3,0.5,1.5,9.33,0.03,0.0,1.52,-0.03,-0.0,-0.19,90.0,43.0,45.33,13129.17,True,9
609,Todibo,DEF,36,1,0.2,0.0,13.97,19.0,0.54,1.8,9.38,0.04,0.0,1.55,-0.04,-0.0,-0.36,75.17,43.0,140.67,13128.17,True,1
609,Todibo,DEF,37,0,0.2,0.2,9.98,15.88,0.64,2.2,8.18,0.04,0.01,1.5,-0.04,-0.01,-0.3,75.17,43.0,142.0,13096.5,False,15
610,Wan-Bissaka,DEF,8,1,0.0,0.0,-0.7,14.65,16.01,3.49,4.88,0.0,0.05,2.1,0.0,-0.05,1.39,86.0,44.33,-132020.33,1878228.33,True,5
610,Wan-Bissaka,DEF,9,1,0.0,0.0,0.3,14.73,15.3,3.56,5.35,0.0,0.04,2.04,0.0,-0.04,1.23,75.75,44.0,-112453.0,1607077.5,False,11
610,Wan-Bissaka,DEF,10,7,0.0,0.0,1.18,14.65,16.35,2.83,5.43,0.0,0.05,1.97,0.0,-0.05,1.1,76.2,43.8,-96961.2,1437662.4,True,15
610,Wan-Bissaka,DEF,11,3,0.0,0.0,4.2,15.86,14.2,2.29,6.5,0.0,0.05,1.69,0.0,0.15,0.98,78.5,43.67,-87983.0,1317493.67,True,3
610,Wan-Bissaka,DEF,12,2,0.0,0.0,3.06,15.44,9.86,1.15,8.03,0.0,0.03,1.77,0.0,0.16,0.72,78.5,43.33,-89054.83,1020517.17,False,4
610,Wan-Bissaka,DEF,13,1,0.0,0.19,4.59,14.9,8.89,1.15,9.17,0.0,0.04,2.02,0.0,0.15,-0.11,78.5,43.0,-49204.83,753442.83,True,12
610,Wan-Bissaka,DEF,14,3,0.0,0.19,6.15,15.54,9.95,1.12,8.94,0.0,0.04,1.71,0.0,0.14,0.15,80.5,42.83,-28615.67,726327.0,False,14
610,Wan-Bissaka,DEF,15,4,0.0,0.34,8.86,18.99,12.05,0.68,9.55,0.0,0.05,1.69,0.0,0.12,0.01,88.0,42.67,-21162.33,706136.33,False,6
610,Wan-Bissaka,DEF,16,1,0.0,0.33,10.33,21.0,16.53,1.0,10.17,0.0,0.04,1.72,0.0,0.12,-0.22,90.0,42.5,-16543.5,690489.67,True,2
610,Wan-Bissaka,DEF,22,4,0.0,0.33,6.5,18.8,16.18,1.0,9.0,0.0,0.04,1.74,0.0,-0.04,0.09,90.0,42.33,-12564.83,678972.83,False,18
610,Wan-Bissaka,DEF,23,2,0.0,0.33,8.17,21.93,22.1,0.67,9.33,0.0,0.06,1.8,0.0,-0.06,-0.14,90.0,42.0,-12277.33,643081.17,True,17
610,Wan-Bissaka,DEF,24,7,0.0,0.17,10.17,21.8,21.73,0.67,8.17,0.0,0.05,1.24,0.0,-0.05,0.26,90.0,41.67,-8379.83,611455.17,False,7
610,Wan-Bissaka,DEF,25,8,0.0,0.17,13.5,29.3,24.72,1.33,8.5,0.0,0.06,1.48,0.0,0.27,0.18,90.0,41.5,-5516.67,582860.67,False,3
610,Wan-Bissaka,DEF,26,2,0.17,0.0,14.33,27.27,21.28,1.33,8.33,0.0,0.05,1.45,0.0,0.28,0.05,90.0,41.33,3490.67,564073.67,True,14
610,Wan-Bissaka,DEF,27,6,0.17,0.0,14.33,25.43,14.53,1.0,7.83,0.0,0.04,1.23,0.0,0.29,0.27,90.0,41.17,7212.33,548174.83,True,4
610,Wan-Bissaka,DEF,28,0,0.33,0.0,19.5,27.37,16.62,1.33,8.5,0.0,0.05,1.23,0.0,0.29,-0.23,90.0,41.0,14191.67,539286.33,False,12
610,Wan-Bissaka,DEF,29,7,0.33,0.0,15.5,23.3,11.13,1.67,6.83,0.0,0.03,1.3,0.0,0.3,0.37,90.0,41.0,15200.83,555204.5,False,10
610,Wan-Bissaka,DEF,30,2,0.5,0.17,17.83,24.33,11.1,1.67,8.17,0.0,0.05,1.33,0.0,0.29,0.17,90.0,41.0,13997.67,569812.67,True,13
610,Wan-Bissaka,DEF,31,0,0.5,0.17,13.67,16.17,6.88,1.0,7.83,0.0,0.03,1.22,0.0,-0.03,-0.05,90.0,41.0,14122.17,584630.67,False,2
610,Wan-Bissaka,DEF,35,1,0.34,0.34,8.63,13.87,6.73,1.02,6.6,0.0,0.03,1.29,0.0,-0.03,0.23,88.67,41.0,7026.33,590749.0,False,5
610,Wan-Bissaka,DEF,36,2,0.39,0.39,7.52,14.42,6.73,1.16,6.55,0.0,0.04,1.39,0.0,-0.04,0.34,77.83,41.0,2851.83,590986.17,True,1
610,Wan-Bissaka,DEF,37,1,0.19,0.39,4.43,12.53,6.32,0.77,5.97,0.0,0.04,1.49,0.0,-0.04,0.44,77.83,41.0,-2504.33,585681.17,False,15
631,Agbadou,DEF,4,4,0.0,0.0,4.67,23.0,4.03,3.0,9.0,0.08,0.02,1.9,-0.08,-0.02,0.77,90.0,45.0,1347.33,48909.0,False,15
631,Agbadou,DEF,5,3,0.0,0.0,6.0,26.5,4.18,2.25,10.25,0.06,0.04,1.81,-0.06,-0.04,0.44,90.0,45.0,-678.25,48445.5,True,11
631,Agbadou,DEF,6,1,0.0,0.0,8.0,28.2,7.72,7.8,10.4,0.08,0.05,1.54,-0.08,-0.05,0.86,90.0,45.0,69.6,49406.8,False,18
631,Agbadou,DEF,7,1,0.0,0.0,7.27,26.58,7.02,7.09,10.0,0.07,0.05,1.44,-0.07,-0.05,0.93,82.5,45.0,-2875.33,46842.5,True,6
631,Agbadou,DEF,10,-3,0.0,0.0,10.55,30.99,8.15,7.86,11.38,0.07,0.05,1.22,-0.07,-0.05,0.85,72.5,45.0,-3351.83,44941.83,False,10
631,Agbadou,DEF,12,3,0.0,0.0,4.03,27.09,9.21,8.05,10.66,0.06,0.05,1.16,-0.06,-0.05,1.68,63.33,44.67,-3834.33,41055.83,True,8
631,Agbadou,DEF,13,2,0.0,0.0,5.68,28.71,7.84,7.11,12.08,0.03,0.05,1.0,-0.03,-0.05,1.6,63.33,44.33,-4590.17,35095.17,False,2
631,Agbadou,DEF,14,2,0.0,0.0,5.68,24.35,6.94,8.53,10.66,0.04,0.03,0.87,-0.04,-0.03,1.73,63.33,44.0,-3537.33,30539.33,True,16
631,Agbadou,DEF,15,2,0.0,0.0,4.74,19.94,5.16,2.61,9.24,0.02,0.02,0.94,-0.02,-0.02,1.2,63.33,43.67,-4024.33,25038.33,True,14
631,Agbadou,DEF,16,0,0.0,0.0,6.78,25.79,4.87,5.93,10.8,0.03,0.02,1.66,-0.03,-0.02,0.88,70.83,43.33,-1210.17,22629.0,False,1
631,Agbadou,DEF,24,3,0.0,0.19,5.75,23.16,4.73,5.57,9.84,0.02,0.02,1.58,-0.02,-0.02,0.83,80.83,43.0,-868.5,20494.17,True,4
632,Doherty,DEF,8,2,0.0,1.2,0.8,12.08,3.64,1.6,6.8,0.03,0.02,1.78,-0.03,-0.02,0.22,75.0,44.67,-741.33,18591.67,False,17
632,Doherty,DEF,16,5,0.0,0.93,4.64,15.28,6.74,1.24,8.04,0.02,0.02,1.57,-0.02,-0.02,0.28,72.75,44.5,-1033.75,17436.0,False,1
632,Doherty,DEF,17,1,0.25,1.0,7.77,14.04,5.59,1.0,7.77,0.02,0.02,1.48,-0.02,-0.02,0.03,71.8,44.4,-854.6,16043.2,True,5
632,Doherty,DEF,18,1,0.2,0.8,7.83,14.14,7.57,2.41,7.43,0.02,0.02,1.44,-0.02,-0.02,0.16,74.67,44.33,-691.5,15166.33,False,12
632,Doherty,DEF,19,2,0.21,0.64,8.38,13.4,6.96,2.58,7.09,0.02,0.02,1.27,-0.02,-0.02,0.02,69.83,44.17,-711.5,13853.67,False,14
632,Doherty,DEF,25,0,0.21,0.43,10.53,16.2,9.11,3.87,7.09,0.02,0.03,1.17,-0.02,-0.03,0.11,69.83,44.0,-561.83,12214.67,True,7
632,Doherty,DEF,29,1,0.21,0.21,8.81,17.27,8.87,3.01,7.52,0.0,0.03,1.63,-0.0,-0.03,0.3,69.83,44.0,-370.33,11282.0,True,12
632,Doherty,DEF,34,2,0.22,0.22,7.01,14.63,6.35,3.07,6.79,0.0,0.03,1.78,-0.0,-0.03,-0.03,68.5,44.0,-62.33,10816.17,True,18
633,H.Bueno,DEF,4,4,0.0,0.66,5.91,21.02,33.04,16.42,8.54,0.04,0.1,1.74,-0.04,-0.1,0.89,45.67,45.0,-436.0,8476.33,False,15
633,H.Bueno,DEF,5,1,0.0,0.4,7.93,24.42,31.76,13.08,9.52,0.02,0.1,1.67,-0.02,-0.1,0.32,56.75,45.0,-645.5,8141.75,True,11
633,H.Bueno,DEF,6,2,0.0,0.33,10.59,27.0,43.88,10.92,8.27,0.02,0.18,1.41,-0.02,-0.18,0.24,54.4,44.8,-330.4,8245.6,False,18
633,H.Bueno,DEF,7,8,0.0,0.25,11.93,26.7,34.48,12.43,8.45,0.03,0.13,1.28,-0.03,-0.13,0.21,60.33,44.67,-346.17,8225.67,True,6
633,H.Bueno,DEF,8,1,0.21,0.21,15.21,25.63,32.74,9.43,7.93,0.03,0.16,1.25,-0.03,-0.16,-0.18,70.0,44.5,-258.17,8414.83,False,17
633,H.Bueno,DEF,9,1,0.19,0.0,14.9,26.09,33.31,8.32,7.35,0.02,0.18,1.15,-0.02,-0.18,0.21,77.5,44.33,127.5,8828.83,True,3
633,H.Bueno,DEF,10,1,0.19,0.0,15.35,25.12,35.56,6.44,6.82,0.03,0.19,0.97,-0.03,-0.19,0.16,79.17,44.17,485.0,9576.5,False,10
633,H.Bueno,DEF,11,1,0.19,0.0,12.51,20.92,30.35,6.06,5.87,0.03,0.17,0.94,-0.03,-0.17,0.57,79.17,44.0,692.67,10530.5,False,7
633,H.Bueno,DEF,12,1,0.17,0.0,9.0,18.31,21.46,5.88,6.23,0.02,0.11,1.42,-0.02,-0.11,0.48,86.67,44.0,239.5,10951.0,True,8
633,H.Bueno,DEF,13,1,0.21,0.0,8.33,17.0,24.83,3.54,5.62,0.01,0.13,1.55,-0.01,-0.13,0.54,72.0,44.0,222.33,11410.17,False,2
633,H.Bueno,DEF,15,1,0.0,0.0,4.88,16.59,23.0,4.15,5.85,0.01,0.1,1.61,-0.01,-0.1,0.83,61.5,44.0,40.33,11646.17,True,14
633,H.Bueno,DEF,18,1,0.0,0.0,2.41,14.93,17.19,4.52,6.62,0.02,0.04,2.08,-0.02,-0.04,0.63,49.83,44.0,-482.0,11335.5,False,12
633,H.Bueno,DEF,19,5,0.0,0.0,-0.33,13.83,7.14,3.26,6.52,0.0,0.01,2.3,0.0,-0.01,0.63,46.0,43.83,-713.67,10589.17,False,14
633,H.Bueno,DEF,20,11,0.0,0.0,5.87,15.59,7.27,7.5,6.2,0.03,0.02,2.12,-0.03,0.31,0.16,46.0,43.67,-736.5,9821.67,True,19
633,H.Bueno,DEF,21,2,0.33,0.0,19.57,22.57,16.17,9.13,5.87,0.04,0.04,1.12,-0.04,0.61,0.18,46.0,43.5,-239.17,9562.0,False,9
633,H.Bueno,DEF,22,6,0.25,0.0,18.54,22.5,24.87,9.64,5.44,0.04,0.1,1.06,-0.04,0.4,0.18,60.67,43.33,522.67,10088.5,True,15
633,H.Bueno,DEF,23,1,0.41,0.0,19.8,20.12,20.84,8.78,6.12,0.04,0.08,1.04,-0.04,0.32,-0.02,73.5,43.17,322.17,10358.5,False,13
633,H.Bueno,DEF,24,2,0.35,0.0,19.02,20.22,20.48,7.22,6.16,0.04,0.1,0.88,-0.04,0.26,0.18,85.17,43.0,718.33,11023.33,True,4
633,H.Bueno,DEF,25,1,0.33,0.0,19.41,18.77,24.37,6.86,5.69,0.04,0.13,0.73,-0.04,0.21,0.11,89.67,43.0,1671.5,12871.17,True,7
633,H.Bueno,DEF,26,1,0.33,0.0,17.06,19.84,28.84,4.85,6.02,0.03,0.16,1.16,-0.03,0.01,0.01,89.67,43.0,1612.0,14619.83,False,16
633,H.Bueno,DEF,26,7,0.18,0.0,12.78,15.69,23.09,5.33,6.04,0.02,0.16,1.45,-0.02,-0.16,-0.21,84.5,43.0,3278.67,19230.17,True,1
633,H.Bueno,DEF,27,4,0.18,0.0,14.2,20.41,15.62,4.62,6.21,0.02,0.12,1.63,0.15,-0.12,-0.21,84.5,43.0,4470.67,23104.83,False,8
633,H.Bueno,DEF,28,6,0.0,0.0,12.6,25.21,26.34,3.91,7.1,0.01,0.19,1.81,0.16,-0.19,-0.22,84.5,43.0,4492.17,25846.67,True,2
633,H.Bueno,DEF,29,1,0.18,0.0,15.8,24.53,23.93,3.91,7.1,0.01,0.17,1.84,0.16,-0.17,-0.6,84.5,43.0,4133.5,28200.67,True,12
633,H.Bueno,DEF,30,1,0.21,0.0,16.53,27.67,22.04,5.02,7.95,0.02,0.15,2.19,0.19,-0.15,-0.72,71.67,43.0,3583.83,29949.5,False,5
633,H.Bueno,DEF,32,0,0.21,0.0,17.58,26.87,24.51,4.81,6.7,0.01,0.15,2.0,0.2,-0.15,-0.75,71.67,43.0,3565.83,31729.67,False,19
633,H.Bueno,DEF,33,0,0.2,0.0,14.64,27.45,25.97,5.27,7.03,0.02,0.13,2.03,0.18,-0.13,-0.08,76.83,43.0,1709.5,29888.67,False,11
633,H.Bueno,DEF,34,3,0.2,0.2,8.59,19.48,29.19,4.3,7.03,0.01,0.15,2.22,-0.01,-0.15,-0.07,76.83,43.0,-209.0,27835.5,True,18
633,H.Bueno,DEF,35,5,0.2,0.39,7.81,16.16,21.07,4.88,6.64,0.04,0.09,2.01,-0.04,-0.09,0.14,76.83,43.0,65.0,27615.33,True,17
633,H.Bueno,DEF,36,0,0.0,0.4,7.43,19.69,29.99,7.03,6.03,0.06,0.16,1.97,-0.06,0.04,0.44,74.67,43.0,70.67,27209.5,False,6
633,H.Bueno,DEF,37,1,0.0,0.37,6.16,18.41,27.77,6.16,5.79,0.05,0.15,1.87,-0.05,0.04,0.55,80.33,43.0,-494.83,26226.17,True,10
633,H.Bueno,DEF,38,1,0.0,0.45,7.25,19.81,27.54,6.12,6.8,0.06,0.14,1.72,-0.06,0.09,0.78,66.17,43.0,-699.67,25026.83,False,3
634,Mosquera,DEF,10,-3,0.0,0.0,8.54,13.27,0.33,13.8,6.57,0.03,0.0,1.2,-0.03,0.0,1.43,45.67,44.0,-154.33,6197.0,False,10
634,Mosquera,DEF,13,1,0.0,0.49,0.99,9.99,0.35,10.38,5.93,0.02,0.0,1.44,-0.02,0.0,1.52,45.5,44.0,-155.75,6210.25,False,2
634,Mosquera,DEF,14,1,0.0,0.7,1.74,9.84,4.22,15.0,5.23,0.03,0.0,1.33,-0.03,-0.0,1.11,51.6,43.8,-138.6,6232.6,True,16
634,Mosquera,DEF,15,-1,0.0,0.8,3.73,10.86,3.41,11.45,5.59,0.03,0.0,1.21,-0.03,-0.0,0.92,56.33,43.67,-110.67,6261.17,True,14
634,Mosquera,DEF,16,0,0.0,0.99,2.23,11.06,5.73,12.64,5.95,0.02,0.04,1.81,-0.02,-0.04,0.92,60.5,43.5,-70.0,6320.0,False,1
634,Mosquera,DEF,18,3,0.0,1.18,1.18,12.35,7.89,7.54,7.3,0.01,0.04,1.87,-0.01,-0.04,0.48,63.67,43.33,-101.33,6323.83,False,12
634,Mosquera,DEF,19,4,0.0,0.98,1.18,14.43,6.59,6.27,8.24,0.01,0.03,1.85,-0.01,-0.03,0.5,76.5,43.17,-71.33,6308.5,False,14
634,Mosquera,DEF,20,6,0.0,0.71,5.54,18.79,8.75,8.21,9.64,0.11,0.04,1.64,-0.11,-0.04,0.32,84.0,43.0,-49.0,6286.5,True,19
634,Mosquera,DEF,21,3,0.17,0.52,10.25,21.09,8.51,7.12,10.42,0.1,0.03,1.49,-0.1,-0.03,0.25,86.33,43.0,44.17,6353.67,False,9
634,Mosquera,DEF,22,8,0.17,0.51,11.25,23.49,10.74,7.67,11.42,0.1,0.04,1.49,-0.1,-0.04,0.22,88.0,43.0,79.67,6460.5,True,15
634,Mosquera,DEF,23,0,0.34,0.51,16.19,24.55,10.88,9.89,11.76,0.11,0.02,0.95,-0.11,-0.02,0.08,88.0,43.0,80.67,6569.33,False,13
634,Mosquera,DEF,24,0,0.34,0.51,16.36,24.34,9.1,16.02,11.42,0.17,0.02,0.9,-0.17,-0.02,0.12,88.0,43.0,174.5,6776.0,True,4
634,Mosquera,DEF,25,1,0.33,0.67,15.0,20.77,9.15,17.33,9.67,0.19,0.02,0.86,-0.19,-0.02,0.14,90.0,43.0,647.33,7527.67,True,7
634,Mosquera,DEF,26,6,0.33,0.67,12.33,19.67,8.43,17.5,8.83,0.13,0.01,1.29,-0.13,-0.01,0.04,90.0,43.0,619.33,8243.17,False,16
634,Mosquera,DEF,26,3,0.33,0.67,11.17,18.07,6.6,14.67,8.83,0.12,0.01,1.67,-0.12,-0.01,-0.34,90.0,43.0,1059.5,9655.83,True,1
634,Mosquera,DEF,27,4,0.33,0.5,10.33,16.77,4.45,14.33,8.33,0.12,0.01,1.83,-0.12,-0.01,-0.34,90.0,43.0,1540.83,11015.17,False,8
634,Mosquera,DEF,28,9,0.17,0.33,7.5,15.77,2.72,12.33,8.17,0.12,0.02,1.91,-0.12,-0.02,-0.24,90.0,43.0,1457.67,12029.0,True,2
634,Mosquera,DEF,29,1,0.33,0.33,12.67,17.2,4.4,7.17,8.5,0.07,0.03,1.94,-0.07,-0.03,-0.6,90.0,43.0,1313.0,12889.5,True,12
634,Mosquera,DEF,30,1,0.37,0.19,15.16,20.1,4.7,9.36,9.54,0.06,0.03,2.04,-0.06,-0.03,-0.73,80.17,43.0,1233.33,13680.17,False,5
634,Mosquera,DEF,32,0,0.37,0.19,16.84,19.05,4.75,6.92,9.54,0.03,0.04,1.88,-0.03,-0.04,-0.76,80.17,43.0,1335.67,14574.67,False,19
634,Mosquera,DEF,35,2,0.2,0.39,12.69,18.94,6.99,9.18,9.37,0.05,0.05,1.79,-0.05,-0.05,-0.03,76.83,43.0,807.33,14434.83,True,17
634,Mosquera,DEF,36,3,0.2,0.39,12.1,17.73,7.09,10.93,8.98,0.06,0.05,1.55,-0.06,-0.05,0.01,76.83,43.0,252.0,13741.67,False,6
634,Mosquera,DEF,37,2,0.2,0.39,9.57,19.8,6.97,10.93,10.35,0.08,0.04,1.6,-0.08,-0.04,0.35,76.83,43.0,323.5,13371.83,True,10
634,Mosquera,DEF,38,3,0.0,0.2,2.73,15.46,5.06,12.49,9.37,0.15,0.03,1.71,-0.15,-0.03,0.44,76.83,43.0,376.33,13049.67,False,3
635,R.Gomes,DEF,9,1,0.0,0.0,7.84,19.87,8.93,27.63,5.6,0.27,0.07,1.07,0.1,-0.07,1.17,48.2,45.0,461.8,10307.6,True,3
635,R.Gomes,DEF,22,1,0.0,0.0,5.44,16.37,10.98,28.01,4.89,0.26,0.06,1.17,0.01,-0.06,1.28,55.17,45.0,358.67,10520.0,True,15
635,R.Gomes,DEF,23,1,0.0,0.0,7.05,16.36,11.12,27.93,4.8,0.27,0.06,1.23,0.01,-0.06,1.03,53.17,44.83,356.67,10461.33,False,13
635,R.Gomes,DEF,24,2,0.0,0.0,3.2,7.05,10.44,20.3,4.01,0.15,0.06,1.16,-0.15,-0.06,0.97,56.17,44.67,561.33,10205.33,True,4
635,R.Gomes,DEF,25,1,0.0,0.0,2.18,6.25,11.99,13.87,2.99,0.09,0.07,0.93,-0.09,-0.07,1.24,55.17,44.5,524.17,9780.33,True,7
635,R.Gomes,DEF,26,1,0.0,0.0,5.17,7.18,10.69,19.03,2.99,0.12,0.04,0.99,-0.12,-0.04,0.37,55.17,44.33,-91.5,8469.83,True,1
635,R.Gomes,DEF,26,1,0.0,0.0,7.53,11.13,11.62,20.29,3.93,0.12,0.03,1.05,-0.12,-0.03,0.26,45.83,44.17,55.67,7823.5,False,16
635,R.Gomes,DEF,38,2,0.33,0.0,3.94,4.4,3.78,11.82,2.63,0.14,0.03,1.58,-0.14,-0.03,0.39,45.67,44.0,-31.0,10350.33,False,3
636,S.Bueno,DEF,7,1,0.0,0.0,17.66,40.21,12.87,16.4,12.2,0.32,0.03,1.37,0.11,-0.03,0.31,71.33,44.67,-452.33,5432.33,True,6
636,S.Bueno,DEF,8,1,0.0,0.3,13.62,31.03,9.27,11.55,10.36,0.22,0.02,1.31,0.07,-0.02,0.17,76.0,44.5,432.0,6375.25,False,17
636,S.Bueno,DEF,9,4,0.0,0.23,12.56,28.83,9.96,10.74,9.82,0.17,0.1,1.16,0.06,-0.1,0.44,78.8,44.4,579.2,7220.4,True,3
636,S.Bueno,DEF,10,2,0.0,0.19,13.02,28.9,8.78,12.27,9.67,0.15,0.08,1.21,0.04,0.1,0.65,80.67,44.33,583.67,7925.5,False,10
636,S.Bueno,DEF,11,1,0.0,0.33,11.33,27.97,7.95,11.0,9.83,0.13,0.08,1.24,0.03,0.09,0.93,90.0,44.17,958.5,9232.5,False,7
636,S.Bueno,DEF,17,3,0.0,0.33,11.17,26.13,4.8,11.0,9.17,0.13,0.07,1.47,0.03,0.1,0.7,90.0,44.0,603.5,10128.5,True,5
636,S.Bueno,DEF,18,7,0.0,0.33,7.33,19.7,2.97,5.17,8.83,0.01,0.07,1.53,-0.01,0.1,0.8,90.0,44.0,513.33,10661.17,False,12
636,S.Bueno,DEF,20,6,0.0,0.17,8.67,25.33,2.9,11.0,8.33,0.13,0.06,1.6,0.03,0.1,0.9,90.0,44.0,-50.33,10527.67,True,19
636,S.Bueno,DEF,21,2,0.17,0.17,10.67,23.27,0.9,9.67,8.0,0.13,0.0,1.53,0.03,0.16,0.63,90.0,44.0,-280.17,10115.33,False,9
636,S.Bueno,DEF,22,6,0.17,0.17,10.33,21.6,2.1,6.83,7.67,0.12,0.0,1.44,0.04,-0.0,0.39,90.0,44.0,-115.0,9867.0,True,15
636,S.Bueno,DEF,23,1,0.33,0.0,12.83,18.9,2.15,7.17,6.5,0.12,0.01,1.37,0.04,-0.01,-0.04,90.0,44.0,-506.5,9180.67,False,13
636,S.Bueno,DEF,24,2,0.33,0.0,13.17,19.43,2.12,7.5,6.5,0.12,0.01,0.96,0.04,-0.01,0.21,90.0,44.0,32.83,9056.5,True,4
636,S.Bueno,DEF,25,1,0.33,0.0,13.22,17.87,2.14,8.03,5.19,0.14,0.01,0.84,0.03,-0.01,0.16,89.67,44.0,463.0,9618.0,True,7
636,S.Bueno,DEF,26,6,0.33,0.0,11.38,12.38,2.17,2.84,5.69,0.01,0.07,1.16,-0.01,-0.07,0.01,89.67,44.0,349.83,10046.33,False,16
636,S.Bueno,DEF,26,3,0.33,0.0,11.38,14.05,4.53,2.84,5.52,0.01,0.09,1.55,-0.01,-0.09,-0.37,89.67,44.0,1167.17,11975.0,True,1
636,S.Bueno,DEF,27,2,0.33,0.17,11.71,15.46,6.27,3.18,5.19,0.01,0.09,1.71,-0.01,0.07,-0.37,89.67,44.0,1683.17,13598.0,False,8
636,S.Bueno,DEF,28,6,0.17,0.17,10.71,16.76,6.17,6.02,5.86,0.01,0.09,1.89,-0.01,0.08,-0.38,89.67,44.0,1760.0,14669.83,True,2
636,S.Bueno,DEF,29,1,0.33,0.17,13.88,18.2,6.22,5.35,6.36,0.01,0.09,1.91,-0.01,0.08,-0.74,89.67,44.0,1587.83,15550.5,True,12
636,S.Bueno,DEF,30,1,0.33,0.33,15.0,17.9,6.15,5.17,6.67,0.0,0.09,2.12,-0.0,0.08,-0.95,90.0,44.0,1441.67,16269.17,False,5
636,S.Bueno,DEF,32,0,0.33,0.33,16.33,19.5,6.13,8.0,6.83,0.01,0.03,1.97,-0.01,0.14,-0.97,90.0,44.0,1548.0,17108.83,False,19
636,S.Bueno,DEF,33,3,0.17,0.33,12.33,19.57,3.8,8.0,7.33,0.01,0.01,1.94,-0.01,0.16,-0.27,90.0,44.0,789.67,16324.33,False,11
636,S.Bueno,DEF,34,2,0.17,0.17,10.33,19.0,0.43,7.33,8.33,0.01,0.0,2.1,-0.01,-0.0,-0.26,90.0,44.0,82.67,15585.0,True,18
636,S.Bueno,DEF,35,10,0.17,0.17,11.0,19.47,0.47,5.0,8.33,0.02,0.0,1.92,-0.02,-0.0,-0.08,90.0,44.0,561.0,16459.0,True,17
636,S.Bueno,DEF,36,1,0.0,0.17,11.33,24.57,3.88,13.17,7.83,0.06,0.07,1.86,0.11,-0.07,0.14,90.0,44.0,645.0,16973.17,False,6
636,S.Bueno,DEF,37,2,0.0,0.0,7.83,23.93,3.88,12.5,7.67,0.06,0.07,1.82,0.11,-0.07,0.51,90.0,44.0,501.33,17349.5,True,10
636,S.Bueno,DEF,38,2,0.0,0.0,7.17,23.5,3.83,9.0,8.0,0.05,0.07,1.66,0.12,-0.07,0.51,90.0,44.0,316.17,17521.17,False,3
637,Toti,DEF,4,2,0.0,0.0,0.0,19.74,9.16,3.16,8.29,0.01,0.0,2.02,-0.01,-0.0,1.14,76.0,45.0,-1163.0,16882.33,False,15
637,Toti,DEF,5,1,0.0,0.0,3.11,18.51,7.13,7.64,7.08,0.01,0.01,1.89,-0.01,-0.01,0.66,79.5,44.75,-1113.25,16602.5,True,11
637,Toti,DEF,6,1,0.0,0.0,3.7,17.26,6.13,6.25,6.25,0.01,0.01,1.65,-0.01,-0.01,1.12,77.8,44.6,-897.6,16519.6,False,18
637,Toti,DEF,10,0,0.0,0.0,3.46,17.22,6.12,6.23,6.23,0.01,0.01,1.66,-0.01,-0.01,1.34,65.0,44.5,-922.0,16303.0,False,10
637,Toti,DEF,11,1,0.0,0.26,4.43,18.57,11.66,7.04,7.04,0.01,0.04,1.31,-0.01,-0.04,1.29,57.5,44.17,-995.83,15686.67,False,7
637,Toti,DEF,12,3,0.0,0.23,6.51,16.93,10.63,6.28,5.58,0.01,0.04,1.77,-0.01,-0.04,1.02,64.5,43.83,-913.83,14801.0,True,8
637,Toti,DEF,13,4,0.0,0.23,5.81,14.84,8.12,4.42,5.58,0.0,0.04,1.62,-0.0,-0.04,0.94,64.5,43.5,-523.67,14207.67,False,2
637,Toti,DEF,14,2,0.0,0.23,7.67,19.21,10.65,0.0,7.44,0.0,0.04,1.49,0.0,-0.04,1.07,64.5,43.33,-387.67,13675.67,True,16
637,Toti,DEF,15,1,0.0,0.22,9.53,20.08,10.04,0.44,8.2,0.0,0.04,1.48,0.0,-0.04,0.51,67.67,43.17,-274.67,13211.83,True,14
637,Toti,DEF,16,4,0.0,0.19,9.68,22.48,9.59,0.38,8.35,0.0,0.03,1.85,0.0,-0.03,0.24,79.0,43.0,-191.17,12824.0,False,1
637,Toti,DEF,28,8,0.0,0.0,9.98,22.13,3.83,0.35,9.28,0.0,0.01,1.83,0.0,-0.01,0.1,85.67,43.0,-164.0,12804.0,True,2
637,Toti,DEF,33,3,0.18,0.0,14.53,25.46,3.69,1.23,10.86,0.03,0.01,1.43,-0.03,-0.01,-0.03,85.67,42.83,-82.67,12378.33,False,11
637,Toti,DEF,34,2,0.18,0.0,14.53,27.63,3.57,1.58,12.08,0.03,0.01,1.7,-0.03,-0.01,-0.13,85.67,42.67,-53.0,12043.67,True,18
637,Toti,DEF,35,4,0.18,0.0,13.13,24.69,1.51,1.58,10.86,0.03,0.0,1.69,-0.03,-0.0,-0.11,85.67,42.5,62.83,11932.0,True,17
637,Toti,DEF,36,3,0.18,0.0,13.13,27.77,3.61,7.0,11.73,0.09,0.02,1.67,-0.09,-0.02,-0.1,85.67,42.33,-22.5,11588.17,False,6
637,Toti,DEF,38,1,0.17,0.0,11.94,25.94,2.62,7.07,11.94,0.08,0.01,1.36,-0.08,-0.01,0.16,89.17,42.17,41.83,11307.0,False,3
638,Hoever,DEF,10,1,0.0,0.0,2.65,18.53,18.13,4.85,6.62,0.01,0.13,1.72,-0.01,-0.13,1.37,51.0,40.0,-3219.5,180058.75,False,10
638,Hoever,DEF,14,1,0.0,0.0,5.78,20.39,21.76,4.7,7.23,0.01,0.11,1.52,-0.01,-0.11,1.37,49.8,39.8,-3278.4,167556.0,True,16
638,Hoever,DEF,17,4,0.0,0.0,7.97,21.32,18.7,4.32,7.64,0.01,0.06,2.02,-0.01,-0.06,0.97,45.17,39.5,-3416.0,137782.67,True,5
659,Walker-Peters,DEF,5,1,0.45,0.0,15.75,12.78,7.24,2.7,4.95,0.02,0.01,1.05,-0.02,-0.01,0.3,66.67,44.33,-2705.67,40204.0,True,8
659,Walker-Peters,DEF,6,1,0.31,0.0,14.9,14.21,6.98,9.93,4.34,0.04,0.01,1.44,-0.04,-0.01,0.11,72.5,44.25,-1934.5,40680.5,False,9
659,Walker-Peters,DEF,7,1,0.24,0.24,12.55,13.64,10.99,7.58,4.5,0.03,0.01,1.27,-0.03,-0.01,0.15,76.0,44.2,-1923.8,40668.8,False,1
659,Walker-Peters,DEF,8,1,0.23,0.23,12.66,14.46,10.75,7.37,4.83,0.03,0.01,1.28,-0.03,-0.01,0.1,65.17,44.17,-1854.17,40459.0,True,5
659,Walker-Peters,DEF,9,1,0.22,0.22,11.25,14.45,9.93,5.62,5.41,0.02,0.01,1.45,-0.02,-0.01,0.06,69.33,44.0,-1310.5,39914.0,False,11
659,Walker-Peters,DEF,10,1,0.0,0.27,6.94,14.96,12.2,6.94,5.34,0.03,0.02,1.59,-0.03,-0.02,0.28,56.17,44.0,-842.33,39700.0,True,15
659,Walker-Peters,DEF,20,3,0.0,0.0,11.35,25.26,2.66,11.35,8.31,0.27,0.03,2.96,0.01,-0.03,-0.47,54.17,42.67,-14.17,34215.67,False,20
659,Walker-Peters,DEF,21,0,0.0,0.0,11.14,26.02,5.68,9.58,8.69,0.21,0.03,2.78,0.01,-0.03,-0.11,67.33,42.33,865.33,34761.5,True,16
659,Walker-Peters,DEF,25,1,0.0,0.18,7.02,18.18,7.13,5.73,8.13,0.01,0.04,2.46,-0.01,-0.04,-0.06,81.17,42.17,736.83,35088.0,False,3
659,Walker-Peters,DEF,26,1,0.0,0.2,9.14,18.33,7.82,6.3,8.33,0.01,0.04,2.0,-0.01,-0.04,0.24,73.83,42.0,583.67,34662.67,True,14
659,Walker-Peters,DEF,32,6,0.0,0.25,9.92,20.14,9.48,7.88,7.88,0.01,0.05,2.01,-0.01,-0.05,0.27,59.0,42.0,529.17,34795.33,True,20
659,Walker-Peters,DEF,33,6,0.25,0.25,16.27,20.49,15.15,8.9,7.37,0.01,0.05,1.75,-0.01,-0.05,0.28,59.0,42.0,307.83,34421.5,False,8
659,Walker-Peters,DEF,34,2,0.5,0.25,21.13,20.29,14.92,7.71,6.71,0.01,0.04,1.18,-0.01,-0.04,0.31,60.33,42.0,164.83,33903.83,True,9
659,Walker-Peters,DEF,35,1,0.5,0.25,21.88,17.2,11.64,6.71,5.47,0.01,0.04,1.08,-0.01,-0.04,-0.08,60.33,42.0,338.67,34777.67,False,5
659,Walker-Peters,DEF,38,6,0.54,0.0,22.5,16.39,9.46,2.14,5.62,0.0,0.03,1.36,0.0,-0.03,-0.29,56.0,42.0,655.83,34760.17,True,11
662,Mosquera,DEF,5,1,0.45,0.0,23.73,23.01,1.07,1.79,8.51,0.0,0.02,0.32,0.0,-0.02,0.13,67.0,54.33,-32.67,13911.33,True,13
662,Mosquera,DEF,6,1,0.45,0.0,24.95,22.9,1.07,1.78,8.47,0.0,0.02,0.32,0.0,-0.02,0.12,50.5,54.25,1637.25,17082.25,False,15
662,Mosquera,DEF,9,1,0.36,0.0,20.77,20.11,0.95,1.46,8.38,0.0,0.01,0.41,0.0,-0.01,0.32,49.4,54.2,875.8,18696.0,True,8
662,Mosquera,DEF,11,1,0.31,0.0,19.73,20.65,4.13,2.47,8.63,0.0,0.03,0.47,0.0,-0.03,0.15,48.67,54.17,421.67,19133.67,False,17
662,Mosquera,DEF,27,1,0.0,0.33,13.57,19.26,7.74,1.32,8.27,0.0,0.13,1.01,0.0,-0.13,-0.02,45.33,53.83,1124.0,24149.67,False,18
662,Mosquera,DEF,30,1,0.28,0.56,20.47,21.31,6.64,0.0,10.09,0.0,0.1,1.01,0.0,-0.1,-0.45,53.5,53.5,1855.17,23247.17,True,9
662,Mosquera,DEF,32,1,0.24,0.49,19.89,20.91,9.0,0.49,9.95,0.0,0.1,0.94,0.0,-0.1,-0.45,61.83,53.33,801.83,21699.0,True,4
662,Mosquera,DEF,33,0,0.31,0.31,23.19,23.43,10.07,0.61,11.29,0.0,0.12,0.94,0.0,-0.12,-0.63,49.17,53.17,1243.67,20764.5,False,13
662,Mosquera,DEF,35,1,0.28,0.55,20.22,22.87,8.31,1.66,11.63,0.03,0.02,1.16,-0.03,-0.02,-0.33,54.17,53.0,368.5,18643.0,True,10
662,Mosquera,DEF,38,4,0.32,0.64,15.05,14.41,15.53,3.84,6.73,0.03,0.05,0.9,-0.03,-0.05,-0.26,46.83,53.0,1778.83,22397.17,False,8
672,Hato,DEF,7,1,0.0,1.25,-0.62,8.25,1.81,2.5,2.5,0.0,0.01,1.28,0.0,-0.01,-0.03,48.0,49.0,-3657.67,26999.0,True,12
672,Hato,DEF,30,1,0.0,0.67,5.0,14.2,12.87,2.33,8.0,0.03,0.12,1.49,-0.03,-0.12,1.18,45.0,46.0,233.67,22365.33,True,15
672,Hato,DEF,32,1,0.0,0.57,4.54,15.84,15.13,3.69,7.1,0.02,0.11,1.38,-0.02,-0.11,1.18,52.83,46.0,282.17,23214.17,True,13
672,Hato,DEF,33,1,0.0,0.5,5.97,16.66,8.38,3.23,7.46,0.02,0.05,1.42,-0.02,-0.05,1.06,60.33,46.0,292.67,23606.83,True,14
672,Hato,DEF,33,1,0.0,0.41,7.94,16.09,6.62,2.44,6.92,0.01,0.04,1.13,-0.01,-0.04,0.9,73.67,46.0,101.67,23858.33,False,6
672,Hato,DEF,36,3,0.0,0.2,9.43,19.89,6.68,2.36,6.68,0.01,0.02,1.31,-0.01,-0.02,0.85,76.33,46.0,427.83,24282.83,False,12
672,Hato,DEF,37,1,0.0,0.39,9.63,21.93,6.92,1.57,7.86,0.0,0.02,1.27,0.0,-0.02,0.89,76.33,46.0,364.17,24474.83,True,18
672,Hato,DEF,38,0,0.0,0.5,9.67,21.23,7.37,1.67,7.67,0.0,0.02,1.36,0.0,-0.02,0.64,90.0,46.0,338.0,24632.0,False,17
682,Møller Wolfe,DEF,15,3,0.0,0.31,8.81,18.69,22.15,5.98,5.03,0.02,0.23,1.1,-0.02,0.08,0.78,47.67,43.67,-275.33,8246.5,True,14
682,Møller Wolfe,DEF,16,1,0.0,0.25,2.99,16.8,16.58,6.23,4.74,0.01,0.19,1.87,-0.01,0.06,0.62,60.17,43.33,-193.83,7988.17,False,1
682,Møller Wolfe,DEF,17,1,0.0,0.21,2.88,15.78,16.73,5.14,4.73,0.01,0.16,1.73,-0.01,0.04,0.53,73.0,43.17,-110.0,7974.33,True,5
682,Møller Wolfe,DEF,18,1,0.0,0.17,3.1,13.04,13.73,6.88,4.13,0.02,0.14,1.61,-0.02,0.03,0.46,87.17,43.0,-66.17,8020.83,False,12
682,Møller Wolfe,DEF,19,1,0.0,0.19,3.1,12.69,11.29,6.01,3.88,0.02,0.05,1.64,-0.02,0.14,0.3,77.33,43.0,-61.5,8053.67,False,14
682,Møller Wolfe,DEF,20,1,0.0,0.0,4.86,13.97,9.93,5.78,4.16,0.02,0.06,1.75,-0.02,0.17,0.33,64.83,43.0,-64.17,8084.33,True,19
682,Møller Wolfe,DEF,24,1,0.0,0.0,4.49,13.34,9.06,6.28,3.29,0.02,0.07,2.05,-0.02,0.23,0.34,50.17,43.0,-88.33,8085.5,True,4
683,Alderete,DEF,4,9,0.0,0.0,14.93,31.11,8.83,7.05,10.37,0.05,0.06,1.01,-0.05,0.35,0.24,72.33,40.0,7705.0,121892.0,False,8
683,Alderete,DEF,5,4,0.29,0.0,19.64,30.84,6.39,5.57,10.26,0.03,0.05,1.23,-0.03,0.24,-0.35,76.75,40.0,7428.25,131406.5,True,2
683,Alderete,DEF,6,17,0.23,0.0,17.23,30.33,4.99,9.52,10.88,0.06,0.04,1.11,-0.06,0.19,-0.21,79.4,40.0,12885.6,145148.8,False,16
683,Alderete,DEF,7,0,0.37,0.0,22.36,36.18,4.68,14.23,10.9,0.11,0.06,1.22,0.08,0.12,-0.48,81.17,40.0,27114.17,171769.67,False,14
683,Alderete,DEF,8,6,0.33,0.17,17.83,30.13,2.2,12.83,9.83,0.1,0.04,1.37,0.07,-0.04,-0.37,90.0,40.17,98032.83,287400.83,True,20
683,Alderete,DEF,13,0,0.5,0.17,19.67,28.9,3.08,11.17,9.67,0.09,0.04,1.34,0.08,-0.04,-0.67,90.0,40.33,109107.5,403411.67,True,4
683,Alderete,DEF,14,4,0.5,0.33,17.5,27.6,2.93,10.67,9.33,0.08,0.03,1.42,0.09,-0.03,-0.59,90.0,40.5,105148.17,469837.83,False,12
683,Alderete,DEF,15,1,0.33,0.33,15.0,28.57,4.0,15.67,9.83,0.09,0.06,1.37,0.07,-0.06,-0.37,90.0,40.67,100817.83,534182.83,False,13
683,Alderete,DEF,16,7,0.33,0.33,13.0,26.53,3.98,12.67,9.0,0.07,0.06,1.65,0.1,-0.06,-0.32,90.0,40.83,93489.17,590214.83,True,15
683,Alderete,DEF,17,6,0.33,0.33,9.83,19.8,5.32,7.83,8.5,0.02,0.04,1.41,-0.02,-0.04,-0.08,90.0,40.83,74519.83,627528.5,False,6
683,Alderete,DEF,18,4,0.5,0.17,13.83,21.13,5.18,15.17,9.0,0.06,0.04,1.3,-0.06,-0.04,-0.29,90.0,40.67,14314.83,600758.0,True,11
683,Alderete,DEF,19,8,0.33,0.17,12.17,24.07,3.4,16.67,10.17,0.07,0.04,1.52,-0.07,-0.04,-0.35,90.0,40.5,13641.33,581007.83,True,13
683,Alderete,DEF,20,1,0.5,0.0,17.17,27.9,3.45,16.33,11.5,0.07,0.04,1.61,-0.07,-0.04,-0.78,90.0,40.33,20096.5,604008.17,False,18
683,Alderete,DEF,21,1,0.5,0.17,15.0,24.67,2.47,12.17,10.33,0.06,0.01,1.57,-0.06,-0.01,-0.73,90.0,40.33,35393.17,641669.5,False,5
683,Alderete,DEF,22,1,0.51,0.17,14.72,23.89,2.66,12.52,10.15,0.08,0.03,1.65,-0.08,-0.03,-0.81,88.67,40.33,42398.17,686209.67,True,8
683,Alderete,DEF,23,1,0.34,0.34,11.5,22.6,0.93,11.67,10.15,0.09,0.03,1.72,-0.09,-0.03,-0.7,88.67,40.5,50897.17,738084.83,False,19
683,Alderete,DEF,24,6,0.17,0.34,8.63,22.57,4.21,4.57,10.32,0.05,0.03,1.78,-0.05,-0.03,-0.26,88.67,40.67,41170.33,778679.0,True,3
683,Alderete,DEF,25,1,0.34,0.34,11.27,19.16,6.05,3.07,8.88,0.04,0.03,1.44,-0.04,-0.03,-0.07,87.83,40.83,27115.17,799494.33,False,1
683,Alderete,DEF,26,2,0.17,0.34,7.51,16.26,6.05,3.07,7.34,0.04,0.02,1.31,-0.04,-0.02,0.57,87.83,41.0,22194.17,823262.5,True,12
683,Alderete,DEF,27,1,0.17,0.17,8.37,16.85,7.87,2.62,8.02,0.04,0.02,1.55,-0.04,-0.02,0.37,86.0,41.0,8118.33,830761.67,True,10
683,Alderete,DEF,28,4,0.17,0.17,9.62,18.41,9.74,2.23,8.07,0.01,0.02,1.36,-0.01,-0.02,0.53,87.33,41.0,3569.17,835004.33,False,4
683,Alderete,DEF,29,7,0.17,0.0,11.16,23.19,9.62,2.06,10.31,0.0,0.02,1.55,0.0,-0.02,0.34,87.33,41.0,-3753.67,831707.0,False,11
683,Alderete,DEF,30,2,0.34,0.17,13.4,27.62,6.06,2.06,12.71,0.0,0.01,1.49,0.0,-0.01,-0.12,87.33,41.0,-2218.5,830040.83,True,6
683,Alderete,DEF,31,1,0.17,0.17,10.89,28.21,4.36,6.12,12.59,0.02,0.02,1.75,-0.02,-0.02,-0.22,88.17,41.0,3462.0,834243.17,False,15
683,Alderete,DEF,32,8,0.17,0.34,10.89,27.63,6.06,5.78,12.76,0.02,0.02,1.71,-0.02,-0.02,-0.52,88.17,41.0,4509.5,834054.17,True,18
683,Alderete,DEF,33,1,0.33,0.33,14.33,27.8,4.28,5.0,12.67,0.02,0.02,1.42,-0.02,-0.02,-0.42,90.0,41.0,-1820.33,833763.33,False,2
683,Alderete,DEF,34,0,0.35,0.35,14.24,28.51,3.08,4.92,13.18,0.02,0.01,1.5,-0.02,-0.01,-0.44,85.33,41.0,-8039.0,814763.17,True,16
683,Alderete,DEF,35,4,0.35,0.35,9.32,22.75,3.16,11.25,10.37,0.07,0.01,1.39,-0.07,-0.01,0.37,85.33,41.0,-6511.33,814709.5,False,20
683,Alderete,DEF,36,8,0.18,0.18,6.5,17.26,3.2,11.6,8.44,0.07,0.01,1.49,-0.07,-0.01,0.44,85.33,41.0,-13529.67,801840.5,True,14
683,Alderete,DEF,37,1,0.35,0.18,8.96,16.91,3.13,8.44,9.14,0.04,0.01,1.3,-0.04,-0.01,0.46,85.33,41.0,-24792.0,776941.0,False,9
684,Thiaw,DEF,7,8,0.49,0.49,13.85,21.76,0.74,10.88,12.36,0.03,0.01,1.4,-0.03,-0.01,0.08,60.67,49.33,-1103.67,17377.0,True,16
684,Thiaw,DEF,8,1,0.66,0.33,19.85,19.46,4.1,15.55,10.26,0.22,0.01,1.04,-0.22,-0.01,-0.04,68.0,49.25,411.75,18873.25,False,6
684,Thiaw,DEF,9,2,0.5,0.25,16.41,18.15,3.46,12.68,9.2,0.17,0.01,1.0,-0.17,-0.01,0.24,72.4,49.2,3138.6,22883.4,True,10
684,Thiaw,DEF,10,1,0.4,0.2,15.93,17.92,3.03,10.75,8.76,0.15,0.06,1.11,-0.15,-0.06,0.09,75.33,49.17,4128.0,27121.5,False,19
684,Thiaw,DEF,11,3,0.34,0.17,14.52,19.32,3.33,9.46,8.44,0.12,0.05,1.17,-0.12,-0.05,0.18,88.83,49.0,7172.0,35695.17,False,5
684,Thiaw,DEF,12,4,0.17,0.0,11.33,20.2,3.27,10.33,8.5,0.13,0.05,1.53,-0.13,-0.05,0.31,90.0,49.0,6790.33,43170.67,True,13
684,Thiaw,DEF,13,16,0.17,0.0,11.83,20.33,3.3,6.67,8.5,0.12,0.05,1.6,-0.12,-0.05,0.06,90.0,49.0,6099.83,49863.33,False,9
684,Thiaw,DEF,14,1,0.0,0.0,13.17,32.03,1.6,13.5,8.5,0.09,0.05,1.72,0.25,-0.05,0.11,90.0,49.0,6058.33,56102.0,True,18
684,Thiaw,DEF,15,2,0.0,0.0,13.33,31.77,1.58,14.5,8.17,0.09,0.05,1.69,0.25,-0.05,0.14,90.0,49.0,26998.83,85756.33,True,3
684,Thiaw,DEF,16,3,0.0,0.0,13.33,33.4,1.6,14.0,8.33,0.08,0.01,1.7,0.25,-0.01,0.13,90.0,49.17,49603.5,144072.5,False,17
684,Thiaw,DEF,17,1,0.0,0.17,14.67,36.77,1.2,13.67,10.83,0.08,0.01,1.46,0.25,-0.01,0.04,90.0,49.33,48184.67,191417.33,True,7
684,Thiaw,DEF,18,2,0.0,0.17,15.5,34.27,1.03,13.0,9.83,0.07,0.01,1.23,0.26,-0.01,0.11,90.0,49.5,46103.5,237189.33,False,14
684,Thiaw,DEF,19,4,0.0,0.17,16.5,34.13,3.18,14.17,9.5,0.08,0.01,1.02,0.25,-0.01,0.31,90.0,49.67,45686.17,280930.67,False,3
684,Thiaw,DEF,20,17,0.0,0.17,12.17,24.77,3.15,5.5,10.5,0.05,0.01,1.04,-0.05,-0.01,0.29,90.0,49.83,57763.0,345794.33,True,8
684,Thiaw,DEF,21,-1,0.17,0.17,19.33,35.27,3.07,9.33,12.67,0.12,0.01,1.03,0.05,-0.01,-0.03,90.0,50.0,40513.83,385439.83,True,11
684,Thiaw,DEF,22,9,0.18,0.36,16.36,33.6,3.24,10.55,12.55,0.13,0.01,1.09,0.06,-0.01,0.18,82.5,50.17,68516.83,451208.67,False,20
684,Thiaw,DEF,23,1,0.36,0.18,19.45,30.69,5.16,10.91,10.0,0.13,0.01,1.09,0.06,-0.01,0.0,82.5,50.33,74302.0,528606.5,True,2
684,Thiaw,DEF,24,0,0.36,0.18,19.27,30.8,6.33,10.55,9.09,0.13,0.01,1.08,0.06,-0.01,0.01,82.5,50.5,76561.5,607823.67,False,12
684,Thiaw,DEF,25,1,0.36,0.18,15.45,28.44,6.35,11.09,8.36,0.13,0.01,1.26,0.05,-0.01,0.37,82.5,50.67,59153.83,670288.0,True,5
684,Thiaw,DEF,26,11,0.36,0.18,13.45,27.56,6.51,10.55,7.82,0.13,0.02,1.39,0.05,-0.02,0.61,82.5,50.83,40082.67,706540.83,False,18
684,Thiaw,DEF,27,3,0.18,0.18,10.0,25.56,8.49,16.18,6.55,0.13,0.05,1.6,0.05,-0.05,0.58,82.5,51.0,14804.0,720392.0,False,13
684,Thiaw,DEF,28,1,0.17,0.0,13.67,27.83,7.72,17.33,7.5,0.13,0.05,1.45,0.04,-0.05,0.55,90.0,50.83,-37354.33,680647.0,True,9
684,Thiaw,DEF,29,4,0.0,0.0,9.0,25.1,7.83,19.17,6.83,0.18,0.07,1.76,-0.01,-0.07,0.74,90.0,50.67,-40628.0,641458.83,True,14
684,Thiaw,DEF,30,9,0.0,0.0,8.5,26.9,6.82,24.67,7.83,0.28,0.07,1.81,-0.11,-0.07,0.52,90.0,50.5,-46162.0,596396.0,False,7
684,Thiaw,DEF,31,0,0.17,0.0,13.5,31.87,4.73,23.67,9.5,0.3,0.07,1.66,-0.13,-0.07,0.0,90.0,50.33,-29663.83,569373.17,True,17
684,Thiaw,DEF,32,2,0.19,0.0,14.44,33.74,5.02,25.0,10.0,0.29,0.06,1.94,-0.11,-0.06,-0.27,81.0,50.33,66342.0,733448.67,False,8
684,Thiaw,DEF,33,1,0.19,0.19,10.0,24.89,3.11,13.52,10.0,0.2,0.03,2.07,-0.2,-0.03,-0.22,81.0,50.33,61218.5,796773.17,True,4
684,Thiaw,DEF,34,2,0.19,0.19,9.26,22.67,3.26,12.96,9.07,0.24,0.03,2.37,-0.24,-0.03,-0.52,81.0,50.5,45887.5,817392.0,False,1
684,Thiaw,DEF,35,2,0.19,0.19,10.93,23.67,1.44,10.56,9.44,0.18,0.01,2.07,-0.18,-0.01,-0.59,81.0,50.67,32478.17,837553.17,True,6
684,Thiaw,DEF,36,2,0.19,0.19,11.67,23.96,1.37,10.56,9.26,0.23,0.01,2.08,-0.23,-0.01,-0.6,81.0,50.67,24765.5,862761.33,False,16
684,Thiaw,DEF,37,2,0.0,0.19,8.89,21.04,1.39,10.93,7.59,0.2,0.01,2.02,-0.2,-0.01,-0.36,81.0,50.5,16814.67,878674.67,True,19
684,Thiaw,DEF,38,1,0.0,0.17,10.33,19.47,1.45,9.17,7.33,0.18,0.01,1.6,-0.18,-0.01,-0.27,90.0,50.17,-73791.83,708256.33,False,10
685,Diakité,DEF,5,5,0.67,0.0,19.33,17.0,4.0,0.67,8.67,0.0,0.0,0.95,0.0,-0.0,0.38,90.0,45.0,4628.33,22660.33,True,15
685,Diakité,DEF,6,3,0.75,0.25,20.75,17.75,5.95,1.5,8.25,0.0,0.01,0.75,0.0,-0.01,0.25,90.0,45.0,-117.0,29154.0,False,11
685,Diakité,DEF,7,2,0.6,0.2,18.8,20.48,5.18,1.2,9.4,0.0,0.01,0.97,0.0,-0.01,0.23,90.0,45.0,1174.2,34804.4,True,10
685,Diakité,DEF,8,3,0.5,0.17,17.5,20.93,4.55,1.67,9.17,0.0,0.01,0.95,0.0,-0.01,0.21,90.0,45.0,1177.17,38867.17,False,8
685,Diakité,DEF,10,1,0.5,0.17,17.0,21.33,6.27,2.0,9.33,0.0,0.01,1.33,0.0,-0.01,-0.33,90.0,45.0,1285.83,47302.17,False,13
685,Diakité,DEF,12,0,0.33,0.17,12.17,20.97,6.2,2.0,8.83,0.0,0.02,1.62,0.0,-0.02,-0.12,90.0,45.0,-487.67,52885.33,True,19
685,Diakité,DEF,13,1,0.18,0.18,9.64,21.2,5.33,1.82,8.55,0.0,0.02,1.83,0.0,-0.02,0.17,82.5,45.0,-2214.0,55726.83,False,17
685,Diakité,DEF,14,4,0.0,0.0,6.0,20.73,3.51,1.82,8.55,0.0,0.02,2.03,-0.0,-0.02,0.51,82.5,45.0,-341.33,55769.67,True,9
685,Diakité,DEF,15,6,0.0,0.0,7.09,19.31,3.45,2.18,7.82,0.0,0.01,1.96,-0.0,-0.01,0.4,82.5,44.83,-1570.5,54425.5,True,7
685,Diakité,DEF,16,0,0.18,0.0,9.09,17.35,3.31,1.82,7.45,0.0,0.01,1.97,-0.0,-0.01,0.21,82.5,44.67,-2040.0,52474.5,False,14
685,Diakité,DEF,17,2,0.18,0.0,8.36,17.89,1.62,1.82,7.09,0.0,0.02,1.76,-0.0,-0.02,0.6,82.5,44.5,-2484.0,49976.5,True,3
685,Diakité,DEF,18,0,0.18,0.0,9.27,16.69,2.91,1.82,6.55,0.0,0.02,1.43,-0.0,-0.02,0.57,82.5,44.33,-800.33,49292.17,False,5
685,Diakité,DEF,21,1,0.18,0.0,8.55,17.31,2.36,1.82,7.64,0.0,0.01,1.61,-0.0,-0.01,0.39,82.5,44.17,-813.0,48624.33,True,18
685,Diakité,DEF,22,1,0.22,0.0,9.93,17.16,2.47,1.32,7.72,0.0,0.01,1.68,0.0,-0.01,0.09,68.0,43.83,-616.17,47444.5,False,6
685,Diakité,DEF,24,1,0.27,0.0,7.66,15.98,2.57,1.09,7.39,0.0,0.02,1.82,0.0,-0.02,0.37,54.83,43.67,-729.0,45928.83,False,20
694,Mukiele,DEF,6,6,0.33,0.0,21.67,28.93,14.03,6.0,14.0,0.05,0.08,1.23,-0.05,-0.08,-0.56,90.0,40.0,12564.67,60045.67,False,16
694,Mukiele,DEF,7,3,0.5,0.0,22.75,26.6,10.8,4.5,12.75,0.04,0.06,1.34,-0.04,-0.06,-0.84,90.0,40.0,33246.5,91701.25,False,14
694,Mukiele,DEF,8,17,0.4,0.0,20.8,25.92,8.96,4.0,12.6,0.03,0.05,1.44,-0.03,-0.05,-0.64,90.0,40.0,35976.6,120544.0,True,20
694,Mukiele,DEF,9,2,0.5,0.0,25.17,30.97,7.83,7.0,12.5,0.06,0.05,1.34,0.1,-0.05,-0.67,90.0,40.0,44053.5,155244.17,False,7
694,Mukiele,DEF,10,1,0.5,0.0,23.5,28.63,7.87,6.33,11.17,0.05,0.05,1.29,0.12,-0.05,-0.62,90.0,40.17,67717.5,227940.0,True,9
694,Mukiele,DEF,11,4,0.33,0.17,18.5,26.3,8.77,7.83,9.83,0.08,0.1,1.14,0.09,-0.1,-0.3,90.0,40.33,98243.5,335812.67,True,1
694,Mukiele,DEF,12,4,0.33,0.17,18.17,24.57,5.47,7.17,8.17,0.07,0.07,1.34,0.1,0.09,-0.34,90.0,40.67,96640.17,437107.67,False,10
694,Mukiele,DEF,13,0,0.17,0.17,15.17,25.4,6.25,7.83,9.0,0.07,0.1,1.42,0.1,0.07,-0.25,90.0,41.0,92708.0,536220.67,True,4
694,Mukiele,DEF,14,0,0.17,0.33,13.83,23.43,8.0,7.5,8.5,0.07,0.1,1.39,0.1,0.07,-0.23,90.0,41.33,87469.33,631827.5,False,12
694,Mukiele,DEF,15,1,0.0,0.33,6.0,16.2,7.88,4.17,8.0,0.03,0.09,1.5,-0.03,0.08,-0.16,90.0,41.67,70719.67,704729.67,False,13
694,Mukiele,DEF,16,8,0.0,0.33,4.33,16.37,10.0,3.83,8.5,0.03,0.12,1.75,-0.03,0.05,-0.08,90.0,41.83,44110.17,749073.0,True,15
694,Mukiele,DEF,17,6,0.17,0.33,8.17,17.07,7.88,4.17,9.17,0.01,0.07,1.65,-0.01,0.26,-0.15,90.0,42.0,4776.33,750123.67,False,6
694,Mukiele,DEF,18,4,0.33,0.33,9.83,15.87,8.17,3.17,9.33,0.0,0.08,1.52,-0.0,0.08,-0.35,90.0,42.0,14368.83,767449.33,True,11
694,Mukiele,DEF,19,11,0.33,0.33,11.33,17.2,7.45,6.0,9.33,0.01,0.06,1.52,-0.01,0.1,-0.35,90.0,42.0,17405.67,789464.0,True,13
694,Mukiele,DEF,20,4,0.5,0.17,16.5,19.53,7.18,6.0,9.67,0.01,0.07,1.61,-0.01,0.1,-0.78,90.0,42.0,13838.17,793971.83,False,18
694,Mukiele,DEF,21,3,0.5,0.17,19.0,21.8,11.95,5.67,9.83,0.01,0.09,1.57,-0.01,0.08,-0.73,90.0,42.17,42225.67,840000.83,False,5
694,Mukiele,DEF,22,6,0.5,0.17,20.5,23.83,10.08,6.33,10.0,0.01,0.06,1.7,-0.01,0.1,-0.87,90.0,42.33,66521.17,911296.33,True,8
694,Mukiele,DEF,23,4,0.33,0.17,21.0,29.23,15.77,5.17,10.5,0.0,0.08,1.76,-0.0,0.09,-0.76,90.0,42.67,110009.67,1025897.33,False,19
694,Mukiele,DEF,24,9,0.17,0.17,18.78,31.64,16.49,5.24,10.15,0.0,0.09,1.83,-0.0,0.25,-0.31,88.67,43.17,128525.67,1157394.33,True,3
694,Mukiele,DEF,25,1,0.34,0.17,21.15,27.41,20.83,2.88,8.29,0.05,0.12,1.48,-0.05,0.39,-0.12,88.67,43.67,137475.67,1294835.83,False,1
694,Mukiele,DEF,26,2,0.17,0.17,15.56,25.41,19.67,3.55,7.61,0.05,0.11,1.35,-0.05,0.4,0.51,88.67,44.33,145429.5,1448711.0,True,12
694,Mukiele,DEF,27,1,0.17,0.17,15.73,24.56,19.07,6.77,7.27,0.07,0.11,1.58,-0.07,0.4,0.28,88.67,44.83,116499.0,1562923.0,True,10
694,Mukiele,DEF,32,14,0.2,0.2,17.68,23.76,21.93,7.15,6.56,0.08,0.12,1.21,-0.08,0.47,0.38,75.5,45.33,108033.67,1674122.5,True,18
694,Mukiele,DEF,33,-1,0.41,0.0,19.46,23.92,16.72,11.55,5.47,0.14,0.11,1.27,0.06,0.3,0.15,74.0,45.5,64652.0,1589892.83,False,2
694,Mukiele,DEF,34,0,0.4,0.2,16.33,20.11,16.73,10.95,5.97,0.14,0.08,1.53,0.06,0.12,0.06,75.33,45.5,37976.17,1470375.67,True,16
694,Mukiele,DEF,35,11,0.2,0.2,8.56,20.83,15.37,10.75,5.77,0.08,0.07,1.74,0.12,-0.07,0.85,75.33,45.67,53415.33,1420589.33,False,20
694,Mukiele,DEF,36,6,0.2,0.2,12.74,29.15,14.95,17.32,6.77,0.11,0.07,1.79,0.29,-0.07,0.4,75.33,45.67,44428.33,1316730.33,True,14
694,Mukiele,DEF,37,2,0.4,0.2,14.73,27.76,10.04,14.34,6.17,0.09,0.05,1.41,0.3,-0.05,0.59,75.33,45.67,43051.0,1213087.5,False,9
694,Mukiele,DEF,38,4,0.34,0.17,13.05,26.03,10.71,13.56,6.1,0.08,0.05,1.37,0.25,-0.05,0.49,88.5,45.67,31951.0,1093552.83,True,7
695,Tchatchoua,DEF,6,1,0.0,0.0,5.32,17.1,22.54,5.73,5.32,0.0,0.02,1.25,0.0,-0.02,1.2,55.0,45.0,164.25,1442.5,False,18
695,Tchatchoua,DEF,7,4,0.0,0.0,4.42,17.52,18.98,4.75,6.11,0.0,0.01,1.1,0.0,-0.01,1.27,53.0,45.0,108.8,1541.4,True,6
695,Tchatchoua,DEF,8,1,0.0,0.0,5.32,17.9,14.43,3.55,7.1,0.0,0.01,1.12,0.0,-0.01,0.91,59.17,45.0,93.17,1630.67,False,17
695,Tchatchoua,DEF,9,1,0.0,0.0,3.74,17.88,15.07,4.03,6.9,0.07,0.01,1.08,-0.07,-0.01,1.51,52.17,45.0,101.67,1972.83,True,3
695,Tchatchoua,DEF,11,3,0.0,0.0,3.94,22.48,20.67,3.03,7.88,0.08,0.02,1.0,-0.08,-0.02,1.73,49.5,45.0,6.83,2346.33,False,7
695,Tchatchoua,DEF,12,1,0.0,0.0,1.21,23.33,11.64,1.21,9.09,0.08,0.02,1.85,-0.08,-0.02,0.87,49.5,45.0,-30.83,2469.67,True,8
695,Tchatchoua,DEF,13,2,0.0,0.0,0.53,19.05,11.47,2.11,7.63,0.07,0.03,1.89,-0.07,-0.03,0.74,57.0,45.0,-20.0,2612.67,False,2
695,Tchatchoua,DEF,14,2,0.0,0.0,2.11,18.42,18.95,3.16,6.05,0.07,0.06,1.86,-0.07,-0.06,0.78,57.0,45.0,-24.67,2749.0,True,16
695,Tchatchoua,DEF,15,1,0.0,0.0,4.18,18.35,16.33,1.76,5.94,0.0,0.14,1.71,0.0,-0.14,0.49,68.17,45.0,57.17,2942.83,True,14
695,Tchatchoua,DEF,16,0,0.0,0.0,4.74,17.77,14.71,1.8,6.09,0.0,0.14,1.67,0.0,-0.14,0.36,66.5,45.0,-21.83,3043.67,False,1
695,Tchatchoua,DEF,17,1,0.0,0.0,5.04,15.94,16.8,1.92,5.28,0.0,0.15,1.59,0.0,-0.15,0.57,62.5,45.0,-18.0,3145.33,True,5
695,Tchatchoua,DEF,18,1,0.0,0.0,8.5,14.03,21.74,2.52,4.41,0.0,0.2,1.05,0.0,-0.2,0.84,47.67,45.0,-12.33,3249.67,False,12
695,Tchatchoua,DEF,22,6,0.28,0.56,8.44,8.38,15.13,1.69,3.38,0.0,0.07,0.74,0.0,-0.07,0.39,53.33,44.5,-14.0,3440.67,True,15
695,Tchatchoua,DEF,23,0,0.46,0.46,14.11,10.6,11.68,1.85,4.4,0.0,0.06,0.75,0.0,-0.06,-0.29,64.83,44.33,-42.17,3476.17,False,13
695,Tchatchoua,DEF,26,0,0.42,0.42,10.81,9.73,12.62,2.08,3.95,0.0,0.05,0.82,0.0,-0.05,0.01,72.17,44.17,7.33,3556.83,False,16
695,Tchatchoua,DEF,26,1,0.41,0.62,9.93,8.73,9.5,2.07,3.93,0.0,0.04,0.96,0.0,-0.04,-0.13,72.5,44.0,21.0,3647.67,True,1
695,Tchatchoua,DEF,27,2,0.43,0.43,9.57,9.13,6.98,2.17,4.35,0.0,0.01,1.18,0.0,-0.01,-0.1,69.0,44.0,23.83,3733.0,False,8
695,Tchatchoua,DEF,28,6,0.22,0.22,9.13,11.57,10.07,2.17,4.57,0.0,0.03,1.57,0.0,-0.03,-0.26,69.0,44.0,-29.33,3754.33,True,2
695,Tchatchoua,DEF,29,5,0.43,0.22,12.61,14.26,11.24,1.74,5.43,0.0,0.03,1.6,0.0,-0.03,-0.51,69.0,44.0,-45.0,3756.67,True,12
695,Tchatchoua,DEF,30,1,0.22,0.22,11.3,17.74,14.24,1.74,5.22,0.0,0.03,1.79,0.0,0.18,-0.48,69.0,44.0,5.0,3801.0,False,5
695,Tchatchoua,DEF,32,0,0.2,0.2,12.16,17.96,18.33,5.29,5.1,0.01,0.1,1.98,-0.01,0.09,-0.81,76.5,44.0,27.83,3871.5,False,19
695,Tchatchoua,DEF,33,0,0.17,0.0,10.23,17.31,20.93,5.72,4.86,0.01,0.11,1.98,-0.01,0.07,-0.24,86.5,44.0,54.67,3956.33,False,11
695,Tchatchoua,DEF,34,1,0.18,0.0,10.36,16.55,19.38,5.64,4.55,0.01,0.11,2.1,-0.01,0.07,-0.28,82.5,44.0,77.33,4064.5,True,18
706,Justin,DEF,22,9,0.32,0.0,8.56,16.8,1.96,6.02,9.19,0.04,0.0,2.34,-0.04,-0.0,-0.43,47.33,39.0,208.33,29811.5,True,10
706,Justin,DEF,23,9,0.49,0.0,14.07,17.08,8.64,10.19,8.49,0.07,0.04,1.86,-0.07,-0.04,-0.41,61.83,39.0,400.0,30427.83,False,9
706,Justin,DEF,24,0,0.39,0.0,15.65,22.07,9.27,15.85,8.02,0.14,0.04,1.6,0.05,-0.04,-0.23,76.67,39.0,1135.33,31774.17,True,1
706,Justin,DEF,25,7,0.36,0.0,14.18,21.02,8.93,15.09,7.82,0.13,0.03,1.3,0.05,-0.03,0.15,82.5,39.0,5302.5,37459.33,True,16
706,Justin,DEF,26,0,0.18,0.0,16.18,23.89,18.45,19.27,7.27,0.16,0.14,1.19,0.02,0.04,0.45,82.5,39.0,7348.17,45277.5,False,7
706,Justin,DEF,27,2,0.18,0.18,15.09,25.05,18.38,17.82,7.09,0.16,0.14,1.47,0.02,0.04,0.35,82.5,39.0,15022.33,61996.5,False,2
706,Justin,DEF,28,2,0.18,0.18,18.73,25.6,18.11,16.18,7.27,0.14,0.14,1.29,0.04,0.04,-0.02,82.5,39.0,16064.5,78525.83,True,13
706,Justin,DEF,29,2,0.0,0.18,14.11,26.73,12.9,14.11,7.52,0.12,0.11,1.59,0.07,0.07,-0.13,81.83,39.0,15508.5,94396.83,True,17
706,Justin,DEF,30,6,0.0,0.19,12.15,22.41,11.56,7.22,7.97,0.03,0.12,1.7,-0.03,0.07,-0.18,79.0,39.0,14520.5,109193.83,False,8
706,Justin,DEF,31,6,0.17,0.17,15.09,21.02,11.06,7.11,7.8,0.03,0.12,1.64,-0.03,0.05,-0.6,86.5,39.0,10008.33,119403.17,True,5
706,Justin,DEF,32,1,0.35,0.17,14.05,17.38,7.89,6.07,8.32,0.02,0.03,1.49,-0.02,-0.03,-0.62,86.5,39.0,8333.33,127304.0,False,14
706,Justin,DEF,33,16,0.35,0.17,16.47,17.55,8.64,6.42,8.32,0.03,0.04,1.17,-0.03,-0.04,-0.48,86.5,39.0,6601.0,132855.0,True,20
706,Justin,DEF,33,3,0.52,0.35,21.85,26.08,9.02,13.35,9.88,0.12,0.05,1.02,0.05,-0.05,-0.5,86.5,39.0,8142.33,142432.17,False,4
706,Justin,DEF,35,2,0.52,0.34,21.17,25.64,9.29,11.36,10.15,0.12,0.05,0.92,0.05,-0.05,-0.23,87.17,39.0,11219.67,152380.33,True,3
706,Justin,DEF,36,4,0.5,0.33,20.5,24.53,8.92,13.17,9.5,0.12,0.05,0.84,0.05,-0.05,-0.17,90.0,39.0,27842.17,178055.17,False,18
706,Justin,DEF,37,6,0.33,0.33,19.83,27.93,10.08,13.0,10.5,0.12,0.04,0.94,0.05,-0.04,-0.11,90.0,39.17,27178.0,202584.5,True,6
706,Justin,DEF,38,1,0.33,0.33,19.0,26.8,4.33,11.5,10.0,0.12,0.03,1.37,0.05,-0.03,-0.54,90.0,39.33,30055.0,230882.67,False,19
709,Krejčí,DEF,7,2,0.0,0.33,9.67,25.67,13.43,11.33,5.33,0.25,0.07,0.97,0.09,-0.07,0.7,90.0,45.0,682.33,2095.67,True,6
709,Krejčí,DEF,8,-1,0.0,0.25,11.0,24.5,10.38,13.25,6.0,0.19,0.06,1.01,0.06,-0.06,0.49,90.0,45.0,848.5,2816.5,False,17
709,Krejčí,DEF,9,4,0.0,0.2,10.2,24.96,11.94,15.6,6.6,0.15,0.06,0.94,0.05,-0.06,0.66,90.0,45.0,1030.8,3680.8,True,3
709,Krejčí,DEF,10,1,0.0,0.17,10.5,27.57,12.25,15.17,6.83,0.14,0.16,1.02,0.03,0.0,0.81,90.0,45.0,894.33,4321.17,False,10
709,Krejčí,DEF,11,1,0.0,0.0,9.33,29.83,9.93,18.33,7.33,0.15,0.14,0.99,0.01,0.03,1.17,90.0,45.0,915.17,5506.33,False,7
709,Krejčí,DEF,12,1,0.0,0.0,8.0,25.07,7.67,15.83,7.5,0.04,0.14,1.47,-0.04,0.03,0.7,90.0,45.0,597.83,6341.5,True,8
709,Krejčí,DEF,15,1,0.0,0.0,6.7,25.59,6.05,14.08,8.42,0.14,0.14,1.56,-0.14,0.03,0.84,87.33,45.0,345.67,6922.5,True,14
709,Krejčí,DEF,16,2,0.0,0.17,2.75,24.15,8.12,12.71,8.93,0.15,0.14,2.07,-0.15,0.03,0.85,87.33,45.0,18.67,7006.5,False,1
709,Krejčí,DEF,17,1,0.0,0.18,1.93,20.46,5.33,8.6,7.89,0.15,0.13,2.17,-0.15,0.05,0.64,85.5,45.0,-367.33,6651.33,True,5
709,Krejčí,DEF,18,1,0.0,0.18,1.4,15.37,3.11,6.67,8.07,0.14,0.01,2.15,-0.14,-0.01,0.49,85.5,45.0,-420.83,6245.67,False,12
709,Krejčí,DEF,19,8,0.0,0.18,2.46,14.18,4.89,3.33,7.72,0.12,0.02,2.17,-0.12,-0.02,0.28,85.5,45.0,-527.67,5704.33,False,14
709,Krejčí,DEF,20,6,0.0,0.18,5.79,19.12,5.28,10.0,6.67,0.18,0.02,1.74,-0.01,-0.02,0.37,85.5,45.0,-312.0,5385.17,True,19
709,Krejčí,DEF,21,2,0.17,0.17,10.21,18.17,5.12,11.91,6.47,0.07,0.02,1.53,0.1,-0.02,0.17,88.17,45.0,293.67,5704.67,False,9
709,Krejčí,DEF,22,6,0.18,0.0,13.34,19.6,3.97,11.92,5.51,0.06,0.04,1.01,0.11,-0.04,0.23,84.33,45.0,563.83,6404.17,True,15
709,Krejčí,DEF,23,1,0.35,0.0,16.19,21.17,3.83,12.01,6.27,0.06,0.04,0.98,0.11,-0.04,0.06,86.17,45.0,391.33,6913.83,False,13
709,Krejčí,DEF,25,1,0.35,0.0,16.02,21.97,3.69,12.01,5.92,0.06,0.04,0.91,0.11,-0.04,0.13,86.17,45.0,485.17,7527.67,True,7
709,Krejčí,DEF,26,8,0.38,0.0,16.52,21.11,1.78,13.1,5.7,0.07,0.03,0.82,0.12,-0.03,-0.06,79.0,45.0,344.83,7973.5,False,16
709,Krejčí,DEF,26,1,0.57,0.0,17.66,16.44,1.42,5.89,7.59,0.0,0.02,1.14,-0.0,-0.02,-0.58,79.0,45.0,718.67,9106.0,True,1
709,Krejčí,DEF,27,-1,0.38,0.0,12.72,16.22,1.59,3.8,7.78,0.0,0.04,1.45,0.0,-0.04,-0.5,79.0,45.0,528.5,9616.33,False,8
709,Krejčí,DEF,29,4,0.39,0.0,10.99,15.8,0.75,2.31,8.87,0.0,0.02,1.49,0.0,-0.02,-0.53,77.83,45.0,346.5,9664.17,True,12
709,Krejčí,DEF,30,0,0.19,0.0,8.87,16.27,0.56,1.93,9.44,0.0,0.02,1.66,0.0,-0.02,-0.5,77.83,45.0,583.0,9717.83,False,5
709,Krejčí,DEF,32,0,0.19,0.19,6.55,13.95,0.56,4.05,8.87,0.01,0.02,1.99,-0.01,-0.02,-0.83,77.83,45.0,558.5,9729.67,False,19
709,Krejčí,DEF,33,1,0.18,0.18,5.65,17.58,2.72,4.41,9.35,0.01,0.02,2.12,-0.01,-0.02,-0.36,85.0,45.0,802.17,9942.0,False,11
709,Krejčí,DEF,37,2,0.0,0.18,2.55,17.93,3.61,12.21,8.38,0.04,0.03,2.07,-0.04,-0.03,0.11,82.33,45.0,509.83,9531.0,True,10
709,Krejčí,DEF,38,6,0.0,0.18,3.83,19.68,4.17,11.48,8.38,0.04,0.03,2.02,-0.04,-0.03,-0.02,82.33,45.0,119.83,8827.17,False,3
713,A.Jimenez,DEF,10,1,0.29,0.86,9.78,11.73,9.55,4.31,4.89,0.01,0.03,1.52,-0.01,-0.03,-0.08,52.17,45.0,176.0,1735.0,False,13
713,A.Jimenez,DEF,11,-1,0.24,0.49,11.64,13.05,8.39,3.64,4.85,0.01,0.03,1.75,-0.01,-0.03,0.19,61.83,45.0,127.33,2095.83,False,2
713,A.Jimenez,DEF,12,1,0.25,0.5,9.72,14.81,8.25,3.24,5.24,0.01,0.03,1.97,-0.01,-0.03,0.52,60.17,45.0,137.33,2468.5,True,19
713,A.Jimenez,DEF,14,4,0.27,0.27,11.05,12.72,7.33,3.5,4.31,0.01,0.04,1.72,-0.01,-0.04,0.43,55.67,45.0,108.5,2812.17,True,9
713,A.Jimenez,DEF,15,6,0.23,0.23,12.53,15.13,7.43,5.01,5.92,0.03,0.04,1.63,-0.03,-0.04,0.19,65.83,45.0,81.67,3122.5,True,7
713,A.Jimenez,DEF,16,3,0.46,0.23,15.53,12.88,6.56,6.62,5.03,0.04,0.03,1.27,-0.04,-0.03,0.1,65.67,45.0,87.83,3402.17,False,14
713,A.Jimenez,DEF,17,2,0.23,0.23,11.42,13.52,7.61,7.54,4.8,0.04,0.08,1.94,-0.04,0.15,0.34,65.67,45.0,143.17,3743.83,True,3
713,A.Jimenez,DEF,18,3,0.21,0.21,10.0,11.79,11.53,8.72,4.04,0.04,0.09,1.48,-0.04,0.12,0.22,70.5,45.0,1156.33,5411.0,False,5
713,A.Jimenez,DEF,19,3,0.19,0.0,10.54,11.26,10.36,8.85,3.58,0.04,0.09,1.84,-0.04,0.29,0.04,79.67,45.0,1011.5,6555.83,False,7
713,A.Jimenez,DEF,20,1,0.17,0.0,10.67,14.21,8.35,8.43,5.51,0.06,0.07,2.06,-0.06,0.27,0.0,87.17,45.0,839.67,7497.0,True,1
713,A.Jimenez,DEF,21,0,0.17,0.0,8.09,12.6,7.49,6.71,4.65,0.05,0.07,2.01,-0.05,0.28,0.4,87.17,45.0,792.0,8420.5,True,18
713,A.Jimenez,DEF,22,2,0.0,0.17,4.7,13.37,7.54,5.04,5.21,0.04,0.06,2.01,-0.04,0.27,0.68,89.33,45.0,845.83,9406.5,False,6
713,A.Jimenez,DEF,23,7,0.0,0.17,5.54,13.84,8.7,6.04,5.88,0.04,0.05,1.63,-0.04,0.12,0.55,89.33,45.0,627.83,10154.67,True,12
713,A.Jimenez,DEF,24,5,0.0,0.17,6.11,21.29,5.18,13.58,6.79,0.11,0.03,1.72,0.06,0.14,0.66,88.33,45.0,-437.0,9501.33,False,20
713,A.Jimenez,DEF,25,1,0.17,0.34,9.43,20.67,5.28,14.4,6.51,0.11,0.03,1.3,0.07,-0.03,0.41,87.5,45.0,2357.67,12211.5,True,2
713,A.Jimenez,DEF,26,1,0.17,0.52,9.35,19.42,8.39,13.85,5.37,0.09,0.04,0.99,0.09,-0.04,0.57,86.67,45.0,3101.17,15514.17,False,9
713,A.Jimenez,DEF,27,6,0.17,0.69,11.6,21.15,11.34,14.37,5.88,0.08,0.04,1.3,0.09,-0.04,-0.09,86.67,45.0,3086.5,18704.83,False,19
713,A.Jimenez,DEF,28,2,0.34,0.52,15.52,21.83,11.12,14.31,6.03,0.08,0.04,1.64,0.09,-0.04,-0.78,87.0,45.0,3059.67,21902.67,True,17
713,A.Jimenez,DEF,29,8,0.34,0.52,15.69,22.79,11.72,13.28,6.38,0.09,0.06,1.71,0.08,-0.06,-0.84,87.0,45.0,3501.5,25564.83,True,5
713,A.Jimenez,DEF,30,1,0.51,0.51,17.9,16.06,15.8,5.62,6.14,0.02,0.13,1.62,-0.02,-0.13,-1.11,88.0,45.0,3605.5,29331.67,False,3
713,A.Jimenez,DEF,31,0,0.38,0.38,17.73,18.38,20.36,3.05,6.67,0.02,0.14,1.61,-0.02,-0.14,-1.04,78.67,45.0,1950.17,31306.83,True,14
713,A.Jimenez,DEF,32,2,0.39,0.39,16.47,17.22,17.88,3.33,7.06,0.03,0.15,1.91,-0.03,-0.15,-1.13,76.5,45.0,897.83,31974.67,False,1
713,A.Jimenez,DEF,33,2,0.39,0.2,15.92,13.95,14.62,2.55,6.09,0.03,0.14,1.77,-0.03,-0.14,-0.98,76.33,45.0,521.17,32694.83,False,15
713,A.Jimenez,DEF,33,0,0.2,0.2,14.48,15.97,17.33,2.93,6.85,0.03,0.14,1.45,-0.03,-0.14,-0.47,76.67,45.0,1006.17,34070.33,True,11
713,A.Jimenez,DEF,35,6,0.2,0.39,12.52,15.3,12.52,3.72,6.65,0.01,0.1,1.33,-0.01,-0.1,-0.16,76.67,45.0,1234.17,35110.67,True,8
716,Savona,DEF,9,1,0.0,0.0,2.83,13.92,8.26,2.26,5.09,0.0,0.03,2.51,0.0,-0.03,0.32,53.0,45.0,67.33,1172.0,False,4
716,Savona,DEF,10,7,0.0,0.0,3.61,14.02,5.82,1.45,5.78,0.0,0.02,1.81,0.0,-0.02,0.72,62.25,45.0,40.5,1298.25,True,14
716,Savona,DEF,11,2,0.0,0.0,7.43,22.35,4.88,10.88,6.11,0.21,0.02,1.63,0.06,-0.02,0.76,67.8,45.0,32.0,1407.4,True,11
716,Savona,DEF,12,12,0.0,0.0,8.39,21.82,9.29,9.02,6.29,0.16,0.03,1.43,0.05,-0.03,0.67,71.5,45.0,419.33,2058.0,False,12
716,Savona,DEF,13,1,0.19,0.0,14.29,26.81,7.24,10.82,6.18,0.24,0.03,1.52,0.15,-0.03,0.02,77.67,45.0,273.0,2648.33,True,6
716,Savona,DEF,14,6,0.19,0.0,14.87,26.42,7.24,15.45,6.18,0.24,0.02,1.18,0.14,-0.02,0.36,77.67,45.0,2608.5,6716.17,False,20
716,Savona,DEF,15,-1,0.33,0.0,16.5,23.13,7.02,14.0,5.5,0.21,0.02,1.13,0.12,-0.02,0.04,90.0,45.0,4487.67,11849.67,False,9
716,Savona,DEF,16,5,0.36,0.18,16.18,24.58,10.24,15.27,5.64,0.23,0.03,1.21,0.13,-0.03,0.06,82.5,45.0,4653.17,16797.5,True,18
716,Savona,DEF,17,2,0.55,0.36,17.82,18.29,15.16,8.55,4.55,0.09,0.06,1.07,0.09,-0.06,-0.16,82.5,45.0,3167.0,20177.0,False,10
716,Savona,DEF,18,1,0.56,0.37,16.7,17.74,11.02,8.35,4.27,0.09,0.05,1.18,0.1,-0.05,-0.25,80.83,45.0,3019.33,23398.17,True,13
716,Savona,DEF,20,1,0.37,0.37,10.02,12.32,13.81,6.31,3.71,0.02,0.06,1.09,-0.02,-0.06,0.21,80.83,45.0,2836.17,26340.0,False,2
719,Lindelöf,DEF,19,0,0.0,0.0,14.37,20.62,4.03,0.62,6.25,0.0,0.01,1.47,0.0,0.31,-0.22,48.0,45.0,331.33,5456.83,False,1
719,Lindelöf,DEF,20,2,0.0,0.0,9.97,20.24,3.36,0.49,5.84,0.0,0.01,1.85,0.0,0.24,0.09,61.67,45.0,502.67,6545.83,True,16
719,Lindelöf,DEF,21,6,0.0,0.0,9.71,19.67,3.07,0.79,5.75,0.0,0.01,1.68,0.0,0.19,0.1,75.67,45.0,833.67,7957.33,False,8
719,Lindelöf,DEF,23,1,0.17,0.0,12.5,19.57,4.32,1.33,5.5,0.0,0.01,1.66,-0.0,0.16,-0.16,90.0,45.0,918.83,9088.5,False,15
719,Lindelöf,DEF,26,1,0.2,0.0,12.97,17.92,2.85,1.6,6.19,0.01,0.01,1.8,-0.01,-0.01,-0.41,75.17,45.0,826.17,10431.83,True,6
719,Lindelöf,DEF,32,2,0.25,0.0,13.73,18.64,3.58,1.47,5.89,0.01,0.01,1.89,-0.01,-0.01,-0.42,61.17,45.0,607.33,11516.0,False,16
719,Lindelöf,DEF,35,1,0.25,0.0,12.26,15.6,3.85,4.9,4.41,0.07,0.01,1.65,-0.07,-0.01,-0.17,61.17,45.0,460.83,12339.33,True,18
719,Lindelöf,DEF,36,1,0.25,0.0,14.96,17.12,4.05,4.9,5.4,0.07,0.01,1.14,-0.07,-0.01,-0.16,61.17,45.0,268.83,12964.33,False,3
719,Lindelöf,DEF,37,1,0.26,0.0,13.37,13.94,4.37,4.63,4.37,0.07,0.01,1.39,-0.07,-0.01,-0.1,58.33,45.0,-88.67,13189.5,True,12
719,Lindelöf,DEF,38,2,0.0,0.0,7.67,10.86,2.71,4.13,4.43,0.07,0.02,1.21,-0.07,-0.02,0.27,50.83,45.0,-168.17,13358.5,False,13
721,Milosavljević,DEF,11,2,0.49,0.0,20.43,18.1,5.74,2.92,7.3,0.0,0.09,0.59,0.0,-0.09,-0.1,61.67,45.0,-122.0,2584.33,False,2
721,Milosavljević,DEF,14,4,0.33,0.0,15.71,23.63,3.96,1.96,9.49,0.0,0.06,0.95,0.0,-0.06,0.68,68.75,45.0,-112.25,2959.75,True,9
721,Milosavljević,DEF,21,1,0.25,0.0,14.05,24.26,3.43,2.47,9.62,0.04,0.05,1.07,-0.04,-0.05,0.41,73.0,45.0,-89.0,3329.8,True,18
721,Milosavljević,DEF,22,1,0.25,0.0,14.75,24.2,3.42,2.46,9.59,0.04,0.05,1.08,-0.04,-0.05,0.4,61.0,44.83,-99.67,3279.0,False,6
723,Canvot,DEF,28,3,0.53,0.53,14.47,21.21,2.45,2.89,10.53,0.15,0.02,2.27,-0.15,-0.02,-0.69,57.0,45.0,-63.83,2959.33,False,14
723,Canvot,DEF,29,2,0.43,0.43,12.67,23.63,2.11,2.79,11.6,0.12,0.02,2.26,-0.12,-0.02,-0.54,69.83,45.0,-65.67,3169.67,False,18
723,Canvot,DEF,30,11,0.38,0.38,13.05,21.63,4.29,3.78,10.4,0.14,0.02,2.07,-0.14,-0.02,-0.55,79.33,45.0,-51.33,3390.5,True,11
723,Canvot,DEF,32,4,0.54,0.36,18.43,25.23,6.05,3.22,10.91,0.13,0.02,1.84,-0.13,-0.02,-0.77,83.83,45.0,14.17,3682.33,True,15
723,Canvot,DEF,33,10,0.36,0.36,14.31,25.62,6.62,4.47,10.91,0.2,0.03,1.73,-0.2,-0.03,-0.48,83.83,45.0,2287.33,6595.83,True,19
723,Canvot,DEF,34,3,0.51,0.17,20.59,29.64,6.36,4.42,12.08,0.19,0.03,1.38,-0.19,-0.03,-0.7,88.17,45.0,2372.0,9182.33,False,12
723,Canvot,DEF,35,0,0.34,0.0,17.86,30.66,6.06,2.89,12.76,0.1,0.02,1.3,-0.1,-0.02,-0.11,88.17,45.0,3371.17,13421.33,False,4
723,Canvot,DEF,36,1,0.34,0.17,15.99,28.0,6.04,2.55,11.4,0.1,0.02,1.3,-0.1,-0.02,0.06,88.17,45.0,8170.33,21898.83,True,9
723,Canvot,DEF,36,3,0.34,0.17,15.14,27.83,6.41,4.76,11.57,0.12,0.02,1.3,-0.12,-0.02,0.23,88.17,45.0,12348.0,34731.17,False,13
723,Canvot,DEF,37,3,0.17,0.17,9.67,22.23,4.18,4.67,10.17,0.12,0.02,1.35,-0.12,-0.02,0.65,90.0,45.0,16480.0,47491.17,False,5
724,Geertruida,DEF,12,2,0.0,0.0,13.42,18.67,5.14,6.15,6.43,0.09,0.08,1.46,-0.09,-0.08,-0.35,53.67,45.0,88.17,2290.0,False,10
724,Geertruida,DEF,13,1,0.0,0.0,12.52,17.43,4.44,1.18,6.85,0.01,0.06,1.46,-0.01,-0.06,-0.28,63.5,45.0,122.83,2629.67,True,4
724,Geertruida,DEF,14,1,0.0,0.0,11.79,17.04,4.52,1.2,6.74,0.01,0.06,1.4,-0.01,-0.06,-0.19,62.33,45.0,110.0,2949.17,False,12
724,Geertruida,DEF,15,1,0.0,0.0,10.43,16.93,4.54,1.7,6.79,0.01,0.06,1.43,-0.01,-0.06,0.03,61.83,45.0,75.0,3184.33,False,13
724,Geertruida,DEF,17,6,0.0,0.0,11.16,17.37,6.31,1.21,7.28,0.01,0.02,1.8,-0.01,-0.02,0.15,61.83,45.0,78.67,3421.0,False,6
724,Geertruida,DEF,18,2,0.24,0.0,12.37,14.7,8.93,0.97,6.31,0.0,0.02,1.86,0.0,-0.02,-0.16,61.83,45.0,45.17,3632.33,True,11
724,Geertruida,DEF,19,6,0.24,0.0,13.2,13.97,6.77,0.96,6.0,0.0,0.02,2.03,0.0,-0.02,-0.59,62.5,45.0,124.67,3961.83,True,13
724,Geertruida,DEF,20,2,0.48,0.0,16.32,14.06,6.74,1.44,5.76,0.0,0.02,2.05,0.0,-0.02,-0.85,62.5,45.0,65.5,4153.67,False,18
724,Geertruida,DEF,21,1,0.39,0.0,15.42,13.47,8.26,1.17,5.66,0.0,0.02,1.89,0.0,-0.02,-0.72,76.83,45.0,145.67,4436.5,False,5
724,Geertruida,DEF,24,1,0.34,0.0,13.47,11.59,7.5,1.36,5.11,0.01,0.02,2.04,-0.01,-0.02,-0.67,88.0,45.0,224.5,4801.0,True,3
724,Geertruida,DEF,25,1,0.4,0.0,14.46,10.73,8.82,2.01,4.62,0.01,0.04,1.91,-0.01,-0.04,-0.91,74.67,45.0,186.33,5167.0,False,1
724,Geertruida,DEF,26,1,0.24,0.0,11.94,10.55,7.66,2.39,4.77,0.01,0.04,2.17,-0.01,-0.04,-0.74,62.83,45.0,169.0,5472.33,True,12
724,Geertruida,DEF,27,1,0.3,0.0,14.24,11.64,13.3,3.03,4.85,0.01,0.07,2.15,-0.01,-0.07,-0.63,49.5,45.0,60.5,5621.33,True,10
724,Geertruida,DEF,28,4,0.0,0.0,9.79,13.14,17.31,4.42,5.68,0.03,0.09,2.12,-0.03,-0.09,0.41,47.5,45.0,67.67,5822.33,False,4
724,Geertruida,DEF,29,1,0.0,0.0,7.26,16.23,13.55,5.05,7.89,0.03,0.09,2.29,-0.03,-0.09,0.24,47.5,45.0,-12.0,5922.33,False,11
724,Geertruida,DEF,31,3,0.0,0.0,8.45,15.36,9.37,7.13,7.13,0.03,0.05,1.73,-0.03,-0.05,-0.14,56.83,45.0,45.5,6165.17,False,15
724,Geertruida,DEF,36,6,0.0,0.22,8.96,16.86,8.74,6.77,8.08,0.03,0.05,1.55,-0.03,-0.05,-0.24,68.67,45.0,47.83,6307.67,True,14
724,Geertruida,DEF,37,2,0.18,0.18,10.61,15.37,7.37,11.89,7.13,0.07,0.04,1.39,-0.07,-0.04,-0.29,82.0,45.0,49.17,6464.83,False,9
724,Geertruida,DEF,38,1,0.18,0.18,11.96,15.11,5.71,10.36,6.79,0.06,0.02,1.2,-0.06,-0.02,-0.49,84.0,45.0,74.67,6640.67,True,7
725,Hincapie,DEF,14,8,0.0,0.44,11.53,11.62,1.55,0.89,5.32,0.0,0.2,0.56,0.0,-0.2,0.32,50.75,54.0,1505.5,5873.25,True,5
725,Hincapie,DEF,15,3,0.31,0.31,17.2,14.93,1.6,0.61,6.76,0.0,0.14,0.5,0.0,-0.14,0.12,58.6,54.0,2480.6,8398.8,False,2
725,Hincapie,DEF,16,4,0.23,0.23,15.74,19.22,1.43,0.47,8.22,0.0,0.11,0.89,0.0,-0.11,0.05,63.83,54.0,3919.17,11938.67,True,20
725,Hincapie,DEF,17,10,0.19,0.19,14.9,21.79,3.85,1.16,9.1,0.0,0.09,0.8,0.0,-0.09,0.16,77.5,54.17,59103.17,81095.5,False,9
725,Hincapie,DEF,18,1,0.34,0.17,17.6,24.2,3.54,1.68,10.22,0.0,0.08,0.66,0.0,-0.08,0.18,89.5,54.33,60445.67,142954.5,True,6
725,Hincapie,DEF,19,2,0.33,0.33,17.5,24.13,3.87,1.67,10.17,0.0,0.08,0.79,0.0,-0.08,0.04,90.0,54.5,53917.33,193616.0,True,2
725,Hincapie,DEF,20,1,0.33,0.17,18.5,24.73,6.23,2.0,10.17,0.0,0.04,1.1,0.0,-0.04,-0.27,90.0,54.67,45738.83,236231.5,False,4
725,Hincapie,DEF,21,1,0.17,0.17,14.33,22.8,8.55,2.67,9.17,0.0,0.05,1.28,0.0,-0.05,-0.12,90.0,54.67,36912.17,273354.83,True,12
725,Hincapie,DEF,23,0,0.18,0.18,14.23,19.0,9.28,3.2,8.0,0.0,0.05,1.01,0.0,-0.05,-0.12,84.33,54.5,27065.0,300593.0,True,14
725,Hincapie,DEF,24,6,0.19,0.19,12.18,15.95,7.67,2.66,7.23,0.0,0.05,1.09,0.0,-0.05,0.05,78.83,54.0,-34004.67,246252.33,False,11
725,Hincapie,DEF,25,1,0.2,0.2,10.63,12.68,8.05,2.76,5.91,0.0,0.05,1.11,0.0,-0.05,0.07,76.17,53.33,-37254.83,197383.17,True,17
725,Hincapie,DEF,26,7,0.23,0.0,10.85,12.14,9.21,2.77,5.54,0.0,0.06,1.11,0.0,-0.06,0.04,65.0,52.67,-30264.67,160148.5,False,5
725,Hincapie,DEF,26,8,0.24,0.0,13.97,16.67,9.92,3.79,5.92,0.0,0.06,0.79,0.0,0.18,0.4,63.33,52.0,-24244.5,128508.17,False,20
725,Hincapie,DEF,27,4,0.24,0.0,19.66,28.56,15.32,7.82,7.11,0.07,0.08,0.52,0.16,0.15,0.67,63.33,51.5,-18169.83,100940.17,False,18
725,Hincapie,DEF,28,0,0.22,0.0,20.65,30.96,21.37,7.17,8.26,0.07,0.13,0.61,0.15,0.08,0.69,69.0,51.17,-8810.33,83212.33,True,7
725,Hincapie,DEF,29,9,0.2,0.0,18.93,27.42,19.39,6.64,7.65,0.07,0.12,0.69,0.13,0.08,0.32,74.5,51.0,-1726.17,83586.17,False,6
725,Hincapie,DEF,30,4,0.19,0.0,19.05,29.04,18.45,5.64,9.33,0.06,0.11,0.8,0.13,0.08,0.17,77.17,51.0,1147.5,86773.0,True,9
725,Hincapie,DEF,33,1,0.2,0.0,22.3,34.3,20.51,6.51,9.87,0.07,0.12,0.82,0.13,0.27,0.17,76.0,51.0,3128.17,91984.83,False,13
725,Hincapie,DEF,34,9,0.19,0.0,17.96,30.9,16.69,5.6,10.04,0.06,0.09,0.84,0.13,0.1,0.32,77.67,51.0,3429.17,93605.83,True,15
725,Hincapie,DEF,37,1,0.39,0.0,17.77,24.88,11.55,1.93,11.2,0.0,0.11,0.98,-0.0,0.08,-0.2,77.67,51.0,7324.17,100163.83,True,3
725,Hincapie,DEF,38,2,0.46,0.0,18.27,24.21,5.64,2.74,10.96,0.0,0.07,0.98,0.0,0.16,-0.29,65.67,51.0,4787.5,104932.83,False,8
814,Netz,DEF,37,1,0.0,0.0,12.59,18.96,10.3,2.96,8.15,0.0,0.15,1.47,0.0,-0.15,-0.73,48.6,45.0,42.6,611.8,False,14
814,Netz,DEF,38,1,0.0,0.0,8.01,16.51,8.23,2.76,6.9,0.0,0.11,2.13,0.0,-0.11,-0.75,54.33,45.0,56.0,689.33,True,4
815,Disasi,DEF,28,-2,0.67,0.0,19.33,13.93,3.77,17.0,5.67,0.23,0.0,0.85,-0.23,0.0,-0.52,90.0,45.0,3447.33,7543.33,False,12
815,Disasi,DEF,29,6,0.5,0.0,13.25,16.6,3.15,13.25,6.25,0.17,0.0,1.1,-0.17,-0.0,0.4,90.0,45.0,2753.75,8630.0,False,10
815,Disasi,DEF,30,2,0.6,0.0,15.2,15.8,2.58,10.6,6.2,0.14,0.0,1.06,-0.14,-0.0,0.14,90.0,45.0,2043.8,9126.6,True,13
815,Disasi,DEF,31,1,0.5,0.0,13.83,13.97,2.18,8.83,5.5,0.12,0.0,1.22,-0.12,-0.0,-0.05,90.0,45.0,1780.67,9567.67,False,2
815,Disasi,DEF,32,6,0.33,0.0,9.67,14.27,2.3,11.83,5.67,0.18,0.0,1.28,-0.18,-0.0,0.22,90.0,45.0,1845.5,11799.83,True,20
815,Disasi,DEF,33,9,0.5,0.0,12.0,14.53,0.57,11.83,5.33,0.18,0.0,1.28,-0.18,-0.0,0.05,90.0,45.0,907.0,12625.33,False,8
815,Disasi,DEF,34,3,0.5,0.0,14.5,17.53,0.58,4.83,7.0,0.07,0.0,1.29,-0.07,-0.0,0.04,90.0,45.0,608.17,13271.17,True,9
815,Disasi,DEF,35,1,0.5,0.17,17.17,18.2,0.6,4.83,7.5,0.07,0.0,1.23,-0.07,0.0,-0.56,90.0,45.0,2682.0,18911.83,False,5
815,Disasi,DEF,36,2,0.33,0.17,13.5,17.93,0.68,5.17,7.17,0.07,0.0,1.46,-0.07,0.0,-0.29,90.0,45.0,2668.67,21696.17,True,1
815,Disasi,DEF,37,1,0.34,0.17,13.48,19.85,0.72,5.22,7.92,0.07,0.0,1.33,-0.07,0.0,-0.15,89.0,45.0,1922.17,23675.0,False,15
815,Disasi,DEF,38,6,0.34,0.17,13.31,19.15,0.89,0.67,7.92,0.0,0.0,1.34,0.0,-0.0,0.01,89.0,45.0,1692.33,25231.83,True,11
