element,name,pos,round,total_points,roll_clean_sheets_p90,roll_yellow_cards_p90,roll_bps_p90,roll_influence_p90,roll_creativity_p90,roll_threat_p90,roll_defensive_contribution_p90,roll_expected_goals_p90,roll_expected_assists_p90,roll_expected_goals_conceded_p90,roll_goal_overperf_p90,roll_assist_overperf_p90,roll_goal_conceded_overperf_p90,roll_minutes,roll_value,roll_transfers_balance,roll_selected,was_home,opponent_team
16,Saka,MID,6,2,0.48,0.0,19.73,27.91,38.07,16.84,5.78,0.14,0.16,0.98,0.34,-0.16,-0.98,62.33,99.33,-17362.0,1296392.67,False,15
16,Saka,MID,7,8,0.35,0.0,17.93,21.94,31.82,22.85,5.98,0.13,0.12,0.9,0.22,-0.12,-0.55,64.0,99.0,29533.75,1123109.0,True,19
16,Saka,MID,8,7,0.52,0.0,18.99,26.32,29.68,24.97,6.24,0.32,0.38,0.79,0.2,-0.38,-0.53,69.2,98.8,98166.2,1100850.6,False,10
16,Saka,MID,9,3,0.62,0.0,20.85,26.83,40.13,28.9,7.43,0.27,0.41,0.72,0.15,-0.41,-0.51,72.67,98.83,170614.67,1177286.67,True,8
16,Saka,MID,10,3,0.66,0.0,22.34,26.32,39.39,29.78,8.32,0.25,0.42,0.45,0.18,-0.42,-0.23,68.5,98.83,245345.5,1245686.0,False,3
16,Saka,MID,11,12,0.8,0.0,15.63,18.48,34.84,31.07,7.22,0.33,0.39,0.46,-0.13,-0.39,-0.26,74.83,99.0,263130.5,1297573.17,False,17
16,Saka,MID,12,4,0.73,0.0,20.22,24.81,32.47,35.34,8.2,0.38,0.35,0.44,-0.02,-0.35,0.11,82.33,99.5,272383.83,1584245.67,True,18
16,Saka,MID,13,5,0.7,0.0,20.45,26.07,33.92,32.33,9.44,0.37,0.35,0.34,-0.02,-0.35,0.19,85.83,100.0,262419.33,1862169.17,False,7
16,Saka,MID,14,6,0.52,0.0,20.27,23.14,32.7,31.63,8.91,0.26,0.26,0.39,-0.09,-0.08,0.31,85.83,100.5,194466.83,2039151.17,True,5
16,Saka,MID,15,4,0.4,0.0,21.81,28.07,21.53,33.9,8.33,0.4,0.19,0.37,-0.0,0.01,0.42,75.67,100.83,112115.17,2158429.0,False,2
16,Saka,MID,16,11,0.19,0.19,23.13,29.29,29.49,39.31,8.09,0.5,0.24,0.6,-0.11,0.15,0.36,77.83,101.0,40904.5,2203877.17,True,20
16,Saka,MID,17,3,0.0,0.19,32.57,31.07,36.27,34.3,8.09,0.39,0.31,0.59,-0.01,0.46,0.56,77.83,101.17,95747.67,2319288.33,False,9
16,Saka,MID,18,7,0.19,0.19,28.14,24.59,33.03,31.61,6.94,0.35,0.28,0.55,-0.15,0.49,0.23,77.83,101.5,118562.5,2447325.0,True,6
16,Saka,MID,19,6,0.19,0.19,30.84,28.21,37.85,42.01,5.78,0.45,0.32,0.7,-0.26,0.64,0.08,77.83,101.83,82890.0,2530556.5,True,2
16,Saka,MID,20,4,0.39,0.2,29.22,24.39,37.8,40.39,5.88,0.49,0.22,0.68,-0.3,0.76,-0.1,76.5,102.17,76609.17,2626240.17,False,4
16,Saka,MID,21,3,0.4,0.2,29.01,21.34,45.1,35.96,5.56,0.39,0.27,0.69,-0.39,0.93,0.1,75.5,102.5,77337.5,2710888.67,True,12
16,Saka,MID,22,1,0.6,0.0,26.68,19.83,36.74,32.46,4.38,0.3,0.21,0.49,-0.3,0.79,0.11,75.33,102.67,46625.67,2763329.0,False,16
16,Saka,MID,23,2,0.68,0.0,21.42,22.06,39.6,38.73,5.24,0.36,0.23,0.5,-0.36,0.45,-0.04,65.83,102.67,-53153.17,2700178.83,True,14
16,Saka,MID,26,1,0.46,0.0,21.87,22.65,45.43,38.96,5.7,0.31,0.31,0.61,-0.31,0.37,0.53,65.83,102.33,-108260.33,2593096.5,False,5
16,Saka,MID,26,12,0.55,0.0,18.83,17.56,40.82,27.14,4.98,0.2,0.3,0.71,-0.2,0.25,0.67,54.17,101.67,-138821.83,2298821.0,False,20
16,Saka,MID,27,5,0.29,0.0,27.14,32.86,44.37,36.0,9.14,0.26,0.34,0.58,0.03,-0.05,1.13,52.5,101.0,-174532.83,2024941.67,False,18
16,Saka,MID,28,2,0.24,0.0,22.15,26.43,35.48,48.53,9.19,0.34,0.25,0.61,-0.11,-0.02,0.8,63.67,100.17,-187101.33,1725863.0,True,7
16,Saka,MID,29,9,0.0,0.0,22.1,25.43,36.73,43.29,10.25,0.31,0.31,0.76,-0.08,-0.08,0.83,65.83,99.5,-161305.5,1455953.83,False,6
16,Saka,MID,30,3,0.2,0.0,21.9,25.25,22.6,39.03,9.16,0.26,0.2,0.81,0.13,0.0,0.58,75.33,98.83,-135149.83,1211509.67,True,9
16,Saka,MID,34,1,0.4,0.0,20.51,23.42,19.47,39.42,8.96,0.28,0.13,0.88,0.12,0.07,-0.08,75.33,98.33,-88551.33,1013148.83,True,15
16,Saka,MID,35,11,0.41,0.0,21.02,24.41,22.02,41.84,9.18,0.3,0.13,0.76,0.11,0.07,-0.15,73.5,98.17,-45866.17,996626.33,True,10
16,Saka,MID,36,2,0.43,0.0,24.35,26.78,29.63,40.65,6.74,0.26,0.3,0.79,0.17,0.13,-0.36,69.0,98.0,12897.5,992213.67,False,19
16,Saka,MID,37,10,0.67,0.22,20.55,24.88,33.12,23.67,5.81,0.15,0.34,0.88,0.3,-0.11,-0.66,67.17,98.17,95066.0,1070372.0,True,3
17,Ødegaard,MID,4,1,0.61,0.0,14.69,12.73,16.47,13.47,10.41,0.09,0.21,1.19,-0.09,-0.21,-0.58,49.0,79.67,-42474.0,336359.33,True,16
17,Ødegaard,MID,17,3,0.32,0.0,19.4,21.43,43.82,13.36,7.63,0.09,0.24,1.05,-0.09,0.08,-0.09,47.17,78.33,3773.67,198761.33,False,9
17,Ødegaard,MID,18,10,0.5,0.0,14.17,15.02,44.3,11.44,5.97,0.07,0.16,0.85,-0.07,-0.16,-0.1,60.33,78.17,8065.0,196999.67,True,6
17,Ødegaard,MID,19,5,0.43,0.0,19.15,23.74,48.09,12.77,6.6,0.09,0.11,0.83,0.12,-0.11,0.02,70.5,78.0,5385.83,191853.83,True,2
17,Ødegaard,MID,20,7,0.38,0.0,21.75,26.81,50.36,18.94,7.31,0.13,0.2,1.18,0.06,-0.02,-0.25,80.0,78.0,8856.33,203179.5,False,4
17,Ødegaard,MID,21,3,0.19,0.0,24.37,28.75,46.78,18.81,7.48,0.14,0.22,1.42,0.06,0.16,-0.07,78.17,78.0,19022.33,224435.83,True,12
17,Ødegaard,MID,22,1,0.39,0.0,23.29,25.3,43.88,14.8,6.12,0.11,0.21,1.09,0.08,0.19,-0.1,76.0,78.0,20606.5,246565.33,False,16
17,Ødegaard,MID,23,4,0.38,0.0,22.55,24.95,41.07,12.4,5.64,0.08,0.28,1.07,0.1,0.1,-0.32,79.83,78.0,16092.17,263653.83,True,14
17,Ødegaard,MID,24,4,0.2,0.0,23.45,24.21,33.55,13.23,6.61,0.11,0.27,1.19,0.09,0.33,0.02,74.83,78.0,14564.33,279734.67,False,11
17,Ødegaard,MID,26,1,0.23,0.0,22.27,20.04,29.99,12.06,6.03,0.09,0.35,1.18,-0.09,0.58,-0.02,64.67,78.0,11533.5,292590.83,False,5
17,Ødegaard,MID,27,4,0.26,0.0,18.37,14.33,22.96,5.51,5.25,0.04,0.25,0.92,-0.04,0.54,0.39,57.17,78.0,1847.33,289939.33,False,18
17,Ødegaard,MID,33,2,0.32,0.0,19.49,15.4,23.75,5.85,4.55,0.05,0.27,0.82,-0.05,0.71,0.16,46.17,78.0,-10815.5,275078.5,False,13
17,Ødegaard,MID,34,3,0.0,0.0,18.93,15.95,34.51,4.97,6.21,0.04,0.35,1.11,-0.04,0.58,0.44,48.33,78.0,-13398.17,256412.33,True,15
17,Ødegaard,MID,36,4,0.28,0.0,21.11,18.33,39.61,8.06,7.22,0.05,0.24,1.21,-0.05,0.59,0.18,54.0,78.0,-12362.5,239795.83,False,19
17,Ødegaard,MID,37,3,0.31,0.0,24.52,26.07,47.05,8.38,7.45,0.02,0.29,1.45,-0.02,0.64,-0.52,48.33,78.0,-10295.33,224466.0,True,3
18,Madueke,MID,4,3,0.5,0.0,8.45,3.58,19.49,24.86,2.49,0.07,0.07,0.69,-0.07,-0.07,-0.19,60.33,70.0,-7486.0,107654.67,True,16
18,Madueke,MID,5,1,0.69,0.0,14.25,10.36,38.22,26.41,4.17,0.05,0.3,0.52,-0.05,-0.3,-0.17,64.75,70.0,8223.0,126256.75,True,13
18,Madueke,MID,12,1,0.59,0.0,11.55,8.94,33.07,31.09,4.14,0.09,0.25,0.6,-0.09,-0.25,-0.01,60.8,70.0,11747.0,142211.4,True,18
18,Madueke,MID,13,1,0.57,0.0,12.25,9.28,31.93,30.47,4.56,0.08,0.25,0.59,-0.08,-0.25,-0.02,52.67,69.67,9522.0,130374.5,False,7
18,Madueke,MID,14,3,0.56,0.0,12.13,8.75,29.2,30.75,4.51,0.08,0.25,0.43,-0.08,-0.25,0.14,53.17,69.33,9966.67,124617.67,True,5
18,Madueke,MID,15,1,0.57,0.0,11.11,10.08,22.87,39.59,4.84,0.12,0.24,0.46,-0.12,-0.24,0.11,52.67,69.0,12943.33,119556.33,False,2
18,Madueke,MID,26,2,0.66,0.0,31.55,40.72,29.82,27.56,5.98,0.09,0.21,0.54,0.57,0.13,-0.21,45.17,68.0,17394.67,113505.67,False,20
18,Madueke,MID,27,1,0.56,0.0,26.19,34.33,23.04,30.37,5.29,0.12,0.16,0.47,0.44,0.11,0.09,53.83,68.0,25793.5,132026.5,False,18
18,Madueke,MID,32,1,0.86,0.0,28.47,33.99,21.59,33.07,5.18,0.12,0.13,0.66,0.45,0.16,-0.37,52.17,68.0,21164.83,153378.83,True,4
18,Madueke,MID,33,1,0.59,0.0,17.65,18.29,13.62,31.18,5.29,0.12,0.07,0.84,0.17,-0.07,-0.25,51.0,68.0,21326.0,158594.33,False,13
18,Madueke,MID,34,3,0.62,0.0,19.11,19.91,15.23,29.9,5.86,0.12,0.07,1.04,0.18,-0.07,-0.11,48.67,68.0,9696.83,151198.0,True,15
18,Madueke,MID,35,1,0.59,0.0,10.4,8.14,16.81,25.84,4.75,0.07,0.11,1.05,-0.07,-0.11,-0.16,50.5,68.0,1800.83,136488.0,True,10
18,Madueke,MID,36,1,0.63,0.0,10.77,8.05,20.5,18.7,5.7,0.03,0.18,1.19,-0.03,-0.18,-0.56,47.33,68.0,-6222.5,121567.83,False,19
18,Madueke,MID,38,11,0.61,0.0,10.44,8.42,20.03,18.12,6.14,0.03,0.18,1.19,-0.03,-0.18,-0.57,48.83,68.0,-3589.83,109853.83,False,8
19,Martinelli,MID,5,7,0.64,0.0,13.5,6.17,9.64,17.36,5.14,0.01,0.01,0.69,-0.01,-0.01,-0.69,46.67,69.33,-12934.33,130260.0,True,13
19,Martinelli,MID,33,1,0.0,0.0,10.0,11.35,17.74,21.61,7.42,0.24,0.07,0.73,-0.24,0.25,0.24,46.5,68.0,1171.33,125883.5,False,13
20,Trossard,MID,7,3,0.0,0.0,14.04,13.46,22.0,15.28,2.48,0.22,0.2,0.65,-0.22,0.21,0.18,54.5,69.25,-2568.5,32526.75,True,19
20,Trossard,MID,8,10,0.31,0.0,15.41,13.38,25.21,17.57,3.08,0.2,0.18,0.59,-0.2,0.13,0.02,58.4,69.2,-1668.2,33181.0,False,10
20,Trossard,MID,9,3,0.48,0.0,18.87,18.53,24.19,27.34,3.87,0.3,0.15,0.56,-0.06,0.09,-0.08,62.0,69.17,-1250.67,33913.0,True,8
20,Trossard,MID,10,6,0.64,0.0,16.52,16.09,18.25,30.07,4.87,0.32,0.14,0.59,-0.11,0.07,-0.17,70.83,69.0,1651.67,36394.0,False,3
20,Trossard,MID,11,9,0.71,0.0,15.89,15.89,18.7,27.68,4.64,0.32,0.1,0.55,-0.14,0.08,-0.19,84.0,69.0,4234.5,41754.67,False,17
20,Trossard,MID,12,12,0.7,0.0,19.02,20.57,21.26,26.24,4.76,0.3,0.14,0.46,0.05,0.04,0.07,85.17,69.0,7701.17,50674.5,True,18
20,Trossard,MID,15,6,0.72,0.0,25.51,31.01,23.26,29.82,5.75,0.29,0.13,0.38,0.25,0.22,0.16,83.5,69.0,12534.67,65057.0,False,2
20,Trossard,MID,16,1,0.58,0.0,28.72,38.31,19.58,39.31,5.78,0.37,0.13,0.43,0.4,0.26,0.15,77.83,69.0,8224.83,73669.5,True,20
20,Trossard,MID,17,3,0.43,0.0,27.86,37.54,26.06,33.0,6.21,0.29,0.17,0.41,0.35,0.26,0.45,70.0,69.0,9484.5,83627.67,False,9
20,Trossard,MID,18,2,0.44,0.0,29.05,37.94,27.26,28.39,6.6,0.29,0.17,0.36,0.37,0.27,0.52,68.17,69.0,9385.5,93590.0,True,6
20,Trossard,MID,19,13,0.22,0.0,27.0,33.79,31.82,31.95,7.2,0.35,0.2,0.48,0.32,0.02,0.65,66.67,69.0,10844.0,105867.83,True,2
20,Trossard,MID,20,1,0.22,0.0,28.8,39.83,36.81,36.67,7.2,0.48,0.19,0.98,0.19,0.26,-0.08,66.67,69.0,7089.67,113045.0,False,4
20,Trossard,MID,21,2,0.26,0.0,23.67,33.09,35.97,36.16,7.28,0.5,0.2,1.13,0.02,0.06,-0.09,57.67,69.17,26736.33,140763.83,True,12
20,Trossard,MID,22,1,0.49,0.24,18.29,22.59,34.0,21.95,7.56,0.38,0.2,1.0,-0.14,0.05,-0.02,61.5,69.33,23411.17,164628.0,False,16
20,Trossard,MID,23,2,0.47,0.24,16.54,20.08,24.4,19.84,6.38,0.36,0.14,0.98,-0.13,0.09,-0.27,63.5,69.33,18337.17,183647.0,True,14
20,Trossard,MID,24,3,0.24,0.24,17.47,19.91,25.32,19.15,5.51,0.32,0.14,1.05,-0.08,0.1,0.15,62.67,69.33,13200.17,197360.17,False,11
20,Trossard,MID,25,6,0.48,0.24,18.0,20.69,17.95,12.96,6.24,0.2,0.11,0.87,0.04,0.13,0.09,62.5,69.17,7549.33,204448.0,True,17
20,Trossard,MID,26,2,0.72,0.24,13.99,14.19,19.79,10.13,6.76,0.08,0.1,0.28,-0.08,0.14,0.45,62.17,69.0,9805.83,215108.0,False,5
20,Trossard,MID,26,1,0.63,0.21,14.65,12.6,21.5,10.88,6.07,0.1,0.11,0.47,-0.1,0.1,0.15,71.67,68.67,-18336.17,195418.67,False,20
20,Trossard,MID,27,2,0.47,0.0,14.88,13.72,23.56,11.16,6.28,0.1,0.11,0.48,-0.1,0.12,0.22,64.5,68.33,-14625.0,184863.5,False,18
20,Trossard,MID,28,1,0.43,0.0,15.11,13.94,23.74,14.68,7.55,0.14,0.11,0.49,-0.14,0.1,0.38,69.5,68.17,-15177.17,173738.33,True,7
20,Trossard,MID,29,1,0.45,0.0,14.7,14.65,22.12,15.6,7.91,0.13,0.13,0.6,-0.13,0.1,0.08,66.33,67.83,-13479.0,164296.67,False,6
20,Trossard,MID,32,1,0.26,0.0,13.19,15.36,25.11,18.88,8.02,0.18,0.13,0.72,-0.18,0.13,0.05,58.0,67.67,-12255.83,156083.17,True,4
20,Trossard,MID,33,1,0.0,0.0,9.73,9.91,18.67,17.94,7.91,0.17,0.09,0.95,-0.17,-0.09,0.27,49.33,67.17,-14295.33,141137.0,False,13
20,Trossard,MID,36,8,0.3,0.0,20.26,18.42,27.03,22.65,8.34,0.15,0.28,0.69,-0.15,0.02,0.21,50.33,66.17,-8037.83,117889.83,False,19
20,Trossard,MID,37,3,0.57,0.28,24.13,26.06,27.34,32.65,6.25,0.2,0.26,0.88,0.08,0.03,-0.32,52.83,65.67,-2726.5,111330.5,True,3
21,Rice,MID,4,1,0.69,0.0,18.21,14.08,25.42,4.47,6.87,0.05,0.22,0.59,-0.05,0.46,-0.25,87.33,65.0,13058.0,869899.0,True,16
21,Rice,MID,5,3,0.63,0.0,17.11,14.07,23.86,4.75,7.29,0.05,0.22,0.58,-0.05,0.42,-0.26,71.0,65.0,22099.0,923594.0,True,13
21,Rice,MID,6,9,0.48,0.0,18.29,15.21,27.02,3.61,7.7,0.04,0.2,0.65,-0.04,0.28,-0.17,74.8,65.0,371.0,939970.0,False,15
21,Rice,MID,7,11,0.39,0.0,21.14,21.49,32.2,3.69,8.53,0.03,0.2,0.65,-0.03,0.38,-0.06,77.33,65.0,-11231.33,941522.17,True,19
21,Rice,MID,8,3,0.39,0.0,27.39,30.09,40.13,6.65,8.8,0.07,0.23,0.52,0.13,0.17,0.07,76.67,65.0,-755.0,992438.5,False,10
21,Rice,MID,9,7,0.39,0.0,24.26,28.21,34.16,6.46,9.2,0.07,0.14,0.57,0.12,0.06,0.02,76.67,65.0,26208.17,1047544.17,True,8
21,Rice,MID,10,13,0.6,0.0,27.54,30.37,38.45,11.77,8.58,0.14,0.24,0.57,0.06,0.16,-0.17,75.17,65.17,69187.5,1138129.67,False,3
21,Rice,MID,11,2,0.69,0.0,31.91,35.9,38.13,12.83,10.58,0.17,0.26,0.55,0.18,0.09,-0.2,86.5,65.5,106801.0,1259755.67,False,17
21,Rice,MID,12,6,0.69,0.0,30.87,36.45,35.67,14.57,10.92,0.18,0.27,0.47,0.17,0.08,0.05,86.5,66.0,228494.5,1506903.67,True,18
21,Rice,MID,13,4,0.69,0.17,29.83,34.61,33.43,16.82,11.1,0.22,0.3,0.38,0.12,0.05,0.14,86.5,66.67,279819.83,1803449.67,False,7
21,Rice,MID,14,3,0.51,0.17,24.24,30.85,29.1,12.54,12.03,0.16,0.28,0.44,0.01,0.06,0.23,88.5,67.5,293240.83,2102968.83,True,5
21,Rice,MID,15,6,0.52,0.17,26.16,31.28,33.21,15.32,12.22,0.18,0.3,0.42,-0.0,0.05,0.27,87.17,68.33,290800.17,2406366.5,False,2
21,Rice,MID,16,2,0.34,0.17,26.22,33.36,32.13,12.18,14.04,0.13,0.21,0.7,0.04,-0.04,0.31,88.67,69.17,195485.0,2603315.67,True,20
21,Rice,MID,17,11,0.17,0.17,20.3,25.07,31.77,12.01,11.5,0.12,0.18,0.7,-0.12,-0.01,0.49,88.67,69.83,154327.17,2760883.67,False,9
21,Rice,MID,18,5,0.34,0.17,23.01,25.41,32.95,10.83,13.03,0.11,0.18,0.65,-0.11,0.16,0.19,88.67,70.33,51491.0,2814635.5,True,6
21,Rice,MID,20,17,0.34,0.0,22.16,21.42,29.98,10.66,12.52,0.1,0.14,0.79,-0.1,0.2,0.06,88.67,70.83,86783.67,2923895.67,False,4
21,Rice,MID,21,3,0.34,0.0,29.27,30.42,29.4,14.72,12.86,0.19,0.14,0.89,0.14,0.2,0.12,88.67,71.0,-42689.0,2876415.0,True,12
21,Rice,MID,22,3,0.33,0.0,29.0,30.43,26.97,13.0,13.33,0.19,0.14,0.9,0.14,0.2,0.1,90.0,71.33,25842.5,2897828.17,False,16
21,Rice,MID,23,1,0.5,0.0,28.17,30.83,29.15,14.5,11.67,0.19,0.19,0.59,0.15,0.14,0.07,90.0,71.67,172183.33,3075583.83,True,14
21,Rice,MID,24,3,0.5,0.17,29.17,32.37,33.83,13.5,12.33,0.18,0.24,0.65,0.15,0.09,0.35,90.0,72.17,206858.67,3282405.5,False,11
21,Rice,MID,25,5,0.5,0.17,27.17,31.53,36.27,13.67,10.5,0.18,0.28,0.64,0.16,-0.11,0.36,90.0,72.67,224613.0,3503557.33,True,17
21,Rice,MID,26,5,0.67,0.17,26.17,32.03,38.43,11.5,11.0,0.14,0.28,0.53,0.19,-0.28,0.3,90.0,73.17,178711.67,3659590.5,False,5
21,Rice,MID,26,9,0.67,0.17,20.33,22.33,43.42,8.5,10.67,0.06,0.29,0.54,-0.06,-0.29,0.12,90.0,73.83,334499.67,4011264.33,False,20
21,Rice,MID,27,4,0.5,0.17,22.17,24.87,41.92,8.5,11.83,0.05,0.36,0.53,-0.05,-0.19,0.47,90.0,74.33,287894.0,4256888.33,False,18
21,Rice,MID,28,5,0.33,0.17,19.83,19.43,34.67,5.67,12.5,0.03,0.29,0.6,-0.03,-0.13,0.57,90.0,74.83,157425.83,4365780.67,True,7
21,Rice,MID,29,3,0.34,0.0,21.6,17.14,26.52,4.11,12.34,0.02,0.26,0.67,-0.02,0.08,0.19,87.5,75.17,94439.83,4412852.33,False,6
21,Rice,MID,30,3,0.34,0.0,21.43,18.31,23.54,3.43,12.69,0.02,0.21,0.78,-0.02,0.14,0.07,87.5,75.33,12906.33,4375651.83,True,9
21,Rice,MID,32,4,0.34,0.0,21.6,18.34,24.82,4.29,11.66,0.02,0.2,0.93,-0.02,0.14,-0.07,87.5,75.17,-29515.83,4300256.33,True,4
21,Rice,MID,33,2,0.34,0.0,22.11,17.9,23.71,5.49,10.97,0.04,0.24,0.88,-0.04,0.1,0.15,87.5,74.83,-90607.5,4081431.33,False,13
21,Rice,MID,34,2,0.34,0.0,19.03,14.13,24.22,4.29,10.11,0.03,0.15,1.06,-0.03,0.02,-0.03,87.5,74.33,-178864.83,3803369.33,True,15
21,Rice,MID,35,5,0.51,0.17,18.0,13.75,23.79,4.29,8.06,0.03,0.15,1.1,-0.03,0.02,-0.24,87.5,73.67,-132707.17,3619817.0,True,10
21,Rice,MID,36,3,0.7,0.18,16.49,16.04,25.35,4.74,9.12,0.03,0.12,0.99,-0.03,-0.12,-0.28,85.5,73.0,-113714.5,3434186.83,False,19
21,Rice,MID,37,5,0.7,0.18,16.32,14.56,26.91,5.09,8.95,0.03,0.17,1.04,-0.03,-0.17,-0.34,85.5,72.5,-60176.17,3303568.17,True,3
22,Merino,MID,5,1,1.08,0.0,12.47,10.63,12.25,17.89,8.67,0.07,0.05,0.53,-0.07,-0.05,-0.53,55.33,59.33,-3666.67,53367.0,True,13
22,Merino,MID,6,6,0.85,0.0,12.37,12.11,17.02,14.08,9.81,0.06,0.05,0.65,-0.06,-0.05,-0.22,52.75,59.25,-1322.75,55915.75,False,15
22,Merino,MID,7,1,0.78,0.0,20.26,24.78,15.58,20.26,10.13,0.07,0.05,0.62,0.32,-0.05,-0.23,46.2,59.2,-1400.6,57433.6,True,19
22,Merino,MID,14,13,0.0,0.0,20.69,24.16,12.65,15.52,8.02,0.28,0.15,0.46,-0.02,0.37,0.58,58.0,59.0,6175.67,97454.5,True,5
22,Merino,MID,15,1,0.22,0.0,25.68,33.98,16.16,18.66,7.9,0.38,0.16,0.46,0.05,0.5,0.42,68.33,59.0,13682.5,112685.17,False,2
22,Merino,MID,16,1,0.2,0.0,23.56,31.17,15.08,17.52,7.85,0.35,0.15,0.59,0.05,0.45,0.41,74.5,59.17,56560.0,174134.0,True,20
22,Merino,MID,17,1,0.21,0.0,24.47,32.76,13.6,19.08,8.29,0.37,0.15,0.54,0.04,0.48,0.7,72.33,59.5,83792.83,260725.17,False,9
22,Merino,MID,18,2,0.26,0.0,27.31,35.17,12.77,19.77,8.84,0.37,0.17,0.56,0.15,0.35,0.48,57.67,59.67,58121.0,316931.5,True,6
22,Merino,MID,19,2,0.26,0.0,23.98,30.64,12.43,20.63,8.77,0.38,0.06,0.76,0.14,0.2,0.27,58.17,59.67,44778.67,360082.17,True,2
22,Merino,MID,20,1,0.54,0.27,19.31,27.03,21.97,13.32,10.88,0.22,0.07,0.74,0.05,0.21,0.08,55.17,59.5,35681.5,395741.83,False,4
26,Zubimendi,MID,4,16,0.67,0.33,10.33,7.93,3.8,2.67,9.0,0.02,0.02,0.74,-0.02,-0.02,-0.4,90.0,55.0,-10365.67,222834.33,True,16
26,Zubimendi,MID,5,2,0.75,0.25,20.75,23.1,6.48,8.25,7.25,0.05,0.02,0.6,0.45,-0.02,-0.35,90.0,54.75,-12720.25,219654.25,True,13
26,Zubimendi,MID,6,2,0.6,0.2,19.2,20.2,8.98,9.0,6.8,0.05,0.02,0.66,0.35,-0.02,-0.26,90.0,54.6,31272.4,264853.4,False,15
26,Zubimendi,MID,7,3,0.51,0.17,20.34,20.14,13.02,7.63,7.29,0.04,0.11,0.65,0.29,-0.11,-0.14,88.5,54.67,36227.5,305608.0,True,19
26,Zubimendi,MID,8,3,0.54,0.18,22.46,22.53,16.76,7.72,7.54,0.05,0.14,0.44,0.31,-0.14,0.1,83.5,54.67,41030.33,362741.5,False,10
26,Zubimendi,MID,9,5,0.54,0.18,22.46,23.39,18.32,7.9,7.01,0.04,0.15,0.49,0.32,-0.15,0.05,83.5,54.67,35214.5,407596.5,True,8
26,Zubimendi,MID,10,3,0.72,0.0,24.43,26.41,20.64,7.01,8.44,0.04,0.15,0.48,0.32,-0.15,-0.12,83.5,54.67,35514.83,451881.83,False,3
26,Zubimendi,MID,11,5,0.74,0.0,17.37,15.89,21.29,2.59,8.87,0.01,0.15,0.53,-0.01,-0.15,-0.16,81.17,54.83,35507.83,494722.5,False,17
26,Zubimendi,MID,12,2,0.74,0.18,19.96,20.99,22.92,5.17,9.98,0.05,0.16,0.44,-0.05,0.02,0.11,81.17,54.83,-16574.17,480591.67,True,18
26,Zubimendi,MID,13,0,0.73,0.18,17.42,18.98,19.74,5.44,9.98,0.06,0.07,0.35,-0.06,0.11,0.19,82.67,54.67,-28204.33,455390.0,False,7
26,Zubimendi,MID,14,3,0.55,0.37,14.09,15.4,18.62,5.49,8.78,0.06,0.04,0.42,-0.06,0.14,0.31,82.0,54.5,-37007.0,420051.33,True,5
26,Zubimendi,MID,15,2,0.55,0.37,15.18,14.93,16.52,5.12,9.51,0.06,0.03,0.41,-0.06,0.15,0.33,82.0,54.17,-33717.33,387951.83,False,2
26,Zubimendi,MID,16,1,0.37,0.37,15.0,14.01,14.2,5.12,8.23,0.06,0.03,0.72,-0.06,0.15,0.38,82.0,53.83,-30375.0,359083.67,True,20
26,Zubimendi,MID,17,3,0.19,0.38,14.84,14.16,15.16,5.33,8.75,0.06,0.03,0.73,-0.06,0.16,0.41,78.83,53.5,-30230.17,330315.67,False,9
26,Zubimendi,MID,18,2,0.38,0.19,12.18,8.94,11.28,2.28,8.37,0.04,0.02,0.68,-0.04,-0.02,0.08,78.83,53.17,-14823.0,317231.5,True,6
26,Zubimendi,MID,19,8,0.38,0.19,13.7,12.75,11.32,6.28,8.37,0.11,0.03,0.83,-0.11,-0.03,-0.07,78.83,52.83,-13968.33,304099.33,True,2
26,Zubimendi,MID,20,3,0.36,0.0,19.17,19.53,12.96,11.89,8.17,0.23,0.04,1.16,-0.05,-0.04,-0.45,84.5,52.5,-11451.5,293761.33,False,4
26,Zubimendi,MID,21,5,0.18,0.18,19.35,21.8,15.32,11.89,10.3,0.23,0.05,1.35,-0.05,-0.05,-0.28,84.5,52.33,-6591.5,288317.5,True,12
26,Zubimendi,MID,22,3,0.36,0.18,19.7,22.62,15.5,12.25,11.01,0.23,0.07,1.03,-0.05,-0.07,-0.32,84.5,52.17,-5814.5,283281.5,False,16
26,Zubimendi,MID,23,1,0.51,0.17,20.11,22.98,12.26,12.1,11.08,0.22,0.06,0.99,-0.05,-0.06,-0.31,88.0,52.0,-2797.67,281283.17,True,14
26,Zubimendi,MID,24,10,0.36,0.18,20.55,24.73,12.05,18.36,11.27,0.26,0.06,1.1,-0.08,-0.06,-0.01,82.5,52.0,-455.67,281619.67,False,11
26,Zubimendi,MID,25,10,0.55,0.18,23.27,27.75,9.45,20.55,11.45,0.25,0.05,0.97,0.11,-0.05,-0.06,82.5,52.0,-80.17,282258.0,True,17
26,Zubimendi,MID,26,2,0.73,0.18,23.64,27.05,5.96,16.0,12.0,0.13,0.05,0.52,0.24,-0.05,0.21,82.5,52.0,9373.0,292822.83,False,5
26,Zubimendi,MID,26,4,0.73,0.0,22.55,25.09,3.55,16.36,9.27,0.13,0.09,0.53,0.24,-0.09,0.01,82.5,52.17,77119.17,374134.5,False,20
26,Zubimendi,MID,27,2,0.55,0.0,22.73,24.65,4.13,16.0,9.27,0.13,0.07,0.52,0.24,-0.07,0.39,82.5,52.33,149106.0,456995.0,False,18
26,Zubimendi,MID,28,2,0.36,0.0,22.37,23.79,4.51,16.33,9.05,0.12,0.07,0.59,0.23,-0.07,0.47,84.5,52.5,141687.17,527942.0,True,7
26,Zubimendi,MID,29,3,0.33,0.0,21.5,20.67,3.98,8.83,8.67,0.08,0.1,0.66,0.26,-0.1,0.17,90.0,52.67,131168.83,588256.67,False,6
26,Zubimendi,MID,30,3,0.34,0.0,17.18,15.07,3.74,3.74,8.17,0.02,0.1,0.79,0.15,-0.1,0.06,88.17,52.67,122217.33,639760.17,True,9
26,Zubimendi,MID,32,2,0.35,0.0,13.18,9.7,5.82,4.92,7.56,0.04,0.12,0.95,-0.04,-0.12,-0.07,85.33,52.67,105949.5,674981.33,True,4
26,Zubimendi,MID,33,4,0.36,0.0,13.76,10.0,6.14,5.43,8.51,0.04,0.07,0.92,-0.04,-0.07,0.16,82.83,52.33,31263.33,620140.33,False,13
26,Zubimendi,MID,34,5,0.37,0.0,13.04,9.84,5.0,5.51,8.63,0.04,0.07,1.13,-0.04,-0.07,-0.03,81.67,51.83,-47140.67,555949.0,True,15
26,Zubimendi,MID,35,1,0.56,0.0,14.25,11.06,6.83,6.19,10.5,0.05,0.07,1.19,-0.05,-0.07,-0.25,80.0,51.33,-39898.5,504914.67,True,10
26,Zubimendi,MID,36,1,0.65,0.0,15.14,13.76,10.04,6.92,11.25,0.04,0.03,1.18,-0.04,-0.03,-0.32,69.33,50.83,-29369.5,464652.5,False,19
26,Zubimendi,MID,37,1,0.48,0.0,16.76,13.31,11.37,6.7,11.25,0.04,0.04,1.2,-0.04,-0.04,-0.25,62.67,50.5,-23439.0,430034.5,True,3
26,Zubimendi,MID,38,2,0.3,0.0,17.76,14.09,9.09,3.85,12.73,0.02,0.01,1.2,-0.02,-0.01,-0.01,50.67,50.0,-17614.5,400892.33,False,8
47,Rogers,MID,4,3,0.33,0.0,6.33,7.0,15.43,14.0,5.0,0.05,0.07,1.77,-0.05,-0.07,-0.44,90.0,70.0,-24240.33,1008601.0,False,9
47,Rogers,MID,5,2,0.5,0.0,5.75,6.85,12.58,12.25,5.25,0.06,0.06,1.85,-0.06,-0.06,-0.85,90.0,70.0,-43263.5,987022.5,False,17
47,Rogers,MID,6,5,0.41,0.0,5.71,6.65,15.12,12.04,4.69,0.04,0.1,1.72,-0.04,-0.1,-0.7,88.2,70.0,-38587.4,976402.2,True,10
47,Rogers,MID,7,5,0.34,0.0,8.14,10.07,17.8,11.02,4.92,0.04,0.09,1.59,-0.04,0.07,-0.57,88.5,69.83,-69564.0,930262.33,True,3
47,Rogers,MID,8,7,0.17,0.0,10.51,14.03,16.64,15.93,5.25,0.08,0.1,1.42,-0.08,0.24,-0.23,88.5,69.67,-74082.5,883689.83,False,18
47,Rogers,MID,9,3,0.17,0.0,13.73,19.32,13.71,14.58,5.76,0.07,0.08,1.34,0.1,0.26,-0.15,88.5,69.5,-83890.83,809956.5,True,13
47,Rogers,MID,10,1,0.34,0.0,15.08,19.63,14.97,12.03,6.1,0.06,0.09,1.08,0.11,0.25,-0.41,88.5,69.17,-76314.5,743572.5,False,12
47,Rogers,MID,11,2,0.17,0.17,15.42,19.66,17.34,15.42,6.44,0.07,0.12,0.93,0.1,0.22,0.08,88.5,68.83,-62411.0,688147.83,True,4
47,Rogers,MID,12,15,0.34,0.34,14.64,18.64,13.51,15.64,7.07,0.07,0.08,1.01,0.09,0.26,-0.16,89.17,68.5,-57840.0,632895.0,False,11
47,Rogers,MID,13,3,0.34,0.34,19.51,26.98,12.01,22.71,7.4,0.12,0.07,1.15,0.39,0.09,-0.31,89.17,68.33,-12235.5,626721.17,True,20
47,Rogers,MID,14,6,0.5,0.34,16.49,21.84,10.26,21.03,6.56,0.09,0.07,1.16,0.42,-0.07,-0.49,89.17,68.33,89717.33,785415.0,False,6
47,Rogers,MID,15,2,0.5,0.34,17.66,21.4,15.71,20.86,7.23,0.08,0.11,1.41,0.25,0.06,-0.4,89.17,68.33,101233.67,886338.33,True,1
47,Rogers,MID,16,15,0.34,0.34,16.82,21.8,19.08,26.75,6.9,0.09,0.13,1.53,0.25,0.04,-0.36,89.17,68.5,94603.83,977914.0,False,19
47,Rogers,MID,17,15,0.34,0.17,24.9,33.21,17.44,28.26,6.39,0.17,0.11,1.51,0.5,0.06,-0.33,89.17,68.83,124103.5,1107252.33,True,14
47,Rogers,MID,18,1,0.17,0.0,32.67,44.83,17.28,35.83,6.67,0.36,0.1,1.46,0.64,0.06,-0.13,90.0,69.33,200156.33,1313980.33,False,7
47,Rogers,MID,19,1,0.17,0.17,25.67,33.3,20.35,29.0,6.33,0.33,0.17,1.52,0.34,-0.0,-0.19,90.0,70.17,354998.33,1681647.67,False,1
47,Rogers,MID,20,5,0.0,0.34,26.95,33.86,20.73,27.12,5.93,0.35,0.17,1.87,0.33,-0.01,0.16,88.5,71.0,299850.17,1898323.33,True,16
47,Rogers,MID,21,3,0.0,0.34,25.42,31.66,20.05,31.19,5.25,0.38,0.16,1.65,0.3,0.01,0.04,88.5,72.0,419032.5,2326862.83,False,8
47,Rogers,MID,22,2,0.17,0.34,25.59,32.07,18.78,31.02,4.75,0.41,0.15,1.58,0.27,0.02,-0.05,88.5,73.17,462187.83,2796586.33,True,9
47,Rogers,MID,23,8,0.17,0.34,16.1,19.86,21.71,31.19,4.92,0.44,0.14,1.49,-0.1,0.03,-0.14,88.5,74.33,466128.0,3263880.83,False,15
47,Rogers,MID,24,2,0.34,0.34,11.02,14.24,26.03,24.92,5.76,0.25,0.15,1.64,-0.25,0.19,-0.45,88.5,75.33,359460.5,3620495.0,True,5
47,Rogers,MID,25,10,0.34,0.17,12.71,15.46,24.53,32.71,5.59,0.28,0.13,1.34,-0.28,0.21,-0.15,88.5,76.0,208072.67,3821325.0,False,4
47,Rogers,MID,26,2,0.33,0.0,17.17,23.0,28.12,34.83,7.17,0.27,0.13,1.25,-0.1,0.2,-0.59,90.0,76.33,130390.0,3972451.83,True,6
47,Rogers,MID,27,2,0.5,0.17,14.5,20.4,26.42,38.17,7.0,0.27,0.11,1.19,-0.11,0.06,-0.69,90.0,76.5,21678.5,3993078.0,True,11
47,Rogers,MID,28,2,0.33,0.17,14.17,19.67,25.7,33.83,7.5,0.25,0.12,1.16,-0.08,0.04,-0.5,90.0,76.67,12756.0,4013078.33,False,20
47,Rogers,MID,29,1,0.33,0.17,16.33,21.77,23.47,32.17,7.5,0.15,0.12,1.22,0.02,0.04,-0.39,90.0,76.67,-17375.17,4001758.17,True,7
47,Rogers,MID,30,2,0.17,0.33,13.33,16.03,19.32,32.67,6.5,0.16,0.11,1.46,0.01,-0.11,0.04,90.0,76.5,-72161.5,3933347.5,False,14
47,Rogers,MID,31,6,0.17,0.33,13.0,15.53,17.45,24.83,7.17,0.13,0.09,1.58,0.04,-0.09,0.26,90.0,76.17,-156981.17,3779763.17,True,19
47,Rogers,MID,32,5,0.34,0.34,10.78,10.88,21.54,29.43,5.65,0.19,0.1,1.37,-0.19,0.07,0.34,87.67,76.0,-115325.0,3694851.83,False,16
47,Rogers,MID,33,9,0.18,0.18,12.81,11.44,21.4,23.16,7.19,0.19,0.11,1.52,-0.19,0.24,0.41,85.5,75.67,-159904.83,3541917.17,True,17
47,Rogers,MID,34,2,0.18,0.18,17.37,16.18,20.18,25.61,6.67,0.27,0.16,1.58,-0.09,0.19,0.7,85.5,75.17,-198792.5,3316372.17,False,10
47,Rogers,MID,35,1,0.18,0.18,15.09,13.54,19.19,24.04,5.96,0.26,0.16,1.64,-0.08,0.19,0.46,85.5,74.67,-144879.67,3207012.17,True,18
47,Rogers,MID,36,2,0.18,0.18,16.32,14.7,19.47,21.75,6.49,0.24,0.15,1.18,-0.07,0.2,0.57,85.5,74.5,-56618.17,3157247.0,False,3
47,Rogers,MID,37,12,0.18,0.18,14.74,13.44,18.68,23.51,5.79,0.26,0.13,1.3,-0.08,0.22,0.28,85.5,74.5,-6628.5,3153104.5,True,12
48,Tielemans,MID,4,1,0.33,0.0,12.0,10.27,23.97,9.67,5.67,0.04,0.12,1.77,-0.04,-0.12,-0.44,90.0,60.0,-13143.0,221403.67,False,9
48,Tielemans,MID,11,4,0.29,0.0,13.14,9.77,21.2,8.29,6.0,0.04,0.11,1.85,-0.04,-0.11,-0.71,78.75,59.75,-15675.0,215422.75,True,4
48,Tielemans,MID,12,2,0.27,0.0,16.98,14.93,22.74,8.35,6.47,0.04,0.1,1.77,-0.04,0.17,-0.69,66.8,59.6,-12876.2,186526.2,False,11
48,Tielemans,MID,13,3,0.22,0.0,16.83,14.89,23.16,8.42,7.55,0.05,0.09,1.76,-0.05,0.12,-0.68,69.5,59.5,-10428.0,167690.83,True,20
48,Tielemans,MID,14,1,0.22,0.0,21.55,21.41,30.7,15.26,8.75,0.07,0.19,1.58,-0.07,0.04,-0.45,66.83,59.33,-9996.67,143989.33,False,6
48,Tielemans,MID,15,2,0.27,0.0,24.2,25.02,26.13,15.23,11.15,0.07,0.15,1.79,-0.07,0.13,-0.44,55.17,59.17,-6926.83,118588.83,True,1
48,Tielemans,MID,16,6,0.27,0.0,22.84,24.42,25.8,21.75,11.96,0.14,0.17,1.59,-0.14,0.1,-0.77,55.17,59.0,-3421.17,95594.17,False,19
48,Tielemans,MID,17,2,0.24,0.0,25.37,28.91,26.66,19.63,11.49,0.12,0.17,1.37,-0.12,0.31,-0.17,62.67,59.0,1539.5,76696.83,True,14
48,Tielemans,MID,18,7,0.2,0.0,20.34,22.75,25.57,16.31,10.67,0.1,0.16,1.4,-0.1,0.04,-0.19,74.5,59.0,3116.83,80250.33,False,7
48,Tielemans,MID,19,2,0.2,0.0,22.2,27.44,26.05,15.66,11.5,0.09,0.18,1.49,-0.09,0.21,-0.3,75.67,59.0,3323.0,83865.83,False,1
48,Tielemans,MID,20,7,0.0,0.0,20.3,22.88,22.04,10.54,10.74,0.07,0.1,1.88,-0.07,0.29,0.07,76.83,59.0,3999.33,88028.17,True,16
48,Tielemans,MID,21,3,0.0,0.0,22.37,24.71,21.85,10.51,10.34,0.06,0.12,1.65,-0.06,0.39,0.04,88.5,59.0,6317.83,94974.33,False,8
48,Tielemans,MID,22,2,0.17,0.0,22.37,23.83,21.64,5.08,9.49,0.05,0.14,1.58,-0.05,0.37,-0.05,88.5,59.0,9135.17,104719.17,True,9
48,Tielemans,MID,23,3,0.17,0.0,20.0,21.86,29.56,6.1,9.83,0.06,0.2,1.49,-0.06,0.14,-0.14,88.5,59.0,8570.83,113724.83,False,15
48,Tielemans,MID,31,1,0.35,0.0,21.89,26.05,33.25,6.13,10.68,0.05,0.24,1.67,-0.05,0.11,-0.44,85.67,59.0,6930.0,121069.17,True,19
48,Tielemans,MID,32,2,0.4,0.0,21.74,23.64,35.19,5.84,10.47,0.06,0.24,1.55,-0.06,-0.03,-0.35,74.5,59.0,6339.83,118455.67,False,16
48,Tielemans,MID,33,2,0.39,0.0,22.3,26.13,38.19,5.92,10.66,0.06,0.26,1.27,-0.06,-0.07,-0.68,76.0,59.0,5441.83,114824.0,True,17
48,Tielemans,MID,34,2,0.39,0.0,19.74,22.3,34.82,4.34,10.07,0.06,0.25,1.44,-0.06,-0.25,-0.45,76.0,59.0,3143.83,108738.33,False,10
48,Tielemans,MID,35,2,0.21,0.0,21.53,23.29,33.74,3.9,11.28,0.02,0.22,1.39,-0.02,-0.22,-0.16,73.17,59.0,977.5,100658.33,True,18
48,Tielemans,MID,36,4,0.21,0.0,20.5,20.34,20.64,2.67,11.28,0.01,0.13,1.49,-0.01,-0.13,-0.06,73.17,59.0,557.83,91981.83,False,3
48,Tielemans,MID,37,2,0.0,0.0,19.74,17.37,13.12,4.54,11.05,0.03,0.08,1.39,-0.03,-0.08,0.39,76.0,59.0,992.17,83729.33,True,12
48,Tielemans,MID,38,1,0.0,0.0,18.62,16.14,12.28,5.17,9.31,0.03,0.08,1.35,-0.03,-0.08,0.37,87.0,59.0,1047.17,84907.83,False,13
50,Buendía,MID,5,1,0.52,0.52,7.28,10.82,30.95,17.69,9.36,0.19,0.2,1.44,-0.19,-0.2,-0.4,57.67,53.67,-3263.0,11676.0,False,17
50,Buendía,MID,6,12,0.39,0.39,5.48,9.16,24.65,18.0,9.78,0.17,0.17,1.22,-0.17,-0.17,-0.44,57.5,53.5,-2439.0,11399.25,True,10
50,Buendía,MID,7,0,0.33,0.33,15.38,24.35,25.3,26.18,9.49,0.24,0.17,1.16,0.09,0.16,-0.5,55.0,53.4,-2111.6,11105.2,True,3
50,Buendía,MID,8,7,0.29,0.58,13.44,22.15,22.68,23.96,9.64,0.21,0.17,1.13,0.08,0.12,-0.25,51.33,53.33,493.0,13565.0,False,18
50,Buendía,MID,9,4,0.32,0.65,24.19,36.71,21.45,25.81,11.29,0.18,0.13,1.24,0.46,0.19,-0.27,46.5,53.17,744.67,14812.33,True,13
50,Buendía,MID,23,11,0.0,0.0,9.97,5.92,19.14,9.38,11.14,0.13,0.09,1.6,-0.13,-0.09,-0.14,51.17,53.0,-3663.67,49435.83,False,15
50,Buendía,MID,24,2,0.24,0.0,15.36,16.85,16.01,16.32,11.52,0.14,0.07,1.79,0.1,-0.07,-0.59,62.5,53.0,-2836.17,46961.83,True,5
50,Buendía,MID,25,1,0.22,0.0,15.92,17.43,18.46,26.09,10.17,0.21,0.1,1.29,0.02,-0.1,-0.18,67.83,53.0,2047.33,49728.5,False,4
50,Buendía,MID,26,1,0.22,0.22,15.51,17.52,18.85,27.74,9.83,0.21,0.12,1.28,0.01,-0.12,-0.4,68.67,53.0,3535.0,53689.33,True,6
50,Buendía,MID,27,1,0.22,0.22,16.3,18.54,18.69,26.35,10.5,0.18,0.1,1.19,0.04,-0.1,-0.52,67.17,53.0,2933.33,56764.5,True,11
50,Buendía,MID,28,1,0.2,0.4,13.94,15.69,17.06,23.89,9.36,0.17,0.1,1.15,0.03,-0.1,-0.36,75.33,53.0,4013.83,61033.83,False,20
50,Buendía,MID,29,2,0.21,0.63,12.74,15.49,13.13,23.81,8.56,0.15,0.07,1.19,0.06,-0.07,-0.35,71.83,53.0,4363.0,65638.33,True,7
50,Buendía,MID,30,3,0.0,0.64,8.59,6.62,16.3,16.75,7.3,0.12,0.11,1.27,-0.12,-0.11,0.24,69.83,53.0,2867.33,68616.17,False,14
50,Buendía,MID,31,1,0.0,0.87,7.61,6.17,11.98,7.39,7.83,0.08,0.11,1.43,-0.08,-0.11,0.52,69.0,53.0,-1940.0,66620.83,True,19
50,Buendía,MID,32,1,0.0,0.75,8.95,6.22,10.52,5.72,7.96,0.09,0.11,1.32,-0.09,-0.11,0.67,60.33,53.0,-3085.67,63261.17,False,16
50,Buendía,MID,33,1,0.0,0.86,10.0,6.46,15.06,5.43,7.71,0.09,0.14,1.47,-0.09,-0.14,0.82,52.5,53.0,-3171.67,60271.83,True,17
52,J.Ramsey,MID,17,2,0.0,0.63,12.0,11.94,32.37,15.16,9.16,0.11,0.17,1.99,-0.11,-0.17,-0.09,47.5,53.33,-528.0,31644.67,True,7
52,J.Ramsey,MID,18,2,0.0,0.55,11.25,8.45,21.02,12.35,9.88,0.09,0.13,1.91,-0.09,-0.13,0.28,54.67,53.0,-269.67,25769.0,False,14
52,J.Ramsey,MID,19,1,0.0,0.48,12.72,8.4,17.18,12.72,10.32,0.07,0.11,1.8,-0.07,-0.11,0.12,62.5,53.0,-76.5,25854.5,False,3
52,J.Ramsey,MID,20,1,0.0,0.26,14.29,7.84,18.32,14.03,10.59,0.08,0.12,1.63,-0.08,-0.12,0.22,56.67,53.0,39.17,26021.5,True,8
52,J.Ramsey,MID,21,1,0.0,0.3,12.86,6.76,13.07,15.85,11.36,0.09,0.12,1.1,-0.09,-0.12,0.1,50.17,53.0,68.17,26157.33,True,11
52,J.Ramsey,MID,23,1,0.0,0.3,13.99,6.2,12.98,10.34,11.86,0.03,0.11,1.13,-0.03,-0.11,0.39,49.33,53.0,98.5,26329.33,True,2
52,J.Ramsey,MID,28,6,0.0,0.29,20.99,25.59,16.96,14.09,6.9,0.15,0.06,1.75,0.14,0.23,0.84,52.17,53.0,19.83,26817.83,True,9
52,J.Ramsey,MID,29,-2,0.0,0.26,23.55,31.13,13.94,15.17,6.54,0.16,0.05,1.81,0.37,0.21,0.81,57.33,53.0,177.33,27072.83,True,14
52,J.Ramsey,MID,30,3,0.0,0.26,20.49,29.26,13.38,14.01,6.48,0.14,0.05,1.78,0.38,0.21,0.82,57.83,53.0,582.17,27751.0,False,7
52,J.Ramsey,MID,31,2,0.26,0.0,23.86,32.32,22.12,15.82,6.74,0.16,0.06,1.55,0.36,0.2,0.01,57.83,53.0,715.17,28565.0,True,17
52,J.Ramsey,MID,32,1,0.21,0.0,21.57,27.25,18.58,12.86,7.47,0.13,0.05,1.71,0.28,0.16,-0.06,72.33,53.0,862.5,29556.0,False,8
52,J.Ramsey,MID,33,2,0.25,0.0,19.67,23.07,21.79,5.41,7.87,0.06,0.06,1.88,0.18,0.19,0.09,61.0,53.0,815.5,30460.83,True,4
52,J.Ramsey,MID,34,2,0.27,0.0,16.82,18.69,19.31,7.48,7.48,0.07,0.04,2.29,0.19,-0.04,-0.42,56.17,53.0,602.83,31089.67,False,1
52,J.Ramsey,MID,35,1,0.24,0.0,12.49,11.54,21.09,6.83,7.77,0.05,0.03,1.9,-0.05,-0.03,-0.49,63.67,53.0,407.5,31545.0,True,6
52,J.Ramsey,MID,36,4,0.27,0.0,15.98,12.78,23.54,8.25,6.92,0.06,0.03,1.98,-0.06,-0.03,-0.65,56.33,53.0,0.83,31604.83,False,16
52,J.Ramsey,MID,37,9,0.0,0.0,20.14,18.32,21.96,8.45,8.77,0.06,0.11,2.14,-0.06,0.21,-0.19,46.17,53.0,-235.0,31420.33,True,19
52,J.Ramsey,MID,38,4,0.0,0.0,26.32,25.73,29.92,11.37,9.1,0.05,0.17,1.65,-0.05,0.48,-0.03,46.17,53.0,-390.33,31052.17,False,10
54,McGinn,MID,4,3,0.39,0.0,16.51,12.03,25.27,8.25,6.68,0.02,0.13,1.65,-0.02,-0.13,-0.48,76.33,55.0,-2675.0,71238.33,False,9
54,McGinn,MID,5,2,0.56,0.0,15.24,11.57,21.92,5.92,7.05,0.01,0.1,1.77,-0.01,-0.1,-0.93,79.75,55.0,-3374.5,71075.5,False,17
54,McGinn,MID,6,6,0.44,0.0,15.18,11.62,21.37,5.28,6.6,0.02,0.1,1.62,-0.02,-0.1,-0.73,81.8,55.0,-2590.4,71492.6,True,10
54,McGinn,MID,7,3,0.38,0.19,17.62,16.65,21.67,6.94,7.31,0.11,0.14,1.51,0.08,-0.14,-0.58,80.0,54.83,-2945.0,71070.33,True,3
54,McGinn,MID,8,2,0.39,0.19,17.88,16.64,21.83,6.22,6.8,0.12,0.16,1.33,0.08,-0.16,-0.36,77.17,54.67,-803.17,74608.17,False,18
54,McGinn,MID,9,3,0.38,0.19,16.5,14.77,18.0,3.38,7.12,0.11,0.14,1.22,0.08,-0.14,-0.28,80.0,54.5,-896.67,75622.33,True,13
54,McGinn,MID,10,1,0.56,0.19,14.62,13.76,17.53,5.25,6.75,0.16,0.14,1.0,0.03,-0.14,-0.44,80.0,54.33,-295.5,76767.67,False,12
54,McGinn,MID,11,3,0.4,0.2,14.87,14.22,18.46,5.62,6.63,0.17,0.15,0.86,0.03,-0.15,0.14,74.67,54.17,343.17,78228.83,True,4
54,McGinn,MID,12,1,0.63,0.21,15.56,17.41,23.49,9.25,7.57,0.18,0.17,1.0,0.03,-0.17,-0.16,71.33,54.0,-68.17,79023.17,False,11
54,McGinn,MID,13,9,0.64,0.21,11.46,10.32,23.12,7.43,6.79,0.09,0.11,1.15,-0.09,-0.11,-0.3,70.67,54.0,883.67,80846.83,True,20
54,McGinn,MID,14,1,0.6,0.2,15.47,16.51,28.73,9.04,9.04,0.08,0.09,1.17,-0.08,0.11,-0.37,74.67,54.0,-1301.0,79996.17,False,6
54,McGinn,MID,15,2,0.62,0.41,13.48,14.81,28.0,9.95,8.92,0.08,0.09,1.35,-0.08,0.12,-0.31,72.33,54.0,-290.5,80265.0,True,1
54,McGinn,MID,16,2,0.41,0.41,14.07,15.27,27.91,8.69,8.9,0.02,0.06,1.6,-0.02,0.14,-0.36,72.5,54.0,-212.17,80496.83,False,19
54,McGinn,MID,17,5,0.39,0.39,14.65,15.42,27.54,8.48,9.44,0.02,0.12,1.49,-0.02,0.07,-0.33,77.83,54.0,805.83,81822.17,True,14
54,McGinn,MID,18,1,0.19,0.38,14.62,15.41,26.16,8.25,8.81,0.03,0.09,1.4,-0.03,0.28,-0.09,80.0,54.0,1311.17,83571.67,False,7
54,McGinn,MID,19,1,0.19,0.19,14.9,15.36,23.71,7.64,8.41,0.03,0.09,1.54,-0.03,0.29,-0.2,78.5,54.0,2162.83,86228.17,False,1
54,McGinn,MID,20,15,0.0,0.21,10.56,11.11,18.0,13.52,6.55,0.22,0.09,2.15,-0.22,0.12,0.18,71.0,54.0,1980.67,88474.0,True,16
54,McGinn,MID,21,3,0.0,0.0,21.46,26.96,17.58,19.17,6.67,0.31,0.09,1.99,0.11,0.11,0.1,72.0,54.0,1769.33,90658.33,False,8
54,McGinn,MID,22,1,0.21,0.0,20.3,27.29,19.13,21.35,6.28,0.31,0.12,1.92,0.11,0.09,-0.04,71.67,54.0,8898.67,100503.0,True,9
54,McGinn,MID,30,2,0.25,0.0,21.43,29.34,18.33,25.21,4.79,0.38,0.06,2.08,0.13,0.19,-0.32,59.5,54.0,10033.17,111093.83,False,14
54,McGinn,MID,31,10,0.27,0.0,20.75,24.36,14.58,24.25,4.04,0.39,0.13,2.03,0.15,-0.13,-0.14,55.67,53.83,9719.5,106734.17,True,19
54,McGinn,MID,32,1,0.53,0.0,28.16,33.95,20.29,26.05,3.68,0.39,0.13,1.61,0.4,-0.13,-0.03,57.0,53.67,9176.5,102073.83,False,16
54,McGinn,MID,33,5,0.47,0.23,27.91,30.42,18.77,19.53,3.72,0.15,0.12,1.09,0.55,-0.12,-0.39,64.5,53.5,11245.83,99323.5,True,17
54,McGinn,MID,34,2,0.47,0.23,21.09,17.95,30.35,13.12,3.05,0.05,0.36,0.99,0.19,-0.12,-0.29,64.0,53.33,11083.5,96037.83,False,10
54,McGinn,MID,36,5,0.23,0.23,24.31,20.1,39.65,10.29,3.04,0.05,0.36,0.87,0.19,-0.13,0.06,64.17,53.17,6757.0,89026.83,False,3
54,McGinn,MID,37,6,0.2,0.2,24.09,22.06,43.15,19.51,3.38,0.08,0.43,1.04,0.12,-0.03,0.15,75.33,53.0,4830.83,79193.33,True,12
54,McGinn,MID,38,1,0.19,0.37,25.82,27.32,37.96,18.71,3.74,0.07,0.36,1.1,0.31,0.02,0.02,80.17,53.0,5068.5,84224.83,False,13
55,Barkley,MID,33,2,0.29,0.0,28.25,27.38,19.6,15.73,9.03,0.08,0.27,1.59,0.21,-0.27,0.45,51.5,48.0,1181.17,7465.83,True,17
55,Barkley,MID,34,1,0.26,0.0,23.98,24.76,14.52,18.05,8.25,0.06,0.21,1.25,0.2,-0.21,0.82,58.17,48.0,1139.17,8629.0,False,10
55,Barkley,MID,35,1,0.27,0.0,24.72,23.64,11.93,18.27,8.33,0.06,0.2,1.17,0.2,-0.2,0.44,55.83,48.0,1119.17,9803.33,True,18
55,Barkley,MID,36,9,0.23,0.23,18.14,18.69,9.51,15.15,7.58,0.05,0.1,0.92,0.18,-0.1,0.69,65.33,48.0,980.5,10871.5,False,3
55,Barkley,MID,37,1,0.23,0.23,15.0,15.23,12.21,24.69,6.0,0.2,0.1,1.11,0.03,-0.1,0.27,65.0,48.0,884.0,11837.5,True,12
55,Barkley,MID,38,5,0.0,0.24,12.68,14.24,9.56,23.41,6.1,0.21,0.03,1.33,0.04,-0.03,0.62,61.5,48.0,564.17,11950.0,False,13
58,Kamara,MID,6,1,0.48,0.48,22.26,25.94,15.48,9.19,9.68,0.02,0.05,1.6,-0.02,0.43,-0.63,62.0,49.67,-574.33,18811.0,True,10
58,Kamara,MID,7,5,0.44,0.44,22.5,27.0,14.43,8.38,11.47,0.02,0.05,1.55,-0.02,0.39,-0.67,51.0,49.5,81.75,18094.75,True,3
58,Kamara,MID,8,2,0.31,0.31,22.35,28.29,19.32,7.35,11.02,0.02,0.09,1.2,-0.02,0.52,-0.28,58.8,49.4,244.0,17909.0,False,18
58,Kamara,MID,9,2,0.23,0.23,22.5,25.64,15.94,5.62,11.02,0.02,0.08,1.1,-0.02,0.39,-0.16,64.0,49.33,513.33,18205.33,True,13
58,Kamara,MID,10,2,0.23,0.23,21.33,25.45,18.77,1.64,10.55,0.0,0.08,1.04,-0.0,0.39,-0.1,64.0,49.17,602.17,18421.67,False,12
58,Kamara,MID,11,2,0.2,0.2,19.61,22.67,18.51,0.98,9.8,0.0,0.07,0.94,-0.0,0.32,0.04,76.5,49.0,706.17,17873.33,True,4
58,Kamara,MID,12,4,0.39,0.39,16.11,18.51,15.35,2.36,9.63,0.01,0.06,1.03,-0.01,0.14,-0.25,76.33,49.0,934.17,19214.17,False,11
58,Kamara,MID,13,11,0.34,0.34,16.13,19.32,17.03,2.04,9.51,0.01,0.06,1.16,-0.01,0.11,-0.31,88.33,49.0,622.5,20186.83,True,20
58,Kamara,MID,14,2,0.51,0.34,18.44,21.69,12.67,2.39,8.54,0.02,0.04,1.15,0.15,-0.04,-0.46,87.83,49.0,504.5,21014.0,False,6
58,Kamara,MID,15,10,0.53,0.36,17.25,20.77,15.14,2.49,7.47,0.02,0.04,1.31,0.16,-0.04,-0.43,84.33,49.0,648.5,21978.5,True,1
58,Kamara,MID,16,1,0.36,0.18,22.41,24.97,15.55,4.45,8.0,0.04,0.04,1.45,0.14,0.14,-0.38,84.33,49.0,676.17,22905.17,False,19
58,Kamara,MID,17,2,0.36,0.36,21.88,24.4,14.16,4.45,8.72,0.04,0.04,1.42,0.14,0.14,-0.35,84.33,49.0,6561.0,30472.83,True,14
58,Kamara,MID,18,1,0.18,0.18,20.18,22.11,12.25,3.16,8.6,0.03,0.04,1.35,0.14,0.14,-0.13,85.5,49.0,8860.5,39832.67,False,7
58,Kamara,MID,20,4,0.18,0.36,18.36,19.5,8.8,6.24,7.66,0.06,0.02,1.43,0.11,0.16,-0.19,84.17,49.0,10006.67,50221.67,True,16
58,Kamara,MID,21,3,0.0,0.35,15.41,16.55,12.03,5.31,9.92,0.05,0.04,1.53,-0.05,0.13,-0.12,84.67,49.0,9339.83,56752.83,False,8
59,Onana,MID,8,4,0.58,0.58,18.7,19.99,3.68,9.35,13.44,0.13,0.03,1.5,-0.13,-0.03,-0.92,51.33,49.67,2799.67,142839.67,False,18
59,Onana,MID,9,3,0.38,0.38,16.47,20.22,4.94,6.13,14.17,0.09,0.02,1.19,-0.09,-0.02,-0.43,58.75,49.25,1188.25,124850.75,True,13
59,Onana,MID,10,1,0.55,0.28,18.0,23.93,4.54,4.43,13.29,0.06,0.02,1.19,-0.06,-0.02,-0.64,65.0,49.0,1158.0,114359.4,False,12
59,Onana,MID,11,9,0.43,0.43,16.92,21.9,7.16,3.47,11.93,0.05,0.02,1.19,-0.05,-0.02,-0.32,69.17,48.83,1563.33,108105.83,True,4
59,Onana,MID,13,1,0.46,0.46,20.96,28.85,7.34,5.7,11.39,0.06,0.03,1.27,0.17,-0.03,-0.36,65.83,48.5,1986.17,96628.5,True,20
59,Onana,MID,14,11,0.52,0.26,22.56,30.66,7.63,2.33,11.93,0.01,0.02,1.21,0.25,-0.02,-0.43,57.83,48.17,-1217.17,75906.5,False,6
59,Onana,MID,15,2,0.41,0.21,25.8,34.47,6.28,9.29,13.0,0.04,0.02,1.41,0.37,-0.02,-0.18,72.67,48.0,175.83,77325.67,True,1
59,Onana,MID,16,2,0.42,0.21,24.97,31.43,5.45,9.44,12.17,0.04,0.02,1.71,0.38,-0.02,-0.46,71.5,48.0,1542.33,80121.5,False,19
59,Onana,MID,17,4,0.22,0.22,25.07,27.85,6.56,10.52,11.42,0.04,0.02,1.78,0.4,-0.02,0.02,67.0,48.0,2217.5,83572.33,True,14
59,Onana,MID,18,1,0.23,0.0,27.8,29.89,5.67,11.16,12.99,0.05,0.02,1.82,0.41,-0.02,-0.23,65.83,48.0,2390.0,87108.17,False,7
59,Onana,MID,19,1,0.0,0.0,23.76,22.85,5.84,10.11,13.15,0.04,0.02,1.68,0.21,-0.02,0.09,59.33,48.0,2751.5,91137.33,False,1
59,Onana,MID,23,5,0.0,0.0,21.92,20.98,5.83,9.79,11.42,0.04,0.02,1.61,0.19,-0.02,0.03,64.33,48.0,3391.83,95073.17,False,15
59,Onana,MID,25,4,0.23,0.0,16.64,13.5,8.72,1.88,10.31,0.0,0.02,1.58,0.0,-0.02,-0.64,64.0,48.0,3192.5,94428.5,False,4
59,Onana,MID,26,3,0.22,0.0,18.68,20.34,8.73,2.25,11.7,0.0,0.02,1.55,0.0,-0.02,-0.65,66.67,48.0,2612.33,93491.17,True,6
59,Onana,MID,27,2,0.44,0.0,17.08,19.36,7.69,2.63,12.04,0.01,0.02,1.39,-0.01,-0.02,-0.95,68.5,48.0,2502.17,92520.33,True,11
59,Onana,MID,28,2,0.46,0.0,15.54,18.28,5.68,9.97,10.9,0.1,0.01,1.28,-0.1,-0.01,-0.82,64.67,48.0,2336.33,91292.33,False,20
59,Onana,MID,29,2,0.4,0.0,14.3,16.99,5.32,11.68,10.47,0.13,0.01,1.26,-0.13,-0.01,-0.45,74.5,48.0,1724.67,89288.5,True,7
59,Onana,MID,30,2,0.37,0.0,13.72,15.48,4.65,10.61,9.7,0.12,0.01,1.72,-0.12,-0.01,-0.25,82.0,48.0,1185.0,86730.17,False,14
59,Onana,MID,31,5,0.18,0.0,12.94,16.51,5.7,14.76,9.29,0.15,0.03,1.54,-0.15,-0.03,0.47,82.33,48.0,1288.5,88607.0,True,19
59,Onana,MID,32,3,0.36,0.0,13.66,15.45,8.13,16.58,9.47,0.17,0.07,1.33,-0.17,-0.07,0.49,82.33,48.0,1046.17,89611.5,False,16
59,Onana,MID,33,1,0.18,0.0,15.18,17.72,9.99,16.59,9.88,0.16,0.07,1.43,-0.16,-0.07,0.52,85.0,48.0,370.17,90087.0,True,17
59,Onana,MID,38,1,0.17,0.17,13.5,16.43,11.45,11.67,9.67,0.14,0.07,1.56,-0.14,-0.07,0.6,90.0,48.0,-343.33,89785.33,False,13
81,Kluivert,MID,10,0,0.32,0.32,16.65,20.37,26.87,11.85,6.41,0.1,0.21,1.51,0.22,-0.21,0.09,46.83,70.0,7348.5,104469.67,False,13
81,Kluivert,MID,11,2,0.31,0.63,13.85,17.94,22.34,9.13,5.35,0.07,0.11,1.57,0.25,-0.11,0.0,47.67,70.0,4548.67,111566.0,False,2
81,Kluivert,MID,13,1,0.28,0.56,12.34,16.43,22.46,7.01,5.61,0.04,0.1,1.64,0.24,-0.1,0.33,53.5,70.0,3973.33,118054.33,False,17
81,Kluivert,MID,14,2,0.32,0.64,12.81,17.74,21.27,8.01,6.09,0.04,0.11,1.46,0.28,-0.11,0.14,46.83,70.0,798.67,118578.33,True,9
81,Kluivert,MID,15,3,0.56,0.84,5.05,5.61,19.54,5.05,5.05,0.03,0.14,1.44,-0.03,-0.14,-0.32,53.5,70.0,849.0,119090.83,True,7
81,Kluivert,MID,16,2,0.85,0.85,6.49,5.36,16.84,5.64,5.92,0.03,0.09,1.0,-0.03,-0.09,-0.43,53.17,70.0,-4358.0,113453.83,False,14
81,Kluivert,MID,17,3,0.53,0.53,8.45,5.6,20.61,5.28,5.28,0.01,0.11,1.77,-0.01,-0.11,-0.18,56.83,70.0,-5961.33,106084.33,True,3
81,Kluivert,MID,18,0,0.72,0.24,11.25,6.22,24.13,5.51,6.22,0.02,0.11,1.53,-0.02,-0.11,-0.09,62.67,70.0,-1635.0,103553.33,False,5
81,Kluivert,MID,19,9,0.75,0.5,11.53,6.42,31.14,10.53,5.52,0.23,0.16,1.92,-0.23,-0.16,-0.42,59.83,70.0,-1042.0,100817.67,False,7
81,Kluivert,MID,20,2,0.63,0.42,16.53,13.98,30.93,15.7,6.91,0.36,0.14,2.02,-0.15,-0.14,-0.35,71.67,70.0,723.67,102206.67,True,1
81,Kluivert,MID,37,0,0.41,0.21,16.59,14.43,35.63,15.14,6.84,0.37,0.13,1.95,-0.16,-0.13,0.33,72.33,70.0,1021.33,103877.67,True,13
81,Kluivert,MID,38,1,0.24,0.48,17.04,16.03,38.23,16.56,6.96,0.43,0.15,2.21,-0.19,-0.15,0.67,62.5,69.83,1474.17,101023.33,False,16
82,Semenyo,MID,4,13,0.67,0.33,19.0,32.73,20.23,35.67,6.67,0.6,0.05,0.95,0.07,0.28,0.38,90.0,71.33,629211.67,1724003.67,True,6
82,Semenyo,MID,5,5,0.5,0.25,24.0,40.35,21.35,34.0,7.0,0.67,0.05,0.87,0.08,0.45,0.38,90.0,72.0,745737.75,2341096.5,True,15
82,Semenyo,MID,6,7,0.6,0.2,21.0,34.04,19.86,28.0,8.4,0.56,0.05,0.72,0.04,0.35,0.28,90.0,72.8,811619.4,2933448.4,False,11
82,Semenyo,MID,7,18,0.5,0.17,21.17,35.43,19.32,24.83,8.17,0.5,0.05,0.91,0.17,0.28,0.26,90.0,73.5,814633.0,3474140.33,True,10
82,Semenyo,MID,8,4,0.5,0.17,24.67,39.77,21.85,30.0,8.83,0.46,0.06,0.69,0.21,0.44,-0.02,90.0,74.83,906777.5,4525694.83,False,8
82,Semenyo,MID,9,3,0.33,0.33,24.0,37.5,16.35,27.0,8.83,0.37,0.05,1.35,0.3,0.45,-0.19,90.0,76.33,898082.67,5502364.0,True,16
82,Semenyo,MID,10,2,0.33,0.17,25.67,36.97,14.63,24.83,8.5,0.34,0.05,1.38,0.33,0.45,-0.21,90.0,77.67,770231.0,6334418.67,False,13
82,Semenyo,MID,11,0,0.33,0.17,20.17,28.3,12.3,24.0,8.33,0.19,0.04,1.64,0.3,0.29,-0.15,90.0,78.83,585946.5,6950751.67,False,2
82,Semenyo,MID,13,1,0.17,0.17,18.17,27.73,10.48,26.17,7.17,0.31,0.03,1.9,0.19,0.3,0.26,90.0,79.67,413773.33,7399064.83,False,17
82,Semenyo,MID,14,4,0.17,0.33,15.5,21.5,16.52,28.5,6.83,0.29,0.11,1.81,0.04,0.22,0.52,90.0,80.0,139244.67,7416323.5,True,9
82,Semenyo,MID,15,3,0.17,0.33,7.83,9.5,14.62,25.17,7.67,0.22,0.12,1.9,-0.22,0.04,0.43,90.0,80.0,29847.5,7376901.0,True,7
82,Semenyo,MID,16,6,0.33,0.17,9.0,11.23,19.6,31.67,7.67,0.23,0.14,1.32,-0.23,-0.14,0.51,90.0,79.5,-200714.83,7088024.0,False,14
82,Semenyo,MID,17,10,0.17,0.33,11.17,16.37,21.05,31.67,7.5,0.25,0.14,1.81,-0.08,-0.14,0.69,90.0,78.67,-365856.5,6633537.67,True,3
82,Semenyo,MID,18,9,0.17,0.33,16.5,21.03,25.4,32.5,7.67,0.26,0.21,1.5,0.07,-0.21,0.66,90.0,77.83,-295263.0,6283472.5,False,5
82,Semenyo,MID,19,5,0.17,0.33,23.33,28.83,27.4,42.5,8.0,0.26,0.22,1.83,0.24,-0.22,0.34,90.0,77.17,-256546.17,5952199.33,False,7
82,Semenyo,MID,20,1,0.17,0.17,23.5,28.87,19.45,44.67,8.5,0.28,0.14,2.0,0.22,0.03,-0.0,90.0,76.83,-132935.5,5871364.0,True,1
82,Semenyo,MID,21,6,0.17,0.33,21.67,25.93,20.57,39.0,7.67,0.26,0.12,1.95,0.24,0.05,0.38,90.0,76.67,-138117.83,5745573.67,True,18
82,Semenyo,MID,22,2,0.0,0.5,23.17,29.07,15.8,30.33,8.0,0.25,0.1,2.0,0.41,0.07,0.67,90.0,76.5,-69542.67,5699575.33,False,14
82,Semenyo,MID,23,8,0.0,0.33,21.17,24.33,17.42,29.33,7.83,0.24,0.12,1.83,0.26,0.05,0.51,90.0,76.5,70580.67,5794443.83,True,20
82,Semenyo,MID,24,7,0.17,0.33,18.83,23.93,11.83,30.83,7.5,0.27,0.05,1.86,0.23,0.12,0.3,90.0,76.67,37316.83,5829054.17,False,18
82,Semenyo,MID,25,2,0.17,0.33,16.0,21.63,10.22,24.33,6.67,0.25,0.04,1.43,0.25,0.13,0.4,90.0,76.83,34305.83,5871290.0,False,12
82,Semenyo,MID,26,14,0.17,0.33,15.5,20.97,12.58,21.17,5.83,0.24,0.04,1.24,0.26,-0.04,0.43,90.0,77.0,67510.83,5967396.67,True,10
82,Semenyo,MID,27,4,0.33,0.17,20.5,29.43,13.58,26.17,5.0,0.31,0.06,1.29,0.36,0.1,-0.12,90.0,77.33,74717.17,6049646.0,True,15
82,Semenyo,MID,28,8,0.34,0.0,18.97,26.9,17.88,28.71,6.04,0.34,0.07,1.17,0.16,0.09,-0.16,89.33,78.0,165600.67,6227746.67,False,11
82,Semenyo,MID,29,7,0.5,0.0,21.66,31.87,15.55,33.58,5.88,0.48,0.05,1.04,0.19,0.12,-0.37,89.33,78.83,186259.83,6422656.67,True,16
82,Semenyo,MID,30,2,0.34,0.0,22.33,32.91,17.75,31.57,6.21,0.47,0.05,1.1,0.21,0.12,-0.09,89.33,79.67,213248.67,6645449.33,False,19
82,Semenyo,MID,32,2,0.35,0.0,20.6,27.28,18.73,27.0,6.06,0.39,0.05,1.05,0.13,0.12,-0.18,86.67,80.5,198338.33,6851754.5,False,7
82,Semenyo,MID,33,2,0.52,0.17,22.15,28.9,18.62,30.63,6.06,0.41,0.06,1.04,0.11,0.12,-0.35,86.67,81.17,231494.33,7004473.67,True,1
82,Semenyo,MID,33,3,0.35,0.17,16.96,20.56,16.6,26.48,6.06,0.32,0.03,1.07,0.02,-0.03,-0.21,86.67,81.67,271474.83,7224283.83,False,3
82,Semenyo,MID,35,2,0.54,0.18,17.89,18.65,15.2,25.3,4.52,0.33,0.07,1.14,0.03,-0.07,-0.41,83.0,82.0,233979.5,7374127.0,False,9
82,Semenyo,MID,36,3,0.37,0.19,14.19,13.82,15.09,22.03,4.67,0.2,0.08,1.2,-0.01,-0.08,-0.08,80.33,82.17,167475.17,7311742.83,True,5
82,Semenyo,MID,36,9,0.56,0.19,12.51,8.85,15.37,21.66,4.48,0.17,0.11,1.06,-0.17,-0.11,-0.31,80.33,82.0,62350.33,7139705.17,True,8
82,Semenyo,MID,37,1,0.72,0.18,15.54,15.14,14.77,25.48,4.34,0.19,0.12,1.05,-0.01,-0.12,-0.51,83.0,81.67,-8001.17,6940677.17,False,4
82,Semenyo,MID,38,6,0.58,0.0,15.16,15.43,15.2,22.55,4.47,0.15,0.13,1.06,0.04,-0.13,-0.28,77.17,81.5,-82587.33,6756611.83,True,2
83,O.Dango,MID,5,1,0.47,0.0,19.42,27.76,2.27,37.42,10.89,0.4,0.01,1.48,0.07,-0.01,-0.06,63.33,60.0,28490.0,94206.67,False,10
83,O.Dango,MID,6,2,0.42,0.0,16.33,24.53,2.13,37.67,9.63,0.41,0.01,1.31,0.01,-0.01,-0.05,53.75,60.0,19032.5,96171.75,True,14
83,O.Dango,MID,7,0,0.31,0.0,14.01,19.37,5.04,36.44,8.1,0.43,0.09,1.29,-0.12,-0.09,-0.05,57.8,60.0,9782.4,91716.8,True,13
83,O.Dango,MID,8,3,0.29,0.29,12.73,18.0,4.69,34.44,7.52,0.4,0.08,1.2,-0.11,-0.08,-0.04,51.83,60.0,5912.33,86732.5,False,19
83,O.Dango,MID,9,11,0.3,0.3,5.64,5.88,13.43,28.51,5.35,0.32,0.1,0.99,-0.32,-0.1,0.2,50.5,60.0,4751.33,94503.33,True,12
83,O.Dango,MID,10,2,0.3,0.3,11.29,12.59,14.26,47.52,5.64,0.5,0.1,1.1,-0.2,0.19,0.08,50.5,60.0,-13029.33,74604.5,False,8
83,O.Dango,MID,11,4,0.25,0.25,11.5,11.75,13.02,40.0,6.0,0.43,0.09,0.97,-0.18,0.16,0.28,60.0,60.0,-8134.83,67764.67,True,15
83,O.Dango,MID,12,5,0.21,0.42,12.92,10.59,11.67,33.88,6.14,0.35,0.08,0.91,-0.14,0.35,0.36,70.83,60.0,-6937.17,61363.0,False,6
83,O.Dango,MID,13,12,0.43,0.65,15.18,10.8,9.74,30.14,7.81,0.27,0.03,0.82,-0.05,0.62,0.27,69.17,60.0,469.5,63093.83,True,3
83,O.Dango,MID,14,2,0.37,0.37,20.31,17.25,13.45,32.24,7.45,0.37,0.07,0.88,-0.0,0.68,0.24,80.5,60.0,6012.83,77527.33,False,1
83,O.Dango,MID,15,4,0.18,0.36,19.34,17.06,7.3,26.57,7.59,0.28,0.05,1.12,0.08,0.67,0.33,83.0,60.0,9799.83,87790.17,False,18
83,O.Dango,MID,16,2,0.18,0.36,17.64,14.69,7.58,11.64,8.55,0.16,0.05,1.17,0.02,0.49,0.28,82.5,60.0,13904.67,102194.0,True,11
83,O.Dango,MID,22,1,0.18,0.35,15.68,13.74,6.97,12.33,8.81,0.17,0.05,1.29,0.0,0.48,-0.05,85.17,60.17,30797.5,140599.67,False,7
83,O.Dango,MID,23,1,0.21,0.21,16.18,15.76,7.53,12.24,9.54,0.19,0.06,1.44,0.01,0.36,-0.19,72.33,59.83,30955.33,136949.5,True,16
83,O.Dango,MID,24,8,0.0,0.0,13.62,18.85,15.68,20.85,9.79,0.4,0.14,1.47,-0.19,0.07,0.02,70.5,59.5,28282.67,130099.67,False,2
83,O.Dango,MID,25,12,0.0,0.0,11.71,18.64,11.76,18.6,9.64,0.28,0.11,1.7,-0.05,-0.11,-0.32,65.33,59.17,24683.0,112250.17,False,15
83,O.Dango,MID,26,1,0.0,0.0,19.52,28.97,17.82,24.57,8.72,0.32,0.18,1.81,0.14,0.05,-0.43,65.33,58.83,22912.17,100498.33,True,1
83,O.Dango,MID,27,2,0.0,0.23,17.09,27.25,20.62,25.29,7.29,0.33,0.18,1.44,0.13,0.05,-0.3,65.83,58.5,22545.0,88447.5,True,6
83,O.Dango,MID,28,5,0.0,0.23,19.37,29.44,27.5,25.52,6.38,0.37,0.33,1.34,0.08,-0.1,0.03,65.83,58.0,18835.33,65492.83,False,3
83,O.Dango,MID,29,3,0.0,0.2,21.66,30.36,28.95,23.64,6.56,0.33,0.33,1.33,0.07,0.07,0.46,75.5,58.17,53559.83,120266.0,False,4
83,O.Dango,MID,30,8,0.19,0.19,21.67,26.74,20.04,17.59,5.93,0.16,0.23,1.48,0.21,0.14,0.0,81.0,58.33,67347.0,188442.17,True,20
83,O.Dango,MID,31,1,0.18,0.18,22.19,25.47,27.11,16.38,7.05,0.14,0.38,1.39,0.04,0.14,0.38,85.17,58.67,73184.17,262318.0,False,11
83,O.Dango,MID,32,2,0.21,0.21,18.87,19.04,26.52,12.44,8.09,0.12,0.39,1.18,-0.12,0.03,0.47,72.33,59.0,77870.17,343925.5,True,9
83,O.Dango,MID,33,3,0.21,0.0,20.32,19.66,28.7,21.36,8.29,0.13,0.45,1.38,-0.13,-0.03,0.49,72.33,59.33,57150.17,401422.67,True,10
83,O.Dango,MID,34,1,0.41,0.0,20.12,20.41,28.41,28.41,7.47,0.11,0.33,1.31,-0.11,0.09,0.14,72.33,59.5,30204.67,416993.83,False,14
83,O.Dango,MID,35,6,0.4,0.2,14.11,17.05,28.21,32.98,6.95,0.23,0.31,1.35,-0.23,-0.12,-0.15,75.5,59.5,-9182.33,402502.33,True,19
83,O.Dango,MID,36,1,0.39,0.2,15.0,16.78,28.97,31.58,6.91,0.22,0.31,1.16,-0.22,0.08,0.02,76.0,59.33,-30219.33,372797.5,False,13
83,O.Dango,MID,37,15,0.46,0.23,11.88,12.52,26.02,32.66,6.4,0.25,0.18,1.34,-0.25,0.05,0.03,65.67,58.83,-45288.67,327751.33,True,8
83,O.Dango,MID,38,2,0.38,0.19,17.58,23.85,23.92,42.99,4.97,0.39,0.16,1.43,-0.01,0.03,0.1,78.5,58.33,-52005.17,273256.17,False,12
84,Tavernier,MID,4,2,0.73,0.0,20.4,26.16,13.08,29.15,10.57,0.3,0.12,1.0,0.07,-0.12,0.46,82.33,55.0,20750.33,75082.67,True,6
84,Tavernier,MID,5,3,0.54,0.0,17.62,19.95,13.77,23.58,10.03,0.23,0.12,0.91,0.04,-0.12,0.44,83.0,55.0,30836.75,106278.75,True,15
84,Tavernier,MID,6,1,0.67,0.0,15.3,18.84,14.17,20.62,9.75,0.2,0.1,0.78,0.02,-0.1,0.33,81.2,55.0,25125.6,124936.6,False,11
84,Tavernier,MID,7,3,0.62,0.0,14.86,18.37,15.71,20.02,9.91,0.19,0.1,0.82,0.02,-0.1,0.21,72.67,55.0,19657.0,136208.33,True,10
84,Tavernier,MID,8,5,0.89,0.0,11.75,15.38,20.64,15.96,7.32,0.13,0.1,0.44,0.09,-0.1,-0.22,67.67,55.0,15595.67,158969.67,False,8
84,Tavernier,MID,9,11,0.64,0.0,7.3,11.43,24.66,9.88,8.16,0.09,0.19,0.98,-0.09,0.03,-0.33,69.83,55.0,9213.17,172938.67,True,16
84,Tavernier,MID,10,2,0.63,0.0,14.48,18.55,27.99,11.12,7.13,0.04,0.19,1.0,0.17,0.02,-0.37,71.5,55.0,1758.33,176834.0,False,13
84,Tavernier,MID,11,2,0.62,0.0,14.72,19.08,26.05,10.78,6.64,0.04,0.17,1.32,0.17,0.04,-0.29,72.33,55.0,-3022.33,174571.17,False,2
84,Tavernier,MID,12,7,0.4,0.0,16.6,19.12,32.36,11.2,6.6,0.08,0.2,1.59,0.12,0.0,0.21,75.0,55.0,250.0,176222.33,True,19
84,Tavernier,MID,13,1,0.35,0.0,18.88,24.07,31.45,15.71,6.35,0.27,0.19,1.43,0.08,-0.01,0.51,85.0,55.0,6841.83,185911.0,False,17
84,Tavernier,MID,14,1,0.17,0.17,19.33,23.87,32.85,16.33,6.0,0.29,0.19,1.53,0.04,-0.03,0.8,90.0,55.0,14150.67,201882.33,True,9
84,Tavernier,MID,15,5,0.19,0.19,19.31,22.61,32.76,18.75,5.44,0.33,0.11,1.28,0.05,-0.11,1.16,80.0,55.0,17172.17,220399.5,True,7
84,Tavernier,MID,16,12,0.19,0.19,15.56,17.21,26.49,16.12,8.25,0.36,0.1,1.38,-0.17,-0.1,1.05,80.0,55.0,11940.17,232872.33,False,14
84,Tavernier,MID,17,2,0.19,0.19,21.75,27.9,31.24,22.5,8.44,0.51,0.1,1.58,-0.14,0.09,1.04,80.0,55.0,1281.17,234574.17,True,3
84,Tavernier,MID,18,1,0.19,0.19,21.56,26.06,25.33,22.31,8.06,0.47,0.07,1.34,-0.1,0.11,0.73,80.0,55.17,28282.5,268933.83,False,5
84,Tavernier,MID,19,3,0.19,0.38,20.06,21.08,24.13,19.31,8.06,0.26,0.06,1.9,-0.08,0.13,0.54,80.0,55.33,27101.5,294912.0,False,7
84,Tavernier,MID,20,2,0.19,0.38,19.31,20.96,15.39,16.31,9.38,0.23,0.04,2.09,-0.05,0.14,0.16,80.0,55.5,15248.67,307166.33,True,1
84,Tavernier,MID,21,5,0.17,0.33,18.83,20.37,16.1,16.67,9.67,0.27,0.04,1.95,-0.1,0.13,0.38,90.0,55.67,9748.5,317488.67,True,18
84,Tavernier,MID,22,8,0.0,0.34,19.65,22.47,19.65,14.94,8.73,0.23,0.05,2.01,-0.07,0.28,0.68,89.33,55.83,11621.17,330538.83,False,6
84,Tavernier,MID,27,1,0.17,0.35,15.52,18.59,16.9,12.38,8.72,0.24,0.12,1.61,-0.06,0.06,0.48,86.0,55.83,22195.0,354268.5,False,19
84,Tavernier,MID,28,7,0.21,0.41,15.69,20.97,16.7,13.62,9.08,0.27,0.12,1.87,-0.06,0.08,0.4,72.67,55.33,-10154.17,307545.67,True,17
84,Tavernier,MID,29,2,0.21,0.21,18.17,24.0,16.14,19.86,9.08,0.32,0.16,1.42,-0.11,0.26,0.27,71.0,54.83,-10605.0,266266.5,True,5
84,Tavernier,MID,30,3,0.42,0.21,18.17,22.69,20.77,27.46,8.24,0.6,0.17,1.02,-0.39,0.25,0.25,71.0,54.33,6192.83,244794.17,False,3
84,Tavernier,MID,31,2,0.63,0.21,19.65,23.87,28.82,26.41,8.45,0.57,0.25,1.07,-0.35,0.17,-0.44,71.0,53.83,26582.5,240608.33,True,14
84,Tavernier,MID,32,2,0.63,0.21,18.21,23.36,29.47,29.72,8.16,0.61,0.23,1.18,-0.4,-0.03,-0.55,71.67,53.5,27700.83,235262.67,False,1
84,Tavernier,MID,33,7,0.4,0.2,17.0,17.44,29.26,24.6,8.6,0.42,0.16,1.48,-0.42,0.04,-0.68,75.0,53.33,66624.5,270240.33,False,15
84,Tavernier,MID,33,2,0.34,0.34,18.58,22.67,31.84,29.66,8.86,0.56,0.22,1.4,-0.39,-0.05,-0.55,88.0,53.5,101763.33,419970.5,True,11
84,Tavernier,MID,35,3,0.33,0.33,15.89,18.54,33.39,22.75,8.87,0.52,0.2,1.23,-0.35,-0.2,-0.4,89.67,53.67,131527.83,565767.83,True,8
84,Tavernier,MID,36,2,0.34,0.17,17.05,18.88,31.02,20.26,8.61,0.31,0.19,1.24,-0.14,-0.19,-0.39,88.83,53.83,126786.5,645064.17,False,10
84,Tavernier,MID,37,2,0.35,0.35,15.75,18.66,26.95,23.37,8.13,0.32,0.14,1.2,-0.15,-0.14,-0.33,86.67,54.0,106162.17,702916.33,True,13
84,Tavernier,MID,38,10,0.35,0.35,17.65,17.72,30.84,21.29,8.13,0.28,0.22,1.18,-0.11,-0.22,-0.49,86.67,54.0,93525.0,749984.5,False,16
85,Adams,MID,4,1,0.67,0.67,14.16,17.87,2.97,9.44,13.48,0.02,0.04,0.91,-0.02,-0.04,0.1,89.0,50.0,247.0,33336.0,True,6
85,Adams,MID,5,3,0.5,0.76,14.37,16.24,5.57,7.06,12.86,0.02,0.03,0.84,-0.02,-0.03,0.17,89.25,50.0,1250.75,36395.5,True,15
85,Adams,MID,6,2,0.6,0.6,15.3,16.23,5.26,9.06,12.48,0.02,0.03,0.7,-0.02,-0.03,0.11,89.4,50.0,849.6,38246.6,False,11
85,Adams,MID,7,2,0.51,0.51,16.22,16.02,5.02,8.03,12.3,0.02,0.03,0.89,-0.02,-0.03,0.13,87.83,50.0,903.83,39873.67,True,10
85,Adams,MID,8,3,0.53,0.53,17.33,14.81,5.67,8.75,11.03,0.03,0.01,0.65,-0.03,-0.01,0.05,85.67,50.0,843.83,43901.5,False,8
85,Adams,MID,9,6,0.35,0.52,16.54,14.48,5.31,7.66,12.36,0.02,0.01,1.35,-0.02,-0.01,-0.13,86.17,50.0,24.67,45452.67,True,16
85,Adams,MID,10,8,0.35,0.35,17.58,17.41,7.05,4.7,12.19,0.02,0.01,1.38,-0.02,0.16,-0.16,86.17,50.0,352.17,47066.67,False,13
85,Adams,MID,11,2,0.36,0.18,21.34,23.69,6.49,10.67,11.74,0.08,0.02,1.65,0.09,0.16,-0.05,84.33,50.0,-353.5,47480.5,False,2
85,Adams,MID,12,2,0.18,0.18,19.39,21.91,6.21,7.65,10.67,0.08,0.02,1.93,0.1,0.16,0.38,84.33,50.0,1278.83,49615.33,True,19
85,Adams,MID,13,9,0.18,0.18,18.53,21.99,7.2,7.66,10.51,0.07,0.02,1.73,0.11,0.16,0.58,84.17,50.0,1529.17,51921.0,False,17
85,Adams,MID,14,1,0.18,0.18,22.05,27.25,6.78,8.86,9.94,0.07,0.02,1.87,0.29,0.16,0.84,83.0,50.0,1495.83,54013.5,True,9
85,Adams,MID,16,1,0.18,0.18,21.51,24.8,6.6,9.04,8.31,0.07,0.02,1.32,0.29,0.16,1.02,83.0,50.0,2807.17,57565.17,False,14
85,Adams,MID,27,5,0.0,0.22,22.28,24.73,5.4,10.92,7.86,0.09,0.03,1.56,0.35,-0.03,1.28,68.67,50.0,2092.0,58172.83,False,19
85,Adams,MID,28,1,0.23,0.23,18.77,19.04,4.45,3.84,9.72,0.01,0.02,1.5,0.22,-0.02,0.76,66.33,49.83,2149.33,55745.17,True,17
85,Adams,MID,29,4,0.24,0.49,19.76,21.12,4.68,4.15,11.71,0.01,0.02,1.5,0.24,-0.02,0.21,61.5,49.67,776.17,51733.17,True,5
85,Adams,MID,32,1,0.47,0.71,18.95,20.61,5.97,3.55,12.08,0.01,0.02,1.4,0.23,-0.02,-0.21,63.33,49.5,368.0,47192.67,False,1
85,Adams,MID,33,1,0.55,0.82,14.18,14.07,6.44,1.91,13.09,0.01,0.02,1.39,-0.01,-0.02,-0.85,55.0,49.33,363.17,42779.0,False,15
85,Adams,MID,35,3,0.65,0.65,19.42,21.95,11.72,1.62,14.57,0.02,0.06,1.62,-0.02,0.26,-0.64,46.33,49.0,212.17,34398.5,True,8
85,Adams,MID,36,1,0.64,0.64,16.65,19.15,19.44,2.24,10.89,0.02,0.09,1.21,-0.02,0.23,-0.25,46.83,49.0,183.17,34614.17,False,10
86,Brooks,MID,4,1,0.85,0.42,24.62,22.92,38.04,29.72,6.79,0.3,0.5,0.98,-0.3,-0.08,-0.14,70.67,50.0,3326.33,23510.33,True,6
86,Brooks,MID,5,3,0.65,0.65,18.78,17.48,29.95,25.25,7.12,0.26,0.39,0.94,-0.26,-0.06,0.04,69.5,50.0,5830.75,29710.5,True,15
86,Brooks,MID,6,1,0.79,0.53,17.47,15.3,28.4,21.71,7.41,0.21,0.33,0.8,-0.21,-0.06,-0.01,68.0,50.0,4402.4,33010.8,False,11
86,Brooks,MID,7,2,0.73,0.49,17.27,15.23,27.75,24.32,7.54,0.21,0.32,0.85,-0.21,-0.07,-0.12,61.67,50.0,3821.17,35490.33,True,10
86,Brooks,MID,9,0,0.73,0.24,14.31,9.61,19.6,20.86,6.55,0.17,0.27,0.55,-0.17,-0.27,-0.06,61.83,50.0,3163.33,40887.0,True,16
86,Brooks,MID,10,2,0.55,0.55,12.42,8.67,15.85,21.53,6.9,0.17,0.15,0.57,-0.17,-0.15,-0.01,54.33,50.0,457.67,41004.83,False,13
86,Brooks,MID,11,1,0.28,0.56,9.17,6.33,12.33,15.0,7.5,0.08,0.08,1.1,-0.08,-0.08,0.29,54.0,50.0,-196.0,40294.0,False,2
86,Brooks,MID,12,1,0.33,0.33,11.96,7.57,13.92,16.94,6.97,0.09,0.09,1.32,-0.09,-0.09,0.34,45.17,50.0,-2522.0,36605.17,True,19
86,Brooks,MID,21,4,0.32,0.32,18.13,27.52,36.97,67.34,6.15,0.94,0.31,1.55,-0.62,-0.31,0.39,46.33,50.0,64.33,23000.5,True,18
86,Brooks,MID,25,1,0.31,0.31,19.69,31.44,38.66,66.56,6.56,0.94,0.31,1.79,-0.62,0.01,0.4,48.0,50.0,426.67,23590.17,True,2
86,Brooks,MID,26,0,0.31,0.31,19.86,28.99,38.39,55.55,6.52,0.84,0.31,1.78,-0.53,0.0,0.39,48.33,50.0,504.0,23554.33,False,9
87,Christie,MID,31,9,0.62,0.31,16.82,14.82,13.48,12.77,12.46,0.12,0.06,1.77,-0.12,-0.06,-1.46,48.17,49.0,110.67,7722.17,True,14
87,Christie,MID,32,2,0.54,0.27,20.89,21.43,11.89,9.38,11.52,0.06,0.06,1.98,0.21,-0.06,-1.18,56.0,49.0,102.67,7856.67,False,1
87,Christie,MID,33,2,0.55,0.28,21.26,23.58,8.09,9.39,12.7,0.07,0.05,1.98,0.21,-0.05,-1.16,54.33,49.0,1939.0,9873.33,False,15
87,Christie,MID,33,2,0.74,0.49,19.67,22.48,10.35,8.61,12.54,0.06,0.08,1.44,0.18,-0.08,-0.7,61.0,49.0,3007.83,13718.33,True,11
87,Christie,MID,35,1,0.66,0.22,20.63,21.12,11.88,19.1,11.85,0.08,0.08,1.34,0.14,-0.08,-0.46,68.33,49.0,4112.5,17560.67,True,8
87,Christie,MID,36,-2,0.5,0.25,21.37,22.83,10.16,20.61,11.82,0.09,0.06,1.65,0.16,-0.06,-0.65,59.67,49.0,3859.0,19744.17,False,10
88,Cook,MID,18,4,0.0,0.0,17.76,18.96,31.73,2.41,14.75,0.01,0.06,0.72,-0.01,-0.06,1.38,49.83,49.0,188.0,3087.83,False,5
88,Cook,MID,20,4,0.0,0.0,16.93,19.21,25.03,2.32,13.92,0.02,0.05,1.41,-0.02,-0.05,1.15,64.67,49.0,213.83,3264.17,True,1
88,Cook,MID,21,3,0.0,0.0,18.67,24.13,28.08,1.91,14.12,0.02,0.05,1.4,-0.02,0.19,1.23,62.67,49.0,158.67,3376.5,True,18
88,Cook,MID,22,4,0.0,0.21,18.17,23.0,25.12,1.5,14.54,0.01,0.05,1.34,-0.01,0.16,1.01,70.17,49.0,178.5,3507.33,False,6
88,Cook,MID,23,4,0.0,0.21,16.46,22.57,11.42,1.28,15.18,0.01,0.04,1.43,-0.01,0.18,0.71,70.17,49.0,208.0,3649.33,True,12
88,Cook,MID,24,3,0.0,0.19,18.93,23.99,12.3,0.77,15.64,0.01,0.03,1.43,-0.01,0.16,0.51,77.67,49.0,244.5,3822.33,False,20
88,Cook,MID,25,4,0.19,0.19,18.35,23.06,8.29,0.77,14.48,0.01,0.02,1.62,-0.01,0.17,0.12,77.67,49.0,405.0,4336.5,True,2
88,Cook,MID,26,1,0.19,0.19,19.12,22.79,14.47,0.39,15.06,0.0,0.06,1.0,0.0,0.14,0.16,77.67,49.0,431.17,4861.67,False,9
88,Cook,MID,37,1,0.2,0.2,16.63,18.31,10.6,0.39,14.87,0.0,0.05,1.15,0.0,-0.05,0.03,76.67,49.0,609.67,5576.17,True,13
88,Cook,MID,38,1,0.24,0.0,19.16,20.62,12.86,0.49,14.8,0.0,0.06,1.24,0.0,-0.06,-0.03,61.83,49.0,561.17,5659.5,False,16
90,Scott,MID,4,9,0.9,0.45,13.95,9.72,20.88,5.4,7.2,0.04,0.07,1.0,-0.04,-0.07,-0.1,66.67,50.0,-232.33,9799.67,True,6
90,Scott,MID,5,3,0.68,0.34,22.33,23.41,20.03,7.11,8.8,0.05,0.06,0.95,0.28,-0.06,0.07,66.5,50.0,-68.0,10398.5,True,15
90,Scott,MID,6,1,0.82,0.27,21.4,21.07,18.58,6.04,9.88,0.06,0.05,0.81,0.21,-0.05,0.02,65.6,50.0,2689.8,14073.8,False,11
90,Scott,MID,7,4,0.75,0.25,20.36,20.26,18.6,5.53,9.3,0.06,0.06,0.86,0.2,-0.06,-0.11,59.67,50.0,4103.0,18554.67,True,10
90,Scott,MID,8,2,0.72,0.24,22.32,22.13,19.25,6.24,12.24,0.08,0.06,0.6,0.16,-0.06,-0.12,62.5,50.0,4149.5,24071.0,False,8
90,Scott,MID,9,3,0.48,0.0,21.78,21.88,18.57,5.74,11.73,0.08,0.06,0.92,0.16,-0.06,-0.2,62.67,50.0,4221.0,29397.33,True,16
90,Scott,MID,10,5,0.46,0.0,21.07,21.44,11.56,7.1,12.14,0.09,0.04,0.95,0.14,-0.04,-0.27,65.5,50.0,3962.67,34369.83,False,13
90,Scott,MID,11,2,0.45,0.0,18.27,11.86,11.3,4.96,10.38,0.08,0.05,1.25,-0.08,0.18,-0.12,66.5,50.0,3291.33,38527.83,False,2
90,Scott,MID,12,1,0.23,0.0,19.4,13.49,9.86,6.77,10.38,0.08,0.04,1.41,-0.08,0.18,0.17,66.5,50.0,933.0,39949.17,True,19
90,Scott,MID,13,0,0.22,0.0,19.57,14.17,9.11,11.52,11.3,0.08,0.04,1.37,-0.08,0.18,0.58,69.0,50.0,-788.33,39588.67,False,17
90,Scott,MID,14,4,0.24,0.24,15.61,12.59,8.32,12.44,9.51,0.08,0.04,1.58,-0.08,0.21,0.61,61.5,50.0,-1245.0,38741.33,True,9
90,Scott,MID,15,5,0.24,0.24,17.2,15.13,7.49,11.78,11.31,0.06,0.05,1.43,-0.06,0.19,0.69,63.67,50.0,-1638.5,37365.83,True,7
90,Scott,MID,16,2,0.23,0.23,18.09,15.21,7.85,13.97,12.14,0.04,0.04,1.53,-0.04,0.19,0.54,65.5,50.0,-1476.83,36146.67,False,14
90,Scott,MID,17,1,0.22,0.22,14.41,15.16,5.21,14.63,13.52,0.07,0.03,1.73,-0.07,-0.03,0.49,67.67,50.0,-1305.33,35097.5,True,3
90,Scott,MID,18,5,0.26,0.26,13.3,13.98,5.58,14.87,13.3,0.07,0.03,1.82,-0.07,-0.03,0.27,57.5,50.0,-932.83,34415.83,False,5
90,Scott,MID,19,2,0.23,0.23,18.09,15.6,11.56,10.57,13.39,0.13,0.04,2.21,-0.13,-0.04,-0.1,63.83,50.0,-1162.67,33377.17,False,7
90,Scott,MID,20,2,0.21,0.0,19.14,15.81,12.72,9.46,13.46,0.11,0.04,2.24,-0.11,-0.04,-0.14,71.33,50.0,-1042.5,32498.0,True,1
90,Scott,MID,21,4,0.21,0.0,18.98,15.57,11.3,9.6,13.01,0.11,0.02,2.21,-0.11,-0.02,0.35,70.33,50.0,-800.83,31886.5,True,18
90,Scott,MID,22,4,0.0,0.0,18.13,14.97,11.22,5.55,12.58,0.12,0.07,2.28,-0.12,-0.07,0.71,70.33,50.0,-655.33,31410.5,False,6
90,Scott,MID,23,5,0.0,0.0,18.34,15.89,14.16,5.9,12.86,0.11,0.07,1.82,-0.11,-0.07,0.5,71.17,50.0,-230.17,31377.17,True,12
90,Scott,MID,24,13,0.0,0.0,18.49,17.02,13.78,6.1,12.03,0.11,0.12,1.67,-0.11,0.05,0.6,86.0,50.0,-383.83,31127.5,False,20
90,Scott,MID,25,2,0.17,0.0,18.93,21.24,10.15,11.19,12.39,0.2,0.11,1.37,-0.02,0.06,0.35,87.17,50.0,1591.17,33032.83,True,2
90,Scott,MID,26,4,0.17,0.0,20.48,22.47,11.39,13.08,12.39,0.22,0.11,1.04,-0.04,0.06,0.5,87.17,50.0,8058.0,41788.0,False,9
90,Scott,MID,27,5,0.17,0.0,20.17,21.6,11.87,12.33,13.0,0.21,0.11,1.33,-0.04,0.06,-0.16,90.0,50.0,10829.17,53200.0,False,19
90,Scott,MID,28,3,0.33,0.0,20.67,24.23,13.87,16.0,12.67,0.22,0.08,1.67,-0.06,0.08,-0.84,90.0,50.0,15094.17,68774.83,True,17
90,Scott,MID,29,3,0.33,0.17,20.67,23.77,13.45,18.0,12.67,0.3,0.08,1.73,-0.13,0.08,-0.9,90.0,50.0,22768.5,92459.67,True,5
90,Scott,MID,30,5,0.5,0.17,18.83,22.27,17.67,19.17,12.83,0.3,0.07,1.64,-0.13,-0.07,-1.14,90.0,50.17,22360.33,115225.5,False,3
90,Scott,MID,31,2,0.5,0.17,17.33,18.97,16.67,13.67,13.17,0.16,0.08,1.64,-0.16,-0.08,-1.14,90.0,50.33,19659.33,135281.33,True,14
90,Scott,MID,32,12,0.5,0.17,17.67,19.5,18.22,12.17,13.17,0.15,0.09,1.87,-0.15,-0.09,-1.2,90.0,50.5,12238.5,144718.5,False,1
90,Scott,MID,33,1,0.5,0.17,20.33,25.9,19.2,15.5,12.67,0.21,0.09,1.76,-0.05,-0.09,-1.1,90.0,50.5,9922.0,154792.83,False,15
90,Scott,MID,33,4,0.33,0.33,20.83,23.23,20.18,11.5,12.33,0.19,0.18,1.48,-0.02,-0.18,-0.65,90.0,50.5,54370.83,240870.0,True,11
90,Scott,MID,35,3,0.33,0.17,22.33,25.23,24.9,10.0,12.67,0.11,0.21,1.38,0.06,-0.21,-0.39,90.0,50.5,95344.17,318800.17,True,8
90,Scott,MID,36,4,0.33,0.17,23.33,25.17,24.87,9.17,12.83,0.09,0.22,1.47,0.08,-0.22,-0.47,90.0,50.5,93361.67,344925.0,False,10
90,Scott,MID,37,4,0.33,0.33,20.17,21.53,24.07,7.83,11.83,0.09,0.21,1.4,0.08,-0.21,-0.4,90.0,50.33,90276.33,367537.17,True,13
119,Mbeumo,MID,4,2,0.0,0.0,21.33,21.67,47.77,35.67,3.0,0.36,0.34,1.42,-0.03,-0.34,-0.09,90.0,80.0,61720.33,1557502.0,False,13
119,Mbeumo,MID,5,3,0.0,0.0,16.25,16.8,39.75,37.0,2.75,0.44,0.3,1.7,-0.19,-0.3,0.05,90.0,80.25,73444.0,1641510.25,True,7
119,Mbeumo,MID,6,2,0.21,0.0,15.1,14.69,35.69,35.66,2.73,0.39,0.27,1.45,-0.18,-0.27,0.02,85.8,80.4,37080.4,1674962.8,False,5
119,Mbeumo,MID,7,6,0.17,0.0,14.22,14.01,36.49,31.21,2.6,0.32,0.23,1.55,-0.15,-0.23,0.18,86.5,80.5,35332.0,1706656.67,True,17
119,Mbeumo,MID,8,9,0.36,0.0,14.79,16.32,38.46,26.73,2.14,0.27,0.25,1.43,-0.09,-0.08,0.17,84.17,80.67,18614.33,1782399.33,False,12
119,Mbeumo,MID,9,15,0.36,0.0,18.0,21.92,33.43,32.26,2.14,0.34,0.26,1.61,0.02,-0.08,-0.01,84.17,80.67,-17707.83,1793801.33,True,6
119,Mbeumo,MID,10,2,0.36,0.0,22.63,27.77,26.02,32.79,3.21,0.32,0.18,1.6,0.21,-0.0,0.01,84.17,80.67,-45.83,1808272.83,False,16
119,Mbeumo,MID,11,7,0.36,0.0,25.13,29.98,32.61,29.23,4.46,0.22,0.24,1.49,0.32,-0.06,-0.07,84.17,81.0,236943.67,2079162.83,False,18
119,Mbeumo,MID,12,1,0.17,0.0,26.18,34.46,30.94,27.89,4.96,0.23,0.22,1.57,0.45,-0.04,0.14,87.67,81.5,300096.33,2399190.83,True,9
119,Mbeumo,MID,13,1,0.17,0.17,25.67,34.53,28.92,30.11,5.82,0.25,0.25,1.26,0.43,-0.08,0.11,87.67,82.33,420895.17,2852960.5,False,8
119,Mbeumo,MID,14,2,0.0,0.33,22.5,30.43,24.18,35.0,6.33,0.3,0.22,1.44,0.37,-0.22,0.06,90.0,83.17,444012.17,3287286.5,True,19
119,Mbeumo,MID,15,8,0.0,0.33,20.67,25.87,24.53,32.17,6.5,0.24,0.18,1.12,0.26,-0.18,0.38,90.0,84.17,460488.67,3765693.83,False,20
119,Mbeumo,MID,16,2,0.0,0.5,15.17,21.03,25.48,32.67,7.0,0.34,0.15,1.0,-0.01,-0.15,0.34,90.0,85.0,367004.17,4146919.5,True,4
119,Mbeumo,MID,22,9,0.0,0.5,14.33,20.77,21.77,35.83,6.33,0.4,0.15,0.94,-0.06,-0.15,0.72,90.0,85.0,-59314.83,4079796.0,True,13
119,Mbeumo,MID,23,10,0.17,0.52,15.92,21.22,21.37,43.62,5.88,0.51,0.15,0.88,-0.16,-0.15,0.5,86.67,84.5,-104325.17,3652157.67,False,1
119,Mbeumo,MID,24,2,0.18,0.36,20.24,28.12,21.61,45.0,5.96,0.54,0.11,1.0,0.0,-0.11,0.45,83.0,83.83,-180581.67,3132100.17,True,10
119,Mbeumo,MID,25,8,0.18,0.18,20.6,28.88,27.2,39.94,4.88,0.54,0.15,1.04,0.0,-0.15,0.59,83.0,83.5,-23305.0,2816075.33,True,18
119,Mbeumo,MID,26,6,0.36,0.18,23.32,32.9,26.13,41.9,5.28,0.58,0.15,0.99,0.14,-0.15,0.46,82.33,83.33,19818.67,2511348.0,False,19
119,Mbeumo,MID,27,6,0.36,0.0,21.68,27.66,24.89,34.07,4.92,0.39,0.15,1.12,0.15,0.03,0.34,82.33,83.5,111503.33,2299360.17,False,9
119,Mbeumo,MID,28,2,0.56,0.0,22.83,28.85,24.25,30.5,4.86,0.41,0.1,0.9,0.15,0.28,-0.15,80.17,84.0,291732.67,2270070.17,True,8
119,Mbeumo,MID,29,1,0.36,0.0,20.87,23.59,32.12,20.14,5.08,0.25,0.14,0.88,0.11,0.22,0.03,82.67,85.0,319726.0,2596500.33,False,15
119,Mbeumo,MID,30,2,0.36,0.18,15.18,15.32,29.57,19.46,4.82,0.28,0.14,1.08,-0.1,0.21,-0.18,84.0,85.83,267112.83,2866880.0,True,2
119,Mbeumo,MID,31,2,0.37,0.18,16.23,16.05,27.02,19.18,5.35,0.23,0.11,0.93,-0.04,0.26,-0.19,81.33,86.33,83183.67,2947691.5,False,4
119,Mbeumo,MID,32,1,0.19,0.19,13.35,13.08,28.51,15.44,5.72,0.19,0.11,1.03,-0.19,0.27,-0.08,78.67,86.5,46496.33,3002741.33,True,11
119,Mbeumo,MID,33,3,0.22,0.22,11.19,10.97,28.95,18.13,5.15,0.21,0.15,1.04,-0.21,0.07,-0.15,67.0,86.5,-25527.0,2977790.83,False,7
119,Mbeumo,MID,34,3,0.22,0.22,9.2,7.36,24.02,15.55,5.04,0.11,0.12,1.3,-0.11,-0.12,-0.42,68.5,86.33,-85175.33,2868807.17,True,5
119,Mbeumo,MID,35,2,0.45,0.23,7.44,7.13,19.8,16.47,5.19,0.11,0.08,1.56,-0.11,-0.08,-0.88,66.5,86.0,-142529.17,2717833.33,True,12
119,Mbeumo,MID,36,1,0.45,0.0,10.65,9.16,26.95,17.68,5.44,0.13,0.17,1.33,-0.13,-0.17,-0.42,66.17,85.5,-168537.33,2554164.17,False,17
119,Mbeumo,MID,37,7,0.53,0.0,11.45,9.0,27.83,16.78,5.59,0.14,0.19,1.32,-0.14,-0.19,-0.52,56.33,84.83,-166313.0,2391928.67,True,16
119,Mbeumo,MID,38,9,0.52,0.0,12.97,12.76,25.37,26.2,4.67,0.8,0.18,1.49,-0.54,-0.18,-0.45,57.83,84.33,-170653.83,2218774.17,False,6
120,Schade,MID,4,7,0.42,0.0,3.4,11.72,8.02,18.68,8.92,0.45,0.03,1.16,-0.45,-0.03,-0.73,70.67,70.0,80.0,33881.67,True,7
120,Schade,MID,5,2,0.3,0.0,8.64,18.77,6.11,25.93,7.45,0.49,0.03,1.19,-0.2,-0.03,-0.29,75.5,70.0,-1606.5,33388.75,False,10
120,Schade,MID,6,4,0.23,0.0,8.27,15.84,7.3,22.96,6.89,0.39,0.07,1.15,-0.17,-0.07,0.23,78.4,70.0,1866.8,37157.0,True,14
120,Schade,MID,7,1,0.19,0.19,10.27,14.49,8.96,23.34,6.72,0.32,0.07,1.32,-0.14,0.12,-0.01,80.33,70.0,1877.33,39881.0,True,13
120,Schade,MID,8,6,0.17,0.34,10.42,14.17,12.28,21.01,5.81,0.3,0.06,1.29,-0.12,0.11,0.08,87.83,70.0,1916.33,43882.83,False,19
120,Schade,MID,9,7,0.17,0.33,11.19,14.99,11.34,27.22,5.34,0.33,0.08,1.15,-0.16,0.25,0.18,89.83,70.0,3549.17,49648.83,True,12
120,Schade,MID,10,1,0.17,0.51,16.7,21.34,20.2,26.42,5.8,0.28,0.11,1.24,0.06,0.23,0.12,88.0,70.0,2751.17,53444.67,False,8
120,Schade,MID,11,8,0.17,0.68,13.64,15.92,20.32,19.77,5.97,0.18,0.11,1.15,-0.01,0.23,0.22,88.0,70.0,7091.33,62495.0,True,15
120,Schade,MID,12,2,0.17,0.68,16.7,20.76,20.49,25.74,6.65,0.23,0.09,1.04,0.11,0.26,-0.02,88.0,70.0,4479.67,68256.67,False,6
120,Schade,MID,13,3,0.17,0.51,15.34,20.8,19.77,23.52,7.33,0.23,0.09,0.9,0.11,0.08,0.29,88.0,70.0,10046.67,80659.83,True,3
120,Schade,MID,14,1,0.35,0.35,15.64,22.61,20.62,24.96,7.91,0.24,0.1,0.81,0.11,0.08,0.25,85.33,70.0,18998.17,144443.5,False,1
120,Schade,MID,15,1,0.19,0.37,13.66,20.84,19.7,23.58,7.48,0.24,0.08,0.9,0.13,-0.08,0.41,80.17,70.0,12100.5,156806.33,False,18
120,Schade,MID,17,3,0.18,0.37,9.86,14.64,10.13,19.53,7.48,0.11,0.04,0.96,0.07,-0.04,0.5,82.17,70.0,10153.5,167625.0,False,20
120,Schade,MID,18,20,0.37,0.18,11.87,16.32,12.3,29.21,7.48,0.21,0.05,1.06,-0.03,-0.05,0.03,82.17,70.0,10986.67,172309.83,True,4
120,Schade,MID,19,3,0.37,0.18,19.53,31.0,10.75,38.34,7.48,0.68,0.04,1.48,-0.14,-0.04,-0.39,82.17,70.0,11008.33,174766.0,True,18
120,Schade,MID,20,6,0.56,0.19,19.05,30.77,9.77,37.34,6.72,0.69,0.03,1.44,-0.13,-0.03,-0.69,80.33,70.0,24903.83,197015.17,False,9
120,Schade,MID,21,6,0.57,0.19,22.74,33.55,7.24,42.42,7.26,0.75,0.02,1.55,-0.18,0.18,-0.79,78.5,70.17,23056.83,168468.0,True,17
120,Schade,MID,22,1,0.72,0.18,23.84,35.39,14.68,40.16,7.17,0.78,0.08,1.66,-0.25,0.27,-1.12,83.67,70.33,38391.83,199827.17,False,7
120,Schade,MID,23,2,0.73,0.18,23.55,34.47,14.99,50.57,6.57,0.91,0.09,1.58,-0.36,0.28,-1.04,82.17,70.5,43745.5,235218.0,True,16
120,Schade,MID,24,-2,0.55,0.18,23.18,33.99,15.83,44.54,6.75,0.84,0.13,1.49,-0.29,0.24,-0.58,82.17,70.67,52373.33,287096.5,False,2
120,Schade,MID,27,1,0.61,0.2,10.34,14.47,19.01,30.81,6.49,0.36,0.14,1.28,-0.36,0.27,-0.47,74.0,70.83,37814.33,324790.17,True,6
120,Schade,MID,28,7,0.44,0.22,10.54,15.63,19.73,33.8,6.8,0.39,0.16,1.23,-0.39,0.28,-0.35,68.33,70.67,18980.67,305969.83,False,3
120,Schade,MID,29,3,0.22,0.22,10.12,16.97,17.55,35.53,6.03,0.54,0.16,1.26,-0.33,0.05,0.24,69.67,70.33,16459.17,291198.67,False,4
120,Schade,MID,30,2,0.22,0.22,6.89,11.45,11.33,30.36,5.6,0.43,0.09,1.31,-0.21,-0.09,0.2,69.67,70.0,13930.0,273472.67,True,20
120,Schade,MID,31,3,0.22,0.0,8.47,12.56,11.41,20.05,6.01,0.31,0.09,1.15,-0.09,-0.09,0.19,67.33,69.67,16605.5,259400.67,False,11
120,Schade,MID,32,5,0.46,0.0,6.92,10.66,8.45,16.15,5.31,0.33,0.03,1.11,-0.09,-0.03,-0.19,65.0,69.33,4624.0,232316.67,True,9
120,Schade,MID,33,3,0.41,0.0,10.25,9.76,7.63,19.48,4.92,0.46,0.03,1.13,-0.25,0.17,0.1,73.17,69.17,15440.17,217247.0,True,10
120,Schade,MID,34,2,0.56,0.0,10.97,10.3,12.59,21.94,4.83,0.44,0.05,1.15,-0.26,0.14,-0.03,80.67,69.33,12636.33,227575.5,False,14
120,Schade,MID,35,3,0.56,0.0,8.16,3.86,12.28,15.03,4.45,0.26,0.05,1.22,-0.26,0.14,-0.3,80.83,69.5,6683.83,234099.67,True,19
120,Schade,MID,36,2,0.57,0.0,9.11,4.14,9.57,14.43,4.75,0.24,0.04,1.06,-0.24,0.15,-0.11,79.0,69.5,-639.0,233731.33,False,13
120,Schade,MID,37,1,0.54,0.0,7.06,3.8,9.22,13.04,4.53,0.23,0.03,1.43,-0.23,0.15,-0.16,82.83,69.33,-12144.17,221514.5,True,8
120,Schade,MID,38,7,0.4,0.0,6.83,4.22,9.44,16.27,4.62,0.26,0.04,1.51,-0.26,0.16,-0.1,74.67,69.17,-12026.17,209345.17,False,12
121,Damsgaard,MID,6,2,0.34,0.0,18.95,27.61,30.35,13.53,6.77,0.08,0.19,1.27,0.25,-0.19,0.43,88.67,59.0,-8689.67,92920.67,True,14
121,Damsgaard,MID,7,2,0.26,0.0,16.13,22.32,28.61,10.4,7.02,0.07,0.21,1.44,0.2,-0.21,0.12,86.5,59.0,-6750.5,89783.0,True,13
121,Damsgaard,MID,8,3,0.22,0.0,16.34,22.1,24.36,8.72,7.85,0.05,0.17,1.39,0.16,-0.17,0.14,82.6,58.8,-6446.0,86924.0,False,19
121,Damsgaard,MID,9,7,0.37,0.0,17.0,21.29,33.23,11.64,7.39,0.05,0.19,1.23,0.13,-0.19,0.06,81.17,58.67,-5714.5,84881.0,True,12
121,Damsgaard,MID,10,2,0.19,0.0,19.52,22.77,28.82,12.69,6.82,0.06,0.19,1.37,0.13,-0.0,0.14,79.17,58.5,-2382.5,81664.67,False,8
121,Damsgaard,MID,11,2,0.2,0.0,21.31,22.58,23.89,13.54,8.56,0.09,0.16,1.27,0.11,0.04,0.33,75.33,58.33,-2514.5,76920.67,True,15
121,Damsgaard,MID,12,2,0.2,0.0,16.84,16.0,30.01,9.22,9.02,0.06,0.19,1.15,-0.06,0.01,0.05,74.83,58.17,-1081.33,76498.67,False,6
121,Damsgaard,MID,13,4,0.2,0.0,17.68,17.44,29.19,10.45,9.04,0.06,0.16,1.0,-0.06,0.04,0.2,74.67,58.0,-853.33,76234.83,True,3
121,Damsgaard,MID,14,1,0.19,0.0,18.15,16.85,35.31,12.99,9.17,0.09,0.2,0.97,-0.09,-0.01,0.17,78.5,58.0,16.0,77036.67,False,1
121,Damsgaard,MID,15,2,0.0,0.0,17.96,18.89,27.04,9.51,10.77,0.09,0.17,1.27,-0.09,0.04,0.21,71.0,58.0,-176.83,77199.0,False,18
121,Damsgaard,MID,16,1,0.0,0.0,12.79,12.49,26.25,7.28,9.71,0.08,0.2,1.32,-0.08,-0.2,0.44,68.0,58.0,3.17,77642.67,True,11
121,Damsgaard,MID,17,4,0.0,0.0,13.14,13.57,27.61,7.3,9.73,0.04,0.22,1.49,-0.04,-0.22,0.21,61.67,58.0,-780.17,77176.0,False,20
121,Damsgaard,MID,18,4,0.0,0.0,16.39,18.58,26.77,9.78,10.93,0.12,0.22,1.94,-0.12,0.07,-0.21,52.17,58.0,-78.0,77564.5,True,4
121,Damsgaard,MID,25,1,0.0,0.0,26.33,30.07,46.53,19.33,14.33,0.14,0.48,1.41,-0.14,0.18,0.25,45.0,57.67,-1114.67,72373.33,False,15
121,Damsgaard,MID,32,1,0.31,0.0,30.92,38.14,24.43,24.8,11.33,0.22,0.15,1.17,0.39,0.15,0.05,49.0,56.0,9968.0,75601.0,True,9
121,Damsgaard,MID,33,5,0.27,0.0,25.98,33.16,19.77,21.96,10.45,0.2,0.13,1.19,0.34,0.14,0.15,56.0,56.0,8234.83,84701.0,True,10
121,Damsgaard,MID,34,2,0.44,0.0,23.11,28.17,17.65,18.92,10.12,0.2,0.11,1.13,0.24,0.11,-0.03,68.17,56.0,6590.33,91480.67,False,14
121,Damsgaard,MID,35,11,0.38,0.0,22.5,26.17,20.42,18.91,9.64,0.14,0.17,1.21,0.24,0.02,0.11,79.33,56.0,6127.83,98232.83,True,19
121,Damsgaard,MID,36,4,0.57,0.0,17.39,17.32,21.82,13.61,10.02,0.15,0.16,1.2,0.04,-0.16,-0.44,79.33,56.0,5788.0,104948.0,False,13
121,Damsgaard,MID,37,2,0.4,0.0,18.63,18.44,20.48,13.48,12.09,0.16,0.16,1.22,0.04,-0.16,-0.22,75.67,56.0,-704.33,104807.0,True,8
121,Damsgaard,MID,38,1,0.38,0.0,17.89,17.7,24.07,12.75,11.42,0.14,0.19,1.36,0.05,-0.19,-0.22,78.83,56.0,-3316.0,102357.67,False,12
124,Henderson,MID,4,6,1.13,0.0,10.75,7.7,5.72,2.83,9.62,0.02,0.01,0.77,-0.02,-0.01,-0.77,53.0,50.0,-1358.67,28999.0,True,7
124,Henderson,MID,5,2,0.72,0.0,15.18,16.63,10.88,1.81,9.4,0.01,0.01,0.94,-0.01,0.35,-0.22,62.25,50.0,-1341.75,29214.5,False,10
124,Henderson,MID,6,6,0.56,0.0,13.98,13.64,9.0,1.4,8.11,0.01,0.01,1.01,-0.01,0.27,0.39,64.4,50.0,433.4,31284.2,True,14
124,Henderson,MID,7,1,0.45,0.0,18.13,17.24,14.1,1.12,8.28,0.01,0.07,1.22,-0.01,0.38,0.13,67.0,50.0,577.83,32944.33,True,13
124,Henderson,MID,8,2,0.4,0.2,17.25,16.06,14.73,0.99,7.53,0.01,0.07,1.24,-0.01,0.33,0.15,75.67,50.0,1945.0,36746.83,False,19
124,Henderson,MID,9,2,0.38,0.38,17.62,14.78,18.49,0.38,7.2,0.0,0.11,1.07,0.0,0.27,0.25,79.17,50.0,2729.5,40861.5,True,12
124,Henderson,MID,10,1,0.18,0.36,17.82,15.93,19.22,0.91,8.0,0.0,0.11,1.36,-0.0,0.26,0.27,82.5,50.0,2696.17,44631.5,False,8
124,Henderson,MID,11,2,0.18,0.55,16.53,14.25,18.02,1.29,8.08,0.01,0.13,1.27,-0.01,0.05,0.38,81.67,50.0,2737.83,48331.17,True,15
124,Henderson,MID,12,2,0.18,0.53,16.51,14.52,22.92,1.78,7.81,0.01,0.14,1.13,-0.01,0.04,0.12,84.5,50.0,1115.0,50087.83,False,6
124,Henderson,MID,13,8,0.17,0.52,13.75,11.18,19.79,1.74,7.66,0.01,0.12,1.0,-0.01,-0.12,0.39,86.17,50.0,721.33,51481.0,True,3
124,Henderson,MID,14,1,0.17,0.34,16.35,14.9,19.94,2.02,8.93,0.01,0.13,0.99,-0.01,0.04,0.36,89.0,50.0,-864.67,51069.67,False,1
124,Henderson,MID,15,4,0.0,0.19,16.9,16.41,19.06,1.9,8.73,0.01,0.1,1.29,-0.01,0.09,0.42,79.0,50.0,-1109.33,50320.33,False,18
124,Henderson,MID,16,9,0.0,0.19,16.9,19.03,19.25,1.33,9.3,0.0,0.12,1.26,-0.0,0.07,0.44,79.0,50.0,-919.0,49774.17,True,11
124,Henderson,MID,18,1,0.0,0.0,19.35,23.49,21.81,4.7,8.64,0.05,0.09,1.41,0.14,0.1,0.1,79.83,50.0,-458.83,49685.5,True,4
124,Henderson,MID,19,2,0.0,0.0,21.92,27.37,19.27,5.08,10.15,0.06,0.1,1.65,0.17,0.13,-0.03,65.0,50.0,461.83,52324.17,True,18
124,Henderson,MID,20,1,0.23,0.23,20.31,28.02,21.09,6.0,9.46,0.06,0.23,1.6,0.17,-0.0,-0.45,65.0,50.0,206.33,54451.17,False,9
124,Henderson,MID,21,1,0.28,0.28,17.94,26.23,20.62,6.63,8.28,0.07,0.25,1.73,0.2,-0.25,-0.08,54.33,50.0,143.83,56577.33,True,17
124,Henderson,MID,23,1,0.29,0.29,17.94,26.51,20.05,6.95,8.39,0.08,0.26,1.5,0.21,-0.26,-0.05,51.83,50.0,-371.17,58162.5,True,16
124,Henderson,MID,30,2,0.33,0.0,15.98,10.76,16.01,0.65,10.11,0.0,0.02,1.8,0.0,-0.02,-0.82,46.0,50.0,-873.5,44535.17,True,20
124,Henderson,MID,31,5,0.29,0.0,17.0,9.56,17.65,1.17,9.09,0.0,0.07,1.6,0.0,-0.07,-0.14,51.17,50.0,-561.17,44104.5,False,11
124,Henderson,MID,36,0,0.53,0.0,16.05,13.26,16.05,1.05,11.05,0.0,0.06,1.29,0.0,-0.06,-0.24,57.0,50.0,-454.67,43697.83,False,13
124,Henderson,MID,37,1,0.54,0.27,15.27,12.48,15.62,1.07,10.45,0.0,0.06,1.4,0.0,-0.06,-0.06,56.0,50.0,-401.83,42632.83,True,8
124,Henderson,MID,38,0,0.61,0.3,14.85,13.45,14.0,1.82,10.91,0.0,0.07,1.27,0.0,-0.07,-0.36,49.5,50.0,-300.83,41640.0,False,12
125,Janelt,MID,19,5,0.52,0.52,22.04,22.15,20.6,5.77,13.64,0.02,0.15,1.6,-0.02,0.11,-0.82,57.17,49.0,436.0,2721.17,True,18
125,Janelt,MID,20,11,0.64,0.21,22.55,23.32,20.19,8.3,13.83,0.05,0.14,1.48,-0.05,0.07,-1.06,70.5,49.0,508.83,3349.17,False,9
125,Janelt,MID,21,7,0.6,0.2,27.62,30.91,21.64,6.56,14.11,0.04,0.19,1.44,-0.04,0.41,-0.84,75.5,49.0,738.67,4160.33,True,17
125,Janelt,MID,22,1,0.68,0.34,26.88,31.34,19.22,5.95,14.12,0.04,0.18,1.47,-0.04,0.5,-0.96,88.17,49.0,2415.83,6768.0,False,7
125,Janelt,MID,23,2,0.5,0.5,27.33,31.47,28.65,6.17,13.5,0.04,0.21,1.53,-0.04,0.46,-0.69,90.0,49.0,5811.17,12800.5,True,16
125,Janelt,MID,24,4,0.33,0.33,23.33,27.37,29.22,6.5,11.17,0.05,0.2,1.45,-0.05,0.3,-0.28,90.0,49.0,6846.5,19825.17,False,2
125,Janelt,MID,25,9,0.5,0.5,22.0,27.37,25.52,5.0,11.17,0.05,0.16,1.39,-0.05,0.34,-0.39,90.0,49.0,5751.0,25542.67,False,15
125,Janelt,MID,26,1,0.33,0.67,25.67,31.2,26.7,5.33,10.67,0.05,0.16,1.6,0.12,0.34,-0.26,90.0,49.0,5241.67,30818.83,True,1
125,Janelt,MID,27,1,0.33,0.83,20.17,23.6,24.32,5.17,10.0,0.05,0.09,1.56,0.12,0.07,-0.39,90.0,49.0,5073.33,35980.83,True,6
125,Janelt,MID,36,1,0.18,0.73,17.64,20.18,24.49,5.27,9.09,0.06,0.07,1.56,0.12,-0.07,0.07,82.5,49.0,3697.5,39705.83,False,13
125,Janelt,MID,37,2,0.21,0.62,16.59,18.87,14.93,5.6,9.75,0.07,0.04,1.8,0.14,-0.04,0.06,72.33,49.0,248.5,35477.83,True,8
125,Janelt,MID,38,1,0.22,0.67,18.4,19.15,14.76,5.1,10.2,0.06,0.07,2.12,0.17,-0.07,-0.13,67.67,49.0,-860.17,30169.17,False,12
126,Jensen,MID,6,6,0.0,0.0,19.07,15.97,28.61,5.96,10.73,0.08,0.06,1.71,-0.08,-0.06,0.67,50.33,49.67,-548.33,8784.0,True,14
126,Jensen,MID,18,1,0.55,0.0,11.87,7.18,10.71,2.48,6.07,0.02,0.23,0.95,-0.02,-0.23,-0.12,54.33,49.0,-31.33,9911.17,True,4
126,Jensen,MID,19,1,0.46,0.23,12.4,7.94,9.71,3.9,6.89,0.02,0.2,1.32,-0.02,-0.2,-0.63,65.33,49.0,32.83,10020.83,True,18
126,Jensen,MID,20,3,0.57,0.28,13.87,8.89,11.35,4.25,7.64,0.02,0.24,1.42,-0.02,-0.24,-0.85,53.0,49.0,48.83,10132.17,False,9
126,Jensen,MID,21,3,0.84,0.28,16.26,8.52,16.32,4.77,7.85,0.07,0.38,1.4,-0.07,-0.38,-1.12,53.5,49.0,63.0,10260.83,True,17
126,Jensen,MID,22,2,0.98,0.25,15.45,7.99,19.91,7.85,7.36,0.08,0.38,1.52,-0.08,-0.38,-1.27,61.17,49.0,74.5,10396.0,False,7
126,Jensen,MID,23,2,0.72,0.24,15.52,10.41,27.86,12.89,7.88,0.16,0.43,1.6,-0.16,-0.43,-0.89,62.83,49.0,99.5,10552.33,True,16
126,Jensen,MID,24,3,0.45,0.22,16.93,12.07,35.51,12.92,8.02,0.15,0.38,1.6,-0.15,-0.38,-0.49,67.33,49.0,-95.33,10470.0,False,2
126,Jensen,MID,25,8,0.67,0.0,15.86,11.39,35.29,12.06,7.82,0.15,0.37,1.46,-0.15,-0.37,-0.56,67.17,49.0,-144.33,10355.33,False,15
126,Jensen,MID,26,1,0.56,0.0,17.85,13.49,31.79,13.34,7.33,0.22,0.35,1.58,-0.22,0.02,-0.45,79.83,49.0,-118.83,10280.5,True,1
126,Jensen,MID,27,2,0.36,0.18,18.14,13.8,33.35,12.63,7.11,0.18,0.31,1.5,-0.18,0.05,-0.26,84.33,49.0,-12.0,10326.33,True,6
126,Jensen,MID,28,2,0.17,0.17,18.48,13.4,32.68,12.09,6.56,0.17,0.32,1.37,-0.17,0.03,0.19,86.83,49.0,189.0,10574.67,False,3
126,Jensen,MID,29,4,0.17,0.17,18.48,13.96,28.17,8.98,6.22,0.11,0.27,1.26,-0.11,0.08,0.47,86.83,49.0,388.0,11015.67,False,4
126,Jensen,MID,30,2,0.35,0.35,18.14,15.48,24.2,7.95,7.95,0.11,0.2,1.46,-0.11,0.15,-0.08,86.83,49.0,327.83,11381.33,True,20
126,Jensen,MID,31,5,0.17,0.34,18.13,16.02,24.06,7.05,8.4,0.1,0.2,1.35,-0.1,0.14,0.33,89.33,49.0,427.67,11863.83,False,11
126,Jensen,MID,32,2,0.33,0.33,15.17,15.27,22.65,5.5,9.17,0.04,0.17,1.08,-0.04,-0.17,0.25,90.0,49.0,450.83,12297.83,True,9
126,Jensen,MID,33,3,0.33,0.17,15.5,15.9,21.85,8.33,9.67,0.05,0.15,1.24,-0.05,-0.15,0.26,90.0,49.0,371.67,12707.5,True,10
126,Jensen,MID,34,10,0.5,0.17,16.67,17.6,28.02,6.0,10.67,0.03,0.19,1.18,-0.04,-0.19,-0.02,90.0,49.0,136.0,12838.67,False,14
126,Jensen,MID,35,3,0.5,0.17,19.5,22.73,30.12,6.17,11.67,0.04,0.25,1.23,0.13,-0.25,-0.23,90.0,49.0,-32.0,12895.83,True,19
126,Jensen,MID,36,4,0.5,0.0,19.83,22.2,29.03,6.17,9.83,0.04,0.31,1.07,0.13,-0.31,-0.07,90.0,49.0,865.67,13866.5,False,13
126,Jensen,MID,37,2,0.5,0.0,19.5,22.87,29.38,6.5,10.83,0.04,0.31,1.33,0.13,-0.31,-0.17,90.0,49.0,761.5,14677.83,True,8
126,Jensen,MID,38,2,0.35,0.0,20.21,22.01,33.26,6.5,10.2,0.03,0.32,1.61,0.15,-0.32,-0.02,85.33,49.0,1222.83,16059.67,False,12
129,Yarmoliuk,MID,4,3,0.35,0.0,13.26,12.7,6.63,5.23,10.81,0.04,0.01,1.52,-0.04,-0.01,0.23,86.0,50.0,559.33,5868.67,True,7
129,Yarmoliuk,MID,5,2,0.26,0.26,12.67,13.29,8.25,4.4,11.12,0.03,0.04,1.45,-0.03,-0.04,0.36,87.0,50.0,279.5,6353.5,False,10
129,Yarmoliuk,MID,6,7,0.21,0.21,12.74,13.36,9.08,3.49,10.27,0.02,0.03,1.36,-0.02,-0.03,0.7,87.6,50.0,221.4,6704.8,True,14
129,Yarmoliuk,MID,7,2,0.17,0.17,15.0,16.26,9.82,3.24,10.57,0.04,0.03,1.48,-0.04,0.14,0.39,88.0,50.0,144.5,6926.5,True,13
129,Yarmoliuk,MID,8,3,0.18,0.18,15.0,16.84,8.4,3.0,10.94,0.03,0.03,1.35,-0.03,0.15,0.24,85.0,50.0,284.5,7758.5,False,19
129,Yarmoliuk,MID,9,1,0.17,0.17,15.17,17.21,14.03,2.76,9.83,0.02,0.07,1.21,-0.02,0.11,0.34,87.0,50.0,432.67,8637.17,True,12
129,Yarmoliuk,MID,10,2,0.2,0.2,15.26,17.57,15.42,1.76,10.57,0.02,0.07,1.22,-0.02,0.12,0.15,76.67,50.0,208.5,9047.67,False,8
129,Yarmoliuk,MID,11,4,0.21,0.0,15.03,15.41,13.92,1.85,10.3,0.02,0.06,1.16,-0.02,0.15,0.28,72.83,50.0,46.0,9319.67,True,15
129,Yarmoliuk,MID,12,2,0.21,0.0,16.74,15.95,11.97,5.44,12.14,0.04,0.06,1.05,-0.04,0.15,-0.0,71.67,50.0,-22.83,9504.17,False,6
129,Yarmoliuk,MID,13,1,0.21,0.0,12.46,9.92,9.77,5.58,10.74,0.03,0.06,0.86,-0.03,-0.06,0.21,69.83,50.0,6.67,9725.83,True,3
129,Yarmoliuk,MID,14,1,0.26,0.0,13.81,10.94,11.51,5.37,10.74,0.03,0.07,0.82,-0.03,-0.07,0.21,58.67,50.0,-144.67,9768.33,False,1
129,Yarmoliuk,MID,15,1,0.0,0.26,11.51,7.01,1.94,5.37,10.48,0.03,0.01,1.18,-0.03,-0.01,0.35,58.67,50.0,-293.0,9592.0,False,18
129,Yarmoliuk,MID,16,1,0.0,0.45,10.15,6.36,2.05,4.74,9.7,0.02,0.01,1.29,-0.02,-0.01,0.51,66.5,50.0,-472.33,9228.67,True,11
129,Yarmoliuk,MID,17,5,0.0,0.53,11.32,9.05,2.03,5.0,9.74,0.03,0.01,1.46,-0.03,-0.01,0.38,57.0,50.0,-306.67,9051.5,False,20
129,Yarmoliuk,MID,18,5,0.26,0.52,11.09,9.95,6.86,1.55,9.8,0.01,0.05,1.66,-0.01,-0.05,-0.11,58.17,50.0,-214.17,8959.67,True,4
129,Yarmoliuk,MID,19,5,0.25,0.5,16.84,17.55,12.34,3.02,11.31,0.04,0.11,2.02,-0.04,0.14,-0.51,59.67,50.0,-125.5,8954.0,True,18
129,Yarmoliuk,MID,20,3,0.42,0.42,17.29,17.33,14.6,3.12,12.08,0.04,0.11,1.84,-0.04,0.1,-0.59,72.0,50.0,-64.67,9005.5,False,9
129,Yarmoliuk,MID,21,8,0.42,0.42,17.71,17.62,15.63,3.12,13.54,0.04,0.11,1.65,-0.04,0.1,-0.4,72.0,50.0,49.67,9161.17,True,17
129,Yarmoliuk,MID,22,2,0.6,0.2,22.55,23.36,15.83,10.87,13.09,0.12,0.11,1.56,0.08,0.09,-0.76,74.5,50.0,192.83,9458.17,False,7
129,Yarmoliuk,MID,23,3,0.51,0.17,21.01,20.43,13.95,10.08,12.64,0.12,0.09,1.52,0.05,0.08,-0.66,87.83,50.0,622.67,10205.67,True,16
129,Yarmoliuk,MID,24,1,0.35,0.35,20.02,19.5,11.72,10.27,12.71,0.15,0.08,1.46,0.03,0.09,-0.24,86.17,50.0,901.5,11229.17,False,2
129,Yarmoliuk,MID,25,1,0.39,0.39,17.45,16.43,8.51,10.0,12.94,0.14,0.04,1.32,0.06,-0.04,-0.14,76.5,50.0,887.83,12204.33,False,15
129,Yarmoliuk,MID,26,2,0.22,0.43,16.52,18.3,4.89,10.43,13.26,0.14,0.03,1.54,0.08,-0.03,-0.02,69.0,50.0,768.5,13040.33,True,1
129,Yarmoliuk,MID,27,0,0.23,0.23,15.45,17.14,3.8,10.91,10.91,0.15,0.02,1.54,0.08,-0.02,-0.17,66.0,50.0,580.33,13704.5,True,6
129,Yarmoliuk,MID,28,1,0.0,0.51,11.28,11.74,7.18,2.31,11.79,0.07,0.03,1.32,-0.07,-0.03,0.22,58.5,50.0,468.17,14282.33,False,3
129,Yarmoliuk,MID,29,1,0.0,0.81,10.84,13.01,7.18,1.63,12.47,0.04,0.03,1.19,-0.04,-0.03,0.71,55.33,50.0,73.17,14436.17,False,4
129,Yarmoliuk,MID,30,1,0.0,0.64,9.96,12.92,7.2,0.64,10.93,0.0,0.02,1.23,0.0,-0.02,0.38,46.67,50.0,-303.5,14197.5,True,20
129,Yarmoliuk,MID,31,3,0.0,0.66,11.25,14.23,12.21,0.66,11.25,0.0,0.05,1.18,0.0,-0.05,0.81,45.33,50.0,-434.83,13847.5,False,11
129,Yarmoliuk,MID,32,4,0.27,0.55,11.25,9.71,11.06,0.55,8.78,0.0,0.04,0.8,0.0,-0.04,0.57,54.67,50.0,-393.0,13488.33,True,9
129,Yarmoliuk,MID,33,3,0.26,0.52,13.79,12.95,11.29,0.52,10.92,0.0,0.05,1.02,0.0,-0.05,0.54,57.67,50.0,-300.5,13289.67,True,10
129,Yarmoliuk,MID,34,4,0.46,0.23,13.58,12.34,6.95,0.46,10.36,0.0,0.03,1.05,0.0,-0.03,0.33,65.17,50.0,-286.5,13061.0,False,14
129,Yarmoliuk,MID,35,3,0.44,0.0,14.05,13.26,7.57,0.44,10.76,0.0,0.04,1.1,0.0,-0.04,-0.0,68.33,50.0,-206.0,12978.33,True,19
129,Yarmoliuk,MID,36,2,0.57,0.0,14.87,13.46,9.5,0.57,10.87,0.01,0.04,1.09,-0.01,-0.04,-0.14,78.67,50.0,-61.5,12989.67,False,13
129,Yarmoliuk,MID,37,8,0.51,0.0,15.0,13.91,6.2,0.85,10.91,0.01,0.02,1.3,-0.01,-0.02,-0.28,88.0,50.0,-55.67,12989.0,True,8
157,Mitoma,MID,4,7,0.34,0.34,9.27,13.53,26.97,10.31,4.12,0.1,0.06,1.35,-0.1,0.29,-0.32,87.33,64.67,-68763.0,640869.0,False,4
157,Mitoma,MID,5,2,0.26,0.26,13.04,19.18,20.84,16.62,3.07,0.17,0.05,1.38,0.08,0.2,-0.1,88.0,64.5,-59590.25,618764.5,True,18
157,Mitoma,MID,6,2,0.2,0.2,12.22,17.55,19.2,17.1,3.87,0.15,0.05,1.35,0.05,0.15,0.08,88.4,64.4,-44842.4,610492.0,False,7
157,Mitoma,MID,16,1,0.18,0.18,11.34,15.66,16.97,15.59,3.9,0.13,0.05,1.42,0.04,0.13,0.0,84.67,64.33,-45103.83,597302.17,False,12
157,Mitoma,MID,17,1,0.0,0.0,13.14,18.0,21.54,17.92,4.58,0.18,0.06,1.58,0.02,0.14,0.01,75.33,63.67,-45692.5,517793.83,True,17
157,Mitoma,MID,19,1,0.0,0.0,14.15,20.04,21.99,20.41,4.18,0.17,0.08,1.53,0.06,0.15,-0.14,64.67,63.0,-28953.83,445494.5,False,19
157,Mitoma,MID,20,3,0.0,0.0,13.91,19.64,26.15,28.64,3.82,0.2,0.09,1.41,0.07,-0.09,-0.05,55.0,62.5,-10077.67,390052.17,True,3
157,Mitoma,MID,21,8,0.29,0.0,11.07,12.23,31.66,22.14,5.24,0.1,0.09,1.16,-0.1,-0.09,-0.29,51.5,62.0,-2400.17,338616.67,False,13
157,Mitoma,MID,22,2,0.3,0.3,15.25,20.51,32.26,22.43,6.28,0.16,0.25,1.4,0.14,-0.25,-0.8,50.17,61.5,-5699.83,281754.5,True,4
157,Mitoma,MID,23,2,0.28,0.28,16.34,20.49,36.69,21.05,5.82,0.17,0.24,1.28,0.11,-0.24,-0.73,54.17,61.0,5498.0,236421.67,False,10
157,Mitoma,MID,24,2,0.23,0.23,16.66,18.88,30.82,22.44,5.55,0.16,0.27,1.2,0.07,-0.27,-0.28,64.83,61.0,7260.33,243995.67,True,9
157,Mitoma,MID,25,2,0.2,0.2,15.3,16.41,26.34,21.06,6.36,0.23,0.25,1.22,-0.04,-0.25,-0.23,75.5,61.0,6408.83,250558.83,True,8
157,Mitoma,MID,26,3,0.18,0.18,12.33,13.6,20.38,14.27,6.16,0.19,0.24,1.22,-0.02,-0.24,-0.16,85.17,61.0,6007.67,257068.5,False,2
157,Mitoma,MID,27,3,0.17,0.17,11.9,13.69,20.38,14.31,6.38,0.2,0.25,1.23,-0.03,-0.25,-0.2,87.0,61.0,1923.0,258976.0,False,5
157,Mitoma,MID,28,1,0.34,0.0,9.85,9.27,22.09,17.83,5.43,0.2,0.15,1.16,-0.2,-0.15,-0.31,88.33,61.0,2431.33,261958.5,True,16
157,Mitoma,MID,29,1,0.34,0.17,9.68,10.05,22.52,22.75,5.94,0.29,0.16,1.05,-0.29,-0.16,-0.2,88.33,61.0,-1003.33,261257.83,True,1
157,Mitoma,MID,31,1,0.37,0.19,8.91,9.32,21.99,20.41,6.12,0.28,0.12,0.96,-0.28,-0.12,-0.22,80.83,61.0,-3027.83,258505.33,True,12
157,Mitoma,MID,32,1,0.44,0.22,9.02,9.95,19.91,25.97,5.72,0.25,0.15,0.89,-0.25,-0.15,-0.23,68.17,61.0,-4089.0,252935.83,False,3
157,Mitoma,MID,33,6,0.55,0.27,12.04,11.65,20.33,32.83,6.57,0.31,0.17,0.8,-0.31,-0.17,-0.26,54.83,61.0,2601.67,254342.5,False,18
157,Mitoma,MID,33,3,0.3,0.3,17.23,22.46,17.61,41.58,6.53,0.34,0.18,1.01,-0.05,-0.18,-0.12,50.5,61.0,6232.83,263167.33,True,7
157,Mitoma,MID,35,1,0.31,0.31,19.59,23.14,21.55,40.71,8.57,0.35,0.2,0.66,-0.05,-0.2,0.26,49.0,61.0,8544.67,272185.33,False,15
157,Mitoma,MID,36,0,0.31,0.31,20.2,20.39,18.03,32.14,8.27,0.2,0.18,1.41,0.11,-0.18,0.12,49.0,61.0,10277.17,277855.0,True,20
158,Georginio,MID,5,5,0.55,0.55,16.56,7.84,14.08,22.09,3.87,0.08,0.04,1.04,-0.08,0.51,0.06,54.33,59.33,-24026.33,104030.33,True,18
158,Georginio,MID,6,2,0.38,0.38,17.47,17.47,17.96,17.47,5.32,0.05,0.03,1.16,-0.05,0.73,-0.02,59.25,59.0,-21255.5,95285.5,False,7
158,Georginio,MID,7,1,0.28,0.28,14.3,15.81,17.55,13.46,5.89,0.04,0.12,1.25,-0.04,0.44,-0.13,64.2,58.8,-19556.0,87538.4,False,20
158,Georginio,MID,8,7,0.25,0.25,12.79,14.36,15.59,18.2,5.66,0.08,0.11,1.18,-0.08,0.38,-0.2,61.0,58.67,-16943.67,81895.67,True,15
158,Georginio,MID,9,2,0.24,0.24,15.16,21.67,21.4,17.85,7.09,0.08,0.18,1.22,-0.08,0.31,-0.24,61.33,58.17,-18082.83,66088.0,False,14
158,Georginio,MID,10,3,0.22,0.22,14.03,18.99,19.23,12.52,6.47,0.05,0.16,1.22,-0.05,0.27,0.29,69.5,57.83,-9128.33,59349.5,True,11
158,Georginio,MID,11,2,0.41,0.0,11.63,16.69,16.78,12.04,5.71,0.06,0.24,1.01,-0.06,0.16,0.01,73.5,57.5,-4641.67,55701.33,False,8
158,Georginio,MID,12,2,0.61,0.2,8.57,10.53,13.29,11.22,5.51,0.06,0.25,0.87,-0.06,-0.04,-0.06,73.5,57.33,-3247.67,52861.0,True,5
158,Georginio,MID,13,4,0.61,0.2,10.11,10.48,12.62,16.38,5.46,0.07,0.18,0.8,-0.07,0.02,0.01,74.17,57.17,-1146.83,52191.5,False,16
158,Georginio,MID,15,8,0.59,0.2,12.26,10.76,13.0,14.84,6.13,0.11,0.19,0.8,-0.11,0.21,-0.01,75.83,57.0,-1270.17,51116.67,True,19
158,Georginio,MID,16,2,0.38,0.19,13.26,13.3,11.73,27.09,5.68,0.19,0.16,0.85,0.0,0.03,0.1,79.17,57.0,-914.5,49854.83,False,12
158,Georginio,MID,17,3,0.38,0.19,13.56,14.05,19.75,27.11,6.03,0.19,0.18,0.98,-0.0,0.01,-0.22,79.67,56.83,-1163.33,48359.5,True,17
158,Georginio,MID,18,0,0.38,0.19,14.31,15.44,19.02,31.82,6.4,0.23,0.1,1.14,-0.05,0.09,-0.39,79.67,56.67,-960.33,47046.33,False,1
158,Georginio,MID,19,1,0.18,0.0,13.66,15.78,21.53,32.25,6.01,0.23,0.11,1.58,-0.04,0.07,-0.49,82.33,56.5,-418.0,46152.67,False,19
158,Georginio,MID,20,8,0.21,0.0,15.07,17.53,22.56,36.08,6.37,0.28,0.12,1.67,-0.07,0.09,-0.61,70.67,56.33,488.33,46491.67,True,3
158,Georginio,MID,21,2,0.41,0.0,17.63,23.9,21.9,35.06,6.15,0.2,0.11,1.57,0.21,-0.11,-0.55,73.17,56.17,4329.17,51029.17,False,13
158,Georginio,MID,22,1,0.42,0.0,12.71,16.39,21.26,20.12,6.14,0.11,0.1,1.72,0.1,-0.1,-0.66,70.83,56.0,3852.33,55020.5,True,4
158,Georginio,MID,23,1,0.49,0.0,12.96,16.88,10.76,23.97,7.34,0.12,0.07,1.61,0.12,-0.07,-0.88,61.33,56.0,3611.17,58838.83,False,10
158,Georginio,MID,24,1,0.32,0.0,15.43,19.67,13.69,21.21,8.04,0.08,0.07,1.68,0.24,-0.07,-0.4,46.67,56.0,2110.83,60956.67,True,9
158,Georginio,MID,29,4,0.29,0.0,11.83,15.12,10.5,14.71,6.63,0.07,0.04,0.84,0.22,-0.04,0.02,52.0,56.0,-253.0,62172.33,True,1
158,Georginio,MID,31,1,0.0,0.0,8.67,9.27,15.07,13.01,8.13,0.1,0.07,0.85,-0.1,-0.07,0.24,55.33,56.0,-3689.83,56579.33,True,12
158,Georginio,MID,35,1,0.31,0.0,19.24,24.89,16.85,20.79,8.69,0.14,0.08,0.61,0.17,0.23,0.32,48.33,56.0,-933.83,43161.17,False,15
160,Minteh,MID,4,6,0.36,0.0,14.15,10.96,20.58,25.4,8.35,0.13,0.22,1.41,-0.13,-0.22,-0.32,82.67,59.67,-13681.0,106391.0,False,4
160,Minteh,MID,5,9,0.27,0.0,17.84,15.76,19.6,28.49,7.72,0.14,0.2,1.42,-0.14,0.07,-0.09,84.5,59.5,-10434.25,103216.25,True,18
160,Minteh,MID,6,5,0.22,0.0,21.57,21.4,18.81,31.82,7.85,0.27,0.16,1.41,-0.05,0.05,-0.11,82.6,59.4,-6660.2,103569.8,False,7
160,Minteh,MID,7,2,0.18,0.0,20.93,21.76,18.89,31.13,7.51,0.29,0.18,1.49,-0.11,0.18,-0.23,83.83,59.33,3841.83,114235.33,False,20
160,Minteh,MID,8,2,0.0,0.0,21.77,25.37,28.29,28.63,8.23,0.26,0.21,1.43,-0.09,0.14,-0.06,87.5,59.17,42998.17,165182.83,True,15
160,Minteh,MID,9,5,0.0,0.0,21.47,24.63,24.32,27.82,8.93,0.27,0.16,1.39,-0.1,0.18,-0.19,87.33,59.17,50978.0,220696.17,False,14
160,Minteh,MID,10,9,0.0,0.0,21.13,23.05,24.48,24.56,7.73,0.24,0.16,1.31,-0.07,0.36,0.41,87.33,59.33,51794.83,277040.83,True,11
160,Minteh,MID,11,3,0.17,0.0,21.42,22.46,26.5,20.73,7.6,0.26,0.15,1.16,-0.09,0.54,0.23,86.83,59.5,66306.5,350311.0,False,8
160,Minteh,MID,12,11,0.34,0.0,15.78,15.92,26.78,17.13,6.55,0.15,0.16,1.05,-0.15,0.51,0.12,89.33,59.67,74887.17,429219.17,True,5
160,Minteh,MID,13,3,0.34,0.0,18.88,17.73,32.17,18.54,6.57,0.12,0.15,0.93,-0.12,0.69,0.25,89.0,60.0,81833.17,516298.83,False,16
160,Minteh,MID,14,2,0.51,0.0,17.42,15.44,27.44,20.83,6.15,0.12,0.13,0.97,-0.12,0.72,0.05,87.83,60.5,92144.67,608815.5,True,2
160,Minteh,MID,15,3,0.51,0.0,17.39,16.94,31.53,20.28,5.45,0.12,0.11,1.15,-0.12,0.74,0.39,88.0,60.83,123562.0,735340.0,True,19
160,Minteh,MID,16,2,0.71,0.0,15.91,16.8,32.34,21.75,5.13,0.13,0.12,1.09,-0.13,0.59,-0.2,84.83,61.33,148644.83,892596.83,False,12
160,Minteh,MID,17,3,0.53,0.0,13.71,14.27,31.97,22.32,5.8,0.11,0.17,1.33,-0.11,0.18,-0.09,85.33,61.67,68322.67,952446.33,True,17
160,Minteh,MID,18,1,0.55,0.0,14.63,14.45,30.02,22.32,5.67,0.1,0.16,1.5,-0.1,0.2,-0.22,82.0,61.83,50419.67,1005117.83,False,1
160,Minteh,MID,19,4,0.6,0.0,11.22,11.59,23.79,21.45,5.81,0.09,0.17,1.62,-0.09,-0.17,-0.21,74.83,61.83,17835.17,1015767.33,False,19
160,Minteh,MID,22,1,0.43,0.0,12.77,10.94,19.23,24.04,5.96,0.1,0.16,1.92,-0.1,0.06,-0.01,70.5,61.5,-32001.67,983575.33,True,4
160,Minteh,MID,23,1,0.5,0.0,13.11,11.29,16.31,30.5,5.55,0.09,0.15,1.67,-0.09,0.1,-0.41,59.5,60.83,-87191.33,846253.33,False,10
160,Minteh,MID,24,1,0.31,0.0,15.56,13.67,16.93,34.78,6.1,0.12,0.17,1.82,-0.12,0.13,0.02,49.17,60.0,-112533.67,678315.5,True,9
160,Minteh,MID,33,2,0.6,0.6,21.75,25.39,36.86,25.33,8.94,0.1,0.39,1.06,0.2,-0.39,-0.46,50.33,55.5,130.33,265821.0,False,18
160,Minteh,MID,33,2,0.48,0.48,21.72,25.72,35.73,21.96,8.93,0.08,0.4,1.03,0.16,-0.4,-0.07,62.17,55.17,12271.17,285063.17,True,7
160,Minteh,MID,35,2,0.61,0.61,18.61,22.99,30.83,21.27,9.0,0.07,0.35,0.89,0.13,-0.35,-0.27,73.33,55.0,25192.0,309348.67,False,15
160,Minteh,MID,36,9,0.56,0.56,16.33,18.74,28.35,20.6,7.61,0.13,0.32,1.31,0.06,-0.32,-0.19,80.83,55.0,26011.67,320933.0,True,20
160,Minteh,MID,37,3,0.54,0.36,15.66,17.75,27.31,21.42,6.66,0.16,0.21,1.22,0.02,-0.21,-0.14,83.33,55.0,28522.5,335175.67,False,11
160,Minteh,MID,38,1,0.7,0.17,15.73,17.51,25.29,16.78,6.47,0.11,0.18,1.08,0.06,-0.18,-0.2,85.83,55.0,29674.67,350184.5,True,14
162,Gruda,MID,19,1,0.31,0.31,8.29,9.22,29.89,7.99,7.99,0.07,0.09,2.2,-0.07,-0.09,-0.05,48.83,54.0,73.17,6438.83,False,19
162,Gruda,MID,20,3,0.28,0.28,7.05,10.16,30.89,9.03,7.62,0.07,0.1,2.13,-0.07,-0.1,-0.15,53.17,54.0,105.5,6638.67,True,3
162,Gruda,MID,21,1,0.55,0.27,8.21,10.83,35.07,9.3,5.74,0.05,0.08,1.63,-0.05,-0.08,-0.54,54.83,54.0,152.33,6878.17,False,13
162,Gruda,MID,22,2,0.56,0.28,7.5,8.83,24.44,9.17,5.56,0.04,0.06,1.81,-0.04,-0.06,-0.98,54.0,54.0,61.33,7001.33,True,4
163,Hinshelwood,MID,18,2,0.3,0.0,22.72,22.84,13.1,9.27,7.77,0.11,0.04,2.07,0.19,0.56,0.02,50.17,51.0,372.5,4753.5,False,1
163,Hinshelwood,MID,19,1,0.25,0.0,14.45,11.61,9.28,9.89,6.59,0.1,0.04,2.08,-0.1,0.47,0.21,59.17,51.0,426.0,5252.17,False,19
163,Hinshelwood,MID,21,5,0.27,0.0,15.13,10.41,9.82,10.88,5.84,0.11,0.04,2.17,-0.11,0.49,0.22,56.5,51.0,436.17,5792.17,False,13
163,Hinshelwood,MID,22,2,0.25,0.0,13.14,10.31,5.95,4.71,6.94,0.02,0.06,2.1,-0.02,-0.06,-0.61,60.5,51.0,281.67,6161.0,True,4
163,Hinshelwood,MID,25,1,0.23,0.0,13.79,11.67,3.01,14.02,8.59,0.07,0.05,2.12,-0.07,-0.05,-0.76,66.33,51.0,33.33,6237.0,True,8
163,Hinshelwood,MID,26,0,0.28,0.0,15.78,13.4,3.9,17.17,9.97,0.09,0.06,2.22,-0.09,-0.06,-1.11,54.17,51.0,72.83,6405.0,False,2
163,Hinshelwood,MID,27,6,0.0,0.0,13.04,12.63,7.51,19.57,9.39,0.13,0.08,1.92,-0.13,-0.08,-0.62,57.5,51.0,-102.33,6358.0,False,5
163,Hinshelwood,MID,28,5,0.25,0.0,15.46,11.47,9.8,17.95,9.22,0.12,0.08,1.66,-0.12,0.17,-0.91,60.17,51.0,-143.67,6289.0,True,16
163,Hinshelwood,MID,29,2,0.21,0.0,14.34,13.3,10.83,20.58,8.94,0.12,0.09,1.52,-0.12,0.32,-0.69,72.17,51.0,-163.5,6158.0,True,1
163,Hinshelwood,MID,30,3,0.22,0.0,10.95,8.89,13.47,25.4,6.57,0.19,0.06,1.11,-0.19,0.37,-0.23,68.5,51.0,-36.17,6168.83,False,17
163,Hinshelwood,MID,31,5,0.42,0.0,10.18,8.36,19.25,26.4,4.57,0.31,0.09,0.95,-0.31,0.32,-0.33,72.17,51.0,72.17,6280.17,True,12
163,Hinshelwood,MID,32,3,0.36,0.0,11.01,8.59,18.28,24.14,3.91,0.27,0.22,0.95,-0.27,0.32,-0.24,84.5,51.0,117.0,6433.33,False,3
163,Hinshelwood,MID,33,2,0.55,0.0,12.83,10.78,18.4,28.41,4.58,0.33,0.26,1.0,-0.33,0.29,-0.45,81.83,51.0,7913.33,14471.67,False,18
163,Hinshelwood,MID,33,8,0.38,0.0,10.23,10.23,17.89,28.23,4.36,0.33,0.27,0.92,-0.33,0.11,-0.16,79.17,51.0,8951.17,26472.83,True,7
163,Hinshelwood,MID,35,7,0.57,0.0,12.32,13.3,16.2,27.09,3.41,0.51,0.25,0.81,-0.32,-0.06,-0.24,79.17,51.0,9945.67,38418.33,False,15
163,Hinshelwood,MID,36,8,0.55,0.0,15.67,19.79,13.46,33.7,3.83,0.56,0.24,1.11,-0.2,-0.06,-0.38,82.33,51.0,11880.67,48638.0,True,20
163,Hinshelwood,MID,37,3,0.55,0.0,19.31,23.28,7.65,28.6,3.46,0.45,0.22,1.03,0.1,-0.04,-0.3,82.33,51.0,21952.17,69574.17,False,11
163,Hinshelwood,MID,38,2,0.73,0.0,18.44,22.97,10.17,32.68,4.02,0.5,0.14,0.91,0.05,-0.14,-0.37,82.17,51.17,33299.67,101916.67,True,14
164,O'Riley,MID,30,1,0.49,0.0,19.46,29.97,32.79,30.65,4.38,0.59,0.09,1.13,-0.1,-0.09,-0.16,61.67,55.0,30632.0,85280.33,False,17
164,O'Riley,MID,33,1,0.48,0.0,20.32,29.81,32.61,30.48,4.35,0.59,0.09,1.17,-0.1,-0.09,-0.2,46.5,55.0,22980.5,74943.5,False,18
166,Ayari,MID,4,2,0.0,0.0,16.05,11.97,15.47,9.73,9.24,0.07,0.07,1.04,-0.07,-0.07,0.42,61.67,50.0,-1360.0,20349.67,False,4
166,Ayari,MID,5,8,0.0,0.0,17.54,13.24,11.32,6.62,9.6,0.05,0.07,1.18,-0.05,-0.07,0.47,68.0,49.75,-1386.5,20036.0,True,18
166,Ayari,MID,6,2,0.0,0.0,20.14,18.6,11.44,10.44,9.7,0.1,0.06,1.19,0.15,-0.06,0.55,72.4,49.6,-1218.6,19811.4,False,7
166,Ayari,MID,7,2,0.0,0.0,18.92,17.48,13.4,8.96,9.76,0.09,0.08,1.32,0.11,-0.08,0.28,75.33,49.5,1418.83,22377.67,False,20
166,Ayari,MID,8,2,0.0,0.0,18.52,18.76,17.5,8.96,9.56,0.09,0.06,1.28,0.11,-0.06,0.32,75.33,49.33,2284.5,25812.33,True,15
166,Ayari,MID,9,1,0.0,0.0,18.53,18.38,22.37,7.18,8.89,0.07,0.06,1.26,0.12,-0.06,0.06,79.33,49.17,2654.67,29218.5,False,14
166,Ayari,MID,10,3,0.0,0.0,18.68,16.26,17.25,8.18,9.78,0.08,0.06,1.26,0.09,-0.06,0.34,84.33,49.0,2908.67,32802.83,True,11
166,Ayari,MID,11,3,0.18,0.0,17.33,14.92,17.47,14.68,9.55,0.14,0.05,1.09,0.03,-0.05,0.15,84.83,49.0,2811.33,36154.33,False,8
166,Ayari,MID,12,4,0.35,0.0,14.68,9.83,15.61,11.49,9.19,0.11,0.05,1.0,-0.11,-0.05,-0.12,84.83,49.0,2411.5,39039.0,True,5
166,Ayari,MID,13,3,0.35,0.0,15.03,10.96,14.36,11.32,9.9,0.1,0.03,1.02,-0.1,-0.03,-0.14,84.83,49.0,-385.33,38877.0,False,16
166,Ayari,MID,16,1,0.53,0.0,14.15,9.37,10.41,11.32,10.26,0.11,0.03,1.05,-0.11,-0.03,-0.34,84.83,49.0,-1533.17,37501.0,False,12
166,Ayari,MID,17,3,0.61,0.0,14.16,8.66,5.46,12.13,11.73,0.13,0.03,1.01,-0.13,-0.03,-0.4,74.17,49.0,-2599.33,34393.17,True,17
166,Ayari,MID,18,5,0.76,0.0,13.42,9.45,4.67,14.56,10.97,0.22,0.03,1.08,-0.22,-0.03,-0.89,79.33,48.83,-2394.67,31539.67,False,1
166,Ayari,MID,19,4,0.57,0.0,14.75,9.3,4.46,10.4,11.34,0.22,0.02,1.57,-0.22,0.16,-1.0,79.33,48.67,-1955.83,29084.67,False,19
166,Ayari,MID,20,12,0.38,0.0,13.99,9.0,5.79,11.16,12.48,0.25,0.03,1.82,-0.25,0.16,-0.88,79.33,48.5,-1105.67,27734.67,True,3
166,Ayari,MID,21,5,0.57,0.0,17.58,13.65,5.43,14.56,12.1,0.27,0.06,1.52,-0.08,0.13,-0.76,79.33,48.33,-5.17,27310.5,False,13
166,Ayari,MID,23,11,0.38,0.0,18.85,17.42,7.92,14.42,11.92,0.26,0.06,1.77,-0.07,0.32,-0.81,78.0,48.17,929.33,27797.83,False,10
166,Ayari,MID,24,6,0.34,0.0,21.48,22.06,8.2,14.55,11.84,0.23,0.06,1.65,0.11,0.28,-0.47,88.67,48.0,2725.83,32681.67,True,9
166,Ayari,MID,29,0,0.17,0.0,24.02,24.56,10.3,10.66,11.5,0.13,0.08,1.62,0.21,0.43,-0.27,88.67,48.0,14540.67,50014.33,True,1
166,Ayari,MID,30,1,0.2,0.2,23.59,27.32,11.58,9.52,11.7,0.09,0.09,1.3,0.31,0.31,-0.11,75.67,48.0,13385.83,54991.33,False,17
166,Ayari,MID,31,1,0.25,0.25,27.79,32.8,12.34,9.84,11.07,0.06,0.11,1.13,0.43,0.39,-0.14,61.0,48.0,12767.33,59179.5,True,12
166,Ayari,MID,32,8,0.0,0.32,27.35,29.45,15.33,10.49,10.49,0.06,0.07,1.37,0.26,0.57,-0.1,47.17,48.0,11631.5,61801.0,False,3
166,Ayari,MID,33,2,0.31,0.31,30.31,34.08,17.66,12.06,12.68,0.06,0.07,1.01,0.25,0.55,-0.09,48.5,48.0,10964.5,64397.67,False,18
166,Ayari,MID,33,1,0.32,0.32,23.62,22.28,15.99,7.34,9.89,0.05,0.06,1.05,-0.05,0.57,-0.09,47.0,48.0,11247.0,65889.67,True,7
167,Baleba,MID,4,0,0.52,0.0,8.37,2.3,13.08,0.52,8.37,0.01,0.01,1.62,-0.01,-0.01,-0.57,57.33,50.0,-30308.67,458750.0,False,4
167,Baleba,MID,5,1,0.46,0.46,7.35,2.3,11.94,0.92,10.1,0.02,0.0,1.53,-0.02,-0.0,-0.62,49.0,49.75,-35967.0,439570.5,True,18
167,Baleba,MID,6,2,0.37,0.37,8.22,4.11,9.97,0.75,10.83,0.01,0.0,1.59,-0.01,-0.0,-0.47,48.2,49.6,-38515.8,419086.6,False,7
167,Baleba,MID,7,0,0.29,0.29,7.92,3.81,8.47,1.17,11.14,0.01,0.01,1.65,-0.01,-0.01,-0.48,51.17,49.33,-37886.67,400022.17,False,20
167,Baleba,MID,8,3,0.0,0.63,7.61,4.63,5.67,0.95,10.77,0.01,0.0,1.68,-0.01,-0.0,-0.1,47.33,49.0,-39975.0,371172.17,True,15
167,Baleba,MID,9,0,0.29,0.58,9.9,5.24,4.4,1.75,10.78,0.02,0.04,1.48,-0.02,-0.04,-0.32,51.5,48.67,-39864.33,335469.17,False,14
167,Baleba,MID,10,3,0.29,0.88,10.81,5.26,4.47,2.34,12.86,0.03,0.04,1.19,-0.03,-0.04,0.27,51.33,48.33,-30291.17,309246.5,True,11
167,Baleba,MID,11,2,0.48,0.48,12.51,5.44,4.67,1.93,10.59,0.02,0.03,1.04,-0.02,-0.03,0.17,62.33,48.0,-23200.5,288173.17,False,8
167,Baleba,MID,12,1,0.67,0.67,10.94,3.71,4.67,1.79,9.83,0.02,0.04,0.86,-0.02,-0.04,0.03,67.17,47.67,-15729.67,274028.5,True,5
167,Baleba,MID,13,1,0.71,0.71,9.9,4.1,6.95,1.65,9.66,0.03,0.04,0.78,-0.03,-0.04,0.16,63.67,47.5,-10547.5,264915.33,False,16
167,Baleba,MID,14,4,0.79,0.52,9.97,4.41,7.53,1.84,9.71,0.03,0.04,0.82,-0.03,-0.04,-0.04,57.17,47.33,-9859.17,255862.5,True,2
167,Baleba,MID,15,1,0.51,0.51,11.06,8.95,6.43,1.03,11.83,0.02,0.02,1.1,-0.02,-0.02,0.44,58.33,47.17,-6689.33,249918.33,True,19
167,Baleba,MID,16,2,0.51,0.26,10.26,9.23,6.36,0.51,10.26,0.01,0.02,1.12,-0.01,-0.02,-0.09,58.5,47.0,-5995.5,244545.17,False,12
167,Baleba,MID,22,1,0.28,0.28,8.06,9.89,6.39,1.67,10.56,0.02,0.02,1.46,-0.02,-0.02,0.2,54.0,46.83,-6642.33,238298.5,True,4
167,Baleba,MID,23,4,0.0,0.0,10.18,13.27,7.39,3.61,11.17,0.05,0.02,1.59,-0.05,-0.02,0.38,45.67,46.5,-6073.17,224246.0,False,10
167,Baleba,MID,24,4,0.0,0.0,14.85,13.46,4.72,3.5,11.65,0.06,0.02,1.46,-0.06,-0.02,0.29,51.5,46.17,-5201.83,210873.33,True,9
167,Baleba,MID,25,2,0.0,0.0,13.28,11.04,4.28,3.21,11.68,0.05,0.02,1.42,-0.05,-0.02,0.19,65.5,45.83,-3262.33,199672.83,True,8
167,Baleba,MID,26,0,0.0,0.0,11.89,7.65,6.09,3.26,9.79,0.05,0.01,1.2,-0.05,-0.01,-0.03,64.33,45.5,-1266.17,190402.0,False,2
167,Baleba,MID,27,1,0.0,0.26,12.41,8.17,6.16,3.62,10.34,0.05,0.01,1.22,-0.05,-0.01,0.07,58.0,45.17,1295.67,183936.0,False,5
167,Baleba,MID,28,1,0.0,0.31,15.1,9.06,6.45,2.83,11.64,0.05,0.02,1.04,-0.05,-0.02,-0.1,47.67,45.0,4225.67,180088.83,True,16
167,Baleba,MID,36,5,0.32,0.0,14.19,11.87,9.87,2.9,10.97,0.08,0.12,1.06,-0.08,-0.12,-0.1,46.5,45.0,-396.67,192813.67,True,20
167,Baleba,MID,37,3,0.51,0.0,15.43,10.95,8.05,2.57,12.34,0.08,0.1,0.88,-0.08,-0.1,-0.11,58.33,45.0,219.0,192845.17,False,11
167,Baleba,MID,38,1,0.76,0.0,17.8,14.49,10.68,3.31,12.2,0.05,0.1,0.85,-0.05,-0.1,-0.34,59.0,45.0,1503.0,194232.17,True,14
169,Gomez,MID,7,2,0.0,0.77,14.29,10.89,11.59,5.41,10.43,0.06,0.04,1.55,-0.06,-0.04,0.0,46.6,49.8,655.4,7926.2,False,20
169,Gomez,MID,8,1,0.0,0.58,13.11,11.83,9.12,9.03,10.19,0.08,0.03,1.33,-0.08,-0.03,0.13,51.5,49.67,709.33,8926.5,True,15
169,Gomez,MID,9,1,0.0,0.28,11.98,10.2,8.67,8.92,9.47,0.07,0.03,1.25,-0.07,-0.03,-0.14,53.83,49.5,477.83,10048.33,False,14
169,Gomez,MID,10,16,0.0,0.27,11.73,10.2,8.48,10.36,9.82,0.08,0.02,1.3,-0.08,-0.02,0.34,55.0,49.33,375.5,10811.67,True,11
169,Gomez,MID,11,3,0.26,0.26,22.37,30.7,13.6,29.06,9.77,0.42,0.03,0.87,0.09,-0.03,0.41,58.33,49.17,422.0,11552.5,False,8
169,Gomez,MID,12,1,0.46,0.0,23.6,32.99,21.01,38.17,9.25,0.41,0.08,0.85,0.05,-0.08,0.08,64.83,49.0,2601.33,14519.17,True,5
169,Gomez,MID,13,3,0.48,0.24,23.34,33.64,21.8,40.19,9.14,0.42,0.08,0.76,0.06,-0.08,0.2,62.33,49.0,4259.5,19537.17,False,16
169,Gomez,MID,14,1,0.71,0.24,24.33,35.01,25.06,41.34,9.69,0.41,0.14,0.78,0.06,-0.14,-0.07,63.5,49.0,3778.5,23504.67,True,2
169,Gomez,MID,15,2,0.62,0.41,21.47,31.95,20.75,34.89,9.08,0.36,0.12,1.14,0.05,-0.12,0.31,72.67,49.0,3940.33,27713.0,True,19
169,Gomez,MID,16,1,0.54,0.36,20.69,28.52,22.46,32.3,8.71,0.38,0.12,1.09,-0.01,-0.12,0.0,82.67,49.0,3669.17,31630.33,False,12
169,Gomez,MID,18,9,0.36,0.54,9.14,12.91,20.29,24.02,7.53,0.34,0.12,1.3,-0.34,-0.12,0.13,83.67,49.0,2179.0,34002.83,False,1
169,Gomez,MID,19,2,0.18,0.54,10.89,14.36,11.39,16.96,7.14,0.32,0.07,1.72,-0.15,-0.07,0.07,84.0,49.0,-92.17,32831.83,False,19
169,Gomez,MID,20,3,0.18,0.36,11.21,14.98,15.35,16.72,7.29,0.32,0.07,1.87,-0.14,-0.07,0.09,84.33,49.0,-1233.0,30603.17,True,3
169,Gomez,MID,21,2,0.18,0.36,10.76,12.59,12.96,13.98,6.99,0.32,0.03,1.81,-0.14,-0.03,0.16,83.67,49.0,140.83,29975.67,False,13
169,Gomez,MID,22,2,0.18,0.18,10.88,11.07,17.39,15.68,7.38,0.44,0.08,1.71,-0.25,-0.08,-0.23,81.33,49.0,-677.83,28256.83,True,4
169,Gomez,MID,23,2,0.19,0.19,11.08,11.97,14.0,14.38,7.78,0.4,0.07,1.83,-0.2,-0.07,-0.28,77.17,49.0,-445.83,26858.17,False,10
169,Gomez,MID,25,0,0.2,0.0,15.36,14.93,12.51,9.26,9.65,0.18,0.07,1.75,0.02,-0.07,-0.37,76.17,49.0,1058.17,27012.0,True,8
169,Gomez,MID,26,3,0.23,0.23,11.08,8.91,13.98,6.92,10.85,0.18,0.08,1.46,-0.18,-0.08,-0.31,65.0,49.0,797.17,27498.0,False,2
169,Gomez,MID,27,10,0.45,0.23,11.5,10.69,8.68,5.86,11.73,0.17,0.09,1.14,-0.17,-0.09,-0.46,66.5,49.0,-728.17,25897.0,False,5
169,Gomez,MID,28,9,0.46,0.23,15.95,18.46,8.95,9.11,12.08,0.18,0.09,1.34,0.05,-0.09,-0.66,65.83,49.0,-1804.33,23594.17,True,16
169,Gomez,MID,29,1,0.45,0.22,22.72,29.05,8.89,12.48,12.03,0.06,0.02,1.11,0.39,-0.02,-0.45,67.33,49.0,-362.33,23012.17,True,1
169,Gomez,MID,30,4,0.43,0.43,21.69,27.63,10.89,13.45,11.28,0.05,0.03,0.89,0.39,-0.03,-0.24,69.17,49.0,638.67,23326.67,False,17
169,Gomez,MID,31,6,0.64,0.64,19.48,25.5,11.31,14.4,11.44,0.1,0.03,0.83,0.32,-0.03,-0.41,70.83,49.0,3360.17,26451.5,True,12
169,Gomez,MID,32,5,0.54,0.54,20.32,25.98,12.12,15.42,11.79,0.15,0.07,0.83,0.21,0.11,-0.29,82.67,49.0,4701.33,31844.33,False,3
169,Gomez,MID,33,1,0.54,0.54,19.86,24.62,12.81,16.64,11.99,0.15,0.09,0.89,0.2,0.09,-0.35,83.83,49.0,13228.0,45444.67,False,18
169,Gomez,MID,37,1,0.4,0.6,16.51,19.57,13.69,14.09,11.68,0.14,0.1,0.78,0.06,0.1,-0.17,74.5,49.0,19037.67,74317.0,False,11
169,Gomez,MID,38,1,0.47,0.7,9.77,11.35,9.58,15.12,12.09,0.3,0.1,0.78,-0.3,0.13,-0.08,64.5,49.0,17491.17,78976.0,True,14
170,Milner,MID,31,2,0.53,0.0,15.53,10.47,11.79,8.16,8.68,0.03,0.03,1.12,-0.03,-0.03,-0.07,57.0,49.0,77.33,13667.5,True,12
170,Milner,MID,38,1,0.44,0.0,14.78,10.76,12.77,7.94,9.49,0.04,0.03,1.14,-0.04,-0.03,-0.25,68.0,49.0,69.33,13816.83,True,14
173,Wieffer,MID,6,3,0.0,0.5,16.09,23.63,3.02,10.56,16.59,0.01,0.03,1.0,-0.01,-0.03,0.51,59.67,49.67,-31.0,6286.0,False,7
173,Wieffer,MID,7,1,0.0,0.84,19.35,28.26,7.4,9.67,15.56,0.01,0.17,1.04,-0.01,0.25,0.22,53.5,49.5,-125.25,6285.0,False,20
173,Wieffer,MID,8,7,0.0,0.95,17.17,23.72,14.06,10.49,13.99,0.04,0.17,0.95,-0.04,0.15,0.32,56.6,49.4,-112.0,6308.2,True,15
173,Wieffer,MID,9,4,0.0,0.72,18.58,23.26,11.36,9.89,13.75,0.04,0.13,1.07,-0.04,0.35,0.14,62.17,49.33,-132.0,6300.83,False,14
173,Wieffer,MID,10,10,0.0,0.73,20.49,23.8,16.61,5.37,13.41,0.03,0.13,1.11,-0.03,0.36,0.59,61.5,49.17,5.67,6705.83,True,11
173,Wieffer,MID,11,3,0.24,0.48,25.92,26.06,21.0,5.76,13.2,0.03,0.21,0.93,-0.03,0.51,0.27,62.5,49.0,527.17,7387.0,False,8
173,Wieffer,MID,12,4,0.39,0.39,23.87,23.4,20.5,7.04,12.52,0.03,0.18,0.9,-0.03,0.41,0.08,76.67,49.0,4164.5,12159.83,True,5
173,Wieffer,MID,13,4,0.35,0.17,20.8,19.85,16.79,9.26,12.58,0.03,0.11,1.05,-0.03,0.24,-0.0,85.83,49.0,6070.5,19006.5,False,16
173,Wieffer,MID,14,8,0.5,0.17,22.0,24.72,17.48,9.07,15.11,0.04,0.09,1.04,-0.04,0.24,-0.2,89.33,49.0,5770.67,25261.5,True,2
173,Wieffer,MID,15,2,0.5,0.17,23.0,27.44,19.66,8.4,15.78,0.04,0.1,1.2,-0.04,0.24,0.14,89.33,49.0,5922.67,31782.33,True,19
173,Wieffer,MID,16,2,0.5,0.17,20.33,23.8,18.23,10.5,13.67,0.13,0.1,1.24,-0.13,0.23,-0.24,90.0,49.0,6853.83,39515.33,False,12
173,Wieffer,MID,17,1,0.33,0.17,16.83,20.73,19.18,11.83,13.33,0.14,0.08,1.47,-0.14,0.08,-0.13,90.0,49.0,4898.83,44776.17,True,17
173,Wieffer,MID,18,1,0.18,0.18,16.18,21.93,19.55,11.45,13.82,0.15,0.09,1.61,-0.15,0.09,-0.16,82.5,49.0,2073.83,47140.0,False,1
173,Wieffer,MID,27,2,0.2,0.2,17.0,24.52,23.16,11.0,15.0,0.2,0.08,1.58,-0.2,0.12,0.02,75.0,49.0,-749.17,45995.83,False,5
173,Wieffer,MID,28,1,0.21,0.21,15.71,18.81,17.7,9.34,12.31,0.18,0.09,1.69,-0.18,0.13,0.01,70.67,49.0,-501.83,41260.0,True,16
173,Wieffer,MID,29,4,0.22,0.45,12.03,13.19,17.78,10.47,10.69,0.21,0.09,1.32,-0.21,-0.09,-0.2,67.33,49.0,-650.5,36250.83,True,1
173,Wieffer,MID,30,5,0.23,0.46,15.0,17.26,15.23,12.23,13.38,0.1,0.09,1.2,-0.1,-0.09,-0.05,65.0,49.0,-1761.0,29830.5,False,17
173,Wieffer,MID,31,1,0.46,0.46,15.92,19.98,12.88,12.46,15.23,0.12,0.08,0.97,-0.12,-0.08,-0.28,65.0,49.0,-379.67,25195.5,True,12
173,Wieffer,MID,32,18,0.41,0.62,14.69,17.42,9.83,11.38,14.07,0.14,0.07,0.92,-0.14,-0.07,-0.09,72.5,49.0,-1108.5,19488.83,False,3
173,Wieffer,MID,33,1,0.56,0.56,23.25,29.7,6.96,12.75,13.31,0.14,0.06,0.82,0.24,-0.06,-0.25,80.0,49.0,-30.0,15393.17,False,18
173,Wieffer,MID,33,1,0.36,0.53,21.34,27.75,8.95,13.87,11.92,0.13,0.06,0.84,0.23,-0.06,0.05,84.33,49.0,14006.33,40352.0,True,7
173,Wieffer,MID,35,1,0.37,0.37,21.52,27.58,7.48,13.28,11.79,0.12,0.06,0.82,0.26,-0.06,-0.07,80.17,49.0,28015.67,65341.17,False,15
173,Wieffer,MID,38,2,0.43,0.43,21.11,27.17,8.96,10.66,10.88,0.12,0.07,0.93,0.31,-0.07,-0.07,70.33,49.0,27533.83,74646.5,True,14
200,Anthony,MID,4,3,0.34,0.34,23.52,36.2,14.18,32.39,7.16,0.54,0.13,2.29,0.14,0.21,-0.25,88.0,55.0,6909.0,24183.67,True,12
200,Anthony,MID,5,10,0.51,0.26,19.18,29.56,10.76,24.55,8.18,0.43,0.1,2.1,0.08,0.16,-0.57,88.0,55.0,16275.75,45765.0,True,16
200,Anthony,MID,6,6,0.41,0.2,22.81,34.21,12.58,30.75,7.74,0.42,0.11,1.9,0.19,0.1,-0.47,88.4,55.0,25581.0,73680.0,False,13
200,Anthony,MID,7,1,0.34,0.34,24.16,36.31,16.72,28.92,8.17,0.37,0.1,1.83,0.31,0.07,-0.13,88.17,55.17,46041.67,118329.5,False,2
200,Anthony,MID,8,2,0.36,0.36,24.16,37.93,13.28,25.41,9.13,0.31,0.05,1.68,0.41,0.13,-0.25,83.83,55.5,114696.17,246131.0,True,11
200,Anthony,MID,9,2,0.36,0.55,17.82,27.93,11.18,20.73,8.55,0.17,0.04,1.99,0.37,-0.04,-0.53,82.5,55.83,124123.5,381593.67,False,20
200,Anthony,MID,10,2,0.37,0.37,15.9,22.75,13.83,18.34,9.17,0.12,0.05,1.79,0.25,-0.05,-0.48,80.17,56.17,132080.67,524283.17,True,1
200,Anthony,MID,11,2,0.2,0.4,16.45,22.24,14.75,19.23,7.93,0.11,0.05,2.06,0.29,-0.05,-0.27,75.67,56.5,105787.83,635299.17,False,19
200,Anthony,MID,12,2,0.2,0.41,10.95,13.7,19.84,10.74,8.11,0.04,0.13,2.3,0.16,-0.13,-0.27,74.0,56.83,82927.67,723385.5,True,7
200,Anthony,MID,13,4,0.21,0.21,6.1,6.27,18.02,9.67,7.15,0.06,0.12,2.26,-0.06,-0.12,-0.57,71.33,56.83,41427.5,767453.5,False,5
200,Anthony,MID,14,1,0.23,0.23,9.35,5.7,19.85,10.29,6.31,0.06,0.14,2.64,-0.06,0.1,-0.3,64.17,56.5,-40972.83,724619.33,True,8
200,Anthony,MID,15,1,0.0,0.0,9.75,7.5,21.58,16.25,6.25,0.08,0.15,2.4,-0.08,0.1,0.35,60.0,56.17,-56802.33,669592.33,False,15
200,Anthony,MID,16,1,0.0,0.0,10.62,7.94,27.22,14.37,5.62,0.08,0.19,2.3,-0.08,0.13,0.52,48.0,55.67,-77591.0,592264.17,True,10
200,Anthony,MID,23,2,0.0,0.0,23.38,21.16,13.21,15.78,10.52,0.09,0.03,1.97,0.2,-0.03,-0.51,51.33,51.67,-31430.67,283391.67,True,18
200,Anthony,MID,24,1,0.0,0.0,22.21,20.9,16.11,16.13,10.75,0.09,0.06,2.06,0.15,-0.06,-0.42,64.17,51.33,-14545.17,267766.5,False,17
200,Anthony,MID,25,2,0.0,0.23,20.64,19.67,21.43,15.08,8.81,0.09,0.07,2.06,0.14,-0.07,0.03,64.67,51.0,-9081.83,257096.5,True,19
200,Anthony,MID,26,8,0.0,0.21,18.99,17.38,20.0,16.93,9.29,0.1,0.06,1.98,0.1,-0.06,0.29,72.67,50.67,-6984.17,248524.17,False,8
200,Anthony,MID,27,2,0.0,0.2,20.99,24.22,24.05,20.58,8.88,0.11,0.09,2.02,0.29,-0.09,0.2,74.33,50.5,-6452.83,242233.67,False,7
200,Anthony,MID,28,10,0.0,0.18,14.67,15.57,23.72,15.57,8.15,0.11,0.1,2.01,0.08,-0.1,-0.02,82.83,50.33,-4427.0,238091.17,True,5
200,Anthony,MID,29,4,0.0,0.18,18.83,21.62,21.89,20.46,7.79,0.13,0.09,1.84,0.23,0.1,0.7,82.83,50.17,-2759.33,235583.5,False,9
200,Anthony,MID,30,3,0.0,0.18,17.93,20.06,20.75,19.56,8.33,0.13,0.06,1.7,0.23,0.12,0.83,82.83,50.0,-662.83,235226.5,True,4
200,Anthony,MID,31,2,0.18,0.0,18.96,21.33,21.58,26.22,9.39,0.18,0.1,1.92,0.18,0.08,0.03,84.67,50.0,2393.17,238038.67,False,10
200,Anthony,MID,32,2,0.17,0.0,19.76,22.46,23.5,25.83,8.61,0.17,0.17,2.19,0.17,0.0,-0.16,88.83,50.0,2685.67,240352.17,True,6
200,Anthony,MID,33,2,0.17,0.0,15.2,17.39,21.33,27.02,7.94,0.21,0.15,2.21,-0.04,0.02,-0.19,88.83,50.0,4910.83,245741.33,False,16
200,Anthony,MID,33,2,0.17,0.0,16.24,17.7,19.79,27.07,7.44,0.19,0.14,2.06,-0.02,0.03,0.31,88.67,50.0,5242.0,253963.33,True,13
200,Anthony,MID,35,5,0.17,0.0,13.3,12.72,21.8,24.2,7.33,0.14,0.14,2.11,-0.14,-0.14,-0.24,88.0,50.0,5507.83,262063.67,False,11
200,Anthony,MID,36,7,0.17,0.0,14.66,14.32,21.87,25.06,5.97,0.15,0.16,2.17,-0.15,0.01,-0.12,88.0,50.0,2663.67,261971.5,True,2
200,Anthony,MID,37,2,0.0,0.0,16.97,18.79,17.01,24.17,5.49,0.2,0.12,1.97,-0.03,0.05,0.43,87.5,50.0,-150.83,258937.83,False,1
200,Anthony,MID,38,2,0.0,0.0,14.23,14.91,12.24,20.23,5.14,0.19,0.04,1.65,-0.02,0.13,0.4,87.5,50.0,334.0,257161.17,True,20
202,Bruun Larsen,MID,6,1,0.51,0.0,15.34,16.77,14.88,10.23,6.65,0.03,0.17,2.09,-0.03,0.34,-0.56,58.67,54.67,-327.67,4100.0,False,13
202,Bruun Larsen,MID,7,1,0.44,0.0,13.68,14.47,13.54,8.82,6.18,0.02,0.15,2.22,-0.02,0.29,0.42,51.0,54.5,-397.0,3955.5,False,2
202,Bruun Larsen,MID,8,1,0.38,0.0,11.87,12.71,11.95,7.66,5.74,0.02,0.13,2.08,-0.02,0.25,0.6,47.0,54.2,-334.4,3873.6,True,11
202,Bruun Larsen,MID,9,2,0.31,0.0,10.79,11.84,10.36,9.55,4.62,0.02,0.11,1.85,-0.02,0.2,0.31,48.67,54.0,-243.83,3895.0,False,20
202,Bruun Larsen,MID,10,1,0.27,0.0,10.27,10.27,11.95,9.73,3.78,0.04,0.12,1.97,-0.04,0.15,0.19,55.5,53.67,-272.5,3879.0,True,1
202,Bruun Larsen,MID,11,1,0.0,0.0,10.75,12.53,13.85,11.67,3.69,0.04,0.14,2.09,-0.04,0.17,0.37,48.83,53.33,-177.83,3845.33,False,19
202,Bruun Larsen,MID,18,3,0.3,0.0,12.9,14.58,29.94,15.9,7.8,0.1,0.12,2.24,-0.1,-0.12,0.47,50.0,53.0,-23.83,4125.0,True,9
202,Bruun Larsen,MID,19,1,0.5,0.0,9.8,12.12,25.79,15.84,7.29,0.24,0.1,1.8,-0.24,-0.1,0.21,59.67,53.0,15.67,4212.17,True,15
202,Bruun Larsen,MID,20,1,0.5,0.0,9.53,12.18,25.42,15.79,7.27,0.24,0.09,1.54,-0.24,-0.09,-0.04,59.83,53.0,63.17,4344.0,False,6
202,Bruun Larsen,MID,24,1,0.49,0.0,8.56,10.13,23.55,10.03,7.58,0.2,0.09,1.8,-0.2,-0.09,0.15,61.33,53.0,47.0,4455.5,False,17
202,Bruun Larsen,MID,25,1,0.61,0.0,8.6,8.35,26.72,10.14,6.45,0.23,0.1,1.83,-0.23,-0.1,0.01,48.83,53.0,43.5,4536.0,True,19
205,Cullen,MID,4,3,0.33,0.0,25.67,35.0,26.57,7.0,11.0,0.03,0.17,2.24,0.31,0.16,-0.24,90.0,50.0,50839.67,76532.33,True,12
205,Cullen,MID,5,4,0.54,0.0,24.13,32.96,22.01,5.69,10.84,0.02,0.14,2.15,0.25,0.13,-0.52,83.0,50.0,40864.0,112498.25,True,16
205,Cullen,MID,6,4,0.43,0.0,22.18,29.99,18.6,4.48,11.52,0.02,0.12,1.93,0.2,0.09,-0.43,84.4,50.0,36863.0,139356.0,False,13
205,Cullen,MID,7,6,0.36,0.0,21.78,30.17,18.13,3.78,11.88,0.01,0.1,1.85,0.17,0.08,-0.05,83.33,50.0,28195.5,154476.33,False,2
205,Cullen,MID,8,3,0.36,0.0,23.22,29.77,8.64,5.04,13.32,0.03,0.06,1.68,0.15,0.12,-0.06,83.33,50.0,28512.5,192908.0,True,11
205,Cullen,MID,9,2,0.36,0.0,16.56,19.8,8.68,1.26,13.32,0.02,0.03,2.01,-0.02,-0.03,-0.39,83.33,50.0,36548.67,239903.83,False,20
205,Cullen,MID,10,1,0.36,0.0,18.0,20.81,8.71,3.78,12.42,0.03,0.03,1.81,-0.03,-0.03,-0.37,83.33,50.0,14190.0,255270.17,True,1
205,Cullen,MID,11,10,0.17,0.17,16.99,17.97,8.65,3.64,11.45,0.03,0.03,1.95,-0.03,-0.03,-0.22,86.5,50.0,10086.33,267247.67,False,19
205,Cullen,MID,12,2,0.17,0.17,20.46,23.06,10.94,9.71,10.58,0.1,0.03,2.28,0.07,-0.03,-0.2,86.5,50.0,3892.0,272447.83,True,7
205,Cullen,MID,13,2,0.17,0.17,18.47,18.07,8.97,9.49,9.15,0.1,0.03,2.31,0.07,-0.03,-0.45,88.5,50.0,10628.5,285248.17,False,5
205,Cullen,MID,14,4,0.17,0.17,15.55,15.37,8.34,8.46,6.91,0.08,0.03,2.52,0.09,-0.03,-0.79,86.83,50.0,8845.5,295031.0,True,8
205,Cullen,MID,15,2,0.0,0.18,16.73,16.66,5.83,8.98,8.98,0.1,0.03,2.21,0.08,-0.03,-0.27,85.17,50.0,-1171.67,294255.67,False,15
205,Cullen,MID,16,4,0.0,0.18,17.08,14.79,7.89,7.75,8.1,0.1,0.07,2.07,0.07,-0.07,-0.14,85.17,50.0,-5852.0,289005.67,True,10
205,Cullen,MID,17,2,0.0,0.17,19.56,18.31,12.41,8.13,8.65,0.11,0.11,2.01,0.06,0.06,0.06,86.67,50.0,-8906.17,281094.67,False,4
205,Cullen,MID,18,1,0.0,0.17,15.92,11.08,11.13,2.42,8.65,0.04,0.11,1.74,-0.04,0.07,-0.01,86.67,50.0,-6834.5,275158.0,True,9
206,Edwards,MID,22,9,0.26,0.0,18.1,21.15,40.01,17.32,5.77,0.11,0.27,1.65,-0.11,0.26,-0.34,57.17,47.0,270.5,7983.5,False,12
206,Edwards,MID,23,2,0.22,0.0,20.5,24.46,31.59,19.83,5.57,0.11,0.22,2.06,0.11,0.22,-0.73,67.33,47.0,361.0,8395.17,True,18
206,Edwards,MID,24,2,0.19,0.0,15.35,19.17,28.71,16.48,5.68,0.1,0.16,2.0,0.09,0.03,-0.68,79.17,47.0,1033.83,9524.67,False,17
206,Edwards,MID,25,2,0.0,0.0,14.41,18.71,23.03,15.2,4.93,0.1,0.09,2.15,0.1,0.1,-0.37,76.0,47.0,967.5,10517.5,True,19
206,Edwards,MID,26,5,0.0,0.0,14.17,17.46,17.33,16.04,4.17,0.14,0.09,1.99,0.07,0.12,-0.33,72.0,47.0,1430.5,12019.17,False,8
206,Edwards,MID,27,2,0.0,0.0,16.31,19.3,17.44,15.54,4.61,0.12,0.07,2.09,0.07,0.32,-0.17,78.17,47.0,1267.0,13355.17,False,7
206,Edwards,MID,30,1,0.0,0.0,12.47,13.86,11.67,17.65,5.18,0.15,0.06,1.99,0.04,0.13,-0.26,78.17,47.0,1353.33,14795.0,True,4
206,Edwards,MID,31,1,0.0,0.0,9.36,8.47,14.24,15.59,6.01,0.14,0.07,1.91,-0.14,0.15,-0.13,67.33,47.0,1004.33,15613.17,False,10
206,Edwards,MID,32,2,0.0,0.0,10.84,7.43,10.82,18.43,5.69,0.18,0.05,2.23,-0.18,0.22,-0.07,55.33,47.0,220.5,15483.67,True,6
206,Edwards,MID,33,2,0.0,0.0,11.18,7.88,10.89,22.63,5.59,0.18,0.05,2.38,-0.18,0.22,-0.51,56.33,47.0,98.5,15371.17,False,16
206,Edwards,MID,33,1,0.0,0.0,12.36,8.76,10.64,13.97,7.25,0.07,0.04,2.36,-0.07,0.23,-0.75,55.83,47.0,-442.17,14673.67,True,13
207,Hannibal,MID,4,1,0.43,0.0,11.25,5.19,11.38,5.62,7.36,0.07,0.06,1.93,-0.07,-0.06,-0.19,69.33,50.0,-64.0,15708.33,True,12
207,Hannibal,MID,5,1,0.38,0.0,9.19,4.6,10.19,4.98,7.28,0.06,0.05,2.18,-0.06,-0.05,-0.26,58.75,50.0,-271.5,16365.75,True,16
207,Hannibal,MID,6,1,0.37,0.0,10.7,5.16,15.01,4.8,7.38,0.06,0.08,2.22,-0.06,-0.08,-0.38,48.8,50.0,-318.4,16801.0,False,13
207,Hannibal,MID,28,10,0.0,0.83,19.94,21.54,18.86,13.85,8.86,0.06,0.09,1.84,0.22,-0.09,0.1,54.17,47.0,392.5,12746.17,True,5
207,Hannibal,MID,29,2,0.0,0.51,30.0,31.79,22.44,11.79,10.0,0.05,0.12,1.76,0.2,0.39,0.55,58.5,47.0,521.5,13362.83,False,9
207,Hannibal,MID,30,2,0.0,0.43,25.65,28.0,17.32,10.69,10.05,0.04,0.1,1.72,0.17,0.33,0.63,70.17,47.0,1460.33,14958.0,True,4
207,Hannibal,MID,31,1,0.18,0.53,21.34,25.51,19.16,9.43,9.78,0.05,0.1,1.81,0.13,0.26,-0.04,84.33,47.0,2052.67,17152.67,False,10
207,Hannibal,MID,35,0,0.21,0.62,21.41,27.06,15.3,10.6,10.18,0.05,0.07,1.92,0.16,0.35,-0.26,72.17,47.0,1915.5,18931.17,False,11
207,Hannibal,MID,36,5,0.23,0.7,16.51,19.21,16.09,7.91,8.6,0.05,0.07,1.97,-0.05,0.39,-0.34,64.5,47.0,1747.83,19607.67,True,2
207,Hannibal,MID,37,1,0.25,0.49,20.71,25.59,26.95,4.93,9.12,0.04,0.17,1.89,-0.04,0.57,0.09,60.83,47.0,1474.33,19995.5,False,1
207,Hannibal,MID,38,1,0.26,0.77,10.77,14.21,23.62,6.67,7.69,0.06,0.14,1.79,-0.06,0.11,-0.25,58.5,47.0,1344.5,20254.5,True,20
209,Laurent,MID,5,2,0.0,0.48,9.63,14.44,5.97,11.07,9.63,0.06,0.06,2.48,-0.06,-0.06,-0.55,46.75,49.75,-217.0,3121.0,True,16
209,Laurent,MID,6,2,0.0,0.32,10.07,14.1,5.95,8.12,8.12,0.04,0.05,2.03,-0.04,-0.05,-0.41,55.4,49.6,-179.4,3190.0,False,13
209,Laurent,MID,7,2,0.0,0.25,9.81,11.62,4.66,7.36,7.6,0.04,0.03,2.03,-0.04,-0.03,0.42,61.17,49.5,-165.33,3233.0,False,2
209,Laurent,MID,8,1,0.0,0.23,9.79,9.79,2.35,2.8,7.93,0.01,0.0,1.87,-0.01,-0.0,0.46,64.33,49.33,-173.17,3392.67,True,11
209,Laurent,MID,9,1,0.0,0.24,10.0,7.9,2.21,2.86,7.62,0.01,0.0,2.16,-0.01,-0.0,0.22,63.0,49.17,-140.33,3445.33,False,20
209,Laurent,MID,10,2,0.0,0.0,11.22,8.51,2.24,2.34,7.25,0.01,0.0,1.94,-0.01,-0.0,0.17,64.17,49.0,-86.5,3501.17,True,1
209,Laurent,MID,12,1,0.0,0.0,13.14,9.97,2.87,2.19,7.54,0.01,0.0,1.98,-0.01,-0.0,0.45,61.67,49.0,-59.0,3543.0,True,7
209,Laurent,MID,13,1,0.0,0.0,14.16,8.69,2.17,2.2,8.18,0.01,0.0,2.45,-0.01,-0.0,0.69,47.67,49.0,-64.33,3568.83,False,5
209,Laurent,MID,19,10,0.3,0.3,12.86,17.4,6.7,3.29,11.96,0.02,0.01,2.13,-0.02,-0.01,-0.04,50.17,48.5,-16.83,3676.83,True,15
209,Laurent,MID,20,1,0.28,0.28,19.65,31.5,14.58,10.25,13.96,0.08,0.02,2.02,0.21,-0.02,0.25,52.67,48.33,15.33,3754.17,False,6
209,Laurent,MID,21,4,0.22,0.45,17.32,26.55,12.06,8.1,12.82,0.06,0.02,1.76,0.16,-0.02,0.27,66.67,48.17,274.33,4104.0,True,14
209,Laurent,MID,22,1,0.19,0.38,16.48,25.65,7.45,6.82,13.26,0.05,0.01,1.67,0.14,-0.01,-0.16,79.17,48.0,243.33,4390.33,False,12
209,Laurent,MID,23,0,0.2,0.2,17.21,26.31,7.58,7.12,13.05,0.05,0.01,1.7,0.14,-0.01,-0.12,75.83,48.0,285.17,4725.5,True,18
209,Laurent,MID,24,1,0.23,0.47,18.42,28.21,9.14,7.46,12.12,0.06,0.01,1.86,0.17,-0.01,0.01,64.33,48.0,294.67,5069.83,False,17
209,Laurent,MID,25,0,0.0,0.53,20.59,28.19,13.38,6.6,11.35,0.06,0.02,2.09,0.21,-0.02,0.29,56.83,48.0,217.83,5322.83,True,19
209,Laurent,MID,26,2,0.0,0.91,13.38,14.96,8.27,1.22,10.03,0.01,0.02,1.74,-0.01,-0.02,0.09,49.33,48.0,183.67,5538.17,False,8
209,Laurent,MID,27,1,0.0,0.61,11.86,15.02,7.84,2.13,9.43,0.03,0.02,1.84,-0.03,-0.02,-0.02,49.33,48.0,-90.33,5453.0,False,7
209,Laurent,MID,28,1,0.0,0.95,9.54,9.99,12.75,7.63,6.36,0.05,0.05,1.71,-0.05,-0.05,-0.12,47.17,48.0,-55.0,5436.67,True,5
209,Laurent,MID,29,1,0.0,0.84,10.03,12.87,22.76,6.69,6.41,0.05,0.05,2.0,-0.05,-0.05,0.23,53.83,48.0,-95.0,5370.17,False,9
209,Laurent,MID,30,3,0.0,0.56,10.97,12.94,23.23,6.75,7.31,0.05,0.05,1.82,-0.05,-0.05,0.15,53.33,48.0,-120.0,5271.5,True,4
209,Laurent,MID,31,-1,0.25,0.5,9.45,12.28,18.05,6.46,7.46,0.04,0.05,1.83,-0.04,-0.05,-0.34,60.33,48.0,-76.17,5225.0,False,10
209,Laurent,MID,33,1,0.22,0.22,5.97,9.69,14.86,6.63,6.86,0.09,0.04,2.06,-0.09,-0.04,-0.07,67.83,48.0,-69.17,5172.5,False,16
209,Laurent,MID,33,2,0.28,0.28,8.06,11.56,18.28,8.06,7.78,0.09,0.04,2.15,-0.09,-0.04,0.07,54.0,48.0,-49.0,5113.17,True,13
209,Laurent,MID,35,1,0.27,0.0,7.57,11.62,17.16,4.32,9.46,0.07,0.03,2.26,-0.07,-0.03,-0.09,55.5,48.0,-51.67,5046.67,False,11
209,Laurent,MID,36,1,0.26,0.0,5.28,6.91,5.86,5.01,8.71,0.07,0.02,1.97,-0.07,-0.02,-0.12,56.83,48.0,-35.17,4978.33,True,2
209,Laurent,MID,37,1,0.27,0.0,5.39,7.33,5.6,5.12,8.62,0.07,0.02,2.01,-0.07,-0.02,-0.13,55.67,48.0,-28.83,4916.83,False,1
210,Tchaouna,MID,8,6,0.31,0.31,11.06,4.73,8.91,10.14,4.91,0.1,0.05,1.66,-0.1,0.26,-0.12,48.83,49.33,-17.0,3634.67,True,11
210,Tchaouna,MID,10,1,0.28,0.28,15.57,14.49,6.99,10.47,4.81,0.08,0.03,2.07,0.21,0.25,-0.66,53.0,49.17,55.83,3909.17,True,1
210,Tchaouna,MID,11,2,0.28,0.0,14.02,14.19,7.04,5.61,5.05,0.04,0.04,1.74,0.24,-0.04,-0.62,53.5,49.0,64.33,4225.5,False,19
210,Tchaouna,MID,12,2,0.0,0.0,14.12,13.02,4.87,6.65,4.98,0.05,0.04,1.71,0.23,-0.04,-0.33,54.17,49.0,55.0,4489.33,True,7
210,Tchaouna,MID,13,3,0.0,0.0,16.03,15.92,6.92,9.0,5.91,0.04,0.03,1.76,0.24,-0.03,-0.35,53.33,49.0,-67.83,4597.33,False,5
210,Tchaouna,MID,14,1,0.27,0.0,15.68,15.78,7.08,9.46,6.22,0.04,0.03,1.81,0.24,-0.03,-1.0,55.5,49.0,-88.17,4681.17,True,8
210,Tchaouna,MID,17,1,0.28,0.0,15.47,16.54,7.17,10.97,5.91,0.04,0.04,1.74,0.24,-0.04,-0.9,53.33,49.0,-97.17,4744.0,False,4
210,Tchaouna,MID,19,2,0.29,0.0,10.38,6.98,8.51,9.23,5.77,0.03,0.04,1.32,-0.03,-0.04,-0.17,52.0,49.0,-121.5,4717.67,True,15
210,Tchaouna,MID,20,1,0.25,0.0,7.82,5.19,10.82,12.61,5.04,0.11,0.05,1.57,-0.11,-0.05,-0.06,59.5,49.0,-102.5,4641.0,False,6
210,Tchaouna,MID,22,1,0.28,0.0,9.09,7.61,11.64,16.18,4.83,0.14,0.05,1.46,-0.14,-0.05,-0.04,52.83,49.0,-68.67,4593.83,False,12
210,Tchaouna,MID,37,2,0.0,0.31,19.29,20.82,25.59,16.84,4.59,0.11,0.06,2.22,0.2,-0.06,0.54,49.0,48.33,4.67,4452.5,False,1
210,Tchaouna,MID,38,5,0.0,0.26,17.63,18.63,28.29,16.84,5.0,0.1,0.05,2.11,0.16,-0.05,0.26,57.0,48.17,27.5,4509.33,True,20
235,Palmer,MID,14,1,0.62,0.0,22.5,27.75,12.0,40.62,4.38,0.5,0.08,1.59,0.12,-0.08,-0.34,48.0,104.33,-321717.33,3572523.0,False,11
235,Palmer,MID,16,6,0.39,0.0,19.17,23.17,14.95,30.52,7.43,0.38,0.05,2.08,0.02,-0.05,-0.91,46.0,103.8,-173886.2,2628381.4,True,9
235,Palmer,MID,17,5,0.31,0.0,22.89,29.54,19.29,30.42,6.27,0.45,0.06,1.82,0.17,-0.06,-0.87,47.83,103.67,-135809.17,2407250.83,False,15
235,Palmer,MID,18,2,0.0,0.0,26.41,30.52,18.75,26.74,6.85,0.43,0.06,2.32,0.22,0.27,-0.69,46.0,103.5,-114312.67,1635172.33,True,2
235,Palmer,MID,19,7,0.0,0.0,18.98,17.31,17.08,20.7,7.48,0.26,0.04,2.03,0.03,0.25,-0.6,52.17,103.5,112504.33,1535026.17,True,4
235,Palmer,MID,20,2,0.0,0.0,23.32,26.37,21.09,24.85,8.11,0.43,0.05,2.27,0.07,0.21,-0.75,59.17,103.5,59290.0,1374258.5,False,13
235,Palmer,MID,21,1,0.0,0.0,20.77,22.89,18.67,21.2,7.79,0.38,0.05,1.85,0.05,0.17,-0.55,69.33,103.67,51836.33,1429489.0,False,10
235,Palmer,MID,22,9,0.0,0.21,18.91,21.2,15.59,24.73,6.65,0.37,0.05,1.62,0.05,0.16,-0.16,72.17,103.83,52440.67,1486885.33,True,5
235,Palmer,MID,24,2,0.19,0.39,17.0,19.97,10.82,23.56,8.3,0.4,0.04,1.71,-0.02,0.15,-0.36,77.67,104.0,31990.67,1520481.67,True,19
235,Palmer,MID,25,20,0.19,0.38,14.91,20.3,9.4,24.53,7.92,0.51,0.04,1.5,-0.13,-0.04,-0.18,79.5,104.0,5782.0,1537807.33,False,20
235,Palmer,MID,26,12,0.19,0.39,25.11,39.17,9.46,29.16,6.95,0.83,0.04,1.52,0.14,-0.04,-0.17,77.67,104.0,1868.33,1551598.5,True,11
235,Palmer,MID,27,3,0.18,0.55,26.23,40.77,14.39,32.25,6.01,0.94,0.12,1.17,-0.03,0.06,0.11,82.33,104.17,35756.33,1591399.0,True,3
235,Palmer,MID,28,1,0.38,0.56,28.81,44.06,18.49,38.22,6.97,1.02,0.16,1.07,-0.08,0.03,0.06,79.67,104.5,106120.83,1715252.83,False,1
235,Palmer,MID,29,9,0.37,0.55,26.13,41.04,17.82,32.76,6.07,0.99,0.15,1.14,-0.07,0.03,0.15,81.5,104.83,76844.67,1801433.83,False,2
235,Palmer,MID,30,2,0.19,0.37,29.63,43.68,22.64,34.66,5.96,0.88,0.2,0.97,0.05,-0.02,0.52,80.5,105.17,81054.5,1895608.33,True,15
235,Palmer,MID,31,2,0.19,0.37,31.86,45.47,29.89,36.15,5.96,0.81,0.26,1.02,0.12,-0.07,0.28,80.5,105.5,95807.17,1995215.5,False,9
235,Palmer,MID,32,4,0.18,0.35,22.11,26.32,30.61,25.26,6.14,0.46,0.25,1.05,-0.11,-0.08,0.53,85.5,105.83,101941.67,2153909.0,True,13
235,Palmer,MID,33,2,0.18,0.18,17.37,17.54,26.12,20.0,7.72,0.21,0.2,1.2,-0.04,-0.2,0.56,85.5,106.0,79379.83,2227832.83,True,14
235,Palmer,MID,35,0,0.0,0.17,15.99,15.28,23.58,15.99,6.47,0.19,0.16,1.16,-0.02,-0.16,0.71,88.17,105.83,50990.5,2348553.17,True,16
235,Palmer,MID,36,2,0.0,0.0,16.85,17.22,26.53,22.08,6.91,0.34,0.19,1.31,-0.18,-0.19,0.72,89.0,105.67,50659.67,2350228.83,False,12
235,Palmer,MID,37,2,0.0,0.0,12.5,10.6,22.97,17.17,5.67,0.32,0.15,1.3,-0.32,-0.15,0.7,90.0,105.17,-10122.83,2287369.67,True,18
235,Palmer,MID,38,8,0.0,0.0,10.54,8.7,17.41,15.22,5.69,0.3,0.11,1.34,-0.3,-0.11,0.66,89.67,104.67,-30589.5,2204795.33,False,17
236,Neto,MID,4,2,0.69,0.0,21.81,20.84,30.67,13.85,4.15,0.14,0.24,0.6,0.2,-0.24,-0.26,86.67,70.0,55049.0,472301.33,False,5
236,Neto,MID,5,1,0.51,0.0,19.54,18.41,31.78,16.46,4.63,0.14,0.23,0.82,0.12,-0.23,-0.04,87.5,70.0,36794.25,516326.5,False,14
236,Neto,MID,6,2,0.51,0.0,19.97,18.1,31.25,16.18,4.8,0.13,0.23,0.81,0.12,-0.23,-0.06,71.2,70.0,14970.4,529425.2,True,6
236,Neto,MID,7,2,0.41,0.0,17.42,15.8,29.22,15.55,4.35,0.12,0.19,0.89,0.09,-0.19,-0.06,72.33,70.0,3329.5,530606.33,True,12
236,Neto,MID,8,12,0.22,0.0,15.72,13.74,22.74,15.07,4.09,0.12,0.13,1.11,0.09,-0.13,-0.03,69.67,70.0,-6163.83,551169.17,False,16
236,Neto,MID,9,8,0.44,0.0,19.11,20.62,32.51,15.33,4.22,0.08,0.26,1.44,0.14,-0.04,-0.55,67.5,70.0,-9860.83,560470.33,True,17
236,Neto,MID,10,3,0.22,0.0,22.44,22.8,28.85,15.18,3.96,0.08,0.22,1.61,0.14,0.22,-0.51,68.17,70.0,-12348.33,555144.17,False,18
236,Neto,MID,11,9,0.45,0.0,20.55,22.78,25.66,19.21,4.02,0.19,0.19,1.34,0.03,0.26,-0.67,67.17,70.0,-211.33,562245.33,True,20
236,Neto,MID,12,8,0.57,0.0,24.36,27.51,27.93,20.36,4.19,0.29,0.25,1.14,0.09,0.13,-0.57,78.83,70.17,19212.17,588824.33,False,3
236,Neto,MID,13,2,0.74,0.19,28.21,33.7,29.28,28.58,4.08,0.35,0.26,1.0,0.21,0.11,-0.63,80.83,70.33,36745.5,633017.5,True,1
236,Neto,MID,14,6,0.72,0.18,26.59,32.8,28.96,29.28,4.31,0.37,0.26,0.91,0.17,0.1,-0.56,83.5,70.5,62699.33,699993.33,False,11
236,Neto,MID,15,2,0.58,0.19,23.6,28.55,19.98,32.43,4.41,0.39,0.13,1.0,0.19,0.06,-0.42,78.17,70.83,93334.67,800655.17,False,4
236,Neto,MID,16,6,0.76,0.38,20.84,27.55,28.14,36.19,4.36,0.4,0.18,1.03,0.17,-0.18,-0.65,79.17,71.17,81701.5,886065.5,True,9
236,Neto,MID,17,2,0.75,0.37,24.14,30.01,29.66,29.75,4.49,0.28,0.23,1.19,0.28,-0.04,-0.81,80.17,71.67,75250.83,964721.67,False,15
236,Neto,MID,18,2,0.55,0.36,19.27,22.95,28.25,30.18,4.55,0.19,0.17,1.57,0.18,0.02,-0.84,82.5,72.0,72237.0,1037945.0,True,2
236,Neto,MID,19,1,0.36,0.18,17.09,17.24,28.64,21.45,4.91,0.12,0.17,1.71,0.06,0.01,-0.61,82.5,72.33,54629.67,1089645.33,True,4
236,Neto,MID,20,2,0.4,0.2,20.6,20.8,40.0,21.6,4.4,0.09,0.3,1.7,0.11,-0.1,-0.7,75.0,72.67,31552.83,1125336.83,False,13
236,Neto,MID,21,5,0.36,0.18,15.45,13.85,36.56,14.73,4.91,0.11,0.27,1.33,-0.11,-0.09,-0.42,82.5,72.67,-16589.33,1107862.5,False,10
236,Neto,MID,22,3,0.18,0.0,17.27,12.76,29.04,14.18,5.09,0.12,0.24,1.29,-0.12,0.12,-0.02,82.5,72.67,-49463.33,1059742.33,True,5
236,Neto,MID,23,3,0.18,0.0,17.09,10.04,28.82,13.27,4.91,0.12,0.23,1.38,-0.12,-0.05,-0.11,82.5,72.33,-59579.33,1002694.0,False,8
236,Neto,MID,24,2,0.38,0.0,15.63,9.49,24.89,8.47,4.14,0.09,0.21,1.12,-0.09,-0.02,-0.18,79.67,72.0,-65182.17,941804.17,True,19
236,Neto,MID,25,2,0.4,0.0,16.53,11.15,30.23,8.56,3.78,0.09,0.29,1.13,-0.09,-0.1,-0.34,75.33,71.67,-60687.83,887684.67,False,20
236,Neto,MID,26,1,0.36,0.0,14.67,8.26,19.94,9.96,4.71,0.18,0.17,1.16,-0.18,0.01,-0.25,82.83,71.33,-69215.83,819920.83,True,11
236,Neto,MID,27,8,0.42,0.0,16.84,9.73,25.61,10.18,4.57,0.15,0.24,1.42,-0.15,-0.03,-0.17,72.17,71.0,-52149.67,770028.5,True,3
236,Neto,MID,28,-1,0.63,0.0,18.21,12.81,30.41,9.84,4.4,0.14,0.33,1.29,-0.14,-0.12,-0.46,71.67,70.67,-39336.67,732694.5,False,1
236,Neto,MID,31,2,0.44,0.0,13.86,11.79,28.28,9.9,3.52,0.15,0.31,1.25,-0.15,-0.09,0.07,68.17,70.5,-34581.33,699365.83,False,9
236,Neto,MID,32,2,0.22,0.0,15.78,11.56,29.56,12.22,4.0,0.16,0.31,1.29,-0.16,-0.09,0.49,67.5,70.33,-33325.5,654070.67,True,13
236,Neto,MID,33,2,0.21,0.0,13.57,9.81,25.89,13.78,4.59,0.16,0.22,1.5,-0.16,-0.01,0.59,71.83,70.17,-27658.67,613872.17,True,14
236,Neto,MID,33,2,0.21,0.0,14.2,12.03,33.1,13.99,3.34,0.08,0.39,1.34,-0.08,-0.18,0.75,71.83,70.0,-3661.33,604511.33,False,6
236,Neto,MID,37,5,0.18,0.0,13.45,10.22,27.85,12.55,2.91,0.07,0.31,1.29,-0.07,-0.13,0.71,82.5,70.0,13968.83,603695.83,True,18
236,Neto,MID,38,6,0.0,0.0,11.43,10.92,22.9,14.15,3.27,0.06,0.21,1.49,-0.06,-0.02,0.69,82.67,70.0,13783.67,582934.83,False,17
237,Enzo,MID,4,4,0.7,0.0,28.6,33.98,22.92,22.67,3.84,0.63,0.13,0.82,0.06,0.57,-0.47,86.0,65.0,39286.33,435948.0,False,5
237,Enzo,MID,5,1,0.52,0.0,25.86,31.45,24.62,20.69,6.21,0.5,0.11,0.98,0.02,0.41,-0.2,87.0,65.25,214158.5,696171.5,False,14
237,Enzo,MID,6,9,0.41,0.21,22.19,27.08,21.74,17.26,5.75,0.4,0.09,1.16,0.01,0.32,-0.13,87.6,65.6,200091.0,879891.8,True,6
237,Enzo,MID,7,2,0.34,0.17,23.86,29.86,21.48,23.18,5.8,0.58,0.08,1.35,-0.07,0.26,0.02,88.0,65.83,150133.33,986324.83,True,12
237,Enzo,MID,9,2,0.17,0.17,22.67,30.8,20.72,26.17,7.5,0.63,0.07,1.54,-0.13,0.26,-0.04,90.0,66.17,175818.0,1214195.33,True,17
237,Enzo,MID,10,2,0.17,0.17,21.0,28.77,26.18,27.5,7.67,0.48,0.14,1.64,-0.14,0.03,0.03,90.0,66.5,193856.17,1466031.5,False,18
237,Enzo,MID,11,3,0.17,0.33,16.17,21.1,27.07,27.67,7.33,0.43,0.12,1.48,-0.26,-0.13,0.18,90.0,66.83,151630.83,1659126.83,True,20
237,Enzo,MID,12,11,0.34,0.34,16.58,18.85,28.52,32.31,6.6,0.45,0.2,1.27,-0.28,-0.2,0.08,88.67,67.0,40170.5,1724762.83,False,3
237,Enzo,MID,13,2,0.51,0.17,20.98,25.04,32.26,36.37,7.44,0.58,0.2,1.03,-0.24,-0.2,-0.02,88.67,67.0,-14988.0,1730408.0,True,1
237,Enzo,MID,14,2,0.51,0.17,16.92,20.13,30.76,29.1,7.78,0.35,0.21,0.86,-0.18,-0.21,-0.18,88.67,67.0,1611.83,1736306.83,False,11
237,Enzo,MID,15,3,0.51,0.17,17.26,19.96,34.31,26.9,6.77,0.31,0.28,1.0,-0.14,-0.28,0.01,88.67,67.0,-6914.17,1751341.17,False,4
237,Enzo,MID,16,3,0.68,0.17,15.56,18.37,29.39,22.16,6.77,0.33,0.23,1.02,-0.16,-0.23,-0.35,88.67,67.0,-32369.33,1720241.0,True,9
237,Enzo,MID,17,1,0.68,0.0,17.09,18.17,25.02,22.33,7.95,0.31,0.29,1.18,-0.14,-0.29,-0.5,88.67,66.83,-55575.83,1669319.67,False,15
237,Enzo,MID,18,1,0.56,0.0,15.56,19.59,24.98,17.04,8.15,0.29,0.23,1.35,-0.11,-0.23,-0.61,81.0,66.5,-93850.33,1575559.83,True,2
237,Enzo,MID,19,9,0.37,0.19,12.22,12.37,22.15,14.26,8.33,0.19,0.27,1.49,-0.19,-0.27,-0.38,81.0,66.17,-79445.83,1501126.83,True,4
237,Enzo,MID,20,11,0.37,0.19,17.22,18.3,23.5,19.26,8.52,0.25,0.28,1.84,-0.07,-0.28,-0.54,81.0,65.67,-89882.5,1433794.17,False,13
237,Enzo,MID,21,1,0.37,0.37,21.67,27.37,21.33,33.15,10.56,0.39,0.26,1.5,-0.02,-0.26,-0.58,81.0,65.17,-108660.83,1327646.5,False,10
237,Enzo,MID,22,6,0.2,0.59,23.09,28.41,28.72,32.28,10.96,0.38,0.31,1.43,0.01,-0.31,-0.26,76.67,64.67,-76289.5,1260344.5,True,5
237,Enzo,MID,23,8,0.2,0.59,24.78,32.71,32.23,27.75,10.31,0.32,0.22,1.52,0.08,-0.02,-0.33,75.67,64.5,-7976.33,1259859.17,False,8
237,Enzo,MID,24,8,0.18,0.53,26.57,35.4,28.38,29.23,9.04,0.45,0.19,1.61,0.08,-0.01,-0.37,84.67,64.67,72840.0,1340041.67,True,19
237,Enzo,MID,25,2,0.18,0.53,29.76,41.95,26.98,31.54,8.5,0.47,0.15,1.59,0.24,0.02,-0.35,84.67,65.0,205148.67,1556486.83,False,20
237,Enzo,MID,26,2,0.18,0.53,25.87,36.43,33.56,29.94,7.97,0.5,0.22,1.23,0.04,-0.04,-0.16,84.67,65.67,307576.5,1875390.33,True,11
237,Enzo,MID,27,2,0.18,0.35,23.74,29.09,43.99,17.54,6.2,0.36,0.27,1.31,-0.01,-0.1,-0.07,84.67,66.5,301875.5,2178188.83,True,3
237,Enzo,MID,28,1,0.17,0.17,21.57,26.12,35.54,16.18,5.73,0.35,0.22,1.28,-0.01,-0.05,-0.1,89.0,67.33,266432.0,2446732.17,False,1
237,Enzo,MID,29,4,0.0,0.34,19.01,20.96,29.76,15.81,6.06,0.35,0.21,1.24,-0.02,-0.21,0.27,89.17,67.83,142972.17,2590231.17,False,2
237,Enzo,MID,30,2,0.0,0.52,19.79,18.72,31.82,14.8,7.23,0.21,0.29,1.04,-0.03,-0.12,0.51,87.17,68.0,49180.17,2640561.67,True,15
237,Enzo,MID,31,2,0.0,0.34,17.04,13.46,36.88,11.01,7.06,0.17,0.31,1.09,-0.17,-0.13,0.29,87.17,67.83,-80848.0,2559700.83,False,9
237,Enzo,MID,33,2,0.0,0.34,17.21,15.38,33.28,15.49,6.88,0.13,0.27,1.11,-0.13,-0.09,0.61,87.17,67.5,-180201.17,2364679.83,True,14
237,Enzo,MID,33,2,0.0,0.35,16.79,15.96,30.93,16.62,7.27,0.17,0.19,0.92,-0.17,-0.01,0.64,86.67,66.83,-165708.83,2161069.33,False,6
237,Enzo,MID,35,2,0.0,0.35,17.48,17.13,33.63,16.44,6.92,0.15,0.21,1.14,-0.15,-0.04,0.76,86.67,66.17,-141770.0,1971280.83,True,16
237,Enzo,MID,36,8,0.0,0.17,18.0,19.37,49.39,19.2,6.17,0.17,0.26,1.29,-0.17,-0.09,0.77,87.5,65.67,-49649.33,1830645.0,False,12
237,Enzo,MID,37,13,0.0,0.17,16.76,20.38,44.45,20.28,4.69,0.21,0.18,1.28,-0.05,-0.18,0.73,89.5,65.33,-25340.67,1711902.17,True,18
237,Enzo,MID,38,1,0.0,0.17,21.45,27.25,42.5,21.28,5.2,0.21,0.24,1.33,0.13,-0.07,0.68,89.5,65.0,-6102.17,1611736.17,False,17
238,Estêvão,MID,5,1,0.5,0.5,13.58,18.6,18.91,31.17,5.53,0.5,0.52,0.38,-0.5,-0.02,0.13,59.67,65.0,24431.0,208646.67,False,14
238,Estêvão,MID,6,3,0.49,0.49,13.7,18.1,18.39,30.33,6.36,0.48,0.51,0.39,-0.48,-0.02,0.1,46.0,65.0,3003.25,216524.25,True,6
238,Estêvão,MID,7,8,0.73,0.36,13.48,16.83,14.9,29.51,6.56,0.43,0.38,0.37,-0.43,-0.02,-0.01,49.4,65.0,-803.8,219194.2,True,12
238,Estêvão,MID,31,1,0.6,0.0,20.54,21.14,18.94,30.81,4.83,0.26,0.09,1.54,0.04,0.51,-0.33,49.67,64.17,-20409.33,265470.83,False,9
238,Estêvão,MID,32,1,0.58,0.0,19.81,21.84,18.73,30.87,5.24,0.25,0.09,1.53,0.04,0.49,-0.08,51.5,64.0,-11554.5,248132.0,True,13
238,Estêvão,MID,33,1,0.5,0.25,15.38,18.66,18.86,27.23,4.79,0.22,0.08,1.68,0.03,0.42,-0.16,59.5,64.0,-5163.67,247535.5,True,14
241,Caicedo,MID,4,12,0.67,0.33,23.33,35.27,4.33,8.0,14.0,0.11,0.03,0.8,0.22,-0.03,-0.47,90.0,55.0,24328.67,616700.0,False,5
241,Caicedo,MID,5,4,0.5,0.25,27.5,39.95,7.08,7.75,14.75,0.1,0.04,0.96,0.4,-0.04,-0.21,90.0,55.0,23999.25,663603.75,False,14
241,Caicedo,MID,6,2,0.4,0.2,26.8,35.8,9.7,6.6,14.8,0.09,0.04,1.14,0.31,-0.04,-0.14,90.0,55.2,82122.4,765226.0,True,6
241,Caicedo,MID,7,10,0.33,0.17,25.33,32.73,8.82,5.83,14.17,0.08,0.04,1.33,0.26,-0.04,0.01,90.0,55.33,111514.67,880367.17,True,12
241,Caicedo,MID,8,1,0.17,0.17,28.17,35.7,9.22,8.17,14.0,0.08,0.03,1.54,0.42,-0.03,-0.04,90.0,55.67,104134.33,1029887.0,False,16
241,Caicedo,MID,9,2,0.18,0.18,25.09,31.27,9.25,5.82,15.09,0.05,0.03,1.88,0.32,-0.03,-0.43,82.5,56.17,180345.83,1248739.83,True,17
241,Caicedo,MID,10,10,0.0,0.0,25.09,29.75,13.4,5.64,12.55,0.04,0.06,1.93,0.32,-0.06,-0.11,82.5,56.83,217460.5,1494591.5,False,18
241,Caicedo,MID,11,2,0.18,0.0,23.82,24.91,15.27,5.09,12.18,0.03,0.1,1.69,0.15,0.09,-0.24,82.5,57.5,218863.67,1736064.67,True,20
241,Caicedo,MID,13,-2,0.36,0.18,21.64,23.13,15.33,4.73,11.09,0.02,0.1,1.39,0.16,0.09,-0.3,82.5,58.17,257585.5,2016112.17,True,1
241,Caicedo,MID,17,3,0.41,0.2,19.95,22.36,16.64,4.89,11.4,0.02,0.11,1.12,0.18,0.1,-0.3,73.67,58.83,172637.0,2212535.0,False,15
241,Caicedo,MID,18,3,0.41,0.41,16.9,14.74,16.07,1.83,12.62,0.02,0.1,1.19,-0.02,0.1,-0.17,73.67,58.83,174632.33,2165432.67,True,2
241,Caicedo,MID,19,1,0.37,0.55,16.26,14.56,17.72,2.03,12.94,0.03,0.1,0.96,-0.03,0.08,0.33,81.17,58.67,101209.83,2035821.83,True,4
241,Caicedo,MID,21,4,0.37,0.74,16.08,14.78,18.15,1.29,13.31,0.02,0.1,1.3,-0.02,0.08,-0.01,81.17,58.33,47456.0,1850359.0,False,10
241,Caicedo,MID,22,5,0.18,0.74,14.05,14.56,14.66,4.8,13.12,0.06,0.06,1.5,-0.06,-0.06,0.16,81.17,58.0,38535.17,1644175.67,True,5
241,Caicedo,MID,23,2,0.18,0.55,15.71,16.34,11.83,4.8,14.05,0.06,0.05,1.75,-0.06,-0.05,-0.09,81.17,57.5,-54879.67,1336336.33,False,8
241,Caicedo,MID,24,3,0.34,0.69,17.76,15.48,11.72,4.66,13.28,0.06,0.05,1.73,-0.06,-0.05,-0.35,87.0,57.0,-10581.83,1067534.17,True,19
241,Caicedo,MID,25,5,0.34,0.69,16.72,15.24,12.24,6.72,13.1,0.07,0.06,1.53,-0.07,-0.06,-0.15,87.0,57.0,-4614.0,1051413.33,False,20
241,Caicedo,MID,26,1,0.34,0.52,20.17,17.69,14.88,6.55,14.31,0.07,0.06,1.5,-0.07,-0.06,-0.3,87.0,57.0,-4520.33,1035004.83,True,11
241,Caicedo,MID,27,2,0.34,0.52,19.83,17.07,13.67,6.9,13.79,0.07,0.14,1.21,-0.07,-0.14,-0.0,87.0,57.0,-2095.0,1021589.17,True,3
241,Caicedo,MID,28,4,0.34,0.52,18.97,14.69,14.48,3.28,12.41,0.05,0.15,1.15,-0.05,-0.15,-0.12,87.0,57.0,-174.33,1022870.83,False,1
241,Caicedo,MID,29,2,0.17,0.52,18.1,12.21,13.64,3.28,12.76,0.06,0.15,1.08,-0.06,-0.15,0.3,87.0,57.0,-1034.0,1022997.83,False,2
241,Caicedo,MID,30,1,0.0,0.33,17.33,13.43,12.6,3.0,12.0,0.04,0.14,1.06,-0.04,-0.14,0.44,90.0,57.0,-4888.33,1019154.0,True,15
241,Caicedo,MID,31,2,0.0,0.35,18.0,13.73,16.45,0.88,10.76,0.04,0.16,1.14,-0.04,-0.16,0.27,85.0,57.0,-6920.17,1013488.17,False,9
241,Caicedo,MID,32,2,0.0,0.36,15.21,10.61,12.17,2.17,9.05,0.04,0.16,1.14,-0.04,-0.16,0.67,82.83,57.0,-8546.83,1004301.0,True,13
241,Caicedo,MID,33,2,0.0,0.18,14.57,8.41,8.67,2.21,8.48,0.04,0.05,1.27,-0.04,-0.05,0.75,81.33,57.0,-10957.0,994486.0,True,14
241,Caicedo,MID,33,2,0.0,0.18,14.02,7.71,7.8,2.4,9.41,0.04,0.04,1.17,-0.04,-0.04,0.86,81.33,57.0,-8146.83,988147.5,False,6
241,Caicedo,MID,35,3,0.0,0.18,14.39,9.3,8.45,2.77,8.48,0.04,0.04,1.36,-0.04,-0.04,0.86,81.33,57.0,-3981.67,984812.0,True,16
241,Caicedo,MID,36,1,0.0,0.37,14.02,9.22,10.33,2.77,9.77,0.04,0.04,1.59,-0.04,-0.04,0.99,81.33,57.0,-3613.0,977037.5,False,12
241,Caicedo,MID,37,2,0.0,0.35,14.25,10.42,11.99,2.95,10.08,0.03,0.06,1.38,-0.03,-0.06,1.05,86.33,57.0,-4155.33,968408.33,True,18
241,Caicedo,MID,38,2,0.0,0.34,14.75,9.69,13.46,1.53,9.32,0.02,0.05,1.49,-0.02,-0.05,0.54,88.5,57.0,-3422.67,962417.33,False,17
242,Dewsbury-Hall,MID,4,2,0.33,0.67,26.0,24.93,41.93,7.0,5.0,0.02,0.33,1.87,0.31,0.0,-0.87,90.0,50.0,-23274.33,456036.33,True,2
242,Dewsbury-Hall,MID,5,1,0.5,0.75,22.25,21.05,38.52,8.0,5.75,0.03,0.32,1.54,0.22,-0.06,-0.79,90.0,50.0,14548.0,488036.75,False,12
242,Dewsbury-Hall,MID,6,1,0.4,0.8,18.8,18.52,36.72,9.0,5.6,0.06,0.27,1.41,0.14,-0.07,-0.41,90.0,50.0,11400.2,505666.6,True,19
242,Dewsbury-Hall,MID,8,2,0.33,0.83,17.5,16.17,33.43,10.33,6.33,0.07,0.23,1.37,0.09,-0.06,-0.37,90.0,50.0,10654.83,519576.17,False,13
242,Dewsbury-Hall,MID,9,2,0.34,0.84,16.49,14.87,29.83,10.09,5.89,0.07,0.2,1.29,0.09,-0.03,-0.11,89.17,50.0,1611.5,510156.5,True,18
242,Dewsbury-Hall,MID,10,2,0.17,0.67,15.64,13.76,22.64,12.11,5.55,0.11,0.26,1.23,0.06,-0.09,0.45,89.17,50.0,1698.67,497978.33,False,17
242,Dewsbury-Hall,MID,11,9,0.17,0.51,9.05,6.49,18.99,10.59,5.64,0.11,0.18,1.25,-0.11,-0.18,0.29,87.83,49.83,4285.0,488793.0,True,10
242,Dewsbury-Hall,MID,12,13,0.17,0.34,13.03,10.35,20.06,9.26,6.69,0.12,0.2,1.23,-0.12,-0.02,0.32,87.5,49.67,-19945.83,449872.33,False,14
242,Dewsbury-Hall,MID,13,7,0.34,0.17,18.79,17.0,17.26,10.0,8.1,0.1,0.19,1.29,0.07,-0.01,-0.09,87.0,49.5,-20611.0,411312.5,True,15
242,Dewsbury-Hall,MID,14,3,0.34,0.0,22.07,23.52,17.45,15.86,8.1,0.17,0.22,1.42,0.18,-0.05,0.3,87.0,49.33,-15514.17,376282.0,False,4
242,Dewsbury-Hall,MID,15,16,0.51,0.0,22.37,23.74,17.78,16.39,8.88,0.17,0.22,1.23,0.17,-0.05,0.13,87.83,49.17,13066.67,392402.83,True,16
242,Dewsbury-Hall,MID,16,1,0.68,0.0,28.35,31.49,16.6,19.64,11.27,0.16,0.14,0.97,0.35,0.2,-0.12,87.83,49.17,34498.0,430381.83,False,7
242,Dewsbury-Hall,MID,23,1,0.78,0.0,31.3,34.04,15.34,20.74,11.93,0.17,0.14,0.91,0.41,0.25,-0.13,76.67,49.5,143730.5,576963.83,True,11
242,Dewsbury-Hall,MID,24,2,0.65,0.0,28.06,32.16,11.4,22.23,11.01,0.16,0.09,0.95,0.48,0.13,-0.09,69.5,49.5,143319.17,564539.33,False,6
242,Dewsbury-Hall,MID,25,13,0.44,0.0,22.28,23.87,9.49,24.49,8.82,0.24,0.09,1.01,0.2,0.13,0.09,68.0,49.5,145255.0,554290.0,False,10
242,Dewsbury-Hall,MID,26,2,0.44,0.0,25.15,22.94,13.06,18.53,7.72,0.17,0.11,1.02,0.27,0.33,-0.58,68.0,49.5,139928.83,539292.33,True,4
242,Dewsbury-Hall,MID,27,4,0.22,0.0,25.59,23.38,14.14,20.51,7.28,0.21,0.12,1.21,0.23,0.32,-0.32,68.0,49.5,138628.17,521401.17,True,14
242,Dewsbury-Hall,MID,28,6,0.0,0.0,18.97,16.76,17.23,15.22,6.84,0.19,0.13,1.37,0.04,0.09,-0.27,68.0,49.33,125784.67,488391.17,False,15
242,Dewsbury-Hall,MID,29,9,0.0,0.19,20.21,19.76,20.43,13.28,7.86,0.16,0.23,1.34,0.03,0.15,-0.03,80.17,49.17,24030.33,354406.0,True,3
242,Dewsbury-Hall,MID,30,2,0.17,0.17,23.95,23.65,18.48,18.31,7.87,0.25,0.2,1.33,0.1,0.14,-0.13,87.67,49.33,55921.83,412808.17,False,1
242,Dewsbury-Hall,MID,31,3,0.17,0.17,23.09,23.89,18.02,15.89,7.86,0.19,0.2,1.52,0.15,0.14,-0.18,89.67,49.67,60957.83,474601.83,True,7
242,Dewsbury-Hall,MID,32,9,0.34,0.17,18.3,20.38,13.37,16.46,8.73,0.19,0.14,1.35,-0.02,0.03,-0.17,89.33,50.0,60553.33,528815.0,False,5
242,Dewsbury-Hall,MID,33,6,0.34,0.17,22.16,27.0,15.82,20.65,9.4,0.22,0.14,1.6,0.11,0.03,-0.42,89.33,50.33,36601.67,564453.33,True,12
242,Dewsbury-Hall,MID,34,8,0.34,0.17,24.51,29.52,17.41,20.15,9.07,0.21,0.23,1.63,0.12,0.11,-0.29,89.33,50.67,27945.33,584225.83,False,19
242,Dewsbury-Hall,MID,35,2,0.33,0.0,25.09,31.18,14.74,22.92,8.7,0.23,0.14,1.65,0.27,0.03,-0.31,89.67,50.83,51415.33,661605.33,True,13
242,Dewsbury-Hall,MID,36,5,0.17,0.0,19.74,25.19,15.32,17.73,8.87,0.14,0.13,1.74,0.19,0.04,-0.07,89.67,51.17,29268.33,689519.17,False,8
242,Dewsbury-Hall,MID,37,2,0.17,0.0,20.24,25.19,18.77,20.41,8.87,0.2,0.14,1.72,0.13,0.19,-0.05,89.67,51.33,31884.0,721651.33,True,17
242,Dewsbury-Hall,MID,38,2,0.0,0.0,22.5,25.7,25.6,16.67,8.67,0.16,0.21,1.68,0.17,0.12,0.48,90.0,51.67,69665.83,800313.0,False,18
243,George,MID,9,1,0.66,1.31,-1.31,5.39,4.6,34.16,1.31,0.16,0.05,1.01,-0.16,-0.05,-0.35,45.67,49.0,-283.0,6210.33,True,17
246,Andrey Santos,MID,16,1,0.33,0.33,12.72,15.46,10.43,3.59,11.41,0.1,0.02,1.32,-0.1,-0.02,-0.01,46.0,45.0,326.0,38760.17,True,9
246,Andrey Santos,MID,26,2,0.0,0.32,19.22,18.13,8.84,4.8,10.89,0.27,0.18,1.23,-0.27,-0.18,-0.59,46.83,45.0,-422.83,36934.0,True,11
246,Andrey Santos,MID,27,2,0.0,0.25,19.47,17.09,7.61,2.28,9.86,0.21,0.07,1.27,-0.21,-0.07,-0.26,59.33,45.0,-257.67,36749.17,True,3
246,Andrey Santos,MID,28,2,0.0,0.22,17.73,14.45,8.01,2.02,8.3,0.19,0.08,1.25,-0.19,-0.08,-0.13,66.83,45.0,-32.17,36767.0,False,1
246,Andrey Santos,MID,29,1,0.0,0.2,17.88,12.54,6.41,0.4,7.63,0.0,0.06,1.24,0.0,-0.06,0.16,74.67,45.0,92.5,36913.83,False,2
246,Andrey Santos,MID,31,1,0.0,0.21,18.43,12.81,7.03,0.43,7.5,0.0,0.06,1.3,0.0,-0.06,0.2,70.0,45.0,169.33,37113.67,False,9
246,Andrey Santos,MID,32,2,0.0,0.0,17.36,10.86,8.38,0.5,5.45,0.0,0.07,1.19,0.0,-0.07,0.8,60.5,45.0,146.0,37115.67,True,13
246,Andrey Santos,MID,35,1,0.0,0.0,16.13,12.28,6.53,1.56,6.5,0.01,0.04,1.5,-0.01,-0.04,0.84,57.67,45.0,198.17,37460.5,True,16
246,Andrey Santos,MID,36,2,0.0,0.0,15.9,12.72,7.59,2.7,7.5,0.02,0.05,1.33,-0.02,-0.05,0.77,50.0,45.0,130.0,37451.67,False,12
246,Andrey Santos,MID,37,10,0.0,0.0,17.54,12.24,7.88,4.3,7.94,0.03,0.03,1.35,-0.03,-0.03,0.97,45.33,44.83,-111.0,37207.5,True,18
266,Eze,MID,5,4,0.99,0.0,16.41,14.62,10.79,19.39,4.97,0.15,0.23,0.78,-0.15,0.26,-0.28,60.33,75.0,58899.67,1197281.67,True,13
266,Eze,MID,6,2,0.8,0.0,19.51,21.5,15.25,23.89,5.58,0.18,0.28,0.76,-0.18,0.52,-0.36,56.5,75.0,53808.25,1255729.5,False,15
266,Eze,MID,7,6,0.57,0.0,17.09,18.4,15.78,30.47,5.7,0.24,0.22,0.72,-0.24,0.34,-0.15,63.2,75.0,48029.6,1298105.2,True,19
266,Eze,MID,8,3,0.69,0.0,18.73,16.04,14.21,32.44,5.71,0.31,0.19,0.66,-0.31,0.49,-0.2,65.67,75.17,60540.17,1350651.0,False,10
266,Eze,MID,9,11,0.73,0.0,19.6,16.74,19.5,29.03,4.84,0.27,0.21,0.5,-0.27,0.52,-0.01,62.0,75.33,78077.0,1473427.5,True,8
266,Eze,MID,10,3,0.82,0.0,22.35,22.55,16.89,28.09,4.72,0.25,0.18,0.47,-0.04,0.44,-0.26,73.17,75.5,56192.33,1545727.33,False,3
266,Eze,MID,11,2,0.83,0.0,20.62,19.33,14.37,27.29,5.42,0.26,0.09,0.46,-0.05,0.33,-0.25,72.0,75.67,54979.33,1611387.5,False,17
266,Eze,MID,12,20,0.76,0.0,18.42,13.86,12.65,26.96,5.13,0.27,0.05,0.41,-0.08,0.14,-0.03,79.0,75.83,38766.5,1659285.0,True,18
266,Eze,MID,13,2,0.76,0.0,31.71,32.77,12.82,32.66,5.51,0.32,0.1,0.31,0.44,0.09,0.07,79.0,76.0,18940.83,1685261.17,False,7
266,Eze,MID,14,1,0.58,0.0,30.64,33.46,14.09,26.4,5.78,0.23,0.1,0.37,0.54,-0.1,0.21,77.83,76.17,105170.33,1803358.0,True,5
266,Eze,MID,15,1,0.41,0.0,32.07,35.5,13.06,27.52,7.03,0.24,0.1,0.32,0.58,-0.1,0.3,72.5,76.5,123258.17,1935488.33,False,2
266,Eze,MID,16,1,0.23,0.0,29.08,29.54,13.69,26.11,6.87,0.25,0.11,0.45,0.44,-0.11,0.46,65.5,76.83,132161.5,2072216.83,True,20
266,Eze,MID,21,1,0.0,0.0,29.05,31.0,16.14,26.43,6.67,0.23,0.12,0.53,0.48,-0.12,0.42,63.0,77.17,109382.67,2190907.67,True,12
266,Eze,MID,22,1,0.0,0.0,33.27,37.31,16.01,23.47,7.13,0.2,0.14,0.59,0.7,-0.14,0.31,50.5,76.83,93207.83,2109295.17,False,16
266,Eze,MID,30,3,0.26,0.0,20.63,19.86,11.94,16.5,5.67,0.31,0.12,0.73,0.21,-0.12,0.05,58.17,72.0,-1597.83,1018433.17,True,9
266,Eze,MID,32,1,0.43,0.0,19.04,17.31,13.98,16.44,5.19,0.28,0.12,0.83,0.16,-0.12,-0.18,69.33,72.0,2968.5,1024205.83,True,4
266,Eze,MID,33,2,0.44,0.0,20.34,18.93,16.52,16.36,5.97,0.28,0.13,0.87,0.16,-0.13,0.02,67.83,72.0,1023.17,1024139.67,False,13
266,Eze,MID,34,6,0.4,0.0,18.4,16.93,15.8,14.04,6.33,0.23,0.16,1.01,0.17,-0.16,-0.02,75.83,72.0,937.33,1021985.33,True,15
266,Eze,MID,35,3,0.42,0.0,14.83,9.27,11.86,8.14,5.64,0.14,0.11,1.07,0.07,-0.11,-0.24,71.83,72.0,11542.17,1040764.33,True,10
266,Eze,MID,36,3,0.65,0.0,13.78,9.56,13.35,10.12,5.38,0.13,0.11,0.96,0.08,-0.11,-0.31,69.67,72.0,23415.17,1061151.0,False,19
266,Eze,MID,37,3,0.69,0.0,15.76,10.37,15.49,13.02,5.03,0.16,0.11,0.92,0.07,-0.11,-0.23,65.67,72.17,20241.5,1077914.17,True,3
266,Eze,MID,38,1,0.72,0.0,18.19,11.39,14.86,15.56,5.03,0.22,0.1,0.76,0.01,-0.1,-0.04,62.67,72.33,21897.67,1096501.33,False,8
267,Sarr,MID,6,11,0.67,0.33,17.33,27.8,6.87,19.0,6.33,0.67,0.02,1.22,0.0,-0.02,-0.89,90.0,65.0,55187.0,576337.33,True,12
267,Sarr,MID,7,7,0.78,0.26,21.19,30.45,8.74,28.78,5.76,0.72,0.05,1.35,0.07,-0.05,-1.09,86.0,64.75,25654.75,502823.25,False,9
267,Sarr,MID,8,2,0.62,0.21,22.29,31.67,13.65,24.58,5.83,0.61,0.06,1.34,0.01,0.15,-0.93,86.4,64.6,91872.8,535918.0,True,4
267,Sarr,MID,9,2,0.52,0.17,19.66,27.41,13.38,23.28,6.03,0.56,0.05,1.46,-0.04,0.12,-0.6,87.0,64.67,133365.17,615847.0,False,1
267,Sarr,MID,10,3,0.34,0.17,18.79,26.93,11.16,24.48,6.38,0.56,0.05,1.37,-0.04,0.12,-0.34,87.0,64.67,134404.0,700540.0,True,5
267,Sarr,MID,11,3,0.52,0.17,16.38,21.72,11.12,24.31,7.41,0.52,0.04,1.31,-0.18,0.13,-0.44,87.0,64.83,202959.17,856579.33,True,6
267,Sarr,MID,12,3,0.52,0.0,15.69,17.62,14.64,20.34,7.07,0.3,0.07,1.18,-0.12,0.11,-0.31,87.0,65.17,198769.67,999234.17,False,20
267,Sarr,MID,13,1,0.5,0.0,12.04,12.85,14.35,13.05,7.03,0.18,0.05,1.19,-0.18,0.12,-0.35,89.67,65.67,233233.5,1244497.83,True,14
267,Sarr,MID,16,2,0.55,0.0,8.87,7.84,11.92,13.68,6.84,0.17,0.04,1.23,-0.17,-0.04,-0.5,81.17,66.17,154955.33,1378694.17,True,13
267,Sarr,MID,23,2,0.55,0.0,8.69,7.72,13.8,14.6,7.02,0.16,0.05,1.08,-0.16,-0.05,-0.34,81.17,66.0,67274.33,1270553.83,True,7
267,Sarr,MID,24,7,0.55,0.0,8.32,8.46,18.18,17.93,6.28,0.23,0.05,1.29,-0.23,-0.05,-0.18,81.17,65.67,66846.0,1145353.17,False,16
267,Sarr,MID,25,8,0.37,0.0,10.9,13.49,18.3,19.77,5.36,0.38,0.05,1.28,-0.2,-0.05,0.02,81.17,65.17,6020.5,951571.17,False,6
267,Sarr,MID,26,2,0.37,0.0,13.39,16.44,14.65,20.64,5.02,0.45,0.03,1.37,-0.08,-0.03,-0.07,80.67,64.5,-17040.67,738362.33,True,3
267,Sarr,MID,27,2,0.19,0.0,12.83,16.07,13.46,22.87,5.02,0.46,0.03,1.14,-0.09,-0.03,0.72,80.67,63.83,-11300.67,531425.5,True,20
267,Sarr,MID,28,2,0.34,0.17,12.07,15.59,10.79,22.12,6.2,0.48,0.02,1.15,-0.14,-0.02,0.52,89.5,63.33,13182.83,373158.83,False,14
267,Sarr,MID,29,15,0.34,0.17,13.24,16.83,7.49,23.13,5.53,0.46,0.02,1.3,-0.13,-0.02,0.21,89.5,63.33,35306.67,389821.5,False,18
267,Sarr,MID,30,3,0.34,0.17,18.77,27.65,3.32,26.31,5.53,0.59,0.02,1.19,0.08,-0.02,-0.02,89.5,63.33,30412.83,420485.83,True,11
267,Sarr,MID,32,1,0.5,0.17,15.75,22.12,3.1,22.63,5.2,0.39,0.02,1.3,0.11,-0.02,-0.29,89.5,63.33,48615.17,470443.33,True,15
267,Sarr,MID,33,1,0.38,0.19,13.99,20.31,3.84,23.26,5.86,0.36,0.03,1.31,0.02,-0.03,-0.18,79.33,63.33,46672.0,505380.83,True,19
267,Sarr,MID,34,5,0.43,0.22,15.32,22.45,5.35,21.58,6.26,0.37,0.03,1.39,0.06,-0.03,-0.75,69.5,63.33,13120.5,499555.33,False,12
267,Sarr,MID,35,1,0.22,0.0,17.91,22.4,7.29,27.41,4.1,0.4,0.05,1.29,0.03,0.16,0.0,69.5,63.17,7855.33,494216.5,False,4
267,Sarr,MID,36,7,0.24,0.0,16.21,21.87,11.27,27.58,3.87,0.55,0.09,1.09,-0.07,0.15,0.12,62.0,63.0,32572.17,515662.5,True,9
267,Sarr,MID,36,1,0.24,0.0,11.85,13.84,13.79,37.5,3.87,0.47,0.09,1.1,-0.23,0.15,0.36,62.0,63.17,89985.33,598086.67,False,13
267,Sarr,MID,37,7,0.0,0.0,15.0,17.37,15.98,49.04,4.33,0.59,0.1,1.16,-0.3,0.18,0.86,52.0,63.33,123616.67,659858.83,False,5
267,Sarr,MID,38,1,0.0,0.0,15.8,22.79,15.03,45.0,3.83,0.69,0.09,1.27,-0.21,0.15,0.89,62.67,63.5,103786.17,709751.67,True,1
270,Hughes,MID,4,3,0.79,1.18,10.22,12.34,17.29,3.93,10.61,0.05,0.11,1.18,-0.05,-0.11,-0.79,76.33,50.0,-755.67,11679.67,True,17
270,Hughes,MID,5,2,0.85,0.85,9.59,11.51,19.97,3.39,9.03,0.04,0.14,0.95,-0.04,-0.14,-0.67,79.75,49.75,-322.5,12070.75,False,19
270,Hughes,MID,6,1,0.7,0.7,9.87,11.94,17.3,3.29,8.93,0.04,0.12,0.9,-0.04,-0.12,-0.43,76.6,49.6,-65.0,12584.4,True,12
270,Hughes,MID,9,1,0.66,0.66,9.64,11.47,16.29,3.94,8.32,0.03,0.12,1.08,-0.03,-0.12,-0.42,68.5,49.5,-165.83,12845.17,False,1
270,Hughes,MID,10,1,0.5,0.5,10.31,10.31,22.5,5.53,7.54,0.04,0.15,0.93,-0.04,-0.15,-0.17,59.67,49.33,-280.83,13029.5,True,5
270,Hughes,MID,11,1,0.64,0.32,9.64,9.77,18.71,4.5,6.75,0.01,0.11,0.89,-0.01,-0.11,-0.25,46.67,49.0,-221.83,12951.0,True,6
270,Hughes,MID,21,3,0.0,0.28,14.15,13.36,16.44,9.06,9.62,0.14,0.06,1.97,-0.14,-0.06,0.01,53.0,47.0,214.5,12155.67,True,2
270,Hughes,MID,22,5,0.23,0.23,14.16,12.61,18.82,8.45,9.37,0.13,0.07,1.85,-0.13,-0.07,-0.25,65.67,47.0,203.67,12401.5,False,17
270,Hughes,MID,23,1,0.2,0.2,14.64,10.31,15.89,5.86,9.18,0.09,0.06,1.74,-0.09,0.14,-0.37,76.83,47.0,252.83,12720.17,True,7
270,Hughes,MID,24,2,0.21,0.21,16.12,9.67,20.05,6.28,8.79,0.1,0.09,1.49,-0.1,0.12,-0.44,71.67,47.0,106.5,12860.67,False,16
270,Hughes,MID,25,2,0.21,0.0,15.07,8.87,17.02,8.58,8.16,0.14,0.1,1.41,-0.14,0.1,-0.37,71.67,47.0,-18.17,12845.17,False,6
270,Hughes,MID,26,1,0.4,0.2,14.8,9.68,21.04,6.6,8.8,0.12,0.16,1.37,-0.12,0.04,-0.37,75.0,47.0,-21.33,12840.5,True,3
270,Hughes,MID,27,0,0.48,0.24,15.95,10.67,27.43,5.48,9.05,0.1,0.19,1.17,-0.1,0.05,-0.45,63.0,47.0,180.0,13094.0,True,20
270,Hughes,MID,28,1,0.27,0.54,14.05,9.57,27.46,4.86,8.92,0.09,0.2,1.22,-0.09,0.07,-0.41,55.5,47.0,201.33,13342.67,False,14
270,Hughes,MID,38,2,0.0,0.33,7.33,8.53,8.47,2.33,8.67,0.02,0.09,1.53,-0.02,-0.09,-0.53,45.0,47.0,-69.17,13360.33,True,1
271,Kamada,MID,6,5,0.68,0.0,20.38,14.94,22.69,11.21,5.77,0.11,0.21,0.73,-0.11,0.13,-0.39,88.33,50.0,4081.67,10839.33,True,12
271,Kamada,MID,7,4,0.51,0.0,19.52,11.66,20.03,8.87,6.34,0.08,0.16,1.09,-0.08,0.34,-0.58,88.75,50.0,2208.0,11375.0,False,9
271,Kamada,MID,8,2,0.41,0.0,18.78,12.47,16.91,7.84,8.46,0.09,0.14,1.15,-0.09,0.27,-0.53,87.2,50.0,2468.8,12596.0,True,4
271,Kamada,MID,9,2,0.34,0.0,18.65,11.63,17.11,6.84,8.56,0.07,0.16,1.3,-0.07,0.18,-0.28,87.67,50.0,2195.5,13646.67,False,1
271,Kamada,MID,10,5,0.18,0.0,16.11,11.87,15.95,7.0,9.46,0.07,0.14,1.32,-0.07,0.04,-0.1,85.67,50.0,1994.33,16307.17,True,5
271,Kamada,MID,11,3,0.18,0.0,15.27,10.46,14.89,5.39,11.32,0.08,0.11,1.39,-0.08,0.07,-0.13,83.5,50.0,357.83,16969.33,True,6
271,Kamada,MID,12,3,0.37,0.0,13.33,6.72,8.2,4.56,12.05,0.06,0.07,1.36,-0.06,0.11,-0.26,82.17,50.0,-12.17,17327.67,False,20
271,Kamada,MID,13,4,0.56,0.0,13.42,8.76,6.39,7.45,11.93,0.07,0.07,1.32,-0.07,-0.07,-0.39,80.5,50.0,676.5,18491.67,True,14
271,Kamada,MID,14,3,0.56,0.0,13.15,8.81,6.06,10.0,11.11,0.08,0.07,1.3,-0.08,-0.07,-0.19,81.0,50.0,-91.0,18692.0,False,3
271,Kamada,MID,15,2,0.74,0.0,12.09,10.41,6.34,11.9,10.97,0.08,0.07,1.05,-0.08,-0.07,-0.49,80.67,50.0,23.67,19016.33,False,10
271,Kamada,MID,16,1,0.72,0.0,13.11,10.74,8.12,11.5,9.88,0.09,0.07,0.96,-0.09,-0.07,-0.42,83.5,50.0,93.83,19381.83,True,13
271,Kamada,MID,25,1,0.55,0.18,13.41,11.61,10.32,11.02,9.73,0.07,0.1,0.93,-0.07,-0.1,-0.2,81.67,50.0,-466.5,19125.67,False,6
271,Kamada,MID,26,2,0.43,0.21,15.18,13.43,11.31,11.12,10.05,0.05,0.11,1.01,-0.05,-0.11,-0.15,70.17,50.0,-541.83,17496.0,True,3
271,Kamada,MID,27,1,0.22,0.22,15.07,13.54,18.72,11.14,11.14,0.14,0.2,0.73,-0.14,-0.2,0.8,68.67,50.0,-622.33,15728.17,True,20
271,Kamada,MID,28,1,0.24,0.24,15.2,12.5,23.69,9.65,10.13,0.14,0.23,0.58,-0.14,-0.23,0.63,62.17,50.0,-416.17,14207.17,False,14
271,Kamada,MID,29,2,0.0,0.49,15.12,10.93,24.51,6.83,10.73,0.14,0.18,0.83,-0.14,-0.18,0.87,61.5,50.0,-668.67,12333.83,False,18
271,Kamada,MID,30,1,0.0,0.49,14.63,10.68,23.56,7.32,10.49,0.13,0.18,1.03,-0.13,-0.18,0.67,61.5,50.0,-513.0,10631.5,True,11
271,Kamada,MID,32,1,0.0,0.29,15.24,10.41,23.03,7.48,9.49,0.15,0.15,1.14,-0.15,-0.15,0.59,52.17,50.0,59.17,9504.0,True,15
271,Kamada,MID,33,1,0.0,0.29,14.62,9.75,23.04,8.03,8.89,0.15,0.15,1.14,-0.15,-0.15,0.58,52.33,50.0,84.83,9650.33,True,19
271,Kamada,MID,34,4,0.0,0.33,15.11,10.71,25.36,3.94,8.54,0.02,0.1,1.19,-0.02,-0.1,-0.2,45.67,50.0,45.83,9750.0,False,12
271,Kamada,MID,35,1,0.0,0.28,17.77,12.36,22.99,1.69,9.87,0.0,0.1,1.27,0.0,-0.1,0.42,53.17,50.0,44.17,9859.5,False,4
271,Kamada,MID,36,2,0.0,0.0,17.36,11.19,20.41,1.93,9.0,0.0,0.11,1.38,0.0,-0.11,0.55,46.67,50.0,172.5,10087.33,True,9
271,Kamada,MID,36,0,0.0,0.0,19.29,12.47,29.73,1.61,9.0,0.01,0.32,1.39,-0.01,-0.32,0.86,46.67,50.0,729.83,10911.0,False,13
271,Kamada,MID,37,4,0.0,0.32,18.0,12.25,28.74,3.79,9.47,0.02,0.31,1.54,-0.02,-0.31,0.98,47.5,50.0,1266.33,11703.67,False,5
271,Kamada,MID,38,1,0.0,0.25,18.2,13.76,25.88,4.24,10.47,0.05,0.29,1.65,-0.05,-0.29,0.85,60.17,50.0,1113.0,12296.17,True,1
272,Lerma,MID,15,1,0.95,0.63,18.63,15.6,12.92,7.26,10.74,0.02,0.04,0.59,-0.02,0.59,-0.59,47.5,49.0,195.17,8185.0,False,10
272,Lerma,MID,17,1,0.87,0.58,17.77,15.79,12.87,6.7,10.49,0.01,0.03,0.59,-0.01,0.55,-0.59,51.5,49.0,199.17,8487.33,False,11
272,Lerma,MID,20,1,0.26,0.52,14.35,14.4,12.37,3.13,11.48,0.01,0.13,1.24,-0.01,-0.13,-0.2,57.5,49.0,-93.0,8604.0,False,15
272,Lerma,MID,22,2,0.24,0.24,14.32,14.51,11.1,2.86,11.7,0.01,0.12,1.22,-0.01,-0.12,-0.26,62.83,49.0,-46.33,8527.83,False,17
272,Lerma,MID,23,1,0.0,0.24,13.85,16.38,13.49,2.86,10.74,0.01,0.13,1.4,-0.01,-0.13,0.03,62.83,49.0,-112.0,8304.5,True,7
272,Lerma,MID,24,9,0.0,0.41,11.0,14.29,11.52,16.29,9.98,0.05,0.12,1.61,-0.05,-0.12,0.22,73.67,49.0,-71.67,8119.17,False,16
272,Lerma,MID,25,5,0.0,0.37,13.49,14.78,11.0,17.74,10.16,0.08,0.08,1.39,-0.08,0.11,0.09,81.17,49.0,-54.67,8042.67,False,6
272,Lerma,MID,26,1,0.18,0.18,14.05,16.52,6.99,19.22,12.01,0.08,0.04,1.39,-0.08,0.14,-0.09,81.17,49.0,13.0,8031.33,True,3
272,Lerma,MID,30,3,0.2,0.41,16.29,20.0,9.83,20.77,12.22,0.08,0.05,1.22,-0.08,0.35,0.62,73.67,49.0,398.0,8463.33,True,11
272,Lerma,MID,32,5,0.36,0.36,16.55,18.22,9.49,20.73,11.82,0.08,0.06,1.23,-0.08,0.31,0.41,82.5,49.0,375.83,8427.0,True,15
272,Lerma,MID,33,3,0.36,0.36,17.45,15.45,7.85,21.64,11.64,0.19,0.05,1.12,-0.19,0.49,0.33,82.5,49.0,460.0,8522.83,True,19
272,Lerma,MID,35,0,0.55,0.18,20.55,16.62,10.11,13.64,12.36,0.18,0.07,0.83,-0.18,0.47,0.08,82.5,49.0,498.0,8660.0,False,4
272,Lerma,MID,36,1,0.55,0.18,15.82,12.51,9.38,11.09,11.64,0.15,0.08,1.12,-0.15,0.28,0.15,82.5,49.0,557.83,9030.0,True,9
272,Lerma,MID,36,2,0.43,0.22,16.27,10.02,11.36,11.49,10.19,0.18,0.09,1.22,-0.18,0.34,0.29,69.17,49.0,1228.67,10114.33,False,13
272,Lerma,MID,37,0,0.39,0.0,14.67,8.3,7.81,10.37,10.57,0.16,0.07,1.34,-0.16,0.13,0.03,76.67,49.0,1590.67,10739.17,False,5
272,Lerma,MID,38,4,0.23,0.23,14.46,10.31,8.32,9.56,11.66,0.18,0.07,1.6,-0.18,0.16,0.27,64.33,49.0,1405.33,11568.5,True,1
273,Wharton,MID,5,7,0.4,0.0,16.33,10.35,19.27,0.0,7.96,0.0,0.06,1.2,0.0,-0.06,-0.8,75.33,50.0,-697.67,63938.33,False,19
273,Wharton,MID,6,3,0.3,0.0,21.3,11.16,27.42,0.6,7.5,0.01,0.2,1.06,-0.01,0.1,-0.46,75.0,50.0,-2238.25,59653.5,True,12
273,Wharton,MID,7,3,0.5,0.0,22.94,12.52,34.83,1.75,7.73,0.02,0.27,1.14,-0.02,-0.02,-0.64,72.2,50.0,-1528.0,57547.2,False,9
273,Wharton,MID,8,2,0.4,0.2,21.15,12.33,33.63,1.8,8.58,0.02,0.27,1.32,-0.02,-0.07,-0.52,75.17,50.0,-349.5,57284.33,True,4
273,Wharton,MID,9,2,0.2,0.2,20.35,12.13,35.66,2.59,8.98,0.04,0.33,1.4,-0.04,-0.13,-0.0,75.17,50.0,676.67,58451.5,False,1
273,Wharton,MID,11,3,0.2,0.2,18.78,12.76,34.43,2.74,8.8,0.04,0.31,1.46,-0.04,-0.12,-0.09,76.67,50.0,455.33,57728.67,True,6
273,Wharton,MID,12,6,0.38,0.19,18.19,12.98,33.78,2.87,8.62,0.05,0.32,1.34,-0.05,-0.12,0.0,78.33,50.0,-12.67,55448.67,False,20
273,Wharton,MID,13,4,0.56,0.19,17.04,16.26,29.26,2.78,9.44,0.05,0.23,1.53,-0.05,-0.05,-0.42,81.0,50.0,1155.33,56796.33,True,14
273,Wharton,MID,14,3,0.36,0.18,16.14,16.28,22.5,4.84,10.4,0.06,0.15,1.5,-0.06,0.03,-0.06,83.67,50.0,977.0,57837.67,False,3
273,Wharton,MID,15,9,0.55,0.0,16.26,15.52,18.94,4.62,10.35,0.06,0.16,1.23,-0.06,0.02,-0.12,81.17,50.0,633.33,58433.83,False,10
273,Wharton,MID,16,4,0.55,0.0,20.51,19.07,17.13,4.25,11.46,0.05,0.14,0.99,-0.05,0.23,-0.26,81.17,50.0,-464.17,57651.17,True,13
273,Wharton,MID,17,3,0.55,0.0,21.99,19.48,16.74,5.17,12.75,0.09,0.17,1.01,-0.09,0.2,0.09,81.17,50.0,481.17,57872.17,False,11
273,Wharton,MID,18,2,0.35,0.18,21.8,21.3,16.77,8.44,13.36,0.09,0.22,1.38,-0.09,0.14,0.38,85.33,50.0,6755.33,65654.33,True,18
273,Wharton,MID,19,2,0.18,0.18,20.04,18.32,17.68,13.18,13.18,0.1,0.28,1.21,-0.1,-0.1,0.72,85.33,50.0,8939.67,75315.67,True,10
273,Wharton,MID,20,4,0.17,0.17,18.51,16.83,14.97,10.63,12.17,0.07,0.28,1.32,-0.07,-0.11,0.39,87.5,50.0,9218.5,85078.83,False,15
273,Wharton,MID,21,3,0.0,0.17,18.81,19.21,19.39,10.75,12.93,0.07,0.31,1.48,-0.07,-0.14,0.54,89.33,50.0,8009.83,93411.5,True,2
273,Wharton,MID,22,1,0.17,0.17,16.62,17.66,22.15,11.59,12.26,0.08,0.36,1.64,-0.08,-0.36,0.2,89.33,50.0,7558.67,101368.67,False,17
273,Wharton,MID,23,-1,0.17,0.34,13.94,15.88,19.88,10.58,11.25,0.05,0.32,1.73,-0.05,-0.32,-0.05,89.33,50.0,5669.83,107433.0,True,7
273,Wharton,MID,25,3,0.17,0.17,12.16,13.1,20.76,7.3,11.29,0.03,0.29,1.71,-0.03,-0.29,-0.14,86.33,50.0,-438.17,106810.17,False,6
273,Wharton,MID,26,7,0.35,0.17,10.95,11.19,15.98,3.13,10.6,0.02,0.22,1.71,-0.02,-0.22,-0.32,86.33,50.0,-3116.17,100816.33,True,3
273,Wharton,MID,27,2,0.35,0.18,12.71,14.86,21.05,3.53,11.65,0.03,0.26,1.47,-0.03,-0.08,0.29,85.0,50.0,-3353.0,94835.0,True,20
273,Wharton,MID,28,2,0.53,0.35,10.33,11.45,20.5,4.55,10.16,0.05,0.22,1.49,-0.05,-0.05,-0.09,85.67,50.0,-2162.5,90196.5,False,14
273,Wharton,MID,29,10,0.37,0.37,8.43,8.47,14.74,3.48,9.9,0.03,0.14,1.51,-0.03,0.05,0.33,81.83,50.0,-1980.17,85638.17,False,18
273,Wharton,MID,30,1,0.37,0.19,15.34,17.14,20.54,7.86,9.92,0.05,0.25,1.47,-0.05,0.31,0.21,80.17,50.0,-1242.67,81755.17,True,11
273,Wharton,MID,32,1,0.41,0.21,17.43,19.15,23.56,9.43,9.23,0.08,0.27,1.17,-0.08,0.35,0.06,73.17,50.0,891.5,80074.33,True,15
273,Wharton,MID,34,2,0.24,0.24,18.96,23.04,27.1,9.84,10.32,0.08,0.31,1.17,-0.08,0.41,0.27,62.5,50.0,1162.33,80696.17,False,12
273,Wharton,MID,35,1,0.23,0.23,18.56,19.41,27.87,9.16,8.69,0.07,0.33,1.32,-0.07,0.14,0.09,63.83,50.0,592.67,79898.17,False,4
273,Wharton,MID,36,4,0.0,0.0,22.37,23.54,29.26,8.25,8.52,0.05,0.38,1.22,-0.05,0.15,0.65,56.33,50.0,544.83,79151.83,True,9
273,Wharton,MID,36,1,0.0,0.0,22.19,25.68,35.03,8.98,10.47,0.06,0.49,1.18,-0.06,0.01,0.57,60.17,50.0,5462.17,83683.17,False,13
273,Wharton,MID,37,11,0.0,0.0,16.5,17.65,37.77,3.76,11.58,0.04,0.4,1.15,-0.04,-0.4,0.88,51.83,50.0,10372.83,88521.33,False,5
273,Wharton,MID,38,1,0.0,0.0,22.32,26.83,39.95,7.04,12.37,0.05,0.35,1.37,0.2,-0.35,0.81,61.83,50.0,8042.17,90519.5,True,1
276,Devenny,MID,22,2,0.29,0.0,11.47,19.24,17.71,25.59,6.47,0.56,0.04,1.61,-0.26,-0.04,-0.14,51.0,43.0,9209.33,185705.5,False,17
276,Devenny,MID,33,1,0.23,0.0,9.11,15.68,14.13,20.28,5.7,0.43,0.04,1.62,-0.2,-0.04,-0.02,65.83,43.0,9594.17,194531.5,True,19
276,Devenny,MID,35,4,0.23,0.0,6.85,8.18,14.32,14.85,5.71,0.17,0.04,1.6,-0.17,-0.04,-0.23,65.67,43.0,7513.83,194186.17,False,4
276,Devenny,MID,38,2,0.22,0.0,8.55,10.76,7.76,7.87,8.78,0.1,0.02,1.89,-0.1,-0.02,-0.09,66.67,43.0,2506.67,182320.5,True,1
299,Ndiaye,MID,4,5,0.37,0.0,24.07,35.33,13.78,24.81,9.26,0.48,0.03,1.73,0.26,-0.03,-0.61,81.0,65.0,-58346.67,1089224.33,True,2
299,Ndiaye,MID,5,6,0.54,0.0,22.43,29.89,17.57,21.35,10.54,0.35,0.07,1.41,0.19,-0.07,-0.59,83.25,65.0,-62476.75,1063018.0,False,12
299,Ndiaye,MID,6,2,0.43,0.22,23.25,30.57,19.61,17.44,10.98,0.28,0.09,1.31,0.15,0.12,-0.24,83.6,65.0,-57041.2,1044057.2,True,19
299,Ndiaye,MID,7,7,0.36,0.18,22.41,27.87,21.51,18.43,10.3,0.25,0.1,1.29,0.11,0.08,-0.2,83.0,65.0,12889.0,1099591.17,True,8
299,Ndiaye,MID,8,4,0.36,0.36,24.4,33.54,23.19,22.23,10.12,0.39,0.18,1.17,0.15,-0.0,-0.08,83.0,65.0,6520.83,1121523.83,False,13
299,Ndiaye,MID,9,2,0.17,0.35,21.12,28.18,26.64,18.35,11.25,0.25,0.27,1.12,0.09,-0.1,0.26,86.67,65.0,26782.5,1161433.67,True,18
299,Ndiaye,MID,10,9,0.17,0.35,19.38,23.71,23.12,17.65,11.6,0.19,0.36,1.29,-0.01,-0.19,0.26,86.67,65.0,43268.17,1215263.5,False,17
299,Ndiaye,MID,11,3,0.0,0.37,22.36,28.89,19.65,21.26,10.63,0.23,0.36,1.35,0.13,-0.17,0.49,81.83,65.0,55401.67,1280190.5,True,10
299,Ndiaye,MID,12,3,0.18,0.18,20.87,24.82,18.54,21.96,9.25,0.24,0.36,1.24,0.13,-0.36,0.21,82.67,65.0,75845.33,1364974.0,False,14
299,Ndiaye,MID,13,2,0.36,0.18,19.05,23.26,13.84,18.69,9.62,0.24,0.34,1.27,0.12,-0.34,-0.0,82.67,65.17,12910.83,1375525.0,True,15
299,Ndiaye,MID,14,3,0.37,0.0,18.93,18.63,13.73,16.52,10.02,0.1,0.27,1.39,0.08,-0.27,0.46,80.83,65.33,13630.5,1381421.5,False,4
299,Ndiaye,MID,15,8,0.55,0.0,17.63,16.49,9.84,17.45,8.63,0.11,0.17,1.19,0.07,-0.17,0.28,81.67,65.5,7405.83,1390837.83,True,16
299,Ndiaye,MID,16,2,0.73,0.0,20.2,18.66,11.83,18.0,9.0,0.11,0.09,0.91,0.07,0.09,0.01,81.67,65.5,-22911.0,1368720.33,False,7
299,Ndiaye,MID,23,2,0.69,0.0,15.43,12.62,11.79,17.17,8.67,0.09,0.08,1.17,-0.09,0.09,-0.12,86.5,65.33,-68259.83,1300334.33,True,11
299,Ndiaye,MID,24,2,0.52,0.0,14.39,12.62,11.6,18.21,9.02,0.12,0.11,1.31,-0.12,0.06,-0.1,86.5,64.83,-66537.0,1138734.67,False,6
299,Ndiaye,MID,25,2,0.34,0.0,14.63,13.78,11.69,18.71,9.36,0.11,0.11,1.33,-0.11,0.06,0.03,88.17,64.17,-60615.0,986120.83,False,10
299,Ndiaye,MID,26,9,0.33,0.0,13.67,12.23,10.98,17.67,9.33,0.12,0.1,1.31,-0.12,0.07,-0.48,90.0,63.5,-56771.33,847225.67,True,4
299,Ndiaye,MID,27,2,0.17,0.0,16.5,18.1,14.87,23.5,9.5,0.26,0.19,1.45,-0.09,-0.02,-0.28,90.0,62.83,-45736.5,707834.67,True,14
299,Ndiaye,MID,28,4,0.0,0.0,15.67,16.57,15.07,19.83,9.0,0.23,0.17,1.58,-0.06,-0.17,-0.24,90.0,62.33,-30655.33,583324.67,False,15
299,Ndiaye,MID,29,6,0.0,0.0,16.83,17.87,15.58,15.83,10.17,0.21,0.17,1.38,-0.05,-0.17,-0.05,90.0,62.0,15399.67,506185.0,True,3
299,Ndiaye,MID,30,2,0.17,0.0,18.67,19.97,16.3,15.0,10.33,0.18,0.18,1.19,-0.02,-0.01,-0.03,90.0,62.0,8389.0,515658.5,False,1
299,Ndiaye,MID,31,10,0.17,0.0,18.5,19.17,18.02,14.33,9.83,0.26,0.18,1.4,-0.09,-0.02,-0.07,90.0,62.0,2437.5,518597.83,True,7
299,Ndiaye,MID,32,2,0.33,0.0,21.75,24.79,16.04,18.23,9.87,0.26,0.18,1.24,0.07,-0.02,-0.07,89.67,62.0,4526.83,523177.0,False,5
299,Ndiaye,MID,33,4,0.33,0.0,19.07,20.38,16.85,11.04,9.7,0.11,0.1,1.49,0.05,0.07,-0.32,89.67,62.0,8268.5,532467.67,True,12
299,Ndiaye,MID,34,2,0.33,0.0,19.24,20.54,16.9,14.55,10.37,0.13,0.09,1.52,0.04,0.07,-0.18,89.67,62.0,6243.17,537095.0,False,19
299,Ndiaye,MID,35,2,0.33,0.0,18.9,19.0,16.46,15.89,8.7,0.15,0.1,1.54,0.01,0.07,-0.2,89.67,62.0,16994.33,571877.17,True,13
299,Ndiaye,MID,36,2,0.17,0.0,16.06,17.57,14.37,22.25,8.36,0.3,0.03,1.76,-0.13,-0.03,0.08,89.67,62.0,3135.5,574145.5,False,8
299,Ndiaye,MID,37,2,0.17,0.0,16.56,18.7,14.39,27.6,8.2,0.28,0.04,1.74,-0.11,-0.04,0.1,89.67,62.0,5235.33,579676.17,True,17
299,Ndiaye,MID,38,2,0.0,0.0,11.33,12.3,14.78,24.0,7.17,0.27,0.04,1.7,-0.27,-0.04,0.63,90.0,62.0,12463.33,593404.83,False,18
300,McNeil,MID,20,1,0.62,0.0,14.54,14.47,22.45,5.88,9.59,0.04,0.11,1.57,-0.04,0.2,-1.26,48.5,55.0,713.0,16843.17,True,5
300,McNeil,MID,21,2,0.55,0.0,13.53,13.91,23.25,7.18,8.83,0.04,0.15,1.72,-0.04,0.13,-1.17,54.33,55.0,1302.5,18261.17,True,20
300,McNeil,MID,22,5,0.44,0.0,13.08,12.33,19.84,6.21,7.76,0.04,0.14,1.48,-0.04,0.08,-0.82,67.67,55.0,1751.33,20103.67,False,2
300,McNeil,MID,23,1,0.56,0.19,13.72,9.96,15.01,6.58,6.95,0.04,0.1,1.52,-0.04,0.27,-0.96,79.83,55.0,1216.83,21361.83,True,11
300,McNeil,MID,28,6,0.6,0.2,14.8,11.2,16.14,7.4,7.2,0.04,0.11,1.43,-0.04,0.29,-0.83,75.0,55.0,1458.83,22944.0,False,15
300,McNeil,MID,29,5,0.41,0.2,18.2,13.09,14.67,11.05,7.16,0.07,0.11,1.37,-0.07,0.5,-0.55,73.33,55.0,689.83,22591.5,True,3
300,McNeil,MID,30,3,0.41,0.21,17.13,10.07,13.29,15.07,8.67,0.07,0.08,1.08,-0.07,0.33,-0.25,72.67,55.0,769.0,22504.67,False,1
300,McNeil,MID,31,3,0.57,0.19,15.88,10.1,12.12,14.56,8.89,0.13,0.04,0.92,-0.13,0.34,-0.35,79.33,55.0,126.67,21732.5,True,7
300,McNeil,MID,32,2,0.78,0.19,16.13,10.69,16.58,14.97,8.94,0.13,0.03,1.0,-0.13,0.35,-0.61,77.17,55.0,-204.5,20679.33,False,5
300,McNeil,MID,33,2,0.61,0.0,14.53,11.06,14.91,15.94,9.08,0.16,0.03,1.13,-0.16,0.17,-0.52,74.33,55.0,345.0,20200.83,True,12
300,McNeil,MID,34,2,0.56,0.0,13.31,10.05,16.78,16.12,9.38,0.16,0.05,1.06,-0.16,0.14,-0.5,80.0,55.0,5.33,19302.33,False,19
300,McNeil,MID,37,1,0.58,0.0,11.06,9.0,21.39,12.8,9.12,0.15,0.24,1.06,-0.15,-0.24,-0.48,77.33,55.0,195.83,19648.17,True,17
301,Alcaraz,MID,17,2,0.65,0.65,13.55,12.0,31.58,14.19,7.1,0.15,0.1,1.37,-0.15,0.22,-0.4,46.5,52.0,-133.17,10909.17,True,1
301,Alcaraz,MID,18,3,0.52,0.26,13.79,10.98,27.29,16.91,7.02,0.16,0.09,1.62,-0.16,0.17,-0.58,57.67,52.0,7.0,10996.83,False,3
301,Alcaraz,MID,24,1,0.66,0.22,13.98,12.19,26.15,22.94,7.43,0.19,0.08,1.51,-0.19,0.14,-0.64,68.67,52.0,1146.0,12549.17,False,6
301,Alcaraz,MID,34,0,0.71,0.24,16.67,13.48,27.5,23.1,8.81,0.19,0.09,1.46,-0.19,0.15,-0.75,63.0,52.0,1121.0,12558.5,False,19
301,Alcaraz,MID,35,1,0.59,0.3,15.45,10.93,27.77,23.76,9.8,0.15,0.1,1.82,-0.15,-0.1,-0.64,50.5,52.0,1142.67,12444.5,True,13
302,Gana,MID,4,3,0.35,0.0,15.18,9.53,13.45,5.65,7.41,0.13,0.06,1.82,-0.13,-0.06,-1.11,85.0,55.0,-745.0,10213.0,True,2
302,Gana,MID,5,10,0.52,0.0,15.65,8.24,10.83,4.7,8.09,0.12,0.05,1.48,-0.12,-0.05,-0.96,86.25,54.75,-769.5,10159.0,False,12
302,Gana,MID,6,2,0.41,0.0,19.66,16.97,9.91,12.0,8.9,0.15,0.04,1.36,0.06,-0.04,-0.54,87.0,54.6,-726.8,10089.6,True,19
302,Gana,MID,7,2,0.34,0.0,18.34,16.15,9.86,10.11,8.57,0.13,0.05,1.33,0.04,-0.05,-0.47,87.5,54.5,232.83,11125.5,True,8
302,Gana,MID,8,2,0.34,0.0,18.34,15.57,7.75,9.6,9.26,0.12,0.05,1.26,0.05,-0.05,-0.4,87.5,54.33,321.67,12253.83,False,13
302,Gana,MID,9,2,0.18,0.0,18.39,15.57,7.64,10.0,9.46,0.12,0.05,1.11,0.05,-0.05,0.14,84.0,54.17,416.5,13297.67,True,18
302,Gana,MID,10,4,0.18,0.0,18.21,14.88,5.57,9.11,9.63,0.08,0.05,1.26,0.09,-0.05,0.14,85.67,54.0,523.67,14355.0,False,17
302,Gana,MID,11,10,0.0,0.0,18.56,17.47,8.88,8.75,10.33,0.07,0.06,1.36,0.11,-0.06,0.22,85.67,54.0,524.83,15338.0,True,10
302,Gana,MID,12,-2,0.18,0.0,18.91,16.18,10.37,9.11,9.63,0.06,0.07,1.27,0.11,-0.07,-0.05,85.67,54.0,598.67,16374.67,False,14
302,Gana,MID,16,4,0.21,0.0,18.37,16.56,10.47,10.53,10.53,0.06,0.07,1.27,0.14,-0.07,-0.03,72.67,54.0,-37.33,16627.83,False,7
302,Gana,MID,23,6,0.21,0.0,18.99,20.77,9.85,10.94,11.35,0.06,0.05,1.38,0.14,-0.05,0.06,72.67,54.0,-216.83,15756.0,True,11
302,Gana,MID,24,2,0.2,0.0,20.88,23.79,15.4,12.6,11.42,0.08,0.07,1.3,0.12,0.13,-0.12,76.17,54.0,3.67,14671.5,False,6
302,Gana,MID,25,1,0.2,0.0,19.36,23.75,16.1,12.17,9.78,0.07,0.07,1.27,0.13,0.13,-0.27,75.17,54.0,226.0,13791.83,False,10
302,Gana,MID,26,2,0.2,0.2,18.36,22.39,14.61,14.37,8.78,0.08,0.06,1.45,0.12,0.14,-0.45,75.17,54.0,371.17,13039.67,True,4
302,Gana,MID,27,2,0.0,0.2,14.17,18.08,14.51,7.38,9.38,0.04,0.05,1.63,-0.04,0.15,-0.24,75.17,54.0,437.33,12328.67,True,14
302,Gana,MID,28,2,0.0,0.17,15.31,16.2,12.91,8.0,8.85,0.05,0.05,1.6,-0.05,0.12,-0.24,88.17,54.0,226.67,11320.17,False,15
302,Gana,MID,29,3,0.0,0.17,16.16,14.63,16.25,7.66,8.51,0.05,0.05,1.4,-0.05,0.12,-0.04,88.17,54.0,349.0,11379.0,True,3
302,Gana,MID,30,4,0.17,0.17,14.06,10.42,12.09,6.51,8.06,0.05,0.04,1.22,-0.05,-0.04,-0.02,87.5,54.0,301.33,11769.67,False,1
302,Gana,MID,31,8,0.17,0.17,15.45,13.87,12.19,7.56,9.91,0.05,0.03,1.26,-0.05,-0.03,-0.08,89.33,54.0,106.33,11950.17,True,7
302,Gana,MID,32,5,0.34,0.0,17.97,17.4,11.85,6.38,10.91,0.05,0.04,1.08,-0.05,0.13,-0.07,89.33,54.0,124.67,12155.17,False,5
302,Gana,MID,33,2,0.35,0.0,20.12,19.25,11.97,9.19,10.92,0.06,0.14,1.21,-0.06,0.2,-0.34,86.5,54.0,346.33,12600.5,True,12
302,Gana,MID,34,2,0.35,0.0,20.98,19.11,11.64,7.46,10.58,0.04,0.14,1.24,-0.04,0.21,-0.2,86.5,54.0,501.33,13221.0,False,19
303,Garner,MID,4,5,0.33,0.33,22.67,28.0,11.03,3.33,12.33,0.02,0.03,1.87,0.31,-0.03,-0.87,90.0,50.0,5114.33,17556.33,True,2
303,Garner,MID,5,4,0.5,0.25,24.75,28.4,22.45,3.0,11.5,0.04,0.1,1.54,0.21,-0.1,-0.79,90.0,50.0,5515.25,23326.0,False,12
303,Garner,MID,6,7,0.4,0.2,23.2,25.96,18.6,3.0,12.8,0.04,0.09,1.41,0.16,-0.09,-0.41,90.0,50.0,7631.8,30397.4,True,19
303,Garner,MID,7,1,0.33,0.17,24.33,27.37,19.18,10.67,12.17,0.07,0.09,1.37,0.09,0.08,-0.37,90.0,50.0,10472.83,39601.17,True,8
303,Garner,MID,8,3,0.33,0.33,25.0,28.4,24.45,11.0,12.17,0.09,0.17,1.3,0.08,-0.01,-0.3,90.0,50.0,15609.67,57793.33,False,13
303,Garner,MID,9,1,0.17,0.33,21.17,22.17,20.37,10.5,11.67,0.1,0.16,1.29,-0.1,0.0,0.04,90.0,50.0,15583.67,75607.33,True,18
303,Garner,MID,10,2,0.17,0.5,21.33,22.47,23.15,11.33,11.33,0.12,0.18,1.45,-0.12,-0.02,0.04,90.0,50.0,12664.0,89440.33,False,17
303,Garner,MID,11,3,0.0,0.5,18.17,18.5,14.2,11.5,11.17,0.11,0.13,1.55,-0.11,0.03,0.12,90.0,50.0,10180.0,100747.17,True,10
303,Garner,MID,12,6,0.17,0.5,18.17,18.27,17.25,13.33,9.17,0.13,0.16,1.46,-0.13,0.01,-0.13,90.0,50.0,6461.33,108134.17,False,14
303,Garner,MID,13,2,0.33,0.5,16.0,15.97,16.25,5.17,9.17,0.09,0.14,1.54,-0.09,0.02,-0.38,90.0,50.0,947.5,109613.83,True,15
303,Garner,MID,14,3,0.33,0.33,15.33,13.9,12.15,5.17,8.67,0.08,0.07,1.59,-0.08,0.1,0.08,90.0,50.0,-5018.83,104642.33,False,4
303,Garner,MID,15,3,0.5,0.17,16.5,13.67,17.07,4.5,8.33,0.06,0.09,1.27,-0.06,0.08,0.06,90.0,50.0,-5611.5,99470.17,True,16
303,Garner,MID,16,4,0.67,0.0,16.5,13.8,14.18,6.83,7.83,0.07,0.07,1.01,-0.07,0.1,-0.18,90.0,50.0,-6114.0,93730.17,False,7
303,Garner,MID,17,4,0.68,0.0,18.91,15.64,19.15,7.09,8.78,0.07,0.07,1.21,-0.07,0.09,-0.19,88.83,50.0,-7404.83,86652.83,True,1
303,Garner,MID,18,5,0.51,0.0,19.25,15.74,18.59,4.73,9.79,0.04,0.05,1.48,-0.04,0.12,-0.29,88.83,50.0,-6223.17,80861.0,False,3
303,Garner,MID,19,16,0.51,0.0,19.42,17.16,19.87,4.9,10.81,0.05,0.07,1.43,-0.05,-0.07,-0.25,88.83,50.0,-2066.17,79978.33,False,16
303,Garner,MID,20,4,0.68,0.0,26.85,28.94,25.38,7.6,13.0,0.07,0.16,1.37,0.09,0.01,-0.87,88.83,50.0,5.17,80901.83,True,5
303,Garner,MID,21,6,0.51,0.0,28.03,31.24,24.92,8.61,13.85,0.08,0.16,1.69,0.09,0.01,-0.51,88.83,50.17,39511.83,123059.0,True,20
303,Garner,MID,22,4,0.34,0.0,29.38,32.66,29.84,8.27,15.37,0.07,0.22,1.73,0.1,-0.05,-0.38,88.83,50.33,60766.33,185600.5,False,2
303,Garner,MID,23,2,0.5,0.17,28.5,33.4,27.55,7.67,17.83,0.06,0.22,1.59,0.1,-0.06,-0.59,90.0,50.67,65889.67,252393.0,True,11
303,Garner,MID,24,4,0.5,0.17,28.33,32.77,27.15,9.0,17.0,0.07,0.24,1.46,0.09,-0.08,-0.46,90.0,51.0,84152.17,338454.5,False,6
303,Garner,MID,25,4,0.33,0.17,27.67,31.4,25.97,9.17,17.67,0.06,0.24,1.46,0.1,-0.07,-0.3,90.0,51.33,82058.5,420821.17,False,10
303,Garner,MID,26,2,0.17,0.33,20.83,22.3,28.72,7.0,16.83,0.04,0.23,1.53,-0.04,-0.23,-0.2,90.0,51.67,78909.0,500471.83,True,4
303,Garner,MID,27,2,0.17,0.33,20.5,21.27,31.37,7.83,15.83,0.05,0.29,1.36,-0.05,-0.28,-0.36,90.0,51.83,34450.0,533171.33,True,14
303,Garner,MID,28,6,0.17,0.33,18.83,19.73,32.63,6.5,14.67,0.04,0.26,1.45,-0.04,-0.26,-0.45,90.0,52.0,7507.67,540824.67,False,15
303,Garner,MID,29,10,0.0,0.33,18.5,20.1,32.5,6.33,11.83,0.04,0.26,1.38,-0.04,-0.09,-0.05,90.0,52.0,366.83,542339.5,True,3
303,Garner,MID,30,4,0.17,0.33,21.67,26.2,41.93,5.0,12.83,0.03,0.26,1.31,-0.03,0.07,-0.14,90.0,52.0,-12487.33,530616.33,False,1
303,Garner,MID,31,6,0.17,0.33,21.83,25.53,41.05,4.67,11.67,0.03,0.26,1.52,-0.03,0.08,-0.18,90.0,52.0,-12242.33,519750.17,True,7
303,Garner,MID,32,3,0.33,0.17,23.67,26.83,34.22,4.17,11.0,0.05,0.2,1.34,-0.05,0.3,-0.18,90.0,52.0,-7821.83,511655.33,False,5
303,Garner,MID,33,3,0.33,0.33,22.67,26.17,29.63,2.83,12.17,0.03,0.13,1.59,-0.03,0.37,-0.43,90.0,52.17,7553.83,521556.83,True,12
303,Garner,MID,34,3,0.33,0.5,22.67,27.67,25.93,1.5,12.83,0.03,0.1,1.62,-0.03,0.4,-0.29,90.0,52.33,4908.0,520621.0,False,19
303,Garner,MID,35,5,0.33,0.5,21.67,26.47,26.38,1.83,13.17,0.03,0.1,1.65,-0.03,0.23,-0.31,90.0,52.5,13517.67,535768.17,True,13
303,Garner,MID,36,1,0.17,0.5,19.83,23.27,19.82,1.83,12.33,0.03,0.11,1.76,-0.03,0.23,0.08,90.0,52.67,-338.0,535560.67,False,8
303,Garner,MID,37,1,0.17,0.67,20.5,23.73,26.4,3.33,11.5,0.04,0.16,1.73,-0.04,0.18,0.1,90.0,52.67,-3644.0,532265.83,True,17
303,Garner,MID,38,4,0.0,0.83,17.83,20.57,25.15,3.83,11.17,0.01,0.16,1.7,-0.01,0.01,0.63,90.0,52.67,-5196.0,529416.0,False,18
304,Iroegbunam,MID,4,2,1.17,1.17,9.35,15.78,2.22,1.75,12.86,0.06,0.0,1.68,-0.06,0.0,-1.09,51.33,50.0,-191.67,3161.33,True,2
304,Iroegbunam,MID,7,4,1.23,1.23,8.22,13.32,2.1,2.05,11.51,0.06,0.0,1.4,-0.06,0.0,-0.99,54.75,50.0,-196.75,3274.5,True,8
304,Iroegbunam,MID,8,1,1.11,1.11,12.54,12.91,2.07,2.58,11.07,0.06,0.0,1.38,-0.06,0.37,-1.01,48.8,49.8,-181.2,3364.6,False,13
304,Iroegbunam,MID,18,4,0.59,0.59,17.94,14.47,5.71,2.06,10.29,0.01,0.02,1.32,-0.01,0.28,-0.15,51.0,48.5,-1.5,3909.0,False,3
304,Iroegbunam,MID,19,5,0.55,0.55,14.73,11.95,6.05,1.91,12.0,0.01,0.13,1.51,-0.01,-0.13,-0.42,55.0,48.33,113.17,4094.0,False,16
304,Iroegbunam,MID,20,4,0.66,0.44,12.04,11.87,5.1,1.97,11.82,0.01,0.11,1.45,-0.01,-0.11,-0.58,68.5,48.17,146.67,4303.33,True,5
304,Iroegbunam,MID,21,7,0.61,0.41,13.03,13.52,4.32,2.65,13.85,0.02,0.1,1.53,-0.02,-0.1,-0.71,73.67,48.0,202.17,4537.5,True,20
304,Iroegbunam,MID,24,0,0.41,0.41,14.86,16.62,10.63,6.52,13.24,0.03,0.11,1.57,-0.03,0.1,-0.56,73.67,48.0,314.67,4886.5,False,6
304,Iroegbunam,MID,25,1,0.4,0.61,14.13,16.43,10.57,6.46,13.32,0.03,0.1,1.56,-0.03,0.1,-0.55,74.33,48.0,233.67,5039.17,False,10
304,Iroegbunam,MID,27,2,0.5,0.76,13.61,16.64,12.88,8.07,13.61,0.04,0.13,1.44,-0.04,0.12,-0.43,59.5,48.0,216.17,5172.33,True,14
304,Iroegbunam,MID,29,1,0.26,0.52,13.57,15.08,9.94,7.3,12.78,0.05,0.02,1.45,-0.05,0.24,-0.15,57.5,48.0,105.0,5191.33,True,3
304,Iroegbunam,MID,37,1,0.29,0.0,13.78,17.53,8.36,9.67,10.26,0.05,0.02,1.76,-0.05,-0.02,-0.0,51.17,48.0,-21.0,4907.33,True,17
304,Iroegbunam,MID,38,4,0.0,0.31,10.71,14.14,9.21,10.1,9.49,0.05,0.03,1.75,-0.05,-0.03,0.39,49.0,48.0,10.17,4931.33,False,18
305,Armstrong,MID,23,1,0.47,0.0,10.89,11.94,14.92,4.74,9.0,0.0,0.05,1.15,0.0,-0.05,-0.2,47.5,45.0,-167.25,7874.75,True,11
305,Armstrong,MID,24,2,0.38,0.0,11.11,11.11,12.75,3.83,8.81,0.0,0.05,1.33,0.0,-0.05,-0.18,47.0,45.0,17.8,7820.6,False,6
305,Armstrong,MID,25,2,0.29,0.0,11.46,10.83,10.18,2.87,9.46,0.0,0.04,1.4,0.0,-0.04,-0.25,52.33,45.0,80.33,7858.67,False,10
305,Armstrong,MID,26,1,0.24,0.0,11.1,9.92,11.34,4.25,9.21,0.09,0.03,1.58,-0.09,-0.03,-0.4,63.5,45.0,550.0,7296.33,True,4
305,Armstrong,MID,27,2,0.23,0.0,11.59,9.86,9.0,13.41,9.09,0.16,0.03,1.61,-0.16,-0.03,-0.47,66.0,45.0,772.0,8201.0,True,14
305,Armstrong,MID,28,1,0.24,0.0,12.25,8.43,11.4,17.91,7.77,0.19,0.03,1.83,-0.19,-0.03,-0.65,63.67,45.0,743.67,9023.33,False,15
305,Armstrong,MID,30,1,0.0,0.0,15.55,9.93,10.41,20.33,9.27,0.24,0.03,1.92,-0.24,-0.03,-0.13,50.17,45.0,717.33,9819.83,False,1
324,Iwobi,MID,4,3,0.0,0.38,13.99,14.52,27.3,7.18,5.67,0.04,0.22,1.89,-0.04,0.16,-0.37,79.33,65.0,-8769.0,149507.33,True,11
324,Iwobi,MID,5,13,0.29,0.29,12.36,11.73,21.71,5.46,5.46,0.03,0.17,1.65,-0.03,0.12,-0.5,78.25,65.0,-3110.0,155715.75,True,5
324,Iwobi,MID,6,2,0.23,0.23,20.66,23.1,26.13,8.72,5.51,0.07,0.18,1.44,0.16,0.28,-0.29,78.4,65.0,-3707.2,157633.0,False,2
324,Iwobi,MID,7,2,0.2,0.2,19.14,20.37,24.0,7.5,5.33,0.06,0.19,1.46,0.14,0.2,0.12,76.0,65.0,3988.33,166787.33,False,4
324,Iwobi,MID,8,4,0.19,0.19,19.29,20.31,22.59,9.08,6.05,0.07,0.16,1.31,0.12,0.22,0.39,79.33,65.0,3822.83,175578.67,True,1
324,Iwobi,MID,9,1,0.19,0.19,19.1,20.38,27.34,7.0,7.56,0.06,0.13,1.36,0.13,0.06,0.35,79.33,65.0,4020.67,183413.5,False,15
324,Iwobi,MID,10,3,0.19,0.19,19.19,19.49,26.18,9.13,6.52,0.07,0.12,1.3,0.11,0.07,0.38,80.5,65.0,3149.67,189333.0,True,20
324,Iwobi,MID,11,2,0.18,0.18,20.69,21.85,36.87,10.52,6.9,0.07,0.17,1.16,0.11,0.01,0.47,82.67,65.0,5487.0,197957.0,False,9
324,Iwobi,MID,12,3,0.18,0.18,15.09,13.46,33.11,10.65,6.57,0.05,0.14,1.3,-0.05,-0.14,0.48,84.5,65.0,2028.0,201614.67,True,17
324,Iwobi,MID,13,2,0.34,0.17,15.42,14.47,30.97,13.56,7.63,0.06,0.11,1.08,-0.06,-0.11,0.11,88.5,65.0,-6962.83,195751.17,False,18
324,Iwobi,MID,14,7,0.34,0.17,15.23,14.11,24.61,11.67,7.78,0.04,0.09,1.12,-0.04,-0.09,-0.11,88.67,64.83,-10339.17,186305.0,True,13
324,Iwobi,MID,15,2,0.34,0.17,16.75,17.09,19.34,12.52,6.6,0.05,0.09,1.17,0.12,-0.09,0.52,88.67,64.67,-8255.67,179133.33,True,8
324,Iwobi,MID,16,2,0.34,0.0,19.02,19.94,24.98,13.25,6.96,0.04,0.15,1.1,0.13,-0.15,0.6,88.33,64.5,-6484.83,173657.5,False,3
324,Iwobi,MID,23,2,0.17,0.0,18.35,17.93,14.26,11.94,7.27,0.04,0.1,1.42,0.13,-0.1,0.48,86.67,64.33,-8006.67,164624.33,True,6
324,Iwobi,MID,24,2,0.17,0.0,17.06,16.68,13.23,9.05,7.66,0.04,0.09,1.46,0.13,-0.09,0.28,86.17,64.0,-2852.83,148935.67,False,14
324,Iwobi,MID,25,4,0.0,0.0,17.51,17.55,19.32,6.76,6.94,0.03,0.17,1.73,0.14,-0.17,0.52,86.5,63.67,-934.83,134881.0,True,9
324,Iwobi,MID,26,2,0.0,0.0,18.41,17.97,25.67,7.4,6.88,0.03,0.26,1.89,0.14,-0.26,0.51,87.17,63.5,2906.33,125014.83,False,13
324,Iwobi,MID,27,13,0.0,0.0,14.63,10.98,23.47,6.37,6.71,0.03,0.24,1.76,-0.03,-0.24,0.31,87.17,63.33,4659.17,116472.0,False,17
324,Iwobi,MID,28,10,0.0,0.0,19.66,18.1,23.9,7.24,6.03,0.07,0.22,1.77,0.1,-0.04,0.12,87.0,63.17,4076.17,107194.17,True,18
324,Iwobi,MID,29,2,0.0,0.0,25.83,26.54,32.08,9.62,6.25,0.08,0.23,1.55,0.26,-0.06,0.31,88.83,63.0,4024.67,97785.33,True,19
324,Iwobi,MID,30,3,0.0,0.0,26.03,27.17,33.68,12.93,6.55,0.08,0.24,1.45,0.26,-0.07,0.39,89.33,63.0,27034.5,126752.33,False,16
324,Iwobi,MID,31,1,0.17,0.0,25.52,25.76,30.58,12.76,6.38,0.07,0.2,1.31,0.26,-0.03,0.03,89.33,63.17,35489.17,163152.17,True,3
324,Iwobi,MID,32,2,0.17,0.17,23.68,24.41,30.95,13.26,6.55,0.09,0.15,1.2,0.25,0.02,-0.03,89.33,63.33,43139.83,223383.67,False,12
324,Iwobi,MID,33,1,0.17,0.17,25.52,28.65,35.93,16.96,7.39,0.09,0.2,1.24,0.25,-0.04,-0.23,89.33,63.5,32975.33,256613.83,False,5
324,Iwobi,MID,37,2,0.18,0.18,20.53,22.14,34.19,15.95,8.98,0.05,0.2,1.09,0.14,-0.2,-0.18,81.83,63.5,25954.33,279790.33,False,20
324,Iwobi,MID,38,3,0.19,0.19,14.81,14.62,27.94,19.62,8.46,0.08,0.2,1.13,-0.08,-0.2,-0.17,78.0,63.17,21765.33,284865.17,True,15
325,Smith Rowe,MID,17,3,0.0,0.0,27.42,27.61,9.29,39.03,6.13,0.45,0.07,2.02,0.2,-0.07,0.56,46.5,56.0,3318.0,55641.5,True,16
325,Smith Rowe,MID,18,3,0.25,0.0,25.0,22.8,10.77,30.75,7.5,0.35,0.06,1.64,0.15,-0.06,0.36,60.0,56.0,9056.67,65376.33,False,19
325,Smith Rowe,MID,19,1,0.43,0.0,23.2,21.86,12.51,25.81,7.81,0.28,0.03,1.62,0.16,-0.03,0.11,69.17,56.0,11790.17,78448.17,False,8
325,Smith Rowe,MID,20,2,0.37,0.19,21.24,20.24,18.61,24.04,7.64,0.3,0.05,1.63,0.07,-0.05,0.05,80.5,56.0,10854.83,89003.17,True,12
325,Smith Rowe,MID,21,5,0.37,0.19,18.07,14.91,18.76,17.14,8.39,0.27,0.05,1.41,-0.08,-0.05,-0.48,80.5,56.0,9345.67,98452.17,True,7
325,Smith Rowe,MID,22,3,0.36,0.18,20.24,15.47,20.86,13.92,9.04,0.22,0.06,1.61,-0.04,0.12,-0.71,83.0,56.0,6714.83,105202.5,False,11
325,Smith Rowe,MID,23,2,0.56,0.19,16.3,11.26,22.65,7.59,10.0,0.11,0.06,1.35,-0.11,0.13,-0.79,81.0,56.0,3132.5,108362.0,True,6
325,Smith Rowe,MID,24,2,0.38,0.19,15.13,11.3,21.6,7.47,8.62,0.11,0.06,1.54,-0.11,0.13,-0.77,78.33,56.0,-4130.83,103960.67,False,14
325,Smith Rowe,MID,25,2,0.2,0.2,16.67,10.16,17.59,6.86,8.63,0.11,0.06,1.61,-0.11,0.14,-0.43,76.5,56.0,-7608.5,95457.17,True,9
325,Smith Rowe,MID,26,1,0.2,0.0,16.36,9.42,12.33,8.58,7.98,0.12,0.06,1.69,-0.12,0.14,-0.49,75.17,56.0,-6701.0,89491.17,False,13
325,Smith Rowe,MID,27,2,0.21,0.0,14.83,8.57,11.9,9.27,7.41,0.13,0.07,1.82,-0.13,0.14,-0.17,72.83,56.0,-5865.5,83872.17,False,17
325,Smith Rowe,MID,28,2,0.2,0.0,11.81,8.02,10.65,7.33,6.92,0.12,0.06,1.68,-0.12,-0.06,-0.05,73.67,56.0,-4584.33,79591.33,True,18
325,Smith Rowe,MID,29,1,0.0,0.0,10.3,7.13,8.46,12.36,5.77,0.21,0.06,1.66,-0.21,-0.06,0.2,72.83,56.0,-4283.67,75476.33,True,19
325,Smith Rowe,MID,31,1,0.0,0.0,10.85,8.28,9.59,21.48,6.11,0.28,0.07,1.55,-0.28,-0.07,0.48,66.33,56.0,-2296.67,73417.83,True,3
325,Smith Rowe,MID,32,1,0.0,0.0,10.45,10.88,18.54,24.91,5.36,0.32,0.08,1.57,-0.32,-0.08,0.3,56.0,56.0,-1812.83,71354.67,False,12
325,Smith Rowe,MID,33,3,0.0,0.0,8.13,10.96,17.19,25.59,6.02,0.29,0.04,1.44,-0.29,-0.04,0.37,49.83,56.0,-1800.0,69551.33,False,5
325,Smith Rowe,MID,34,3,0.29,0.0,10.0,11.88,21.18,25.0,6.18,0.26,0.05,1.19,-0.26,-0.05,-0.31,51.0,56.0,-1206.67,68364.5,True,2
325,Smith Rowe,MID,35,2,0.61,0.0,10.1,11.69,19.47,28.47,5.82,0.29,0.05,0.9,-0.29,-0.05,-0.29,49.0,56.0,-754.0,67647.83,False,1
325,Smith Rowe,MID,36,1,0.6,0.0,12.9,10.08,20.22,23.1,6.3,0.15,0.05,1.57,-0.15,-0.05,-0.37,50.0,56.0,-768.33,66817.17,True,4
325,Smith Rowe,MID,37,2,0.57,0.0,11.96,8.49,17.89,14.53,7.12,0.12,0.04,1.49,-0.12,-0.04,-0.63,52.67,56.0,-894.5,65836.67,False,20
325,Smith Rowe,MID,38,3,0.47,0.0,12.82,7.83,8.7,16.79,7.46,0.1,0.03,1.45,-0.1,-0.03,-0.52,64.33,56.0,-314.5,65919.83,True,15
328,Sessegnon,MID,5,5,0.41,0.0,12.03,15.35,16.34,4.98,10.37,0.0,0.16,1.88,0.0,-0.16,-0.64,72.33,54.33,-41.67,3270.67,True,5
328,Sessegnon,MID,6,2,0.29,0.0,15.83,17.47,13.25,11.43,9.97,0.01,0.11,1.51,-0.01,0.18,-0.33,76.75,54.25,-17.75,3536.75,False,2
328,Sessegnon,MID,7,9,0.23,0.0,15.39,18.65,10.77,10.49,10.49,0.01,0.09,1.46,-0.01,0.14,0.17,77.2,54.2,38.2,3793.2,False,4
328,Sessegnon,MID,8,2,0.19,0.0,18.91,23.79,11.93,13.61,10.4,0.09,0.12,1.39,0.1,0.07,0.5,79.33,54.17,36.33,4003.17,True,1
328,Sessegnon,MID,9,4,0.18,0.0,16.04,20.71,8.63,12.3,10.16,0.08,0.09,1.38,0.1,0.09,0.41,84.17,54.0,841.0,5221.83,False,15
328,Sessegnon,MID,10,14,0.17,0.0,17.18,20.69,10.29,11.4,10.38,0.08,0.09,1.3,0.09,0.08,0.4,88.17,54.0,1175.5,6744.17,True,20
328,Sessegnon,MID,11,4,0.17,0.0,21.95,25.83,7.79,14.29,9.87,0.11,0.06,1.2,0.23,0.28,0.5,88.17,54.0,3601.33,11145.17,False,9
328,Sessegnon,MID,12,3,0.17,0.0,19.4,24.19,7.47,10.38,10.55,0.11,0.06,1.35,0.23,0.11,0.52,88.17,54.0,10993.17,23211.67,True,17
328,Sessegnon,MID,13,4,0.33,0.0,18.17,21.77,9.23,11.67,9.5,0.13,0.06,1.16,0.21,0.1,0.17,90.0,54.0,15726.67,40984.5,False,18
328,Sessegnon,MID,14,2,0.33,0.0,15.0,18.8,6.57,7.5,10.83,0.06,0.03,1.12,0.11,0.13,-0.12,90.0,54.0,13684.83,55369.33,True,13
328,Sessegnon,MID,21,1,0.33,0.0,16.17,19.83,7.15,7.83,11.5,0.07,0.03,1.17,0.1,0.13,0.5,90.0,54.0,12133.17,68455.83,True,7
328,Sessegnon,MID,22,3,0.39,0.0,16.96,21.16,8.75,10.21,10.79,0.08,0.12,0.95,0.12,0.08,0.59,77.83,54.0,11614.33,69661.5,False,11
328,Sessegnon,MID,23,1,0.41,0.0,10.41,13.1,7.67,8.37,10.2,0.05,0.12,1.11,-0.05,-0.12,0.53,73.5,54.0,9119.5,67860.83,True,6
328,Sessegnon,MID,24,4,0.47,0.0,10.6,15.31,8.03,8.72,10.37,0.06,0.13,1.01,-0.06,-0.13,0.4,63.67,54.0,1949.17,58611.83,False,14
328,Sessegnon,MID,25,2,0.29,0.0,13.89,22.23,10.85,8.1,11.58,0.03,0.15,1.39,-0.03,0.14,0.63,51.83,54.0,-3084.83,43317.17,True,9
328,Sessegnon,MID,26,4,0.29,0.0,14.18,19.45,18.32,8.68,9.26,0.03,0.24,1.69,-0.03,0.05,0.63,51.83,54.0,-1039.17,31400.33,False,13
328,Sessegnon,MID,27,2,0.29,0.0,14.47,21.41,17.88,8.39,10.71,0.02,0.24,1.46,-0.02,0.05,0.28,51.83,54.0,-192.67,19940.67,False,17
328,Sessegnon,MID,28,4,0.23,0.0,11.48,15.94,13.38,7.27,10.08,0.04,0.09,1.6,-0.04,0.14,0.04,64.0,54.0,-16.17,20010.83,True,18
328,Sessegnon,MID,29,1,0.0,0.0,12.51,19.23,15.91,8.34,12.07,0.04,0.09,1.53,-0.04,0.13,0.22,68.33,54.0,4.0,20087.83,True,19
328,Sessegnon,MID,30,1,0.0,0.0,13.02,17.21,17.19,11.63,11.16,0.06,0.1,1.55,-0.06,0.13,0.31,64.5,54.0,-85.0,20071.17,False,16
328,Sessegnon,MID,31,1,0.0,0.0,12.2,13.56,14.22,10.73,11.71,0.06,0.1,1.49,-0.06,-0.1,0.22,61.5,54.0,143.17,20284.5,True,3
328,Sessegnon,MID,32,1,0.0,0.0,12.86,13.56,9.91,12.86,13.44,0.07,0.03,1.35,-0.07,-0.03,0.11,51.33,54.0,154.17,20503.17,False,12
329,Wilson,MID,4,1,0.0,0.0,15.81,5.23,4.93,15.81,4.86,0.06,0.07,1.06,-0.06,0.54,-0.46,49.33,55.0,-11532.33,90594.67,True,11
329,Wilson,MID,5,9,0.0,0.0,15.22,6.78,4.74,16.09,4.35,0.1,0.06,1.08,-0.1,0.37,-0.65,51.75,54.75,-12554.75,83226.75,True,5
329,Wilson,MID,6,1,0.0,0.0,21.58,19.48,15.84,20.03,5.24,0.15,0.07,0.94,0.16,0.24,-0.32,58.4,54.6,-11973.2,77076.8,False,2
329,Wilson,MID,7,3,0.0,0.24,18.44,15.72,13.25,17.71,5.58,0.17,0.06,1.01,0.08,0.18,0.21,61.83,54.5,-10445.17,72621.17,False,4
329,Wilson,MID,8,2,0.26,0.26,18.67,18.73,17.09,20.49,6.74,0.17,0.07,0.81,0.09,-0.07,0.23,57.83,54.17,-10888.83,63635.5,True,1
329,Wilson,MID,10,10,0.22,0.22,16.65,17.46,19.21,19.35,7.43,0.2,0.05,0.97,0.03,-0.05,0.16,66.67,53.83,-9945.83,54681.17,True,20
329,Wilson,MID,11,1,0.4,0.2,20.38,23.69,24.09,20.99,8.07,0.21,0.06,0.87,0.2,-0.06,0.14,74.33,53.5,-6667.83,49332.83,False,9
329,Wilson,MID,12,2,0.4,0.2,19.62,23.46,23.95,19.82,8.49,0.19,0.06,0.9,0.22,-0.06,0.32,74.17,53.17,-3082.33,46814.67,True,17
329,Wilson,MID,13,10,0.6,0.4,12.8,13.68,19.06,18.0,7.2,0.2,0.06,0.81,-0.0,-0.06,0.19,75.0,52.83,-959.33,46372.67,False,18
329,Wilson,MID,14,8,0.62,0.21,18.49,22.19,19.91,19.32,8.22,0.2,0.06,0.71,0.21,-0.06,-0.09,73.0,52.5,-1196.17,45432.5,True,13
329,Wilson,MID,15,8,0.4,0.2,21.66,24.32,21.89,16.09,7.35,0.19,0.1,1.03,0.21,0.3,0.56,75.5,52.33,-636.5,45045.17,True,8
329,Wilson,MID,16,16,0.39,0.2,25.83,30.29,20.76,18.78,6.65,0.17,0.1,1.08,0.42,0.29,0.68,76.67,52.17,5165.83,50781.0,False,3
329,Wilson,MID,17,2,0.19,0.19,30.51,36.42,21.36,21.17,5.91,0.24,0.23,1.49,0.33,0.53,0.61,78.67,52.33,127068.83,187873.17,True,16
329,Wilson,MID,18,5,0.36,0.36,29.52,34.62,21.06,20.64,5.43,0.23,0.22,1.37,0.32,0.51,0.44,82.83,53.17,374706.83,577677.5,False,19
329,Wilson,MID,19,2,0.36,0.36,33.86,40.56,26.96,21.19,6.52,0.2,0.32,1.5,0.35,0.58,0.31,82.83,54.17,392176.5,952067.5,False,8
329,Wilson,MID,20,6,0.35,0.35,28.72,33.58,25.91,22.59,5.95,0.19,0.31,1.65,0.16,0.57,0.1,85.67,55.17,397068.0,1329623.67,True,12
329,Wilson,MID,21,9,0.35,0.52,26.98,34.75,20.99,25.59,5.22,0.26,0.27,1.43,0.26,0.25,-0.39,86.17,56.17,375253.83,1701676.17,True,7
329,Wilson,MID,22,2,0.35,0.52,28.09,35.76,21.0,32.25,5.03,0.34,0.28,1.56,0.18,0.24,-0.69,86.5,57.17,376143.33,2076541.5,False,11
329,Wilson,MID,23,10,0.52,0.69,18.94,23.11,20.71,26.24,5.04,0.25,0.19,1.32,0.1,-0.02,-0.79,86.33,58.0,336817.17,2407554.17,True,6
329,Wilson,MID,24,2,0.34,0.51,23.49,28.97,24.67,28.46,5.66,0.26,0.2,1.47,0.26,-0.03,-0.78,87.5,58.5,110802.0,2506261.33,False,14
329,Wilson,MID,25,2,0.17,0.34,20.91,24.96,19.89,26.91,4.97,0.24,0.11,1.62,0.28,-0.11,-0.42,87.5,59.0,116331.33,2642074.5,True,9
329,Wilson,MID,26,2,0.17,0.34,21.36,23.63,21.85,24.24,4.07,0.25,0.2,1.64,0.26,-0.2,-0.29,88.5,59.5,126566.0,2792430.17,False,13
329,Wilson,MID,27,8,0.17,0.17,19.63,19.84,26.39,23.63,4.0,0.19,0.23,1.75,0.16,-0.23,-0.01,86.33,59.83,61782.5,2849123.0,False,17
329,Wilson,MID,28,12,0.17,0.17,18.24,17.27,26.84,14.94,6.08,0.1,0.25,1.66,0.07,-0.08,0.08,86.33,60.0,32521.83,2886505.0,True,18
329,Wilson,MID,30,3,0.0,0.0,23.84,25.92,22.98,19.54,5.56,0.15,0.21,1.64,0.2,0.15,0.34,83.67,60.0,-3119.17,2886200.5,False,16
329,Wilson,MID,31,9,0.18,0.0,19.9,20.26,21.23,16.85,5.38,0.17,0.23,1.5,0.01,0.13,0.29,83.67,60.0,-52315.33,2877437.83,True,3
329,Wilson,MID,32,2,0.18,0.0,24.04,26.06,21.36,22.41,5.78,0.21,0.23,1.39,0.15,0.14,0.05,83.0,59.83,-26398.33,2951362.33,False,12
329,Wilson,MID,33,3,0.18,0.0,24.58,28.46,25.6,22.73,6.28,0.18,0.17,1.35,0.18,0.2,0.13,81.17,59.83,-72958.0,2922582.83,False,5
329,Wilson,MID,34,2,0.36,0.0,22.94,27.46,23.82,20.81,6.94,0.22,0.13,1.31,0.14,0.22,-0.42,84.33,59.83,-18980.67,2906960.67,True,2
329,Wilson,MID,35,2,0.53,0.18,18.5,23.98,21.04,18.68,5.51,0.24,0.1,1.15,0.11,0.08,-0.44,84.33,60.0,13229.33,2978949.5,False,1
329,Wilson,MID,36,2,0.54,0.18,14.1,16.16,23.75,13.92,5.78,0.18,0.12,1.58,-0.0,-0.12,-0.49,83.0,60.17,-82541.67,2938528.17,True,4
329,Wilson,MID,37,1,0.38,0.19,14.58,16.12,26.92,14.58,5.95,0.17,0.12,1.6,0.02,-0.12,-0.26,78.17,60.0,-82594.0,2857125.0,False,20
329,Wilson,MID,38,4,0.46,0.23,10.74,10.23,27.41,9.14,5.94,0.15,0.13,1.7,-0.15,-0.13,-0.33,65.67,59.83,-123221.67,2682647.83,True,15
330,Berge,MID,4,4,0.0,0.0,9.18,8.52,2.5,4.04,5.88,0.15,0.02,1.85,-0.15,-0.02,-0.38,81.67,50.0,-354.67,6995.67,True,11
330,Berge,MID,5,2,0.27,0.27,11.8,11.69,6.97,3.02,8.23,0.11,0.06,1.6,-0.11,-0.06,-0.5,82.0,50.0,-277.5,7209.75,True,5
330,Berge,MID,6,2,0.22,0.22,12.49,11.89,8.16,2.8,8.61,0.09,0.05,1.38,-0.09,-0.05,-0.31,83.6,50.0,-226.6,7380.2,False,2
330,Berge,MID,7,2,0.18,0.18,12.58,11.09,7.16,2.3,8.15,0.07,0.04,1.33,-0.07,-0.04,0.08,84.67,50.0,-235.33,7476.0,False,4
330,Berge,MID,8,2,0.17,0.17,13.51,11.85,7.4,2.2,9.12,0.07,0.04,1.28,-0.07,-0.04,0.41,88.83,50.0,-269.67,7720.17,True,1
330,Berge,MID,9,2,0.17,0.17,14.02,12.09,8.48,1.86,9.46,0.07,0.04,1.32,-0.07,-0.04,0.36,88.83,49.83,-202.5,7842.33,False,15
330,Berge,MID,10,5,0.17,0.17,14.52,11.99,10.4,1.86,8.78,0.01,0.04,1.29,-0.01,-0.04,0.4,88.83,49.67,-115.83,7992.0,True,20
330,Berge,MID,11,2,0.17,0.17,14.5,10.5,12.13,3.0,7.17,0.02,0.02,1.18,-0.02,0.14,0.49,90.0,49.5,-81.83,8104.5,False,9
330,Berge,MID,12,3,0.17,0.17,15.0,10.7,12.33,2.67,7.0,0.03,0.03,1.32,-0.03,0.14,0.51,90.0,49.33,-95.5,8173.83,True,17
330,Berge,MID,13,2,0.33,0.17,16.83,13.4,18.5,4.17,7.67,0.03,0.04,1.16,-0.03,0.12,0.17,90.0,49.17,-41.17,8291.5,False,18
330,Berge,MID,14,0,0.33,0.17,16.33,13.4,18.05,4.17,7.5,0.03,0.04,1.12,-0.03,0.13,-0.12,90.0,49.0,-53.83,8375.83,True,13
330,Berge,MID,15,2,0.33,0.17,16.33,14.2,17.55,4.5,8.33,0.03,0.04,1.17,-0.03,0.13,0.5,90.0,49.0,-40.67,8444.5,True,8
330,Berge,MID,16,2,0.34,0.17,16.63,14.19,18.33,3.43,8.23,0.03,0.04,1.0,-0.03,0.13,0.54,87.5,49.0,-60.5,8480.67,False,3
330,Berge,MID,17,2,0.17,0.0,16.11,15.84,16.1,2.23,8.91,0.01,0.07,1.39,-0.01,-0.07,0.5,87.5,49.0,-55.5,8511.33,True,16
330,Berge,MID,18,3,0.36,0.18,15.66,14.98,14.6,2.34,9.0,0.01,0.06,1.3,-0.01,-0.06,0.32,83.33,49.0,-15.67,8590.17,False,19
330,Berge,MID,19,2,0.36,0.18,14.58,15.55,10.84,1.08,9.0,0.01,0.05,1.44,-0.01,-0.05,0.18,83.33,49.0,-2.33,8679.17,False,8
330,Berge,MID,20,1,0.38,0.19,15.47,16.83,11.89,1.51,9.62,0.01,0.05,1.57,-0.01,-0.05,0.13,79.5,49.0,27.0,8784.5,True,12
330,Berge,MID,21,10,0.45,0.22,16.53,17.96,12.42,1.34,9.6,0.01,0.06,1.45,-0.01,-0.06,-0.34,67.17,49.0,29.5,8882.5,True,7
330,Berge,MID,22,2,0.43,0.22,22.39,25.62,13.78,0.86,11.2,0.01,0.07,1.71,-0.01,0.14,-0.63,69.67,49.0,9.0,8957.0,False,11
330,Berge,MID,23,1,0.43,0.22,22.18,23.34,10.87,0.86,11.2,0.01,0.03,1.48,-0.01,0.18,-0.62,69.67,49.0,134.17,9164.83,True,6
330,Berge,MID,24,2,0.2,0.2,21.74,23.77,11.09,0.81,11.17,0.01,0.03,1.6,-0.01,0.17,-0.59,73.83,49.0,166.33,9389.0,False,14
330,Berge,MID,25,2,0.0,0.2,21.94,22.1,11.03,1.42,10.77,0.04,0.05,1.78,-0.04,0.15,-0.15,73.83,49.0,77.33,9503.5,True,9
330,Berge,MID,26,2,0.0,0.19,22.02,20.86,10.6,3.67,9.66,0.1,0.05,1.82,-0.1,0.14,-0.08,77.67,49.0,120.17,9685.5,False,13
330,Berge,MID,27,4,0.0,0.17,20.04,18.17,9.51,3.23,9.17,0.09,0.05,1.77,-0.09,0.12,0.09,88.33,49.0,111.5,9854.5,False,17
330,Berge,MID,28,2,0.0,0.17,14.77,11.04,6.05,4.25,9.17,0.11,0.04,1.68,-0.11,-0.04,0.19,88.33,49.0,130.17,10051.67,True,18
330,Berge,MID,29,4,0.0,0.17,14.43,10.26,5.96,4.25,9.0,0.11,0.04,1.59,-0.11,-0.04,0.28,88.33,49.0,-14.5,10082.17,True,19
330,Berge,MID,30,2,0.0,0.0,14.17,10.92,5.6,5.01,9.5,0.11,0.04,1.53,-0.11,-0.04,0.37,86.83,49.0,-61.67,10069.33,False,16
330,Berge,MID,31,5,0.18,0.18,12.22,8.08,3.38,4.25,8.5,0.08,0.02,1.32,-0.08,-0.02,0.1,84.67,49.0,32.5,10163.83,True,3
330,Berge,MID,32,4,0.18,0.18,13.64,8.29,5.42,2.13,8.68,0.02,0.02,1.2,-0.02,0.16,0.04,84.67,49.0,53.67,10247.83,False,12
330,Berge,MID,34,3,0.17,0.17,15.64,10.95,7.52,3.47,9.56,0.03,0.05,1.22,-0.03,0.13,-0.18,86.33,49.0,63.0,10366.17,True,2
330,Berge,MID,37,1,0.35,0.17,15.29,10.74,9.35,3.82,8.17,0.02,0.07,1.06,-0.02,0.11,-0.19,86.33,49.0,62.0,10524.67,False,20
330,Berge,MID,38,3,0.38,0.19,14.27,10.66,10.01,5.71,8.37,0.05,0.07,1.06,-0.05,0.12,-0.1,78.83,49.0,36.0,10581.17,True,15
331,Cairney,MID,38,6,0.66,0.33,16.94,12.15,26.6,2.32,6.97,0.05,0.14,1.08,-0.05,-0.14,-0.74,45.17,48.0,-6.5,4070.83,True,15
332,Lukić,MID,4,6,0.0,0.67,12.0,12.4,42.33,2.0,8.33,0.0,0.19,1.82,0.0,-0.19,-0.49,90.0,50.0,-227.67,6770.33,True,11
332,Lukić,MID,5,1,0.25,0.5,15.25,12.15,32.75,3.25,8.5,0.12,0.14,1.56,-0.12,0.11,-0.56,90.0,50.0,-131.25,7213.25,True,5
332,Lukić,MID,6,4,0.2,0.61,13.55,10.11,32.42,4.45,7.89,0.12,0.17,1.38,-0.12,0.04,-0.36,89.0,50.0,138.4,7835.4,False,2
332,Lukić,MID,7,1,0.17,0.67,14.64,12.18,32.27,6.06,7.91,0.14,0.16,1.33,-0.14,0.18,0.02,89.17,50.0,29.83,8176.33,False,4
332,Lukić,MID,9,9,0.2,0.79,16.11,15.05,35.08,6.68,9.43,0.16,0.18,1.27,-0.16,0.21,0.1,76.33,50.0,42.33,8908.33,False,15
332,Lukić,MID,11,0,0.2,0.6,19.31,21.23,27.9,13.34,8.76,0.27,0.11,1.29,-0.07,0.29,0.1,75.33,50.0,-9.83,9034.83,False,9
332,Lukić,MID,13,1,0.22,0.66,19.68,19.46,20.5,14.37,8.62,0.3,0.1,1.1,-0.08,0.34,0.22,67.83,50.0,-349.33,9552.5,False,18
332,Lukić,MID,14,1,0.0,0.8,19.12,24.37,26.23,15.4,10.09,0.23,0.12,1.21,0.04,0.15,0.38,56.5,50.0,-460.17,9510.17,True,13
332,Lukić,MID,15,1,0.0,0.6,21.97,30.52,25.34,14.75,11.44,0.23,0.06,1.66,0.07,0.24,0.74,49.83,50.0,-705.17,9154.67,True,8
332,Lukić,MID,20,2,0.53,0.0,19.23,21.15,21.74,7.21,12.02,0.07,0.04,1.56,-0.07,0.23,0.04,56.17,49.67,-128.67,8083.33,True,12
332,Lukić,MID,21,1,0.47,0.0,18.38,16.92,16.63,6.83,10.84,0.07,0.04,1.26,-0.07,0.19,-0.32,63.67,49.5,-44.67,8124.83,True,7
332,Lukić,MID,22,2,0.47,0.0,17.77,16.97,19.19,7.25,10.29,0.07,0.07,1.1,-0.07,0.17,-0.4,64.17,49.33,-20.17,8176.0,False,11
332,Lukić,MID,30,1,0.62,0.21,15.17,14.72,19.25,9.84,8.41,0.08,0.07,1.01,-0.08,0.14,-0.6,73.17,49.17,31.83,8271.0,False,16
332,Lukić,MID,32,1,0.48,0.24,14.12,13.45,15.27,11.49,7.42,0.1,0.07,1.18,-0.1,0.17,-0.7,62.67,49.0,77.33,8159.67,False,12
332,Lukić,MID,33,2,0.27,0.27,14.01,16.22,18.89,10.51,7.81,0.06,0.09,1.29,-0.06,0.18,-0.75,55.67,49.0,40.17,7984.0,False,5
332,Lukić,MID,34,6,0.54,0.54,11.59,9.59,18.46,8.62,7.01,0.07,0.13,1.24,-0.07,-0.13,-0.97,55.67,49.0,45.67,7837.33,True,2
332,Lukić,MID,35,1,0.81,0.54,13.74,12.99,21.99,14.55,8.08,0.15,0.13,1.22,-0.15,0.14,-1.22,55.67,49.0,22.67,7675.67,False,1
332,Lukić,MID,36,1,0.66,0.66,12.16,11.99,16.05,11.5,8.4,0.12,0.09,1.7,-0.12,0.13,-1.04,67.83,49.0,61.5,7540.33,True,4
332,Lukić,MID,37,5,0.42,0.62,13.12,13.29,16.44,11.04,8.54,0.1,0.1,1.62,-0.1,0.11,-0.79,72.0,49.0,79.0,7414.0,False,20
335,King,MID,4,1,0.0,0.0,9.76,11.97,11.84,25.9,6.79,0.17,0.09,2.05,-0.17,-0.09,-0.35,70.67,45.0,15519.67,121541.0,True,11
335,King,MID,5,1,0.0,0.0,8.97,9.43,9.6,20.26,6.31,0.13,0.08,1.85,-0.13,-0.08,-0.52,67.75,45.0,59150.25,187764.5,True,5
335,King,MID,6,1,0.0,0.27,8.01,7.58,8.6,18.43,6.68,0.13,0.07,1.6,-0.13,-0.07,-0.26,67.4,45.0,60556.2,234964.4,False,2
335,King,MID,7,3,0.0,0.45,9.2,10.14,9.72,26.03,6.73,0.16,0.06,1.59,-0.16,-0.06,0.2,66.83,45.0,57929.33,273657.0,False,4
335,King,MID,8,2,0.23,0.46,8.75,7.87,7.14,22.1,5.29,0.13,0.03,1.49,-0.13,-0.03,0.12,65.17,45.0,60243.33,340827.0,True,1
335,King,MID,9,1,0.23,0.47,10.34,8.27,7.1,17.62,6.11,0.1,0.04,1.43,-0.1,-0.04,0.21,63.83,45.0,56886.17,400474.33,False,15
335,King,MID,10,3,0.27,0.54,9.79,7.83,4.79,17.4,6.53,0.1,0.02,1.28,-0.1,-0.02,0.36,55.17,45.0,53598.5,457405.5,True,20
335,King,MID,11,1,0.52,0.52,11.02,7.98,7.64,18.1,6.3,0.11,0.03,1.08,-0.11,-0.03,0.49,57.17,45.0,22065.33,476053.83,False,9
335,King,MID,12,3,0.56,0.28,13.98,12.13,13.11,18.17,6.43,0.09,0.03,1.19,-0.09,-0.03,0.48,53.67,45.0,11175.0,488291.67,True,17
335,King,MID,13,5,0.84,0.0,11.78,7.46,13.35,7.85,5.89,0.05,0.04,0.93,-0.05,-0.04,-0.09,53.5,45.0,2684.83,492692.5,False,18
335,King,MID,14,1,0.56,0.0,14.25,12.58,16.07,6.43,7.55,0.05,0.03,0.94,-0.05,0.25,0.18,53.67,45.0,-4069.33,485643.83,True,13
335,King,MID,15,1,0.65,0.0,15.0,13.7,18.59,9.13,7.17,0.11,0.04,0.73,-0.11,0.29,0.25,46.0,45.0,-6410.83,480067.83,True,8
335,King,MID,16,1,0.65,0.0,14.67,13.04,18.68,9.13,6.52,0.11,0.04,0.68,-0.11,0.29,0.3,46.0,45.0,-9175.33,471263.67,False,3
335,King,MID,33,1,0.61,0.0,20.82,25.35,15.09,38.88,7.65,0.35,0.03,1.06,-0.05,0.27,-0.14,49.0,44.0,279.67,229642.83,False,5
335,King,MID,34,1,0.63,0.0,21.01,25.34,15.3,32.61,6.9,0.29,0.03,1.33,0.02,0.28,-0.39,47.83,44.0,-1107.17,228110.5,True,2
335,King,MID,35,1,0.63,0.0,22.74,27.16,18.66,34.74,6.63,0.3,0.05,1.37,0.02,0.27,-0.42,47.5,44.0,-1389.67,227455.33,False,1
350,Aaronson,MID,6,4,0.37,0.0,18.89,14.3,16.7,11.11,10.37,0.07,0.29,1.29,-0.07,-0.29,-0.55,48.6,54.4,-482.4,6341.6,True,4
350,Aaronson,MID,7,5,0.27,0.27,19.15,12.69,15.7,17.78,9.3,0.18,0.22,1.11,-0.18,0.05,-0.29,54.83,54.33,-420.67,6336.5,True,18
350,Aaronson,MID,8,2,0.24,0.24,19.35,10.6,11.2,18.39,8.47,0.18,0.15,0.99,-0.18,0.34,0.22,62.0,54.17,-315.67,6419.5,False,3
350,Aaronson,MID,9,11,0.22,0.22,18.09,12.68,16.82,22.45,8.5,0.23,0.17,0.8,-0.23,0.27,0.29,68.83,54.0,306.83,7036.83,True,19
350,Aaronson,MID,10,2,0.38,0.19,21.3,20.34,20.65,27.44,9.02,0.31,0.19,0.8,-0.12,0.19,0.16,78.17,54.0,436.5,7770.67,False,6
350,Aaronson,MID,11,7,0.19,0.19,17.89,16.77,20.33,22.73,6.71,0.28,0.15,1.29,-0.09,0.22,0.2,80.5,54.0,2656.0,10971.33,False,16
350,Aaronson,MID,12,2,0.19,0.19,20.28,21.9,22.09,23.95,7.73,0.29,0.13,1.33,-0.09,0.45,0.41,77.67,54.0,2128.83,13435.5,True,2
350,Aaronson,MID,13,1,0.2,0.0,18.04,22.0,20.76,23.33,8.24,0.26,0.13,1.45,-0.06,0.27,0.52,76.5,54.0,2350.67,16239.67,False,13
350,Aaronson,MID,15,4,0.23,0.0,17.59,25.08,21.06,23.3,9.37,0.28,0.14,1.57,-0.05,0.09,0.26,65.67,54.0,1888.5,18428.0,True,12
350,Aaronson,MID,16,1,0.25,0.0,20.85,28.93,18.33,23.9,8.64,0.24,0.11,1.81,0.02,0.39,0.23,59.0,54.0,1109.5,19480.5,False,5
350,Aaronson,MID,17,6,0.0,0.0,16.42,20.53,12.66,23.05,9.16,0.14,0.06,2.1,-0.14,0.57,0.42,47.5,54.0,804.17,20221.67,True,8
350,Aaronson,MID,18,5,0.33,0.0,21.25,21.65,9.63,24.58,11.62,0.15,0.02,1.31,-0.15,0.98,0.36,45.17,54.0,-1434.33,18459.67,False,17
350,Aaronson,MID,19,3,0.31,0.0,22.19,21.5,23.91,33.44,7.19,0.2,0.26,0.91,-0.2,0.68,0.34,48.0,54.0,-682.83,17711.33,False,12
350,Aaronson,MID,20,7,0.65,0.0,22.66,20.65,24.73,25.58,6.15,0.11,0.27,1.2,-0.11,0.7,-0.55,46.33,54.0,-812.0,16658.33,True,14
350,Aaronson,MID,21,14,0.5,0.0,21.82,23.21,22.96,25.54,6.45,0.16,0.25,1.31,0.08,0.5,-0.57,60.5,54.0,-162.33,16400.33,False,15
350,Aaronson,MID,22,3,0.42,0.0,26.07,31.37,20.8,27.55,7.78,0.18,0.22,1.45,0.45,0.2,-0.4,71.33,54.0,726.5,17307.33,True,10
350,Aaronson,MID,23,4,0.54,0.0,22.63,28.49,22.8,21.2,7.54,0.19,0.22,1.28,0.35,0.14,-0.39,83.5,54.0,12634.5,30888.5,False,9
350,Aaronson,MID,24,2,0.35,0.0,21.22,30.73,24.9,22.63,8.31,0.19,0.23,1.31,0.34,-0.05,-0.25,84.83,54.0,15227.33,46687.17,True,1
350,Aaronson,MID,25,3,0.37,0.0,17.67,26.39,15.66,18.04,8.83,0.15,0.1,1.4,0.4,-0.1,0.07,81.5,54.0,14970.5,61968.17,True,16
350,Aaronson,MID,26,2,0.36,0.0,18.83,27.02,16.95,19.38,9.6,0.19,0.1,1.23,0.35,-0.1,0.22,82.83,54.0,15375.83,78130.17,False,7
350,Aaronson,MID,27,3,0.36,0.0,15.81,20.8,14.34,15.63,8.62,0.14,0.07,1.5,0.22,-0.07,0.12,83.5,54.0,12533.0,90882.67,False,2
350,Aaronson,MID,28,2,0.56,0.0,8.57,8.01,12.02,7.83,7.83,0.1,0.06,1.31,-0.1,-0.06,-0.19,80.5,54.0,10772.67,102285.5,True,13
350,Aaronson,MID,29,2,0.39,0.0,8.47,7.84,10.0,13.79,7.68,0.16,0.05,1.58,-0.16,-0.05,-0.2,76.17,54.0,-2119.67,100047.17,True,17
350,Aaronson,MID,30,1,0.4,0.0,8.07,4.84,7.33,14.33,6.46,0.18,0.04,1.67,-0.18,-0.04,-0.26,74.33,54.0,-3960.83,96520.67,False,8
350,Aaronson,MID,31,3,0.43,0.0,8.34,5.81,10.33,16.03,7.05,0.2,0.05,1.64,-0.2,-0.05,-0.79,70.17,54.0,-5402.5,91664.5,True,5
350,Aaronson,MID,32,5,0.44,0.0,6.99,4.81,10.53,15.51,6.33,0.17,0.04,1.53,-0.17,-0.04,-0.65,68.67,54.0,-6073.67,85258.67,False,14
350,Aaronson,MID,33,5,0.44,0.0,10.17,9.91,15.7,16.36,7.08,0.18,0.05,1.14,-0.18,0.17,-0.48,67.83,54.0,-1527.83,84515.33,True,20
350,Aaronson,MID,33,2,0.44,0.22,12.45,13.54,17.61,16.17,7.43,0.18,0.05,1.04,-0.18,0.39,-0.39,68.67,54.0,14779.33,111939.33,False,4
350,Aaronson,MID,35,1,0.42,0.21,13.57,13.87,18.54,13.57,7.31,0.07,0.04,0.91,-0.07,0.38,-0.29,71.83,54.0,31196.17,140625.0,True,3
350,Aaronson,MID,36,2,0.48,0.24,15.8,16.42,21.04,12.21,8.62,0.05,0.05,0.9,-0.05,0.43,-0.42,62.67,54.0,35174.0,154786.83,False,18
350,Aaronson,MID,37,1,0.46,0.23,17.4,18.0,20.31,9.85,8.24,0.04,0.07,1.04,-0.04,0.39,-0.35,65.5,54.0,30766.83,164193.83,True,6
350,Aaronson,MID,38,1,0.23,0.23,17.34,18.8,20.72,8.44,7.73,0.03,0.07,1.42,-0.03,0.4,-0.72,64.0,54.0,28973.5,172429.67,False,19
351,Gnonto,MID,4,1,0.47,0.47,10.42,6.54,10.14,7.58,7.58,0.09,0.03,1.17,-0.09,-0.03,0.72,63.33,54.67,-2818.0,33547.67,False,10
351,Gnonto,MID,12,0,0.47,0.47,12.72,7.45,10.08,7.54,8.01,0.08,0.03,1.17,-0.08,-0.03,1.18,47.75,54.5,-3242.5,31933.75,True,2
353,James,MID,4,1,0.45,0.0,8.96,5.28,13.93,12.99,4.03,0.19,0.08,1.2,-0.19,-0.08,0.59,67.0,54.67,-3860.67,46777.67,False,10
353,James,MID,8,1,0.42,0.0,9.76,5.01,13.2,12.31,3.82,0.18,0.07,1.37,-0.18,-0.07,0.33,53.0,54.5,-4368.0,44629.75,False,3
353,James,MID,9,1,0.38,0.0,11.44,8.39,22.77,14.11,3.81,0.16,0.14,1.24,-0.16,-0.14,0.67,47.2,54.2,-4094.8,38978.4,True,19
354,Ampadu,MID,6,1,0.35,0.0,15.76,14.57,4.34,1.05,12.26,0.01,0.01,1.02,-0.01,-0.01,-0.32,85.67,49.33,-156.33,6723.0,True,4
354,Ampadu,MID,7,3,0.26,0.26,13.75,12.55,5.21,1.3,11.41,0.01,0.02,0.97,-0.01,-0.02,0.07,86.75,49.25,316.5,7072.75,True,18
354,Ampadu,MID,8,2,0.21,0.41,14.21,14.09,8.9,1.44,11.74,0.0,0.02,0.88,-0.0,-0.02,0.36,87.4,49.2,285.4,7333.6,False,3
354,Ampadu,MID,9,4,0.17,0.35,15.32,14.97,9.44,1.91,11.84,0.02,0.03,0.82,-0.02,-0.03,0.57,86.17,49.17,302.33,7620.67,True,19
354,Ampadu,MID,10,1,0.0,0.34,14.94,15.42,10.94,2.55,12.57,0.06,0.03,0.86,-0.06,-0.03,0.67,88.33,49.0,186.33,7541.17,False,6
354,Ampadu,MID,11,2,0.0,0.51,14.77,15.42,11.17,2.55,12.06,0.06,0.03,1.24,-0.06,-0.03,0.63,88.33,49.0,383.0,8120.67,False,16
354,Ampadu,MID,12,4,0.0,0.51,13.58,14.03,10.56,3.06,11.21,0.06,0.03,1.37,-0.06,-0.03,0.84,88.33,49.0,225.33,8506.5,True,2
354,Ampadu,MID,13,2,0.0,0.51,15.96,16.37,13.55,2.72,12.74,0.06,0.03,1.5,-0.06,-0.03,0.71,88.33,49.0,-110.67,8522.83,False,13
354,Ampadu,MID,14,4,0.0,0.34,15.62,14.4,10.19,3.06,11.38,0.09,0.02,1.94,-0.09,-0.02,0.44,88.33,49.0,-153.33,8482.0,True,7
354,Ampadu,MID,15,2,0.0,0.33,14.67,14.87,8.63,2.33,12.17,0.07,0.02,1.98,-0.07,-0.02,0.18,90.0,49.0,-238.67,8332.0,True,12
354,Ampadu,MID,16,2,0.0,0.34,15.28,13.87,6.5,1.34,11.25,0.03,0.03,2.21,-0.03,-0.03,0.31,89.33,49.0,-77.5,8355.83,False,5
354,Ampadu,MID,17,12,0.0,0.17,15.28,13.87,9.52,1.85,11.42,0.04,0.06,1.81,-0.04,-0.06,0.37,89.33,49.0,-95.67,8348.17,True,8
354,Ampadu,MID,18,4,0.17,0.17,20.3,20.57,9.73,4.06,12.35,0.06,0.06,1.46,0.11,-0.06,0.23,88.67,49.0,54.17,8509.83,False,17
354,Ampadu,MID,19,4,0.17,0.0,19.12,21.18,6.68,8.29,11.67,0.12,0.09,1.31,0.05,-0.09,0.21,88.67,49.0,1441.83,10498.0,False,12
354,Ampadu,MID,21,3,0.34,0.17,18.95,25.04,6.38,8.8,13.53,0.18,0.09,1.12,-0.01,-0.09,-0.11,88.67,49.0,1582.83,12279.67,False,15
354,Ampadu,MID,22,7,0.34,0.34,18.44,24.09,7.48,8.8,13.2,0.18,0.1,1.37,-0.01,-0.1,0.15,88.67,49.0,1540.83,13603.83,True,10
354,Ampadu,MID,23,4,0.5,0.5,20.82,28.18,16.1,9.07,12.76,0.17,0.15,1.11,-0.01,0.02,-0.1,89.33,49.0,1621.0,15036.5,False,9
354,Ampadu,MID,24,2,0.5,0.5,21.66,27.81,12.98,8.73,13.94,0.16,0.12,1.09,0.0,0.05,-0.08,89.33,49.0,1928.33,16793.0,True,1
354,Ampadu,MID,25,2,0.33,0.5,17.17,20.6,13.13,6.0,12.67,0.15,0.12,1.38,-0.14,0.05,0.29,90.0,49.0,1860.5,18441.0,True,16
354,Ampadu,MID,26,2,0.33,0.5,16.67,18.97,14.18,1.83,11.5,0.09,0.09,1.48,-0.09,0.08,0.18,90.0,49.0,800.67,18644.0,False,7
354,Ampadu,MID,27,8,0.17,0.33,16.33,15.37,14.55,0.67,9.83,0.0,0.09,1.68,-0.01,0.08,0.32,90.0,49.0,581.17,18934.83,False,2
354,Ampadu,MID,28,4,0.17,0.17,18.33,16.3,15.73,0.67,10.83,0.0,0.08,1.52,-0.01,0.25,-0.02,90.0,49.0,610.17,19681.33,True,13
354,Ampadu,MID,29,2,0.0,0.0,15.83,13.67,11.67,1.0,13.0,0.01,0.03,1.78,-0.01,0.13,-0.12,90.0,49.0,514.67,20315.33,True,17
354,Ampadu,MID,30,5,0.0,0.0,15.0,15.0,15.83,1.67,11.83,0.02,0.05,1.83,-0.02,0.12,-0.16,90.0,49.0,788.17,21231.0,False,8
354,Ampadu,MID,31,5,0.17,0.0,16.33,18.0,15.33,2.33,12.5,0.03,0.06,1.57,-0.03,0.1,-0.57,90.0,49.0,672.0,22035.83,True,5
354,Ampadu,MID,32,3,0.33,0.0,16.83,18.47,14.98,3.83,13.5,0.03,0.11,1.43,-0.03,0.06,-0.6,90.0,49.0,536.0,22550.83,False,14
354,Ampadu,MID,33,3,0.33,0.17,18.0,20.03,16.83,5.17,14.83,0.04,0.12,1.13,-0.04,0.04,-0.46,90.0,49.0,5663.33,28378.5,True,20
354,Ampadu,MID,33,9,0.5,0.17,15.33,17.17,14.95,11.67,12.17,0.13,0.12,0.98,-0.13,-0.12,-0.48,90.0,49.0,9430.33,40889.67,False,4
354,Ampadu,MID,35,1,0.5,0.17,17.83,17.57,11.98,11.0,11.67,0.12,0.11,0.89,-0.12,0.06,-0.22,90.0,49.0,13133.67,53341.67,True,3
354,Ampadu,MID,36,10,0.5,0.33,16.5,15.27,9.82,11.67,11.67,0.12,0.1,0.84,-0.12,0.07,-0.17,90.0,49.0,14843.83,62975.17,False,18
354,Ampadu,MID,37,3,0.33,0.33,17.5,14.0,10.23,11.17,11.83,0.12,0.08,0.94,-0.12,0.26,-0.1,90.0,49.0,13440.67,71095.67,True,6
354,Ampadu,MID,38,3,0.33,0.33,18.5,13.27,8.85,10.0,10.83,0.11,0.03,1.37,-0.11,0.3,-0.54,90.0,49.0,14244.83,80256.83,False,19
356,Gruev,MID,5,1,0.47,0.0,17.34,11.44,3.98,0.94,7.03,0.0,0.0,1.7,0.0,-0.0,0.65,64.0,50.0,-347.67,4617.33,False,20
356,Gruev,MID,9,0,0.47,0.0,18.65,11.47,4.01,0.93,6.99,0.0,0.0,1.7,0.0,-0.0,0.63,48.25,49.75,-324.75,4685.75,True,19
356,Gruev,MID,14,1,0.3,0.3,17.04,12.2,11.99,0.6,8.67,0.0,0.07,2.08,0.0,-0.07,0.61,50.17,49.17,-241.83,4585.83,True,7
356,Gruev,MID,15,2,0.29,0.29,17.02,11.6,11.51,0.58,9.23,0.0,0.06,2.0,0.0,-0.06,0.59,52.0,48.83,-250.5,4582.83,True,12
356,Gruev,MID,17,4,0.31,0.31,16.99,10.07,12.81,0.63,9.44,0.0,0.07,1.67,0.0,-0.07,0.22,47.67,48.5,-159.0,4504.17,True,8
356,Gruev,MID,20,2,0.31,0.31,19.06,9.5,11.53,1.25,10.62,0.0,0.08,2.46,0.0,0.24,-0.27,48.0,47.67,21.67,4655.33,True,14
356,Gruev,MID,21,7,0.26,0.0,18.57,10.93,10.29,1.03,9.54,0.0,0.07,2.38,0.0,0.19,-0.57,58.17,47.5,85.5,4903.83,False,15
356,Gruev,MID,22,3,0.26,0.0,22.95,14.6,8.28,1.03,10.06,0.0,0.03,2.17,0.0,0.49,-0.36,58.17,47.33,91.17,5173.5,True,10
356,Gruev,MID,23,2,0.44,0.0,19.95,13.12,9.55,1.11,8.65,0.01,0.02,1.89,-0.01,0.42,-0.34,67.67,47.17,243.67,5613.5,False,9
356,Gruev,MID,24,1,0.66,0.22,18.8,12.83,9.62,1.33,8.18,0.02,0.02,1.7,-0.02,0.42,-0.59,67.83,47.0,262.0,6065.5,True,1
356,Gruev,MID,25,11,0.6,0.2,15.23,12.51,9.0,1.2,8.02,0.02,0.02,1.34,-0.02,0.18,-0.14,74.83,47.0,196.33,6421.5,True,16
356,Gruev,MID,26,2,0.4,0.2,21.05,21.33,18.34,8.42,7.42,0.08,0.1,1.23,-0.08,0.5,0.18,74.83,47.0,240.0,6708.0,False,7
356,Gruev,MID,27,1,0.39,0.2,20.93,20.93,20.45,9.39,7.43,0.07,0.1,1.5,-0.07,0.49,0.06,76.67,47.0,1533.17,8460.17,False,2
356,Gruev,MID,28,2,0.39,0.39,14.67,15.89,16.12,10.76,6.46,0.09,0.09,1.34,-0.09,0.3,-0.17,76.67,47.0,1779.83,10301.83,True,13
356,Gruev,MID,29,3,0.2,0.4,14.87,16.97,14.31,11.1,6.74,0.09,0.1,1.68,-0.09,0.29,-0.29,75.67,47.0,1549.83,11879.67,True,17
356,Gruev,MID,30,1,0.2,0.2,15.8,17.48,16.52,11.0,6.6,0.07,0.11,1.62,-0.07,0.29,-0.22,75.0,47.0,1560.67,13483.33,False,8
356,Gruev,MID,32,1,0.2,0.2,15.6,18.0,16.26,11.0,6.2,0.07,0.11,1.66,-0.07,0.29,-0.66,75.0,47.0,1425.5,14955.67,False,14
356,Gruev,MID,33,1,0.24,0.24,8.62,8.71,8.11,3.83,6.22,0.03,0.03,1.83,-0.03,-0.03,-0.87,62.67,47.0,1289.33,16203.33,True,20
358,Tanaka,MID,6,1,0.58,0.0,11.1,2.45,16.13,5.26,6.43,0.05,0.02,1.57,-0.05,-0.02,0.77,51.33,49.67,-333.33,22672.33,True,4
358,Tanaka,MID,14,9,0.3,0.3,16.2,13.26,16.98,1.5,12.3,0.02,0.1,1.84,-0.02,-0.1,-0.34,50.0,48.17,-425.0,14589.17,True,7
358,Tanaka,MID,15,6,0.26,0.26,18.37,18.1,11.68,4.72,11.02,0.08,0.09,1.79,0.18,-0.09,-0.22,57.17,48.0,-259.17,14488.33,True,12
358,Tanaka,MID,16,2,0.25,0.25,22.56,26.17,8.17,14.54,11.03,0.13,0.08,1.88,0.37,-0.08,-0.12,59.83,48.0,280.5,14951.17,False,5
358,Tanaka,MID,17,1,0.0,0.25,23.75,26.75,10.68,15.0,11.5,0.12,0.1,1.91,0.38,-0.1,0.09,60.0,48.0,2983.33,18266.0,True,8
358,Tanaka,MID,18,1,0.0,0.29,25.02,29.73,10.64,17.25,10.64,0.14,0.12,2.06,0.44,-0.12,0.24,52.17,48.0,4093.17,22642.0,False,17
358,Tanaka,MID,19,1,0.0,0.0,23.82,26.14,12.02,18.83,8.31,0.19,0.13,1.9,0.37,-0.13,0.04,54.17,48.0,4313.5,27195.83,False,12
358,Tanaka,MID,35,6,0.29,0.0,19.41,15.76,44.59,5.0,9.41,0.14,0.2,0.89,-0.14,-0.2,0.29,51.0,48.0,-32.5,27839.0,True,3
358,Tanaka,MID,36,5,0.24,0.0,22.01,15.07,40.74,6.11,8.56,0.14,0.18,0.82,-0.14,0.07,0.4,61.33,48.0,610.5,26672.83,False,18
358,Tanaka,MID,37,1,0.21,0.0,21.15,14.1,35.05,5.39,10.16,0.13,0.15,0.89,-0.13,0.06,0.14,72.33,48.0,902.17,25775.33,True,6
358,Tanaka,MID,38,4,0.19,0.0,19.87,13.38,32.25,4.59,9.94,0.11,0.14,1.17,-0.11,0.05,-0.22,78.5,48.0,1171.67,26498.67,False,19
381,M.Salah,MID,4,9,0.33,0.0,21.67,23.47,22.97,24.67,4.67,0.1,0.12,1.04,0.23,0.22,0.29,90.0,145.0,34618.33,5671313.67,False,3
381,M.Salah,MID,5,5,0.5,0.0,22.75,26.35,22.38,25.25,4.25,0.28,0.12,0.81,0.22,0.12,0.19,90.0,145.0,45245.25,5848237.75,True,9
381,M.Salah,MID,6,2,0.4,0.0,21.0,25.4,21.24,25.6,4.2,0.24,0.14,0.79,0.16,0.26,0.21,90.0,145.0,29466.8,5956042.4,False,8
381,M.Salah,MID,7,2,0.33,0.0,17.17,21.93,22.43,26.5,4.0,0.28,0.12,1.14,0.05,0.21,0.02,90.0,145.0,-84193.33,5917542.83,False,7
381,M.Salah,MID,8,2,0.33,0.0,11.83,14.7,25.43,19.67,3.0,0.28,0.15,1.03,-0.12,0.19,0.14,90.0,145.0,-202310.33,5886745.5,True,14
381,M.Salah,MID,9,6,0.34,0.0,9.61,12.91,29.43,25.96,2.87,0.36,0.14,1.04,-0.19,0.03,0.14,89.0,144.83,-321692.17,5655905.83,False,5
381,M.Salah,MID,10,10,0.17,0.17,11.29,18.71,30.89,32.7,2.87,0.46,0.14,1.42,-0.13,0.03,0.27,89.0,144.5,-479655.17,5238640.17,True,2
381,M.Salah,MID,11,2,0.17,0.17,12.13,19.55,30.72,32.87,3.03,0.37,0.14,1.46,-0.03,0.03,0.22,89.0,144.0,-567812.5,4690936.33,False,13
381,M.Salah,MID,12,2,0.17,0.17,10.45,17.33,32.71,30.34,2.87,0.42,0.13,1.62,-0.08,-0.13,0.41,89.0,143.5,-577982.0,4128906.33,True,16
381,M.Salah,MID,14,1,0.17,0.17,11.63,18.71,34.48,33.88,2.7,0.37,0.18,1.39,-0.04,-0.18,0.8,89.0,143.0,-482869.0,3671302.17,True,17
381,M.Salah,MID,16,7,0.18,0.18,13.25,21.17,37.36,38.83,2.39,0.37,0.17,1.38,-0.0,-0.17,0.83,81.5,142.33,-392260.17,3266403.0,True,6
381,M.Salah,MID,23,5,0.38,0.19,17.08,26.21,41.83,37.8,3.45,0.44,0.25,1.49,-0.05,-0.05,0.43,78.17,141.67,-322045.0,2890580.67,False,4
381,M.Salah,MID,24,5,0.38,0.0,16.5,24.37,44.81,44.71,3.84,0.37,0.33,1.42,-0.18,0.05,0.5,78.17,141.17,-179205.33,2607202.0,True,15
381,M.Salah,MID,25,2,0.19,0.0,13.83,20.96,49.68,44.42,3.31,0.42,0.34,1.43,-0.42,0.24,0.71,77.0,140.83,-102163.5,2399044.0,True,13
381,M.Salah,MID,26,6,0.19,0.0,13.83,19.32,48.7,47.53,3.51,0.4,0.39,1.68,-0.4,0.19,0.26,77.0,140.5,-86541.5,2203809.17,False,17
381,M.Salah,MID,27,3,0.39,0.0,16.95,20.61,44.94,44.22,4.68,0.44,0.38,1.5,-0.44,0.4,-0.13,77.0,140.17,-75255.33,2012007.67,False,16
381,M.Salah,MID,28,2,0.55,0.0,16.8,17.89,35.67,38.52,4.75,0.4,0.38,1.52,-0.4,0.35,-0.43,82.17,140.0,-46725.83,1883991.33,True,19
381,M.Salah,MID,29,9,0.35,0.0,12.49,12.21,23.88,34.16,4.51,0.3,0.32,1.56,-0.3,0.2,-0.18,86.5,140.0,4336.0,1840008.83,False,20
381,M.Salah,MID,30,1,0.35,0.0,15.09,14.91,22.86,24.8,5.38,0.29,0.25,1.23,-0.11,0.1,-0.02,86.5,140.0,5200.67,1847168.67,True,18
381,M.Salah,MID,32,8,0.39,0.0,14.03,13.29,22.77,26.1,6.82,0.29,0.27,1.43,-0.1,-0.07,-0.06,77.0,140.0,5566.67,1854064.67,True,10
381,M.Salah,MID,33,10,0.59,0.0,18.35,22.8,23.93,31.24,7.03,0.31,0.25,1.06,0.08,-0.06,-0.09,76.83,140.0,1847.67,1851150.17,False,9
381,M.Salah,MID,34,1,0.39,0.0,20.3,28.78,24.09,28.11,6.64,0.33,0.22,1.1,0.25,-0.22,0.08,76.83,140.0,3218.0,1849582.33,True,8
381,M.Salah,MID,37,1,0.2,0.0,18.89,29.95,25.56,30.47,6.91,0.37,0.19,1.23,0.24,-0.19,-0.01,73.83,140.0,24602.5,1968913.33,False,2
381,M.Salah,MID,38,6,0.24,0.0,21.71,35.32,31.22,33.17,6.83,0.39,0.18,1.05,0.34,-0.18,0.17,61.5,140.0,21866.67,1959233.83,True,5
382,Wirtz,MID,4,3,0.36,0.0,14.88,10.38,24.6,19.6,7.26,0.13,0.16,1.05,-0.13,-0.16,0.04,82.67,84.67,-354179.33,2908812.0,False,3
382,Wirtz,MID,5,0,0.54,0.0,13.2,10.19,34.17,20.48,6.47,0.14,0.19,0.81,-0.14,-0.19,-0.0,83.5,84.5,-337845.75,2749999.75,True,9
382,Wirtz,MID,6,2,0.5,0.25,11.65,9.72,34.24,19.83,5.95,0.13,0.18,0.76,-0.13,-0.18,-0.01,72.6,84.2,-340353.2,2589769.0,False,8
382,Wirtz,MID,7,1,0.41,0.21,11.56,9.7,31.71,21.88,5.99,0.21,0.16,1.08,-0.21,-0.16,-0.26,72.67,83.83,-382049.17,2385965.83,False,7
382,Wirtz,MID,8,1,0.45,0.22,11.02,9.72,27.2,22.05,5.62,0.19,0.13,1.0,-0.19,-0.13,-0.32,66.67,83.33,-417918.67,2025423.83,True,14
382,Wirtz,MID,9,2,0.52,0.26,11.86,13.05,37.06,23.47,6.45,0.21,0.15,1.11,-0.21,-0.15,-0.34,58.17,82.67,-356365.67,1705193.0,False,5
382,Wirtz,MID,10,1,0.26,0.26,10.23,11.02,39.15,19.94,6.03,0.21,0.17,1.69,-0.21,-0.17,-0.12,57.17,82.17,-274767.17,1463599.83,True,2
382,Wirtz,MID,11,2,0.0,0.33,11.67,12.0,33.5,18.0,7.0,0.22,0.13,2.14,-0.22,-0.13,-0.14,45.0,81.5,-237252.0,1239547.0,False,13
382,Wirtz,MID,13,3,0.0,0.0,12.82,10.2,25.61,15.88,6.69,0.21,0.13,2.2,-0.21,-0.13,0.3,53.83,81.0,-186179.5,1062938.83,False,19
382,Wirtz,MID,14,7,0.28,0.0,14.17,10.44,27.22,13.89,6.39,0.09,0.15,1.63,-0.09,-0.15,0.59,54.0,80.67,-94921.0,969663.0,True,17
382,Wirtz,MID,15,3,0.24,0.0,16.59,10.54,31.2,20.49,5.61,0.25,0.15,1.31,-0.25,0.1,0.64,61.5,80.33,-57791.83,910783.67,False,11
382,Wirtz,MID,16,5,0.44,0.0,16.1,8.69,27.46,16.32,4.63,0.23,0.13,1.11,-0.23,0.09,0.43,68.0,80.17,-29007.5,879132.17,True,6
382,Wirtz,MID,17,8,0.67,0.0,19.65,11.93,31.4,18.76,6.92,0.2,0.13,0.94,-0.2,0.09,-0.04,67.17,80.0,-19546.83,855922.83,False,18
382,Wirtz,MID,18,10,0.56,0.0,21.94,15.38,31.76,21.75,6.94,0.19,0.15,0.97,-0.19,0.23,-0.03,80.0,80.0,-5196.33,846938.67,True,20
382,Wirtz,MID,19,3,0.55,0.0,28.22,24.57,39.69,26.56,7.38,0.31,0.2,0.86,-0.13,0.17,-0.31,81.33,80.17,57549.83,922240.83,True,11
382,Wirtz,MID,20,10,0.56,0.0,28.37,25.33,41.49,33.26,7.89,0.42,0.19,0.95,-0.23,0.18,-0.39,79.83,80.5,98829.33,1050757.0,False,10
382,Wirtz,MID,21,3,0.58,0.0,30.65,30.96,39.08,32.97,8.53,0.39,0.25,0.98,0.0,-0.06,-0.39,77.33,80.83,88846.67,1141156.83,False,1
382,Wirtz,MID,22,10,0.55,0.0,30.31,29.83,35.57,31.79,8.87,0.37,0.23,0.98,0.0,-0.05,-0.42,81.17,81.17,80008.0,1221557.33,True,3
382,Wirtz,MID,23,2,0.36,0.0,30.78,35.1,37.39,39.06,6.12,0.44,0.31,0.72,0.1,-0.13,-0.0,83.33,81.5,105517.0,1331481.33,False,4
382,Wirtz,MID,24,12,0.36,0.0,25.92,30.35,37.37,36.0,5.4,0.44,0.29,0.95,0.1,-0.29,0.13,83.33,82.0,137774.67,1473592.67,True,15
382,Wirtz,MID,25,2,0.36,0.0,26.31,32.26,34.29,35.2,5.99,0.34,0.31,0.83,0.2,-0.13,0.26,82.67,82.33,62149.67,1516000.83,True,13
382,Wirtz,MID,26,3,0.17,0.0,24.36,30.4,31.01,26.08,5.53,0.25,0.29,1.2,0.27,-0.11,0.18,86.83,82.5,64258.0,1557606.83,False,17
382,Wirtz,MID,30,3,0.34,0.0,20.65,25.35,31.37,27.87,5.37,0.27,0.22,1.21,0.07,-0.05,-0.04,89.33,82.83,63602.67,1623259.67,True,18
382,Wirtz,MID,31,2,0.35,0.0,21.22,27.12,37.98,32.89,5.3,0.28,0.27,1.28,0.07,-0.09,-0.04,84.83,83.0,66414.67,1603793.0,False,6
382,Wirtz,MID,32,6,0.35,0.0,18.57,20.58,34.66,25.11,6.72,0.2,0.17,1.59,-0.02,0.01,-0.18,84.83,83.17,42107.0,1562676.83,True,10
382,Wirtz,MID,33,2,0.56,0.0,22.22,25.41,37.02,26.85,7.59,0.25,0.2,1.34,-0.06,0.17,-0.42,81.0,83.17,596.33,1473693.17,False,9
382,Wirtz,MID,34,8,0.56,0.0,16.21,16.14,41.61,21.99,6.89,0.21,0.17,1.43,-0.21,0.02,-0.5,80.5,83.17,16471.67,1397960.67,True,8
382,Wirtz,MID,35,2,0.56,0.0,19.94,21.88,39.67,27.02,6.89,0.19,0.19,1.31,-0.01,-0.01,-0.56,80.5,83.17,-16105.67,1298148.83,False,14
382,Wirtz,MID,37,1,0.37,0.0,19.57,20.53,41.37,19.75,6.52,0.09,0.19,1.63,0.1,-0.0,-0.32,80.5,83.0,-6936.33,1204218.0,False,2
382,Wirtz,MID,38,1,0.2,0.0,18.65,20.72,35.57,17.84,6.89,0.1,0.16,1.85,0.1,0.04,-0.03,74.0,83.0,-12111.67,1188890.67,True,5
384,Gakpo,MID,4,3,0.33,0.0,24.33,33.0,25.27,25.33,7.33,0.1,0.17,1.04,0.23,0.49,0.29,90.0,75.33,209309.67,1057875.0,False,3
384,Gakpo,MID,5,2,0.5,0.0,21.75,25.8,27.9,27.0,5.75,0.13,0.21,0.81,0.12,0.29,0.19,90.0,75.75,302900.5,1357756.75,True,9
384,Gakpo,MID,6,1,0.43,0.0,20.79,24.09,29.44,25.29,6.43,0.13,0.2,0.84,0.09,0.23,0.23,84.0,76.0,236796.0,1522674.6,False,8
384,Gakpo,MID,7,7,0.39,0.0,19.16,21.75,29.09,25.94,5.81,0.15,0.19,0.92,0.05,0.2,0.24,77.5,76.0,130617.67,1564656.5,False,7
384,Gakpo,MID,8,7,0.39,0.0,18.77,20.79,28.86,26.13,6.19,0.21,0.17,0.79,-0.02,0.21,0.38,77.5,76.0,70719.0,1687949.67,True,14
384,Gakpo,MID,9,2,0.39,0.0,17.03,19.24,33.27,36.58,4.84,0.49,0.18,0.87,-0.1,-0.18,0.3,77.5,76.0,58186.0,1781922.5,False,5
384,Gakpo,MID,10,3,0.21,0.0,19.03,18.95,39.54,35.17,4.34,0.52,0.29,1.31,-0.1,-0.29,0.55,72.5,75.83,25521.33,1828294.33,True,2
384,Gakpo,MID,11,1,0.21,0.0,18.41,19.16,37.3,32.28,5.38,0.51,0.25,1.37,-0.1,-0.25,0.49,72.5,75.67,-83226.83,1747640.83,False,13
384,Gakpo,MID,12,2,0.22,0.0,16.94,18.35,34.26,34.11,4.84,0.56,0.25,1.37,-0.12,-0.25,0.61,68.17,75.5,-101048.83,1656059.83,True,16
384,Gakpo,MID,13,14,0.2,0.0,16.85,17.76,31.54,32.71,5.15,0.54,0.23,1.38,-0.15,-0.23,0.8,75.67,75.33,-27967.5,1643566.17,False,19
384,Gakpo,MID,14,1,0.4,0.0,18.63,19.94,30.65,29.34,3.96,0.51,0.25,1.24,-0.11,-0.06,0.54,75.67,75.33,8981.67,1676944.83,True,17
384,Gakpo,MID,15,2,0.44,0.0,16.06,16.55,25.28,20.24,4.62,0.24,0.27,1.12,-0.02,-0.05,0.42,68.17,75.33,39941.67,1727982.17,False,11
384,Gakpo,MID,18,1,0.42,0.0,14.62,16.58,20.8,24.85,4.8,0.26,0.18,0.82,-0.05,0.03,0.43,71.83,75.33,-31022.17,1698222.5,True,20
384,Gakpo,MID,19,1,0.26,0.0,15.91,19.36,19.54,27.39,4.43,0.29,0.19,0.92,-0.03,0.08,0.64,57.5,74.83,-30618.67,1513503.67,True,11
384,Gakpo,MID,20,6,0.27,0.0,17.19,19.93,20.42,26.87,3.76,0.26,0.19,0.92,0.01,0.08,0.42,55.83,74.33,-6964.83,1355541.67,False,10
384,Gakpo,MID,21,3,0.27,0.27,19.07,25.31,16.93,34.66,2.69,0.33,0.19,0.69,0.21,0.08,0.12,55.83,74.0,-13297.33,1185332.17,False,1
384,Gakpo,MID,22,2,0.27,0.27,10.48,11.77,9.13,28.48,3.22,0.25,0.06,0.76,0.02,-0.06,0.04,55.83,73.67,10289.0,1026682.33,True,3
384,Gakpo,MID,23,2,0.25,0.25,14.96,14.22,17.26,38.99,2.7,0.29,0.14,0.73,-0.04,-0.14,0.25,61.17,73.33,-9733.0,856972.0,False,4
384,Gakpo,MID,24,4,0.25,0.25,14.83,13.83,16.72,34.94,2.77,0.26,0.16,0.73,-0.01,-0.16,0.28,59.67,73.0,800.5,702369.17,True,15
384,Gakpo,MID,25,2,0.2,0.2,14.59,14.59,18.63,32.03,4.66,0.21,0.15,0.66,-0.01,-0.15,0.35,74.0,73.0,6172.67,709836.17,True,13
384,Gakpo,MID,26,3,0.18,0.18,14.29,15.18,21.79,28.57,5.36,0.18,0.18,0.88,-0.0,-0.18,0.2,84.0,73.0,2048.5,711268.33,False,17
384,Gakpo,MID,27,3,0.37,0.0,13.83,12.73,29.05,23.05,6.27,0.1,0.23,0.87,-0.1,-0.23,0.05,81.33,73.0,-409.0,711587.5,False,16
384,Gakpo,MID,28,6,0.38,0.0,14.81,15.23,30.17,23.16,7.03,0.09,0.24,0.96,-0.09,-0.24,-0.01,79.0,73.0,-1248.0,711386.17,True,19
384,Gakpo,MID,29,3,0.37,0.18,13.68,18.44,27.94,18.85,7.21,0.11,0.17,1.22,0.08,-0.17,-0.11,81.17,73.0,-7489.17,704200.0,False,20
384,Gakpo,MID,30,3,0.56,0.19,13.37,18.38,26.66,23.54,7.53,0.22,0.15,1.03,-0.04,-0.15,-0.27,79.67,73.0,5195.67,711024.5,True,18
384,Gakpo,MID,31,2,0.77,0.19,12.45,16.7,24.55,24.32,6.7,0.26,0.14,1.12,-0.07,-0.14,-0.55,78.33,73.0,9871.17,722063.67,False,6
384,Gakpo,MID,32,6,0.76,0.19,11.72,15.32,20.25,28.93,5.67,0.28,0.09,1.18,-0.09,-0.09,-0.42,79.33,73.0,12004.5,733599.83,True,10
384,Gakpo,MID,33,5,0.73,0.18,11.71,16.21,14.56,28.9,5.85,0.27,0.04,1.23,-0.09,0.14,-0.5,82.0,73.0,9720.33,744389.0,False,9
384,Gakpo,MID,34,2,0.54,0.18,13.89,19.23,21.41,34.81,4.69,0.32,0.09,1.19,-0.14,0.27,-0.29,83.17,73.0,6372.67,749514.17,True,8
384,Gakpo,MID,35,6,0.54,0.0,11.54,12.05,15.76,29.94,4.15,0.26,0.08,1.27,-0.26,0.28,-0.54,83.17,73.0,7053.33,774199.5,False,14
384,Gakpo,MID,36,2,0.34,0.17,13.37,18.45,16.34,29.49,4.46,0.23,0.07,1.6,-0.06,0.27,-0.4,87.5,73.0,-8421.5,765590.67,True,7
384,Gakpo,MID,37,2,0.17,0.17,12.49,17.9,16.39,25.84,3.82,0.19,0.07,1.58,-0.02,0.28,-0.19,86.5,73.0,-6787.5,759306.5,False,2
384,Gakpo,MID,38,2,0.18,0.18,11.65,17.28,15.01,23.13,3.94,0.28,0.06,1.56,-0.1,0.29,0.06,83.67,73.0,-7454.67,753803.5,True,5
386,Mac Allister,MID,5,2,0.51,0.0,22.5,18.92,21.17,8.18,9.2,0.04,0.05,0.98,-0.04,0.46,-0.47,58.67,64.67,-19125.33,172834.33,True,9
386,Mac Allister,MID,6,2,0.38,0.0,21.74,15.86,17.24,8.01,9.53,0.07,0.06,0.98,-0.07,0.32,-0.22,59.0,64.5,-16808.75,172950.0,False,8
386,Mac Allister,MID,7,2,0.3,0.0,21.3,14.52,17.61,6.9,8.7,0.07,0.06,1.4,-0.07,0.24,-0.5,60.0,64.4,-15801.8,171168.6,False,7
386,Mac Allister,MID,8,2,0.23,0.0,19.87,13.61,16.97,5.84,8.65,0.06,0.05,1.15,-0.06,0.18,-0.22,64.17,64.17,-14400.17,169142.5,True,14
386,Mac Allister,MID,9,1,0.24,0.0,15.12,7.97,14.26,6.0,7.68,0.07,0.05,0.99,-0.07,-0.05,-0.03,62.5,63.83,-15284.0,170133.5,False,5
386,Mac Allister,MID,10,6,0.0,0.0,16.01,9.71,14.93,6.56,7.35,0.11,0.06,1.1,-0.11,-0.06,-0.06,57.17,63.5,-9324.17,164464.17,True,2
386,Mac Allister,MID,11,1,0.23,0.0,17.16,14.71,20.41,6.96,6.96,0.13,0.06,1.04,-0.13,0.17,-0.12,64.67,63.33,-7502.5,159181.33,False,13
386,Mac Allister,MID,12,2,0.22,0.22,15.49,13.24,20.78,5.61,6.51,0.11,0.05,1.16,-0.11,0.17,0.18,66.83,63.17,-5709.0,155352.83,True,16
386,Mac Allister,MID,13,3,0.21,0.21,13.49,14.37,21.04,12.86,6.32,0.21,0.08,0.99,-0.21,0.13,0.7,71.17,63.0,-3198.0,153996.17,False,19
386,Mac Allister,MID,14,2,0.42,0.21,13.54,16.29,18.38,13.75,6.25,0.21,0.08,0.98,-0.21,0.13,0.47,72.0,63.0,-2448.33,153073.83,True,17
386,Mac Allister,MID,15,1,0.41,0.2,15.0,17.11,18.71,12.16,7.91,0.2,0.08,0.86,-0.2,0.12,0.56,74.0,63.0,-1659.83,152523.83,False,11
386,Mac Allister,MID,16,3,0.41,0.21,15.41,16.27,15.08,11.3,7.81,0.17,0.07,1.04,-0.17,0.14,1.02,73.0,63.0,-1506.33,152010.67,True,6
386,Mac Allister,MID,17,1,0.41,0.21,12.95,12.0,8.59,12.53,7.81,0.17,0.06,1.34,-0.17,-0.06,0.71,73.0,62.83,-985.0,152011.67,False,18
386,Mac Allister,MID,18,2,0.4,0.2,11.47,12.26,8.11,15.43,6.92,0.18,0.07,1.24,-0.18,-0.07,0.34,75.83,62.67,-388.33,152529.33,True,20
386,Mac Allister,MID,19,1,0.4,0.2,12.86,12.07,13.07,12.66,7.12,0.09,0.06,1.14,-0.09,-0.06,0.05,75.83,62.5,4176.33,158680.33,True,11
386,Mac Allister,MID,20,2,0.23,0.23,12.26,10.13,15.76,13.65,6.94,0.11,0.07,1.3,-0.11,-0.07,0.09,64.83,62.33,4154.33,163148.33,False,10
386,Mac Allister,MID,21,2,0.22,0.22,10.64,9.35,15.58,14.19,5.99,0.1,0.07,1.36,-0.1,-0.07,0.19,67.67,62.17,2897.33,166557.33,False,1
386,Mac Allister,MID,22,1,0.38,0.38,10.06,9.46,18.42,12.15,6.08,0.09,0.06,1.05,-0.09,-0.06,-0.29,79.0,62.0,1775.83,168812.67,True,3
386,Mac Allister,MID,23,1,0.23,0.45,10.23,11.32,24.64,15.68,6.82,0.12,0.09,0.84,-0.12,-0.09,0.07,66.0,62.0,2043.67,171410.83,False,4
386,Mac Allister,MID,24,1,0.25,0.25,12.36,14.24,25.86,13.35,8.16,0.12,0.09,0.81,-0.12,-0.09,0.43,60.67,62.0,633.83,172440.17,True,15
386,Mac Allister,MID,25,2,0.25,0.49,10.63,12.12,18.02,8.9,8.16,0.1,0.07,0.63,-0.1,-0.07,0.6,60.67,62.0,-5000.67,166447.17,True,13
386,Mac Allister,MID,26,3,0.21,0.42,10.88,11.68,18.86,9.0,7.12,0.09,0.05,1.11,-0.09,-0.05,0.35,71.67,62.0,-4793.0,162300.5,False,17
386,Mac Allister,MID,27,13,0.42,0.42,13.81,14.36,22.67,7.33,7.74,0.08,0.05,1.09,-0.08,-0.05,-0.04,71.67,62.0,-3292.0,159514.33,False,16
386,Mac Allister,MID,28,9,0.42,0.21,19.26,22.1,18.84,15.49,8.37,0.21,0.05,1.22,0.0,-0.05,-0.17,71.67,62.0,-1725.33,158308.33,True,19
386,Mac Allister,MID,29,2,0.35,0.18,22.5,25.55,13.84,15.41,8.5,0.18,0.03,1.34,0.17,-0.03,-0.1,84.67,62.0,3336.0,162323.83,False,20
386,Mac Allister,MID,30,8,0.33,0.17,21.67,24.53,16.8,15.83,8.33,0.18,0.03,1.23,0.15,-0.03,-0.07,90.0,62.0,17971.17,181575.67,True,18
386,Mac Allister,MID,31,1,0.33,0.0,24.17,25.8,18.72,15.5,9.5,0.18,0.03,1.36,0.16,0.13,-0.2,90.0,62.17,21985.67,204392.33,False,6
386,Mac Allister,MID,32,1,0.33,0.17,23.67,25.3,18.58,18.33,9.83,0.19,0.04,1.24,0.14,0.13,-0.07,90.0,62.33,26875.0,237953.83,True,10
386,Mac Allister,MID,33,1,0.19,0.19,23.07,25.32,18.17,20.78,9.53,0.24,0.04,1.38,0.14,0.15,-0.05,78.67,62.5,24004.83,262580.0,False,9
386,Mac Allister,MID,34,13,0.0,0.23,19.95,19.39,22.8,16.24,8.81,0.14,0.04,1.41,0.09,0.19,0.22,64.67,62.67,17861.83,279140.5,True,8
386,Mac Allister,MID,35,2,0.0,0.23,20.64,18.09,28.04,11.6,9.05,0.08,0.05,1.5,-0.08,0.65,-0.11,64.67,62.67,11484.17,290125.5,False,14
386,Mac Allister,MID,36,1,0.0,0.23,22.04,17.81,25.61,9.28,8.58,0.06,0.07,1.94,-0.06,0.63,-0.32,64.67,62.67,-3394.17,286634.17,True,7
386,Mac Allister,MID,37,4,0.0,0.46,16.93,14.57,20.78,9.28,6.49,0.07,0.06,1.79,-0.07,0.41,-0.17,64.67,62.5,-8910.5,277910.17,False,2
386,Mac Allister,MID,38,1,0.0,0.23,19.02,16.84,22.48,6.73,8.12,0.06,0.06,1.72,-0.06,0.4,0.37,64.67,62.17,-14836.17,257484.5,True,5
387,Szoboszlai,MID,4,3,0.33,0.0,25.0,26.53,16.4,11.0,11.33,0.04,0.04,1.04,0.29,-0.04,0.29,90.0,65.0,-14262.33,200798.0,False,3
387,Szoboszlai,MID,5,1,0.5,0.0,22.25,23.05,15.28,13.75,10.75,0.08,0.05,0.81,0.16,-0.05,0.19,90.0,65.0,21279.0,244041.0,True,9
387,Szoboszlai,MID,6,5,0.4,0.2,19.8,20.72,16.7,13.8,10.6,0.08,0.04,0.79,0.12,-0.04,0.21,90.0,65.0,32964.6,289356.2,False,8
387,Szoboszlai,MID,7,1,0.33,0.17,21.17,21.57,26.17,13.0,11.5,0.07,0.11,1.14,0.09,-0.11,0.02,90.0,65.0,25220.0,318213.83,False,7
387,Szoboszlai,MID,8,4,0.33,0.33,19.67,21.23,22.33,10.67,11.33,0.15,0.1,1.03,0.02,-0.1,0.14,90.0,65.0,24606.0,362230.67,True,14
387,Szoboszlai,MID,9,10,0.33,0.33,20.83,23.57,29.45,10.33,11.83,0.15,0.11,1.1,0.02,-0.11,0.07,90.0,65.0,24786.33,403960.67,False,5
387,Szoboszlai,MID,10,2,0.17,0.33,19.5,24.13,33.78,11.33,13.17,0.15,0.15,1.47,-0.15,0.02,0.19,90.0,65.0,28528.17,448090.67,True,2
387,Szoboszlai,MID,11,1,0.17,0.5,19.67,24.9,38.6,10.5,12.83,0.16,0.15,1.52,-0.16,0.01,0.15,90.0,65.0,14256.83,471670.33,False,13
387,Szoboszlai,MID,12,2,0.17,0.5,19.5,25.2,35.38,8.5,12.67,0.16,0.15,1.67,-0.16,0.02,0.33,90.0,65.17,11092.17,490040.0,True,16
387,Szoboszlai,MID,13,3,0.17,0.5,19.17,26.73,35.82,9.83,11.5,0.16,0.15,1.45,-0.16,0.01,0.72,90.0,65.33,37905.83,538590.17,False,19
387,Szoboszlai,MID,14,2,0.33,0.33,20.33,25.6,37.87,8.17,11.0,0.07,0.16,1.33,-0.07,0.01,0.5,90.0,65.5,36012.0,582531.17,True,17
387,Szoboszlai,MID,15,8,0.33,0.33,19.33,23.93,37.18,12.17,9.83,0.09,0.18,1.17,-0.09,-0.01,0.49,90.0,65.67,40875.67,628942.17,False,11
387,Szoboszlai,MID,16,3,0.33,0.33,19.33,21.53,39.67,13.33,7.5,0.17,0.18,0.97,-0.01,-0.18,0.7,90.0,65.83,33786.33,667166.83,True,6
387,Szoboszlai,MID,17,1,0.34,0.17,20.3,20.61,38.86,11.5,7.27,0.14,0.19,1.2,0.03,-0.19,0.5,88.67,66.17,51522.67,724946.83,False,18
387,Szoboszlai,MID,19,3,0.34,0.17,20.64,19.62,43.12,11.17,7.11,0.13,0.23,1.11,0.04,-0.23,0.25,88.67,66.33,19888.83,745893.17,True,11
387,Szoboszlai,MID,20,2,0.51,0.17,19.62,16.17,38.88,9.81,6.6,0.13,0.18,0.95,0.04,-0.18,-0.11,88.67,66.33,2663.5,724082.0,False,10
387,Szoboszlai,MID,21,3,0.34,0.17,18.44,16.07,39.42,10.66,6.09,0.13,0.19,1.03,0.04,-0.19,0.15,88.67,66.33,7975.17,705914.83,False,1
387,Szoboszlai,MID,22,0,0.51,0.17,17.76,13.77,33.46,8.29,5.75,0.15,0.15,1.06,0.02,-0.15,-0.04,88.67,66.33,1021.17,681222.33,True,3
387,Szoboszlai,MID,23,13,0.51,0.17,13.7,8.46,30.91,10.32,5.08,0.22,0.18,0.87,-0.22,-0.18,-0.19,88.67,66.33,13370.83,670562.17,False,4
387,Szoboszlai,MID,24,5,0.33,0.17,18.0,17.27,32.82,10.83,5.33,0.21,0.2,0.97,-0.05,-0.03,0.2,90.0,66.17,-8921.33,634226.83,True,15
387,Szoboszlai,MID,25,8,0.33,0.0,21.0,21.37,35.03,12.0,6.17,0.23,0.18,0.85,-0.06,-0.02,0.31,90.0,66.17,36217.0,649001.0,True,13
387,Szoboszlai,MID,27,3,0.17,0.0,23.0,26.57,32.08,13.67,7.5,0.23,0.19,1.21,0.1,-0.02,0.29,90.0,66.33,31148.5,678738.67,False,16
387,Szoboszlai,MID,28,4,0.33,0.0,25.5,30.33,39.4,13.17,8.17,0.22,0.23,1.28,0.11,-0.06,-0.12,90.0,66.5,60325.67,721299.33,True,19
387,Szoboszlai,MID,29,5,0.17,0.17,27.0,34.33,44.85,11.83,9.0,0.19,0.28,1.5,0.14,0.06,0.0,90.0,66.83,119150.33,824738.17,False,20
387,Szoboszlai,MID,30,11,0.17,0.17,29.17,36.47,47.02,9.17,10.83,0.04,0.24,1.5,0.29,0.09,0.16,90.0,67.33,157339.17,965502.5,True,18
387,Szoboszlai,MID,31,3,0.17,0.17,27.0,32.83,41.55,9.33,12.0,0.05,0.26,1.31,0.28,-0.1,0.02,90.0,67.83,169625.5,1117701.67,False,6
387,Szoboszlai,MID,32,5,0.17,0.33,24.33,29.67,41.33,9.33,12.83,0.06,0.27,1.61,0.28,-0.1,-0.11,90.0,68.33,184259.33,1332962.17,True,10
387,Szoboszlai,MID,33,5,0.33,0.33,22.0,25.97,40.02,7.33,13.0,0.05,0.25,1.31,0.12,-0.08,-0.15,90.0,69.0,179943.67,1495886.0,False,9
387,Szoboszlai,MID,34,1,0.17,0.33,21.5,25.13,32.07,7.67,12.67,0.06,0.22,1.25,0.11,0.11,0.09,90.0,69.67,130249.33,1605583.33,True,8
387,Szoboszlai,MID,35,13,0.17,0.33,20.5,22.0,28.23,9.17,12.5,0.08,0.19,1.31,0.09,-0.03,-0.15,90.0,70.17,90084.67,1714442.67,False,14
387,Szoboszlai,MID,36,2,0.17,0.33,24.0,28.23,28.85,10.67,11.67,0.09,0.21,1.63,0.24,0.13,-0.3,90.0,70.5,20211.0,1735118.33,True,7
387,Szoboszlai,MID,37,9,0.17,0.33,21.0,22.77,35.58,12.67,9.83,0.1,0.17,1.52,0.06,0.16,-0.18,90.0,70.67,20284.5,1758160.83,False,2
387,Szoboszlai,MID,38,2,0.17,0.17,25.0,28.13,43.33,13.33,7.33,0.09,0.22,1.46,0.08,0.45,0.2,90.0,70.67,-15530.5,1695012.33,True,5
388,C.Jones,MID,5,1,0.0,0.0,22.34,13.93,19.91,0.0,9.2,0.0,0.05,0.87,0.0,0.6,1.1,45.67,54.67,-974.0,11153.67,True,9
388,C.Jones,MID,16,3,0.0,0.31,20.96,16.03,22.04,5.55,11.4,0.05,0.08,1.74,-0.05,-0.08,1.03,48.67,54.0,9.0,9461.67,True,6
388,C.Jones,MID,17,2,0.29,0.29,19.55,17.02,19.84,3.74,10.06,0.04,0.06,1.44,-0.04,-0.06,0.28,52.17,54.0,66.5,9532.67,False,18
388,C.Jones,MID,18,5,0.23,0.0,18.37,16.56,21.67,3.95,8.84,0.03,0.08,1.36,-0.03,-0.08,0.27,64.5,54.0,731.67,10497.83,True,20
388,C.Jones,MID,19,3,0.22,0.0,20.02,17.68,22.21,3.82,10.12,0.04,0.07,1.33,-0.04,-0.07,0.02,66.67,54.0,2073.67,12998.0,True,11
388,C.Jones,MID,20,2,0.4,0.0,20.2,17.6,23.6,5.2,9.8,0.04,0.1,1.25,-0.04,-0.1,-0.05,75.0,54.0,2038.0,15128.0,False,10
388,C.Jones,MID,22,5,0.35,0.0,19.45,17.4,26.03,6.54,8.49,0.07,0.13,1.2,-0.07,-0.13,-0.14,84.83,54.0,1820.17,17119.0,True,3
388,C.Jones,MID,23,1,0.36,0.0,19.96,19.68,27.48,10.16,8.55,0.09,0.16,0.99,-0.09,0.02,-0.28,84.17,54.0,1506.5,18443.83,False,4
388,C.Jones,MID,24,1,0.2,0.0,19.17,18.48,31.42,12.11,8.48,0.12,0.2,1.09,-0.12,0.0,-0.08,74.33,54.0,1275.83,19526.83,True,15
388,C.Jones,MID,25,1,0.25,0.0,22.87,20.49,32.92,13.92,9.7,0.15,0.22,1.07,-0.15,0.03,-0.08,60.33,54.0,469.17,19728.0,True,13
388,C.Jones,MID,26,1,0.32,0.0,22.42,20.14,38.14,15.92,7.47,0.16,0.26,1.41,-0.16,0.06,-0.11,46.17,54.0,-1046.5,18182.0,False,17
388,C.Jones,MID,33,4,0.31,0.0,17.08,14.03,13.39,24.1,11.29,0.13,0.06,1.34,-0.13,-0.06,0.19,49.17,54.0,-255.5,14321.83,False,9
388,C.Jones,MID,34,7,0.24,0.0,17.51,15.66,9.1,17.76,15.57,0.1,0.08,1.24,-0.1,-0.08,0.22,61.67,54.0,-241.17,14199.83,True,8
388,C.Jones,MID,35,1,0.0,0.0,21.66,20.74,10.23,8.9,16.84,0.03,0.07,1.55,-0.03,0.17,0.13,62.33,54.0,-148.83,14185.83,False,14
388,C.Jones,MID,36,2,0.0,0.21,21.05,19.5,8.53,5.8,15.89,0.02,0.07,1.79,-0.02,0.15,-0.07,69.83,54.0,-0.5,14262.17,True,7
388,C.Jones,MID,37,2,0.0,0.19,20.87,19.45,8.81,5.4,14.53,0.01,0.06,1.54,-0.01,0.12,-0.05,80.5,54.0,51.5,14378.0,False,2
388,C.Jones,MID,38,10,0.0,0.18,19.8,17.71,11.47,4.58,13.56,0.02,0.07,1.46,-0.02,0.12,0.38,81.83,54.0,67.67,14535.17,True,5
390,Gravenberch,MID,5,15,0.67,0.67,20.0,22.67,24.47,6.67,7.67,0.05,0.04,0.52,0.28,-0.04,0.15,90.0,55.0,9754.67,47905.67,True,9
390,Gravenberch,MID,6,8,0.5,0.5,27.0,33.85,22.98,9.25,9.25,0.07,0.08,0.56,0.43,0.17,0.19,90.0,55.0,12221.25,60358.0,False,8
390,Gravenberch,MID,7,2,0.4,0.4,27.4,31.32,19.54,9.0,9.6,0.07,0.07,1.03,0.33,0.33,-0.03,90.0,55.2,71922.0,136735.8,False,7
390,Gravenberch,MID,8,2,0.33,0.33,25.5,28.23,16.5,8.67,9.33,0.07,0.06,1.03,0.27,0.27,0.14,90.0,55.33,99301.17,228619.83,True,14
390,Gravenberch,MID,10,11,0.35,0.18,24.13,24.2,17.35,7.93,9.16,0.07,0.07,1.05,0.11,0.29,0.01,85.17,55.67,114476.5,357230.17,True,2
390,Gravenberch,MID,11,2,0.35,0.0,28.88,31.46,17.52,9.69,8.98,0.09,0.1,1.03,0.26,0.26,0.02,85.17,55.83,81093.83,424793.33,False,13
390,Gravenberch,MID,12,1,0.18,0.0,27.3,28.36,9.41,7.93,8.81,0.07,0.08,1.29,0.28,0.27,0.29,85.17,56.0,92211.17,504575.0,True,16
390,Gravenberch,MID,13,3,0.18,0.18,20.25,18.21,7.33,4.93,7.75,0.05,0.05,1.45,0.13,0.13,0.49,85.17,56.17,105744.0,598878.67,False,19
390,Gravenberch,MID,14,5,0.35,0.18,17.61,16.24,7.05,3.52,7.22,0.03,0.05,0.98,0.14,-0.05,0.6,85.17,56.17,44831.0,623530.0,True,17
390,Gravenberch,MID,15,5,0.35,0.18,18.49,17.08,13.09,2.99,8.1,0.04,0.06,0.88,0.14,-0.06,0.53,85.17,56.17,3364.83,606911.5,False,11
390,Gravenberch,MID,16,5,0.33,0.17,20.33,19.07,13.72,3.17,8.67,0.03,0.06,0.97,0.13,0.11,0.7,90.0,56.0,-15283.0,569666.83,True,6
390,Gravenberch,MID,17,2,0.33,0.17,17.33,15.37,15.13,3.17,9.33,0.02,0.04,1.21,-0.02,0.13,0.45,90.0,56.0,10174.17,583604.67,False,18
390,Gravenberch,MID,18,11,0.33,0.17,18.33,17.1,18.88,2.83,9.0,0.02,0.05,1.13,-0.02,0.12,0.21,90.0,56.0,958.33,586566.67,True,20
390,Gravenberch,MID,19,5,0.33,0.0,23.67,23.53,19.18,7.83,9.83,0.06,0.06,1.04,0.1,0.1,-0.04,90.0,56.0,5785.17,596325.0,True,11
390,Gravenberch,MID,20,2,0.33,0.0,23.67,23.7,19.7,8.17,10.83,0.07,0.07,1.11,0.1,0.1,-0.11,90.0,56.17,36209.67,640970.33,False,10
390,Gravenberch,MID,21,3,0.33,0.0,23.0,23.1,16.73,7.5,9.83,0.06,0.06,1.16,0.1,0.1,0.0,90.0,56.33,49702.83,693403.0,False,1
390,Gravenberch,MID,22,2,0.5,0.0,20.83,21.73,15.52,7.33,9.67,0.07,0.09,1.01,0.1,-0.09,-0.34,90.0,56.5,40866.5,735429.33,True,3
390,Gravenberch,MID,23,1,0.34,0.0,21.18,21.48,14.86,6.83,9.73,0.08,0.11,0.76,0.09,-0.11,0.1,87.83,56.67,43100.67,780909.83,False,4
390,Gravenberch,MID,24,4,0.34,0.17,20.32,22.54,13.59,7.34,10.93,0.09,0.1,0.98,0.08,-0.1,0.22,87.83,56.83,31266.0,813971.67,True,15
390,Gravenberch,MID,25,5,0.34,0.17,17.08,17.9,15.1,3.07,11.44,0.06,0.11,0.86,-0.06,-0.11,0.34,87.83,56.83,-6424.67,805098.5,True,13
390,Gravenberch,MID,26,5,0.17,0.17,18.79,18.0,16.14,2.9,10.93,0.05,0.11,1.24,-0.05,0.06,0.3,87.83,56.67,-35727.17,765584.67,False,17
390,Gravenberch,MID,27,3,0.34,0.17,18.44,19.37,15.75,3.59,11.78,0.06,0.12,1.22,-0.06,0.05,-0.02,87.83,56.33,-51988.17,714109.67,False,16
390,Gravenberch,MID,28,5,0.34,0.17,17.93,19.02,15.93,4.1,12.13,0.05,0.08,1.32,-0.05,0.09,-0.13,87.83,56.0,-37273.67,679703.67,True,19
390,Gravenberch,MID,29,0,0.34,0.17,18.5,19.55,18.49,4.88,10.77,0.04,0.08,1.56,-0.04,0.26,-0.22,89.17,55.67,-27781.17,653513.5,False,20
390,Gravenberch,MID,30,2,0.37,0.18,17.08,17.63,17.03,4.78,10.1,0.03,0.08,1.28,-0.03,0.29,-0.36,81.67,55.33,-11659.0,643459.33,True,18
390,Gravenberch,MID,31,3,0.37,0.18,16.9,16.53,14.99,7.9,8.63,0.06,0.06,1.43,-0.06,0.3,-0.51,81.67,55.17,-2217.83,642848.33,False,6
390,Gravenberch,MID,32,1,0.37,0.18,16.71,16.86,12.95,7.71,7.9,0.06,0.07,1.29,-0.06,0.12,-0.37,81.67,55.0,3151.83,639311.83,True,10
390,Gravenberch,MID,33,2,0.2,0.2,16.79,16.91,11.47,7.69,7.69,0.06,0.06,1.46,-0.06,0.14,-0.45,74.17,55.0,930.83,641915.67,False,9
390,Gravenberch,MID,34,1,0.0,0.2,15.98,14.84,13.13,7.08,6.67,0.07,0.07,1.38,-0.07,0.14,-0.17,74.17,55.0,-11376.0,628211.0,True,8
390,Gravenberch,MID,35,2,0.0,0.24,13.1,11.64,7.2,5.58,7.28,0.07,0.05,1.28,-0.07,-0.05,-0.31,61.83,55.0,-19610.0,608070.0,False,14
390,Gravenberch,MID,36,10,0.0,0.0,16.66,14.54,7.59,6.92,7.57,0.07,0.05,1.65,-0.07,-0.05,-0.13,69.33,54.83,-33448.17,575303.67,True,7
390,Gravenberch,MID,37,2,0.0,0.0,19.47,21.42,11.51,4.98,7.14,0.03,0.05,1.5,0.19,-0.05,0.01,69.33,54.67,-30999.5,545100.83,False,2
390,Gravenberch,MID,38,2,0.0,0.0,17.72,20.26,14.55,7.37,6.91,0.04,0.05,1.29,0.19,-0.05,0.32,65.17,54.5,-27573.83,526973.33,True,5
413,Marmoush,MID,9,1,0.0,0.0,22.5,23.23,21.95,35.27,7.91,0.5,0.27,1.16,-0.5,0.33,0.67,49.33,84.33,-138602.33,944723.67,False,2
413,Marmoush,MID,30,3,0.89,0.3,17.82,22.81,28.31,37.72,4.16,0.26,0.06,1.06,0.04,0.23,-0.76,50.5,83.0,4047.0,315918.67,False,19
413,Marmoush,MID,35,1,0.62,0.62,12.15,16.32,27.56,32.7,3.74,0.22,0.04,1.22,-0.22,0.58,-0.6,48.17,83.0,2619.0,322278.33,False,9
413,Marmoush,MID,36,5,0.62,0.62,11.44,16.33,27.4,34.64,4.02,0.23,0.04,1.21,-0.23,0.58,-0.59,48.5,83.0,982.5,324474.33,True,5
413,Marmoush,MID,37,1,0.61,0.61,25.41,35.88,16.44,44.69,4.59,0.34,0.06,0.9,0.27,0.55,-0.28,49.0,83.0,-240.0,326596.67,False,4
414,Foden,MID,6,1,1.05,0.0,28.78,27.31,17.06,18.31,12.56,0.24,0.03,1.36,0.28,-0.03,-1.36,57.33,80.0,25477.67,208776.67,True,3
414,Foden,MID,7,3,0.69,0.34,22.67,22.19,31.05,15.46,10.31,0.16,0.08,1.03,0.19,-0.08,-0.69,65.5,80.25,114147.5,341350.5,False,5
414,Foden,MID,8,3,0.77,0.26,21.48,19.64,32.86,16.62,9.46,0.19,0.11,0.98,0.07,-0.11,-0.72,70.4,80.4,97804.8,424468.8,True,9
414,Foden,MID,9,1,0.81,0.2,21.99,18.29,39.5,14.66,8.96,0.16,0.21,0.94,0.04,-0.21,-0.74,73.67,80.5,77897.33,478299.17,False,2
414,Foden,MID,10,4,0.7,0.35,20.89,18.63,48.5,13.23,8.18,0.15,0.23,0.89,0.02,-0.23,-0.54,86.17,80.67,65272.67,563668.17,True,4
414,Foden,MID,11,3,0.52,0.52,18.49,15.45,54.1,11.51,6.63,0.12,0.25,0.75,-0.12,-0.07,-0.22,86.0,80.67,47472.33,624053.0,True,12
414,Foden,MID,12,2,0.5,0.5,18.37,14.93,53.35,11.35,5.68,0.13,0.26,0.71,-0.13,-0.09,-0.21,89.83,80.67,28241.83,662896.17,False,15
414,Foden,MID,13,15,0.5,0.34,18.0,12.95,47.52,11.61,5.38,0.22,0.27,1.03,-0.22,-0.1,-0.35,89.17,80.5,-32133.17,635088.17,True,11
414,Foden,MID,14,17,0.34,0.34,23.55,23.79,46.77,17.66,4.54,0.29,0.27,1.15,0.05,-0.1,-0.14,89.17,80.33,-20913.5,655869.33,False,10
414,Foden,MID,15,12,0.17,0.34,30.11,35.43,40.86,24.56,5.38,0.35,0.2,1.13,0.32,-0.03,0.56,89.17,80.33,32808.67,699995.33,True,17
414,Foden,MID,16,11,0.35,0.18,34.39,42.0,30.68,30.0,5.09,0.48,0.18,1.15,0.39,0.17,0.43,85.5,80.83,300047.67,1028332.5,False,8
414,Foden,MID,17,3,0.53,0.0,36.6,46.96,23.67,30.82,6.48,0.5,0.16,1.35,0.56,0.02,0.05,85.67,82.0,591855.67,1636376.67,True,19
414,Foden,MID,18,2,0.53,0.0,37.12,47.45,27.93,33.09,6.48,0.49,0.18,1.4,0.56,-0.01,0.0,85.67,83.5,741941.67,2395154.67,False,16
414,Foden,MID,19,3,0.52,0.0,37.88,48.72,28.74,37.53,6.78,0.48,0.18,1.09,0.56,-0.0,0.12,86.33,85.17,784416.83,3186410.83,False,17
414,Foden,MID,20,2,0.69,0.0,32.49,36.56,29.62,30.58,7.3,0.4,0.18,0.97,0.3,-0.01,-0.1,86.33,86.83,740715.5,3875375.83,True,7
414,Foden,MID,21,2,0.69,0.0,22.59,23.28,33.01,25.37,5.56,0.36,0.16,1.15,-0.01,0.01,-0.8,86.33,88.17,651962.0,4525943.17,True,6
414,Foden,MID,22,1,0.52,0.0,18.45,15.28,31.41,18.1,5.86,0.19,0.18,1.23,-0.02,-0.18,-0.71,87.0,88.83,352541.17,4862469.83,False,14
414,Foden,MID,23,1,0.38,0.0,14.53,7.51,34.87,16.79,4.53,0.19,0.2,1.06,-0.19,-0.2,-0.49,79.5,88.83,-56857.33,4801651.5,True,20
414,Foden,MID,24,1,0.22,0.0,13.63,8.13,37.9,16.01,5.19,0.2,0.19,1.11,-0.2,-0.19,-0.46,69.33,88.33,-336631.5,4461422.83,False,18
414,Foden,MID,26,5,0.27,0.0,14.27,8.34,42.26,9.88,4.94,0.12,0.19,1.26,-0.12,-0.19,-0.71,54.67,87.33,-574833.83,3891028.0,True,10
414,Foden,MID,27,1,0.29,0.29,15.78,16.07,42.98,15.19,6.14,0.12,0.15,1.35,-0.12,0.14,-0.76,51.33,86.0,-586979.5,3273204.83,True,15
415,Savinho,MID,9,1,0.72,0.0,17.21,14.77,17.35,35.5,5.74,0.07,0.15,1.28,-0.07,0.2,-0.57,50.2,69.0,-993.8,50599.0,False,2
415,Savinho,MID,10,1,0.54,0.27,13.2,12.61,15.71,31.26,6.47,0.07,0.14,1.18,-0.07,0.13,-0.37,55.67,69.0,-135.67,52089.67,True,4
415,Savinho,MID,11,1,0.53,0.27,12.25,13.05,21.41,26.36,6.12,0.06,0.18,0.81,-0.06,0.09,-0.01,56.33,69.0,726.83,54120.17,True,12
415,Savinho,MID,12,1,0.48,0.24,12.82,12.63,19.89,24.92,6.77,0.06,0.16,0.82,-0.06,0.08,-0.34,62.0,69.0,420.83,55610.5,False,15
415,Savinho,MID,14,1,0.55,0.28,14.12,14.57,23.37,25.2,7.48,0.07,0.18,0.83,-0.07,0.09,-0.55,54.17,69.0,293.0,56886.33,False,10
416,Bernardo,MID,4,6,0.52,0.0,18.31,14.86,36.68,5.23,8.37,0.0,0.26,1.0,0.0,-0.26,-0.48,57.33,64.67,-6760.0,78809.0,True,14
416,Bernardo,MID,5,1,0.69,0.0,17.72,16.47,36.1,6.25,8.34,0.03,0.36,1.16,-0.03,-0.01,-0.81,64.75,64.5,-6686.0,77785.75,False,1
416,Bernardo,MID,6,1,0.52,0.26,15.73,15.78,29.97,5.16,9.03,0.03,0.27,1.11,-0.03,-0.02,-0.59,69.8,64.4,-5588.8,77334.8,True,3
416,Bernardo,MID,7,1,0.51,0.25,16.18,15.52,29.63,5.06,8.85,0.03,0.27,1.08,-0.03,-0.02,-0.58,59.33,64.33,-4558.17,77457.17,False,5
416,Bernardo,MID,8,1,0.3,0.3,12.69,12.16,16.88,4.72,8.85,0.03,0.19,1.2,-0.03,0.11,-0.61,50.83,64.17,-5396.0,76992.0,True,9
416,Bernardo,MID,9,2,0.3,0.3,16.2,14.94,21.33,3.6,9.3,0.03,0.19,1.12,-0.03,0.11,-0.52,50.0,63.83,-4642.17,75007.5,False,2
416,Bernardo,MID,10,2,0.31,0.31,18.06,15.57,25.13,4.36,10.28,0.03,0.22,0.99,-0.03,0.09,-0.37,48.17,63.67,-3149.5,73614.83,True,4
416,Bernardo,MID,11,5,0.0,0.31,15.77,11.63,15.84,1.86,9.9,0.0,0.06,0.77,0.0,-0.06,0.16,48.5,63.5,-2462.83,72334.33,True,12
416,Bernardo,MID,12,1,0.31,0.31,18.25,14.1,19.3,1.24,8.04,0.0,0.06,0.69,0.0,0.25,-0.07,48.5,63.33,-2707.5,70524.83,False,15
416,Bernardo,MID,13,1,0.25,0.5,16.5,14.0,19.4,2.5,8.25,0.02,0.06,1.12,-0.02,0.19,-0.12,60.0,63.17,-2801.17,68416.0,True,11
416,Bernardo,MID,14,2,0.21,0.62,13.89,11.99,19.99,3.53,6.64,0.03,0.07,1.2,-0.03,0.13,0.05,72.33,63.0,-1905.5,67167.0,False,10
416,Bernardo,MID,15,3,0.18,0.55,12.6,11.43,15.23,3.1,6.94,0.02,0.06,1.19,-0.02,0.12,0.63,82.17,62.83,-1357.67,66253.5,True,17
416,Bernardo,MID,16,3,0.35,0.53,11.91,10.72,13.29,3.68,6.48,0.03,0.05,1.17,-0.03,0.13,0.41,85.67,62.67,-1009.67,65614.33,False,8
416,Bernardo,MID,17,3,0.52,0.52,12.76,10.45,13.68,3.67,6.82,0.03,0.04,1.37,-0.03,0.13,0.03,85.83,62.5,-971.67,64955.17,True,19
416,Bernardo,MID,18,2,0.54,0.36,12.26,8.19,12.7,3.79,7.94,0.03,0.05,1.43,-0.03,-0.05,0.01,83.17,62.33,-109.83,65196.17,False,16
416,Bernardo,MID,19,3,0.53,0.18,13.16,8.98,14.53,3.33,8.07,0.02,0.06,1.09,-0.02,-0.06,0.13,85.5,62.17,75.5,65562.83,False,17
416,Bernardo,MID,20,1,0.71,0.0,14.32,10.08,11.97,5.13,8.31,0.01,0.04,0.99,-0.01,-0.04,-0.11,84.83,62.0,-93.83,65693.17,True,7
416,Bernardo,MID,21,2,0.71,0.18,12.73,7.5,15.75,6.54,7.96,0.02,0.04,1.14,-0.02,-0.04,-0.79,84.83,62.0,59.83,66013.5,True,6
416,Bernardo,MID,22,2,0.52,0.17,12.16,7.61,16.51,9.38,7.64,0.06,0.05,1.2,-0.06,-0.05,-0.68,86.33,62.0,204.83,66487.67,False,14
416,Bernardo,MID,23,6,0.36,0.18,11.89,7.81,18.25,10.65,6.92,0.08,0.05,1.27,-0.08,-0.05,-0.38,84.5,62.0,320.67,67084.0,True,20
416,Bernardo,MID,24,5,0.34,0.17,13.25,12.73,20.51,10.33,6.71,0.07,0.05,1.2,-0.07,0.12,-0.34,87.17,62.0,-154.5,67165.5,False,18
416,Bernardo,MID,25,7,0.35,0.17,16.1,16.17,23.26,10.73,6.58,0.07,0.08,1.29,-0.07,0.26,-0.25,86.67,62.0,-490.17,66876.33,False,12
416,Bernardo,MID,26,0,0.17,0.34,19.16,21.76,27.55,11.29,7.02,0.16,0.18,1.35,0.01,0.17,-0.15,87.67,62.0,-544.5,66546.83,True,10
416,Bernardo,MID,27,1,0.18,0.36,21.09,24.25,29.47,10.91,8.0,0.16,0.19,1.26,0.02,0.17,-0.17,82.5,62.0,604.83,67611.33,True,15
416,Bernardo,MID,28,3,0.18,0.55,21.64,27.13,34.04,7.45,9.09,0.11,0.19,1.17,0.07,0.18,-0.07,82.5,62.0,909.5,68781.67,False,11
416,Bernardo,MID,29,2,0.36,0.53,21.52,27.0,32.25,6.58,9.25,0.1,0.19,1.03,0.08,0.17,-0.32,84.33,62.0,1212.0,70220.17,True,16
416,Bernardo,MID,30,9,0.18,0.53,21.34,24.69,35.32,17.25,8.36,0.15,0.24,1.09,0.03,-0.06,-0.03,84.33,62.0,1259.67,71694.83,False,19
416,Bernardo,MID,32,3,0.18,0.73,21.36,26.32,36.77,20.99,7.3,0.17,0.23,1.03,0.19,-0.23,-0.12,82.17,62.0,1191.0,73101.5,False,7
416,Bernardo,MID,33,2,0.37,0.56,19.19,21.47,32.93,23.11,7.83,0.12,0.14,0.92,0.07,-0.14,-0.18,80.5,62.0,3219.67,76547.83,True,1
416,Bernardo,MID,33,5,0.35,0.35,18.91,21.05,28.89,23.11,7.18,0.13,0.13,1.01,0.05,-0.13,-0.13,85.67,62.0,2613.0,79177.33,False,3
416,Bernardo,MID,35,2,0.53,0.18,21.01,22.52,36.49,27.49,7.53,0.18,0.16,1.01,0.0,-0.16,-0.31,85.67,62.0,2816.67,81611.33,False,9
416,Bernardo,MID,36,4,0.35,0.18,21.88,23.58,41.7,28.06,7.24,0.18,0.18,1.24,-0.01,-0.18,-0.01,85.0,62.0,2902.0,83253.0,True,5
416,Bernardo,MID,36,3,0.53,0.35,20.65,22.31,37.02,18.18,9.0,0.15,0.14,1.11,0.03,-0.14,-0.23,85.0,62.0,3413.17,85394.83,True,8
416,Bernardo,MID,37,1,0.7,0.18,17.33,15.76,30.17,14.88,10.33,0.14,0.11,1.1,-0.14,-0.11,-0.4,85.67,62.0,4127.5,87726.0,False,4
416,Bernardo,MID,38,1,0.55,0.18,16.93,14.91,34.01,11.41,9.75,0.12,0.11,1.2,-0.12,-0.11,-0.28,81.5,62.0,2006.17,87896.0,True,2
417,Cherki,MID,13,4,0.0,0.0,29.78,24.29,44.87,25.15,6.62,0.26,0.33,1.24,-0.26,0.67,0.41,45.33,63.5,26384.5,412052.17,True,11
417,Cherki,MID,16,6,0.3,0.3,37.89,38.49,55.57,31.97,6.81,0.22,0.56,1.25,-0.22,1.21,-0.36,50.67,63.67,26202.0,413304.0,False,8
417,Cherki,MID,17,4,0.56,0.28,33.26,32.76,55.9,24.88,6.43,0.14,0.5,1.51,-0.14,0.9,-0.95,53.67,63.83,45532.0,460895.67,True,19
417,Cherki,MID,18,13,0.8,0.27,39.11,36.86,72.13,22.77,6.96,0.06,0.62,1.61,-0.06,0.72,-1.07,56.0,64.17,92874.5,559843.67,False,16
417,Cherki,MID,19,5,0.78,0.26,44.74,49.6,70.19,27.16,7.24,0.11,0.75,1.11,0.14,0.54,-0.86,58.0,64.5,119045.5,684858.67,False,17
417,Cherki,MID,20,4,0.85,0.21,39.15,41.49,61.68,24.89,8.51,0.09,0.71,1.06,0.12,0.14,-0.85,70.5,65.0,192799.83,906586.17,True,7
417,Cherki,MID,21,1,0.71,0.0,34.04,35.11,54.77,25.31,8.73,0.09,0.6,1.15,0.09,0.11,-0.79,84.17,65.67,239163.0,1150082.17,True,6
417,Cherki,MID,22,1,0.61,0.0,31.43,30.73,54.24,27.55,9.39,0.14,0.59,1.18,0.06,-0.18,-0.77,73.5,66.33,274567.0,1429842.33,False,14
417,Cherki,MID,23,3,0.45,0.0,29.77,28.82,52.5,32.5,10.45,0.16,0.69,1.31,0.07,-0.46,-0.4,66.0,67.0,220797.17,1652579.67,True,20
417,Cherki,MID,24,8,0.45,0.0,24.85,24.4,37.84,33.58,10.75,0.19,0.56,1.16,0.04,-0.34,-0.26,67.0,67.33,118249.5,1769392.17,False,18
417,Cherki,MID,25,1,0.47,0.0,21.68,19.55,35.36,32.28,11.07,0.19,0.44,1.23,0.05,-0.44,-0.28,63.67,67.33,30408.83,1798448.17,False,12
417,Cherki,MID,26,1,0.28,0.0,19.07,17.5,34.26,34.21,10.09,0.24,0.37,1.33,0.04,-0.37,0.07,53.5,67.17,-77286.67,1691195.0,True,10
417,Cherki,MID,29,5,0.59,0.0,19.64,16.36,29.76,17.59,7.92,0.14,0.15,1.01,0.16,-0.15,-0.42,51.17,65.5,-148172.0,1258474.83,True,16
417,Cherki,MID,30,1,0.28,0.0,24.49,23.01,40.76,15.38,6.84,0.18,0.31,1.17,0.11,-0.02,-0.03,52.67,65.0,-118401.17,1144044.33,False,19
417,Cherki,MID,32,10,0.32,0.0,20.4,18.65,48.27,17.81,6.8,0.15,0.36,1.14,-0.15,-0.04,-0.17,46.33,64.67,-64651.17,1084032.17,False,7
417,Cherki,MID,33,10,0.56,0.0,28.89,27.78,50.75,22.22,5.56,0.16,0.48,1.02,-0.16,0.35,-0.46,54.0,64.17,-41765.17,1034579.0,True,1
417,Cherki,MID,33,3,0.46,0.0,30.54,32.9,49.58,27.53,4.16,0.17,0.43,1.06,0.06,0.26,-0.37,64.83,64.0,25579.17,1084494.5,False,3
417,Cherki,MID,35,5,0.6,0.0,28.59,31.45,58.99,38.26,4.03,0.32,0.44,0.99,-0.12,0.16,-0.39,74.5,63.83,105106.67,1150801.17,False,9
417,Cherki,MID,36,1,0.4,0.0,30.6,35.12,59.62,42.4,3.6,0.36,0.44,1.25,-0.16,0.36,-0.05,75.0,64.0,227368.33,1315481.0,True,5
417,Cherki,MID,36,4,0.42,0.0,26.92,32.55,56.78,46.89,3.57,0.36,0.34,1.16,-0.15,0.29,-0.32,71.33,64.33,339609.67,1594683.33,True,8
417,Cherki,MID,37,1,0.44,0.0,29.93,35.6,59.72,41.15,3.52,0.37,0.41,1.25,-0.15,0.47,-0.37,68.17,64.67,450508.5,1877310.83,False,4
417,Cherki,MID,38,1,0.24,0.0,23.97,28.86,59.01,40.6,3.91,0.37,0.31,1.57,-0.12,0.18,-0.59,61.33,65.17,435040.5,2150593.33,True,2
418,Doku,MID,5,3,0.92,0.0,19.38,21.6,41.77,11.08,2.77,0.0,0.48,1.02,0.0,0.45,-0.56,48.75,64.5,-10649.5,110264.25,False,1
418,Doku,MID,6,10,0.96,0.0,17.3,19.67,36.0,11.21,4.8,0.08,0.34,0.96,-0.08,0.3,-0.64,56.2,64.4,12638.0,133820.6,True,3
418,Doku,MID,7,1,0.73,0.0,23.53,25.86,39.42,30.08,4.37,0.14,0.32,0.83,-0.14,0.65,-0.34,61.83,64.5,50071.67,193296.17,False,5
418,Doku,MID,8,1,0.56,0.0,25.87,29.98,44.86,33.75,5.06,0.17,0.37,0.9,-0.17,0.76,-0.33,53.33,64.67,118762.0,330407.5,True,9
418,Doku,MID,9,1,0.53,0.0,26.32,30.05,48.34,38.16,5.0,0.25,0.33,0.88,-0.25,0.72,-0.36,57.0,64.83,128337.17,471695.5,False,2
418,Doku,MID,10,2,0.51,0.0,26.01,29.83,45.69,36.97,5.61,0.24,0.38,0.61,-0.24,0.64,-0.36,58.83,65.17,106372.0,588709.67,True,4
418,Doku,MID,11,11,0.26,0.0,20.89,23.78,43.99,37.91,5.67,0.24,0.23,0.77,-0.24,0.28,-0.25,58.17,65.33,79033.0,677430.33,True,12
418,Doku,MID,12,2,0.27,0.0,29.73,34.5,49.98,52.23,4.82,0.22,0.26,0.67,0.05,0.28,-0.13,56.0,65.33,44637.67,730253.17,False,15
418,Doku,MID,13,2,0.28,0.0,25.23,29.44,54.56,33.93,7.01,0.15,0.34,1.21,0.13,-0.34,-0.37,53.5,65.33,63218.83,804875.67,True,11
418,Doku,MID,14,8,0.23,0.0,25.16,28.65,57.63,31.51,6.8,0.12,0.43,1.3,0.11,-0.43,-0.17,66.17,65.33,39104.83,870018.33,False,10
418,Doku,MID,15,3,0.22,0.0,27.99,30.27,53.04,27.54,7.39,0.08,0.42,1.24,0.14,0.03,0.33,67.0,65.33,24007.83,896493.83,True,17
418,Doku,MID,19,1,0.39,0.0,27.6,28.03,54.56,30.13,6.61,0.1,0.36,1.16,0.09,0.03,0.2,77.17,65.33,64897.0,968034.83,False,17
418,Doku,MID,20,1,0.42,0.0,28.67,29.43,50.86,35.16,7.12,0.16,0.39,1.15,0.05,0.03,0.1,71.67,65.17,83225.33,924922.33,True,7
418,Doku,MID,21,8,0.24,0.0,24.11,21.92,49.89,27.69,7.4,0.16,0.45,1.53,-0.16,0.02,0.14,62.83,65.17,98942.67,897385.83,True,6
418,Doku,MID,22,2,0.23,0.0,24.8,19.33,44.13,29.16,6.89,0.16,0.39,1.22,-0.16,0.3,0.15,65.33,65.0,40357.67,803954.0,False,14
418,Doku,MID,23,1,0.24,0.0,22.44,15.92,33.09,27.64,6.85,0.17,0.24,1.39,-0.17,0.47,0.02,63.5,64.67,-3881.5,647123.17,True,20
418,Doku,MID,29,1,0.27,0.0,20.21,13.58,32.71,26.95,6.74,0.13,0.23,1.58,-0.13,0.04,-0.51,55.67,64.33,5706.83,525352.83,True,16
418,Doku,MID,33,2,0.3,0.0,24.36,19.96,32.05,24.36,8.32,0.1,0.21,1.3,0.2,0.08,-0.4,50.5,64.0,2360.67,343894.83,True,1
418,Doku,MID,33,6,0.3,0.0,21.0,18.42,25.05,25.5,8.4,0.11,0.16,1.41,0.19,-0.16,-0.51,50.0,64.0,7877.17,339189.33,False,3
418,Doku,MID,35,15,0.58,0.0,25.47,22.23,30.91,27.78,9.55,0.13,0.22,0.93,0.16,0.07,-0.64,51.83,64.0,12592.67,333800.67,False,9
418,Doku,MID,36,11,0.47,0.0,35.77,38.01,37.19,33.19,9.35,0.13,0.24,1.3,0.57,-0.0,-0.36,64.17,64.0,14307.33,327144.17,True,5
418,Doku,MID,36,1,0.59,0.0,39.24,44.04,45.25,41.39,8.2,0.13,0.27,1.08,0.65,-0.07,-0.3,76.83,64.17,62379.83,386254.83,True,8
418,Doku,MID,37,2,0.58,0.0,37.9,43.0,41.71,41.99,8.16,0.15,0.23,1.13,0.63,-0.04,-0.35,77.17,64.33,110031.0,444918.33,False,4
418,Doku,MID,38,1,0.39,0.0,34.21,37.13,43.17,39.85,6.61,0.15,0.23,1.28,0.44,-0.03,-0.31,77.17,64.5,142398.83,535398.33,True,2
419,Grealish,MID,4,2,0.46,0.0,39.49,46.47,33.11,23.42,11.02,0.14,0.59,2.09,-0.14,1.24,-0.72,65.33,65.33,117735.33,512094.33,True,2
419,Grealish,MID,5,1,0.63,0.31,33.36,40.66,42.92,33.67,9.44,0.13,0.5,1.6,-0.13,0.76,-0.66,71.5,66.0,479795.75,1026712.5,False,12
419,Grealish,MID,6,2,0.48,0.48,29.2,35.57,42.61,28.96,9.1,0.1,0.4,1.44,-0.1,0.55,-0.24,75.2,66.4,400532.4,1340018.8,True,19
419,Grealish,MID,7,10,0.39,0.39,26.85,31.36,43.32,27.23,8.5,0.08,0.36,1.38,-0.08,0.42,-0.23,77.67,66.83,361749.33,1587017.17,True,8
419,Grealish,MID,9,1,0.34,0.34,29.16,33.82,38.18,34.02,8.38,0.14,0.32,1.29,0.03,0.35,-0.28,89.5,67.5,338383.67,1973831.83,True,18
419,Grealish,MID,10,2,0.17,0.5,25.14,28.19,38.11,35.36,8.21,0.16,0.21,1.23,0.01,0.12,0.28,89.5,68.17,353104.17,2298233.5,False,17
419,Grealish,MID,11,3,0.17,0.5,20.0,21.63,34.97,30.33,8.0,0.12,0.16,1.24,0.05,-0.16,0.1,90.0,68.67,270429.0,2521652.67,True,10
419,Grealish,MID,12,3,0.17,0.33,18.67,19.23,30.18,22.83,7.67,0.11,0.12,1.21,0.06,-0.12,0.12,90.0,68.67,-6929.0,2444140.67,False,14
419,Grealish,MID,13,2,0.34,0.17,17.6,16.49,23.77,20.95,7.54,0.11,0.11,1.28,0.06,-0.11,-0.27,89.5,68.5,-58188.0,2322023.33,True,15
419,Grealish,MID,14,11,0.34,0.17,16.94,16.02,20.7,19.33,7.7,0.11,0.15,1.43,0.06,-0.15,0.11,87.67,68.17,-112356.0,2136151.83,False,4
419,Grealish,MID,15,3,0.51,0.17,16.25,14.85,22.43,10.44,7.53,0.05,0.16,1.24,0.12,-0.16,0.13,87.67,67.67,-112926.0,1955750.0,True,16
419,Grealish,MID,16,2,0.69,0.0,15.55,14.34,22.25,9.16,7.08,0.03,0.19,0.98,0.15,-0.19,-0.11,86.83,67.17,-114764.67,1848469.67,False,7
419,Grealish,MID,17,2,0.7,0.0,13.48,12.99,20.36,18.04,5.95,0.15,0.15,1.17,0.03,-0.15,-0.12,85.67,66.67,-127221.0,1725447.83,True,1
419,Grealish,MID,19,1,0.53,0.0,12.61,11.0,16.55,16.46,6.13,0.14,0.14,1.45,0.04,-0.14,-0.23,85.67,66.17,-142496.33,1585031.0,False,16
419,Grealish,MID,20,10,0.4,0.0,13.75,12.82,22.79,20.43,5.87,0.17,0.16,1.57,0.03,-0.16,-0.15,74.17,65.83,-131926.0,1472441.83,True,5
419,Grealish,MID,21,-1,0.39,0.0,19.93,21.16,28.42,21.51,5.92,0.16,0.11,1.63,0.03,0.28,-0.25,76.0,65.5,-109902.17,1387461.83,True,20
419,Grealish,MID,22,3,0.2,0.0,13.65,15.15,30.9,22.15,5.93,0.16,0.11,1.65,-0.16,0.29,-0.06,75.83,65.33,-68906.67,1341898.17,False,2
421,Rodrigo,MID,5,4,0.5,0.0,16.0,12.4,16.3,9.0,11.0,0.04,0.1,1.4,-0.04,-0.1,-0.4,60.0,64.0,-4249.33,67074.0,False,1
421,Rodrigo,MID,7,1,0.33,0.0,17.0,15.8,12.6,6.33,12.67,0.05,0.07,1.25,-0.05,-0.07,-0.25,67.5,64.0,-3000.5,70453.5,False,5
421,Rodrigo,MID,10,1,0.31,0.0,17.01,15.46,15.59,5.88,12.37,0.04,0.07,1.16,-0.04,-0.07,-0.24,58.2,64.0,-4575.8,71403.8,True,4
421,Rodrigo,MID,19,1,0.31,0.0,17.88,15.6,15.69,5.86,12.33,0.04,0.07,1.17,-0.04,-0.07,-0.24,48.67,63.83,-4452.83,68946.17,False,17
421,Rodrigo,MID,20,5,0.28,0.0,19.29,17.61,18.03,1.68,12.02,0.03,0.14,1.02,-0.03,-0.14,-0.18,53.67,63.67,-2462.5,67524.83,True,7
421,Rodrigo,MID,21,1,0.28,0.0,22.64,20.96,26.13,3.07,13.7,0.02,0.13,0.86,-0.02,-0.13,-0.3,53.67,63.5,-1754.33,65161.5,True,6
421,Rodrigo,MID,22,3,0.0,0.0,24.4,23.93,29.84,3.63,14.18,0.02,0.15,1.22,-0.02,-0.15,-0.56,45.5,63.33,-1499.67,61823.67,False,14
421,Rodrigo,MID,23,3,0.0,0.33,24.4,23.01,36.66,4.62,13.52,0.0,0.18,1.65,0.0,-0.18,-0.67,45.5,63.17,-1552.5,57824.67,True,20
421,Rodrigo,MID,24,3,0.26,0.26,22.89,23.0,31.39,3.68,13.16,0.0,0.16,1.48,0.0,-0.16,-0.69,57.0,63.0,364.0,54882.0,False,18
421,Rodrigo,MID,25,4,0.21,0.42,21.72,24.14,28.94,3.34,14.41,0.0,0.18,1.39,0.0,-0.18,-0.35,71.83,63.0,857.0,54916.17,False,12
421,Rodrigo,MID,26,3,0.19,0.38,20.23,22.95,29.99,3.03,13.99,0.02,0.12,1.44,-0.02,-0.12,-0.31,79.33,63.0,867.0,56082.5,True,10
421,Rodrigo,MID,27,6,0.39,0.39,17.76,19.54,23.43,2.17,12.04,0.02,0.11,1.33,-0.02,-0.11,-0.34,76.0,63.0,742.83,57140.0,True,15
421,Rodrigo,MID,28,3,0.35,0.35,19.38,20.91,25.49,2.25,13.15,0.02,0.11,1.14,-0.02,-0.11,-0.1,86.67,63.0,202.17,57621.17,False,11
421,Rodrigo,MID,29,9,0.52,0.17,19.9,21.08,25.04,2.94,12.29,0.04,0.1,1.01,-0.04,-0.1,-0.31,86.67,63.0,546.83,58482.33,True,16
421,Rodrigo,MID,30,4,0.35,0.17,22.85,25.37,26.91,10.21,12.12,0.11,0.12,1.07,0.07,-0.12,-0.03,86.67,63.0,551.5,59318.67,False,19
421,Rodrigo,MID,32,3,0.35,0.0,22.85,24.82,31.67,10.56,11.42,0.11,0.18,0.98,0.07,-0.18,-0.12,86.67,63.0,1202.67,60840.83,False,7
421,Rodrigo,MID,33,2,0.52,0.0,21.12,22.98,25.91,10.21,10.56,0.09,0.18,0.97,0.08,-0.18,-0.28,86.67,63.0,1452.5,62394.0,True,1
421,Rodrigo,MID,37,7,0.34,0.0,21.96,25.04,25.39,10.39,11.56,0.09,0.19,1.05,0.08,-0.19,-0.21,89.5,63.0,1447.0,63994.83,False,4
423,N.Gonzalez,MID,5,1,0.51,0.51,23.76,22.45,6.27,3.03,11.12,0.03,0.04,1.36,-0.03,-0.04,-0.34,59.33,60.0,-270.0,8677.67,False,1
423,N.Gonzalez,MID,6,2,0.47,0.47,22.97,21.66,6.05,2.81,11.25,0.02,0.03,1.34,-0.02,-0.03,0.07,48.0,60.0,-337.25,9135.25,True,3
423,N.Gonzalez,MID,7,3,0.32,0.32,22.98,20.43,13.76,3.83,10.85,0.03,0.1,1.04,-0.03,-0.1,0.23,56.4,59.8,-335.0,9429.0,False,5
423,N.Gonzalez,MID,8,5,0.51,0.26,23.4,19.95,12.29,3.09,11.31,0.03,0.08,1.05,-0.03,-0.08,-0.03,58.33,59.67,-321.83,9620.17,True,9
423,N.Gonzalez,MID,9,0,0.52,0.26,21.13,18.63,18.1,3.13,11.74,0.01,0.08,1.13,-0.01,-0.08,-0.09,57.5,59.5,-358.33,10370.33,False,2
423,N.Gonzalez,MID,10,4,0.6,0.3,20.7,19.62,19.8,5.7,13.5,0.05,0.1,1.16,-0.05,-0.1,-0.56,50.0,59.33,-378.83,10609.83,True,4
423,N.Gonzalez,MID,11,8,0.48,0.24,19.63,16.66,19.17,5.03,12.93,0.04,0.08,0.77,-0.04,-0.08,-0.05,62.67,59.17,-310.33,10592.17,True,12
423,N.Gonzalez,MID,12,2,0.6,0.4,23.1,22.7,16.71,6.37,12.35,0.04,0.07,0.75,0.16,-0.07,-0.35,75.33,59.0,-175.17,10663.33,False,15
423,N.Gonzalez,MID,13,4,0.6,0.4,21.31,21.46,12.33,5.58,11.75,0.03,0.03,1.11,0.17,-0.03,-0.51,75.33,59.0,549.83,11526.83,True,11
423,N.Gonzalez,MID,14,2,0.38,0.38,20.32,20.62,12.21,7.97,11.77,0.06,0.04,1.19,0.13,-0.04,-0.24,79.0,59.0,929.83,12751.83,False,10
423,N.Gonzalez,MID,15,3,0.2,0.4,20.11,21.46,8.08,7.17,11.55,0.06,0.03,1.18,0.14,-0.03,0.22,75.33,59.0,1087.67,14085.67,True,17
423,N.Gonzalez,MID,16,5,0.35,0.18,19.47,19.86,9.19,5.44,10.53,0.05,0.03,1.12,0.13,-0.03,0.11,85.5,59.0,1054.5,15382.33,False,8
423,N.Gonzalez,MID,17,2,0.53,0.18,18.07,19.93,7.46,5.44,10.18,0.05,0.03,1.32,0.13,-0.03,-0.27,85.5,59.0,772.33,16401.67,True,19
423,N.Gonzalez,MID,18,4,0.55,0.18,13.99,13.47,9.66,3.68,9.57,0.04,0.07,1.4,-0.04,-0.07,-0.29,81.5,59.0,906.67,17567.67,False,16
423,N.Gonzalez,MID,19,1,0.55,0.18,14.36,14.5,13.12,3.87,11.04,0.05,0.07,1.09,-0.05,-0.07,-0.17,81.5,59.0,188.67,17903.33,False,17
423,N.Gonzalez,MID,21,4,0.61,0.2,14.59,14.27,13.66,1.42,10.74,0.02,0.07,1.0,-0.02,-0.07,-0.39,74.0,59.0,-218.0,17838.0,True,6
423,N.Gonzalez,MID,24,0,0.61,0.2,15.81,13.18,13.76,2.03,11.76,0.03,0.08,0.99,-0.03,-0.08,-0.59,74.0,59.0,-553.83,17241.83,False,18
423,N.Gonzalez,MID,26,0,0.48,0.48,16.12,14.92,13.14,1.93,13.72,0.01,0.1,1.12,-0.01,-0.1,-0.4,62.33,59.0,-581.0,16369.0,True,10
423,N.Gonzalez,MID,33,1,0.3,0.89,16.93,15.15,15.03,1.78,14.26,0.02,0.12,1.0,-0.02,-0.12,-0.1,50.5,59.0,-234.33,15839.17,True,1
424,Bobb,MID,4,1,0.35,0.0,14.88,14.03,23.39,13.46,5.31,0.11,0.16,1.28,-0.11,0.19,0.14,84.67,55.0,9229.67,37655.33,True,14
424,Bobb,MID,6,1,0.35,0.0,16.46,14.92,26.89,14.71,5.6,0.11,0.18,1.3,-0.11,0.17,0.11,64.25,55.0,8979.75,45520.25,True,3
424,Bobb,MID,7,3,0.32,0.0,15.47,14.15,27.19,13.89,5.37,0.09,0.18,1.17,-0.09,0.14,0.09,57.0,55.0,4853.6,45498.2,False,5
424,Bobb,MID,8,1,0.5,0.0,17.25,14.15,31.65,15.75,5.25,0.08,0.19,1.1,-0.08,0.06,-0.1,60.0,55.0,3135.33,44730.83,True,9
424,Bobb,MID,9,2,0.3,0.0,14.35,10.58,30.92,18.54,5.38,0.11,0.24,1.2,-0.11,-0.24,0.0,50.17,55.0,2678.17,49603.83,False,2
424,Bobb,MID,12,0,0.31,0.0,13.8,9.78,26.84,15.68,5.96,0.12,0.19,1.19,-0.12,-0.19,-0.25,47.83,54.83,-1177.0,48231.83,False,15
424,Bobb,MID,32,1,0.31,0.0,13.44,9.13,24.25,14.69,8.12,0.2,0.12,1.18,-0.2,0.2,0.07,48.0,51.0,908.33,28229.0,False,12
424,Bobb,MID,33,1,0.29,0.0,14.0,10.11,23.17,16.57,6.0,0.19,0.12,1.31,-0.19,0.17,0.4,52.5,51.0,600.33,28885.0,False,5
424,Bobb,MID,34,1,0.32,0.0,18.06,10.84,25.06,19.35,6.45,0.22,0.13,1.13,-0.22,0.2,0.48,46.5,51.0,318.17,29184.0,True,2
427,Reijnders,MID,4,3,0.33,0.33,20.33,22.33,20.37,11.0,4.33,0.09,0.1,1.32,0.25,0.23,0.01,90.0,56.0,471351.0,3054143.0,True,14
427,Reijnders,MID,5,9,0.5,0.25,17.25,18.75,20.1,14.5,5.0,0.15,0.08,1.37,0.1,0.17,-0.37,90.0,56.25,310945.75,3215590.0,False,1
427,Reijnders,MID,6,2,0.4,0.2,19.0,21.24,20.44,15.0,6.4,0.13,0.07,1.29,0.07,0.33,-0.29,90.0,56.4,207468.8,3279764.4,True,3
427,Reijnders,MID,7,3,0.34,0.17,18.78,19.76,19.15,15.73,6.43,0.14,0.07,1.16,0.03,0.27,-0.14,88.67,56.5,264671.17,3426293.5,False,5
427,Reijnders,MID,8,1,0.35,0.0,16.36,13.54,18.77,15.84,6.62,0.14,0.06,1.22,-0.14,0.11,-0.17,86.17,57.0,251378.17,3800063.5,True,9
427,Reijnders,MID,9,1,0.37,0.0,18.37,14.88,24.01,19.3,6.68,0.19,0.07,1.22,-0.19,0.12,-0.47,80.83,57.33,34631.0,3873492.17,False,2
427,Reijnders,MID,10,1,0.38,0.19,15.32,13.1,19.42,20.68,6.51,0.21,0.06,0.97,-0.21,0.14,-0.39,78.33,57.33,-81254.17,3818818.5,True,4
427,Reijnders,MID,12,1,0.23,0.23,17.23,14.6,19.0,23.8,6.35,0.19,0.07,0.81,-0.19,0.16,-0.13,66.17,57.17,-140743.5,3696469.0,False,15
427,Reijnders,MID,13,3,0.28,0.28,14.91,9.68,19.07,25.87,4.5,0.22,0.11,0.73,-0.22,-0.11,-0.17,53.33,56.67,-160540.17,3470657.67,True,11
427,Reijnders,MID,14,7,0.29,0.29,18.17,9.87,22.15,25.1,4.33,0.25,0.17,1.04,-0.25,-0.17,-0.18,52.0,56.17,-291380.17,3097004.5,False,10
427,Reijnders,MID,15,1,0.0,0.28,23.21,17.15,22.75,22.64,4.53,0.37,0.25,1.0,-0.09,-0.25,0.98,53.0,55.33,-299054.0,2729260.17,True,17
427,Reijnders,MID,16,3,0.0,0.32,21.14,16.91,18.45,21.46,4.16,0.42,0.26,0.94,-0.1,-0.26,1.3,46.83,54.5,-283008.0,2373649.67,False,8
427,Reijnders,MID,17,8,0.31,0.0,22.66,19.49,17.13,25.76,4.97,0.39,0.25,1.19,-0.08,-0.25,0.67,48.33,53.67,-255252.5,2045715.83,True,19
427,Reijnders,MID,18,8,0.53,0.0,25.22,25.22,15.8,30.53,5.04,0.38,0.21,1.22,0.15,-0.21,0.37,56.5,53.0,-180811.83,1795851.17,False,16
427,Reijnders,MID,19,1,0.45,0.0,26.46,28.81,17.19,30.08,4.97,0.43,0.15,1.16,0.25,-0.15,0.43,66.33,52.67,-121431.67,1683725.0,False,17
427,Reijnders,MID,20,10,0.55,0.0,25.71,32.94,15.4,37.48,4.65,0.48,0.11,1.02,0.34,-0.11,0.35,54.83,52.33,-76415.17,1621991.0,True,7
427,Reijnders,MID,21,2,0.85,0.0,25.27,34.98,19.87,40.03,5.39,0.33,0.08,1.01,0.52,-0.08,-0.73,52.83,52.17,-57047.33,1568163.33,True,6
427,Reijnders,MID,22,1,0.7,0.0,22.62,30.45,17.84,36.61,5.36,0.24,0.09,1.09,0.46,-0.09,-0.62,64.33,52.0,-40895.33,1531005.5,False,14
427,Reijnders,MID,23,3,0.58,0.0,27.12,35.19,22.56,41.54,5.19,0.28,0.11,0.9,0.58,-0.11,-0.33,52.0,52.0,124.5,1535072.0,True,20
427,Reijnders,MID,24,1,0.59,0.0,21.18,25.24,22.79,29.12,4.71,0.22,0.11,0.72,0.37,-0.11,-0.13,51.0,52.0,3301.17,1540679.5,False,18
427,Reijnders,MID,28,1,0.64,0.0,14.46,17.29,22.85,21.86,5.46,0.16,0.18,0.96,0.16,-0.18,-0.32,46.67,51.67,-27269.33,1491524.33,False,11
449,B.Fernandes,MID,4,2,0.0,0.33,22.0,35.07,55.43,16.33,13.67,0.63,0.2,1.42,-0.3,-0.2,-0.09,90.0,90.0,-7068.33,2291858.67,False,13
449,B.Fernandes,MID,5,10,0.0,0.25,21.75,30.3,50.5,12.5,11.5,0.48,0.23,1.7,-0.23,-0.23,0.05,90.0,90.0,-31851.5,2314638.75,True,7
449,B.Fernandes,MID,6,-1,0.0,0.2,24.82,33.09,44.35,19.37,10.9,0.55,0.2,1.43,-0.15,-0.2,0.18,89.2,90.0,-79941.0,2283677.8,False,5
449,B.Fernandes,MID,7,3,0.0,0.34,21.16,30.49,39.04,18.97,10.91,0.59,0.17,1.53,-0.26,-0.17,0.31,89.33,90.0,-11509.17,2330604.33,True,17
449,B.Fernandes,MID,8,8,0.17,0.34,20.82,29.32,34.44,19.65,10.58,0.59,0.17,1.43,-0.26,-0.17,0.25,89.33,90.0,-39073.33,2377641.33,False,12
449,B.Fernandes,MID,9,4,0.17,0.34,23.6,31.04,39.5,19.19,9.85,0.5,0.18,1.56,-0.16,-0.01,0.13,88.33,90.0,-85185.0,2340547.33,True,6
449,B.Fernandes,MID,10,5,0.17,0.17,22.25,26.25,30.5,22.75,9.51,0.4,0.17,1.55,-0.23,-0.0,0.15,88.33,89.83,-92606.17,2272344.83,False,16
449,B.Fernandes,MID,11,5,0.17,0.17,23.09,28.7,33.22,23.43,10.19,0.42,0.14,1.45,-0.25,0.2,0.08,88.33,89.67,-88667.67,2213057.67,False,18
449,B.Fernandes,MID,12,2,0.17,0.17,20.22,25.11,32.61,16.52,10.11,0.32,0.14,1.54,-0.32,0.37,0.14,89.0,89.5,-46013.83,2188575.67,True,9
449,B.Fernandes,MID,13,11,0.17,0.0,22.25,24.98,37.2,17.19,10.11,0.24,0.19,1.24,-0.24,0.32,0.11,89.0,89.33,-92083.17,2111747.33,False,8
449,B.Fernandes,MID,14,4,0.0,0.0,25.62,32.7,39.61,15.17,10.45,0.22,0.21,1.43,-0.22,0.63,0.09,89.0,89.17,-71045.33,2042345.5,True,19
449,B.Fernandes,MID,15,18,0.0,0.0,23.67,31.87,42.97,20.33,11.33,0.27,0.21,1.13,-0.27,0.46,0.37,90.0,89.0,37048.67,2100624.33,False,20
449,B.Fernandes,MID,16,13,0.0,0.0,31.5,43.17,51.52,20.33,10.17,0.4,0.32,1.01,-0.07,0.51,0.32,90.0,89.17,47256.67,2168279.5,True,4
449,B.Fernandes,MID,17,1,0.0,0.0,35.17,50.27,54.17,22.67,10.33,0.43,0.37,1.01,0.08,0.46,0.65,90.0,89.67,210409.17,2401444.17,False,2
449,B.Fernandes,MID,21,7,0.0,0.0,36.73,52.0,59.27,24.91,10.73,0.44,0.42,1.17,0.11,0.31,0.46,82.5,90.33,297477.83,2710773.0,False,3
449,B.Fernandes,MID,22,10,0.0,0.0,42.77,58.49,71.65,23.23,9.68,0.41,0.57,1.22,0.17,0.39,0.52,77.5,90.67,278591.5,2600542.33,True,13
449,B.Fernandes,MID,23,5,0.19,0.0,42.97,54.15,77.48,23.42,10.26,0.41,0.59,0.95,0.17,0.18,0.6,77.5,91.0,336364.0,2565024.83,False,1
449,B.Fernandes,MID,24,10,0.19,0.0,42.77,51.68,69.6,16.84,9.1,0.37,0.57,1.03,0.21,0.39,0.71,77.5,91.67,405652.67,2579803.17,True,10
449,B.Fernandes,MID,25,10,0.19,0.0,35.81,41.5,64.66,8.32,8.9,0.15,0.46,1.33,0.05,0.7,0.61,77.5,92.5,586814.0,2777837.33,True,18
449,B.Fernandes,MID,26,2,0.39,0.0,34.45,37.66,66.91,12.58,7.55,0.24,0.48,1.05,-0.05,0.49,0.11,77.5,93.33,552409.67,2939077.0,False,19
449,B.Fernandes,MID,27,2,0.35,0.0,32.82,36.53,68.44,10.24,6.53,0.2,0.45,0.93,-0.03,0.43,0.13,85.0,94.17,526005.5,3085334.33,False,9
449,B.Fernandes,MID,28,13,0.5,0.17,26.0,30.07,51.93,9.83,6.17,0.19,0.28,0.97,-0.02,0.39,-0.13,90.0,95.33,548058.5,3643997.17,True,8
449,B.Fernandes,MID,29,8,0.33,0.17,27.5,35.47,54.27,15.83,4.17,0.33,0.26,0.96,0.0,0.41,0.05,90.0,96.67,508884.0,4161629.5,False,15
449,B.Fernandes,MID,30,10,0.33,0.17,30.83,39.03,67.07,15.5,4.5,0.27,0.46,1.17,0.06,0.21,-0.17,90.0,97.83,439948.83,4611812.67,True,2
449,B.Fernandes,MID,31,13,0.33,0.17,30.83,39.6,71.72,15.67,4.83,0.29,0.48,1.01,0.05,0.19,-0.18,90.0,98.83,277957.83,4893842.67,False,4
449,B.Fernandes,MID,32,4,0.17,0.17,30.5,40.67,66.47,20.17,5.83,0.36,0.43,1.23,-0.03,0.4,-0.07,90.0,99.67,211221.17,5172979.17,True,11
449,B.Fernandes,MID,33,6,0.17,0.33,31.83,43.47,68.63,21.17,6.33,0.36,0.47,1.44,-0.03,0.53,-0.11,90.0,100.5,202713.0,5378501.67,False,7
449,B.Fernandes,MID,34,5,0.17,0.17,35.0,47.17,75.48,20.83,6.5,0.36,0.48,1.6,-0.03,0.69,-0.27,90.0,101.33,174716.17,5498527.33,True,5
449,B.Fernandes,MID,35,5,0.17,0.17,32.0,40.3,70.68,15.17,7.67,0.22,0.51,1.78,-0.05,0.66,-0.44,90.0,102.0,198848.67,5731619.83,True,12
449,B.Fernandes,MID,36,3,0.17,0.33,31.0,37.2,65.28,19.17,7.33,0.24,0.45,1.51,-0.07,0.72,-0.18,90.0,102.67,162864.0,5898186.83,False,17
449,B.Fernandes,MID,37,9,0.33,0.33,26.67,30.87,60.63,19.83,7.17,0.23,0.41,1.55,-0.06,0.42,-0.39,90.0,103.17,134338.83,6037090.33,True,16
449,B.Fernandes,MID,38,14,0.33,0.33,27.17,27.1,70.48,14.17,6.0,0.07,0.52,1.57,-0.07,0.48,-0.4,90.0,103.5,90092.5,6066681.0,False,6
450,Cunha,MID,5,1,0.0,0.0,12.0,14.23,18.56,34.71,3.43,0.35,0.09,1.32,-0.35,-0.09,-0.46,70.0,80.33,166813.67,1118771.0,True,7
450,Cunha,MID,6,2,0.0,0.0,13.35,14.26,18.15,31.65,4.58,0.31,0.1,1.29,-0.31,-0.1,-0.14,59.0,80.25,74373.5,969869.25,False,5
450,Cunha,MID,7,1,0.0,0.0,12.42,13.58,18.33,26.23,5.52,0.26,0.14,1.49,-0.26,-0.14,0.17,65.2,80.2,56319.2,879962.8,True,17
450,Cunha,MID,8,2,0.0,0.0,12.05,12.87,17.36,32.05,6.15,0.34,0.13,1.47,-0.34,-0.13,0.07,58.5,80.17,44507.33,818792.67,False,12
450,Cunha,MID,9,8,0.0,0.0,9.74,9.9,15.03,21.79,7.69,0.26,0.13,1.84,-0.26,-0.13,-0.3,58.5,80.17,33063.83,770030.17,True,6
450,Cunha,MID,10,4,0.0,0.0,19.47,21.37,18.53,21.32,8.95,0.18,0.21,1.63,0.08,-0.21,-0.06,57.0,80.0,15953.0,677094.33,False,16
450,Cunha,MID,11,3,0.0,0.0,21.04,22.16,22.57,19.03,10.3,0.16,0.15,1.82,0.06,-0.15,-0.03,67.0,79.67,-36824.83,500836.33,False,18
450,Cunha,MID,14,3,0.2,0.0,17.92,19.09,20.21,18.93,9.26,0.16,0.14,1.68,0.04,-0.14,-0.27,74.5,79.5,-2921.0,504049.5,True,19
450,Cunha,MID,15,5,0.42,0.0,17.25,17.33,17.65,22.24,8.52,0.19,0.1,1.4,0.02,-0.1,-0.57,72.17,79.33,-6192.17,493717.17,False,20
450,Cunha,MID,16,8,0.36,0.0,19.34,21.36,20.33,24.04,7.95,0.25,0.14,1.23,-0.07,0.04,-0.33,83.0,79.17,-2864.0,486965.17,True,4
450,Cunha,MID,17,9,0.36,0.0,24.94,29.93,26.28,33.61,8.13,0.39,0.16,1.08,-0.03,0.02,0.37,83.0,79.0,11230.17,493376.33,False,2
450,Cunha,MID,18,2,0.36,0.0,23.25,28.15,27.73,37.81,8.17,0.48,0.17,1.19,-0.13,0.01,0.41,84.5,79.0,24819.5,512724.33,True,15
450,Cunha,MID,19,2,0.53,0.18,19.35,25.1,22.01,40.12,7.46,0.5,0.17,1.06,-0.14,0.01,0.18,84.5,79.17,94693.83,614211.0,True,20
450,Cunha,MID,20,9,0.34,0.17,19.85,24.4,21.73,38.16,7.19,0.49,0.16,1.13,-0.15,0.01,0.24,87.67,79.5,208340.67,863144.0,False,11
450,Cunha,MID,21,2,0.17,0.17,23.17,30.73,23.13,38.0,7.83,0.46,0.16,1.18,0.04,0.01,0.32,90.0,80.0,202145.67,1065432.17,False,3
450,Cunha,MID,22,4,0.17,0.17,22.03,27.09,21.63,35.28,7.57,0.38,0.12,1.19,0.14,-0.12,0.53,87.17,80.5,210773.0,1278847.0,True,13
450,Cunha,MID,23,9,0.2,0.2,21.5,26.0,20.67,28.27,7.57,0.26,0.14,1.01,0.14,0.06,0.18,75.33,80.83,119004.5,1396101.67,False,1
450,Cunha,MID,24,9,0.23,0.23,23.73,28.76,15.84,25.38,7.75,0.16,0.08,0.96,0.31,0.15,0.22,63.83,81.0,69871.33,1466019.5,True,10
450,Cunha,MID,25,3,0.25,0.0,30.25,37.03,16.57,26.8,6.89,0.19,0.09,0.92,0.55,0.15,0.3,61.0,81.0,-11757.5,1441773.17,True,18
450,Cunha,MID,26,2,0.51,0.0,32.4,40.01,20.01,27.77,7.2,0.17,0.11,0.79,0.6,0.15,0.24,58.33,80.83,-100070.0,1298775.0,False,19
450,Cunha,MID,27,3,0.55,0.0,28.81,32.6,18.52,21.95,6.59,0.15,0.11,0.75,0.4,0.17,0.35,54.67,80.67,-93557.0,1208017.33,False,9
450,Cunha,MID,28,5,0.78,0.0,25.57,31.57,13.83,13.57,8.09,0.1,0.09,0.82,0.42,0.17,-0.29,57.5,80.5,-117904.83,1090122.33,True,8
450,Cunha,MID,29,2,0.65,0.0,21.2,23.24,10.04,16.88,7.14,0.1,0.05,0.74,0.34,0.17,-0.09,69.33,80.33,-32505.83,1063088.83,False,15
450,Cunha,MID,30,8,0.56,0.0,16.33,16.03,11.93,18.93,7.05,0.11,0.05,0.99,0.07,0.14,-0.25,80.83,80.33,-617.17,1066126.33,True,2
450,Cunha,MID,31,6,0.36,0.0,16.67,15.6,12.25,17.03,6.99,0.11,0.04,0.99,0.07,0.14,-0.09,83.67,80.33,-9051.17,1059134.17,False,4
450,Cunha,MID,32,1,0.18,0.0,18.74,17.61,12.59,21.39,8.13,0.12,0.06,1.19,0.06,0.29,0.05,84.83,80.33,-20741.17,1063979.17,True,11
450,Cunha,MID,33,7,0.17,0.17,18.47,18.24,15.86,27.97,8.31,0.14,0.07,1.45,0.03,0.27,-0.09,88.5,80.17,-3818.17,1064200.5,False,7
450,Cunha,MID,35,7,0.17,0.35,21.77,22.53,18.16,31.27,7.6,0.15,0.07,1.63,0.19,0.27,-0.25,86.83,80.0,-2059.83,1056776.67,True,12
450,Cunha,MID,36,2,0.17,0.35,23.68,26.84,17.72,32.21,8.18,0.16,0.07,1.73,0.36,0.11,-0.16,86.17,80.17,-25783.17,1058117.67,False,17
450,Cunha,MID,37,9,0.35,0.52,23.15,25.69,17.46,33.08,7.83,0.19,0.08,1.51,0.34,0.1,-0.3,86.17,80.33,-18267.33,1067756.33,True,16
452,Amad,MID,4,2,0.0,0.0,21.99,20.56,21.99,37.84,10.23,0.41,0.06,1.21,-0.41,0.45,-0.19,58.67,64.67,-29199.67,270479.67,False,13
452,Amad,MID,5,2,0.0,0.0,20.3,17.12,23.68,28.08,8.8,0.29,0.23,1.65,-0.29,0.1,0.04,66.5,64.5,-28900.0,257775.0,True,7
452,Amad,MID,7,3,0.0,0.0,17.19,15.12,19.69,24.02,9.35,0.32,0.19,1.34,-0.32,0.07,0.17,71.2,64.2,-27796.8,246143.6,True,17
452,Amad,MID,8,3,0.2,0.0,17.96,15.78,22.68,25.22,9.48,0.38,0.17,1.22,-0.38,0.03,-0.01,74.33,64.0,-27255.67,229288.5,False,12
452,Amad,MID,9,3,0.19,0.19,17.65,16.81,24.04,20.72,9.59,0.36,0.19,1.29,-0.36,0.19,-0.14,78.17,63.67,-28313.33,204431.67,True,6
452,Amad,MID,10,9,0.37,0.18,17.74,14.49,23.56,17.37,9.06,0.32,0.18,1.18,-0.32,0.19,-0.07,81.17,63.33,-20147.33,183105.83,False,16
452,Amad,MID,11,8,0.37,0.18,20.14,21.99,22.55,14.78,9.06,0.23,0.19,1.31,-0.05,-0.01,-0.21,81.17,63.17,-11247.83,169750.5,False,18
452,Amad,MID,12,2,0.37,0.18,22.18,25.69,24.82,13.49,9.61,0.22,0.14,1.02,-0.04,0.23,-0.09,81.17,63.0,-3595.17,163016.67,True,9
452,Amad,MID,13,2,0.37,0.18,23.84,27.35,33.02,18.3,9.06,0.18,0.16,0.98,0.01,0.21,-0.06,81.17,63.0,10527.0,171010.67,False,8
452,Amad,MID,14,2,0.18,0.18,21.25,25.17,31.12,13.31,7.95,0.06,0.14,1.17,0.12,0.23,-0.06,81.17,63.0,13911.17,186064.5,True,19
452,Amad,MID,15,6,0.17,0.0,20.98,22.34,32.51,14.91,7.28,0.06,0.21,1.06,0.11,-0.04,0.15,86.5,63.0,16660.0,204213.0,False,20
452,Amad,MID,16,7,0.0,0.0,22.83,23.57,38.42,17.67,7.17,0.08,0.24,1.0,0.08,0.09,0.34,90.0,63.0,13948.83,219240.67,True,4
452,Amad,MID,22,3,0.0,0.0,21.83,21.33,37.87,24.5,6.33,0.25,0.27,1.0,-0.08,0.06,0.67,90.0,63.0,5839.33,225938.5,True,13
452,Amad,MID,23,2,0.17,0.0,17.33,16.73,31.72,29.0,6.0,0.29,0.23,0.92,-0.12,-0.06,0.42,90.0,62.83,3851.0,217305.83,False,1
452,Amad,MID,24,2,0.17,0.0,16.09,14.75,23.38,23.13,5.7,0.27,0.21,1.08,-0.1,-0.04,0.43,89.5,62.67,56.17,203982.33,True,10
452,Amad,MID,25,2,0.17,0.0,18.77,17.13,22.49,27.32,6.87,0.28,0.23,1.12,-0.11,-0.07,0.56,89.5,62.5,7629.83,199645.0,True,18
452,Amad,MID,26,2,0.34,0.17,17.6,17.26,21.3,29.83,6.54,0.28,0.15,1.07,-0.12,0.01,0.44,89.5,62.33,8587.83,195399.5,False,19
452,Amad,MID,27,1,0.34,0.17,16.26,16.29,14.35,27.15,7.04,0.26,0.12,1.19,-0.09,-0.12,0.32,89.5,62.17,11195.83,193935.17,False,9
452,Amad,MID,28,1,0.36,0.18,13.04,11.07,16.11,19.29,7.5,0.1,0.08,0.95,-0.1,-0.08,-0.06,84.0,62.0,17478.67,198804.5,True,8
452,Amad,MID,29,1,0.21,0.21,16.57,14.77,23.22,19.93,7.76,0.08,0.12,1.04,-0.08,-0.12,0.01,71.5,62.0,15210.17,214500.83,False,15
452,Amad,MID,30,2,0.25,0.25,18.46,16.38,27.81,24.02,8.09,0.09,0.15,1.11,-0.09,-0.15,-0.1,59.33,62.0,5846.0,220592.5,True,2
452,Amad,MID,31,2,0.25,0.25,16.43,13.96,30.03,25.03,7.84,0.1,0.12,0.87,-0.1,-0.12,-0.11,59.33,62.0,-3365.83,217589.17,False,4
452,Amad,MID,32,2,0.0,0.0,17.7,12.24,21.74,24.27,9.35,0.16,0.08,1.2,-0.16,-0.08,0.06,59.33,62.0,-6569.0,210993.83,True,11
452,Amad,MID,33,1,0.0,0.0,16.66,11.61,22.22,26.06,8.06,0.18,0.08,1.52,-0.18,-0.08,0.09,55.83,62.0,-8566.17,202964.0,False,7
452,Amad,MID,34,1,0.0,0.0,18.44,13.12,18.66,29.06,8.44,0.16,0.08,1.75,-0.16,-0.08,0.13,48.0,62.0,-8750.67,194433.0,True,5
452,Amad,MID,35,1,0.0,0.0,15.57,11.15,10.7,28.58,8.77,0.27,0.05,1.77,-0.27,-0.05,-0.07,53.0,62.0,-7750.0,187151.33,True,12
452,Amad,MID,36,3,0.0,0.0,14.44,10.11,12.46,26.05,7.99,0.24,0.04,1.63,-0.24,-0.04,0.17,58.17,62.0,-5426.67,182205.33,False,17
452,Amad,MID,37,2,0.27,0.0,12.7,8.65,8.22,20.0,6.22,0.24,0.04,1.77,-0.24,-0.04,-0.15,55.5,62.0,-3699.0,178800.33,True,16
452,Amad,MID,38,7,0.27,0.0,8.92,7.19,10.86,20.27,4.32,0.2,0.12,1.79,-0.2,-0.12,-0.17,55.5,62.0,-3245.83,176359.83,False,6
453,Garnacho,MID,10,3,0.0,0.0,18.29,17.81,10.44,37.54,4.81,0.13,0.07,1.83,0.35,-0.07,-0.39,46.75,64.0,2106.0,38562.0,False,18
453,Garnacho,MID,11,11,0.36,0.0,20.71,17.29,15.93,39.64,5.71,0.11,0.25,1.38,0.24,-0.25,-0.31,50.4,64.0,2111.6,39852.2,True,20
453,Garnacho,MID,13,1,0.53,0.0,26.05,25.11,23.79,38.68,4.74,0.23,0.45,1.06,0.04,0.08,-0.27,57.0,64.0,5242.17,44736.0,True,1
453,Garnacho,MID,14,1,0.48,0.0,23.7,22.5,19.53,33.75,4.31,0.21,0.4,1.04,0.03,0.08,-0.32,62.67,64.0,-2646.33,57396.83,False,11
453,Garnacho,MID,15,3,0.54,0.0,26.92,26.97,27.87,36.98,4.62,0.22,0.49,1.14,0.05,0.06,-0.32,55.17,64.0,-3201.33,70043.67,False,4
453,Garnacho,MID,16,3,0.75,0.0,24.61,24.76,30.43,36.05,3.73,0.23,0.49,1.26,0.01,0.01,-0.51,60.33,64.0,-7483.33,77626.33,True,9
453,Garnacho,MID,17,1,0.98,0.0,18.05,16.73,29.51,26.1,4.63,0.32,0.47,1.1,-0.32,0.01,-0.61,61.5,64.0,-10262.0,82632.83,False,15
453,Garnacho,MID,18,2,0.69,0.23,14.16,13.93,27.82,27.64,4.57,0.36,0.33,1.54,-0.36,0.13,-0.63,65.67,64.0,-10793.17,87133.83,True,2
453,Garnacho,MID,19,4,0.48,0.24,7.74,4.26,24.46,24.68,5.56,0.25,0.15,1.77,-0.25,-0.15,-0.56,62.0,64.0,-14516.0,87469.33,True,4
453,Garnacho,MID,22,1,0.48,0.24,9.68,9.73,32.83,27.1,5.81,0.25,0.19,2.2,-0.25,0.05,-0.75,62.0,64.0,-7914.33,81355.5,True,5
453,Garnacho,MID,24,1,0.45,0.23,6.77,7.49,25.74,25.71,5.19,0.37,0.14,2.0,-0.37,0.08,-0.87,66.5,64.0,-5946.33,74850.83,True,19
453,Garnacho,MID,25,1,0.24,0.24,7.09,8.27,25.95,26.66,6.11,0.37,0.12,1.95,-0.37,0.13,-0.24,61.33,64.0,-3445.0,71641.33,False,20
453,Garnacho,MID,28,1,0.0,0.27,10.54,9.57,28.3,23.78,5.41,0.24,0.13,2.12,-0.24,0.14,-0.23,55.5,64.0,-726.5,70972.17,False,1
453,Garnacho,MID,31,0,0.0,0.0,16.62,17.08,37.69,24.36,4.3,0.34,0.3,1.21,-0.34,-0.01,-0.06,52.33,64.0,-321.5,64967.33,False,9
453,Garnacho,MID,32,1,0.0,0.3,17.52,17.82,39.8,25.84,5.35,0.18,0.32,1.05,-0.18,-0.02,0.73,50.5,64.0,-1263.17,63361.33,True,13
453,Garnacho,MID,33,2,0.0,0.32,17.62,18.26,39.04,26.58,4.48,0.2,0.34,1.14,-0.2,-0.02,0.46,46.83,64.0,-795.33,61731.0,True,14
453,Garnacho,MID,33,1,0.0,0.28,19.05,18.33,40.47,30.09,5.25,0.21,0.3,0.96,-0.21,-0.02,0.7,54.33,64.0,-290.83,60612.67,False,6
453,Garnacho,MID,37,1,0.0,0.25,15.45,16.28,38.72,30.9,4.66,0.23,0.27,1.06,-0.23,-0.03,0.9,61.17,64.0,40.33,60921.0,True,18
455,Mount,MID,5,1,0.51,0.0,12.71,9.36,35.03,15.76,6.61,0.09,0.22,1.2,-0.09,-0.22,-0.69,59.0,60.0,789.0,31881.33,True,7
455,Mount,MID,6,1,0.45,0.0,12.73,8.64,31.36,14.09,6.36,0.08,0.2,1.21,-0.08,-0.2,-0.3,49.5,59.75,-673.25,29759.0,False,5
455,Mount,MID,8,3,0.66,0.0,20.26,19.33,28.03,18.6,6.31,0.11,0.17,1.04,0.22,-0.17,-0.04,45.17,59.5,-594.83,28088.83,False,12
455,Mount,MID,14,1,0.63,0.0,25.17,27.13,16.3,21.4,6.61,0.17,0.15,1.18,0.46,-0.15,0.08,47.67,59.0,307.33,29531.33,True,19
455,Mount,MID,15,7,0.62,0.0,24.6,26.28,16.01,20.55,6.85,0.17,0.15,1.25,0.45,-0.15,0.0,48.17,59.0,2397.67,32918.33,False,20
455,Mount,MID,16,2,0.29,0.0,21.04,23.32,13.0,19.58,6.43,0.28,0.15,1.16,0.3,-0.15,0.3,51.33,59.0,2683.17,36361.5,True,4
455,Mount,MID,17,2,0.0,0.0,22.22,24.38,18.71,22.5,6.84,0.26,0.17,1.24,0.31,-0.17,1.04,52.67,59.0,6005.5,43189.67,False,2
455,Mount,MID,18,1,0.0,0.0,18.79,20.55,18.02,21.11,6.96,0.24,0.11,1.26,0.22,-0.11,0.59,64.67,59.0,10447.67,54297.17,True,15
455,Mount,MID,21,1,0.0,0.0,18.56,21.34,19.02,16.7,7.42,0.21,0.1,1.29,0.25,-0.1,0.56,64.67,59.0,16781.5,72578.33,False,3
455,Mount,MID,22,1,0.0,0.0,14.59,15.74,21.39,16.24,7.43,0.23,0.13,1.07,0.05,-0.13,1.13,54.5,59.0,14340.0,77428.83,True,13
455,Mount,MID,31,1,0.0,0.0,15.09,16.12,21.76,16.8,7.12,0.23,0.13,1.01,0.05,-0.13,0.99,52.67,59.0,10857.33,78665.0,False,4
456,Sancho,MID,25,5,0.29,0.0,10.45,8.19,16.03,16.84,4.35,0.02,0.07,1.5,-0.02,-0.07,-0.63,51.67,58.0,429.5,24516.0,False,4
456,Sancho,MID,26,1,0.25,0.0,14.2,12.52,19.55,12.68,5.07,0.03,0.07,1.68,-0.03,0.19,-0.67,59.17,58.0,551.17,25367.0,True,6
456,Sancho,MID,27,1,0.25,0.0,13.47,11.95,25.22,14.49,4.07,0.06,0.17,1.32,-0.06,0.08,-0.81,59.0,58.0,828.67,26522.17,True,11
456,Sancho,MID,28,1,0.25,0.0,14.67,13.82,31.62,15.66,4.48,0.05,0.22,1.47,-0.05,0.03,-0.98,60.33,58.0,1006.33,27834.5,False,20
456,Sancho,MID,29,1,0.0,0.0,14.12,14.17,34.13,16.89,4.79,0.05,0.22,1.32,-0.05,0.03,-0.82,59.5,58.0,1000.83,29149.17,True,7
456,Sancho,MID,31,6,0.0,0.0,15.74,16.95,44.25,18.5,4.14,0.06,0.28,1.29,-0.06,-0.0,-0.46,54.33,58.0,738.83,30091.33,True,19
456,Sancho,MID,33,1,0.28,0.0,18.51,20.85,46.08,17.37,4.27,0.06,0.29,1.39,-0.06,0.28,-0.82,52.67,58.0,613.5,30484.83,True,17
457,Casemiro,MID,4,1,0.0,0.48,18.77,11.36,9.58,2.89,8.66,0.06,0.02,1.54,-0.06,0.46,-0.1,62.33,55.0,-1253.33,21555.67,False,13
457,Casemiro,MID,5,3,0.0,0.46,17.36,10.87,9.73,6.85,9.14,0.28,0.03,1.54,-0.28,0.43,-0.17,49.25,55.0,-958.5,23027.25,True,7
457,Casemiro,MID,7,4,0.0,0.37,19.76,19.61,12.29,18.29,8.41,0.35,0.03,1.25,0.01,0.34,0.22,49.2,55.0,-1060.2,23945.2,True,17
457,Casemiro,MID,8,0,0.27,0.55,17.73,18.71,10.17,14.45,10.09,0.28,0.02,1.07,-0.01,0.25,0.02,55.0,55.0,-716.5,24337.67,False,12
457,Casemiro,MID,9,15,0.28,0.84,15.33,18.67,7.66,14.77,10.31,0.29,0.02,1.05,-0.01,0.26,-0.21,53.83,55.0,-628.0,26252.0,True,6
457,Casemiro,MID,10,12,0.53,0.53,24.88,33.09,11.57,15.88,11.12,0.28,0.02,0.91,0.25,0.51,-0.11,56.67,55.0,-262.17,27267.5,False,16
457,Casemiro,MID,11,5,0.5,0.5,28.33,42.92,17.72,21.81,12.53,0.29,0.09,1.04,0.46,0.17,-0.29,59.83,55.0,3522.83,32038.83,False,18
457,Casemiro,MID,12,0,0.64,0.43,27.21,39.43,16.11,17.14,12.86,0.14,0.07,0.96,0.5,0.14,-0.32,70.0,55.0,14875.67,48764.83,True,9
457,Casemiro,MID,13,4,0.63,0.63,24.18,32.43,17.41,10.51,12.41,0.08,0.09,0.98,0.34,0.12,-0.35,71.33,55.0,24020.33,75561.83,False,8
457,Casemiro,MID,14,8,0.41,0.41,24.68,33.01,16.86,19.29,12.65,0.2,0.09,1.25,0.22,0.12,-0.42,72.33,55.0,22324.67,99050.67,True,19
457,Casemiro,MID,15,2,0.39,0.19,26.4,33.73,15.94,20.24,13.3,0.19,0.08,1.12,0.19,0.3,-0.16,77.83,55.0,23000.83,123978.67,False,20
457,Casemiro,MID,16,6,0.19,0.19,19.71,23.76,15.4,19.71,12.51,0.19,0.08,1.06,-0.0,0.11,0.07,79.17,55.0,24602.5,150773.0,True,4
457,Casemiro,MID,18,3,0.2,0.4,17.6,21.84,11.79,25.69,11.53,0.27,0.04,1.02,-0.06,0.16,0.39,74.17,55.0,15629.5,167655.17,True,15
457,Casemiro,MID,19,6,0.21,0.41,18.25,22.31,11.16,27.37,11.61,0.32,0.04,0.99,-0.11,0.17,0.46,72.33,55.0,5924.17,168240.5,True,20
457,Casemiro,MID,20,7,0.19,0.19,20.62,25.25,11.18,24.48,12.72,0.28,0.06,1.1,-0.09,0.13,0.25,77.83,55.0,4197.67,167475.0,False,11
457,Casemiro,MID,21,4,0.19,0.19,23.32,27.52,20.62,16.96,13.1,0.17,0.14,0.92,0.03,0.05,0.43,77.83,55.0,7479.67,170557.83,False,3
457,Casemiro,MID,22,3,0.2,0.2,23.0,28.64,30.44,18.8,13.4,0.21,0.21,0.84,-0.01,-0.21,0.76,75.0,55.0,7519.5,172888.33,True,13
457,Casemiro,MID,23,2,0.4,0.2,22.85,28.01,27.58,24.04,13.11,0.32,0.21,0.84,-0.12,-0.21,0.55,75.5,55.0,1812.67,168910.17,False,1
457,Casemiro,MID,24,13,0.37,0.0,20.12,23.07,26.4,12.48,13.04,0.2,0.24,0.75,-0.2,-0.24,0.37,80.5,55.0,6779.0,170641.83,True,10
457,Casemiro,MID,25,3,0.36,0.18,24.27,31.51,28.3,16.84,12.49,0.19,0.25,0.85,-0.01,-0.07,0.24,82.83,55.0,5652.5,176887.0,True,18
457,Casemiro,MID,26,2,0.55,0.18,23.18,32.28,30.45,24.1,11.68,0.24,0.29,0.73,-0.05,-0.11,0.18,82.17,55.17,9960.0,186672.5,False,19
457,Casemiro,MID,27,5,0.55,0.18,19.9,30.12,22.97,23.91,10.22,0.23,0.21,0.77,-0.05,-0.03,0.15,82.17,55.33,16494.33,204740.0,False,9
457,Casemiro,MID,28,4,0.71,0.18,19.76,29.96,19.15,20.12,10.41,0.18,0.16,0.81,-0.01,0.01,-0.28,85.0,55.5,18579.5,224358.17,True,8
457,Casemiro,MID,29,8,0.52,0.17,20.08,30.15,21.58,21.12,11.25,0.14,0.17,0.8,0.04,-0.0,-0.11,86.67,55.67,24798.17,250662.67,False,15
457,Casemiro,MID,30,6,0.55,0.18,23.33,35.93,20.87,25.53,11.76,0.16,0.14,0.88,0.21,0.04,-0.33,81.67,55.83,25078.67,276815.17,True,2
457,Casemiro,MID,31,1,0.36,0.18,20.81,31.27,20.1,26.32,11.03,0.14,0.16,0.87,0.21,-0.16,-0.16,84.33,56.0,30181.67,308524.33,False,4
457,Casemiro,MID,32,9,0.18,0.36,19.4,28.89,16.17,19.94,11.14,0.1,0.1,1.1,0.26,-0.1,-0.02,83.5,56.17,28252.0,347309.67,True,11
457,Casemiro,MID,33,5,0.18,0.36,24.25,34.56,23.32,27.49,11.32,0.14,0.11,1.32,0.4,-0.11,-0.07,83.5,56.33,22015.5,369756.67,False,7
457,Casemiro,MID,34,12,0.18,0.36,24.25,39.31,18.31,27.31,12.75,0.14,0.1,1.49,0.4,-0.1,-0.24,83.5,56.5,17967.0,385661.67,True,5
457,Casemiro,MID,35,4,0.18,0.36,29.64,49.83,15.68,26.23,14.73,0.11,0.08,1.68,0.61,-0.08,-0.43,83.5,56.67,29297.67,427268.33,True,12
457,Casemiro,MID,37,1,0.17,0.34,26.44,46.54,18.25,25.08,15.59,0.12,0.08,1.51,0.39,-0.08,-0.16,88.5,57.0,45947.5,474568.83,True,16
458,Mainoo,MID,25,6,0.28,0.0,18.44,22.24,16.95,4.95,9.63,0.03,0.02,1.16,-0.03,0.25,0.22,54.5,46.17,4538.67,57540.67,True,18
458,Mainoo,MID,26,2,0.44,0.0,20.22,26.0,26.0,5.33,9.33,0.02,0.06,1.03,-0.02,0.38,0.08,67.5,46.0,7160.33,64904.83,False,19
458,Mainoo,MID,27,3,0.39,0.0,19.12,21.86,22.42,4.64,9.08,0.02,0.06,1.0,-0.02,0.33,-0.03,77.67,46.0,16330.5,82433.33,False,9
458,Mainoo,MID,28,2,0.5,0.0,18.17,21.5,20.2,3.83,8.83,0.01,0.06,0.96,-0.01,0.28,-0.13,90.0,46.0,20301.17,103200.83,True,8
458,Mainoo,MID,29,2,0.33,0.0,17.5,20.83,25.78,3.17,9.0,0.02,0.07,0.95,-0.02,0.26,0.05,90.0,46.0,20866.67,124413.33,False,15
458,Mainoo,MID,30,4,0.34,0.0,17.49,18.51,22.87,4.46,9.26,0.02,0.07,1.09,-0.02,0.1,-0.23,87.5,46.0,18368.33,142928.33,True,2
458,Mainoo,MID,31,2,0.34,0.0,17.66,17.04,22.89,3.77,9.77,0.01,0.07,0.93,-0.01,0.1,-0.25,87.5,46.0,14754.33,157928.67,False,4
458,Mainoo,MID,33,4,0.17,0.0,14.91,13.13,16.05,2.74,9.94,0.01,0.05,1.16,-0.01,-0.05,-0.13,87.5,46.0,11198.33,166206.33,False,7
458,Mainoo,MID,34,4,0.34,0.17,15.26,14.71,14.86,2.4,10.29,0.01,0.05,1.24,-0.01,-0.05,-0.38,87.5,46.17,-1622.33,161857.17,True,5
458,Mainoo,MID,35,9,0.17,0.17,16.97,16.18,15.6,3.43,11.14,0.01,0.1,1.38,-0.01,-0.1,-0.35,87.5,46.33,-5745.83,155302.17,True,12
458,Mainoo,MID,36,5,0.17,0.17,21.43,20.88,10.17,4.46,11.14,0.02,0.09,1.46,0.16,-0.09,-0.26,87.5,46.5,-6708.5,148050.17,False,17
458,Mainoo,MID,37,4,0.33,0.17,20.83,22.4,9.68,3.5,11.83,0.02,0.08,1.32,0.14,-0.08,-0.32,90.0,46.67,-2269.17,145639.67,True,16
458,Mainoo,MID,38,2,0.33,0.17,21.0,22.57,12.77,3.83,11.33,0.02,0.08,1.47,0.14,-0.08,-0.3,90.0,46.83,1434.0,146709.33,False,6
459,Ugarte,MID,7,1,0.0,0.0,16.85,13.25,9.23,0.77,13.02,0.02,0.01,2.07,-0.02,-0.01,0.61,47.0,49.4,-825.8,16963.8,True,17
459,Ugarte,MID,20,4,0.33,0.33,19.24,15.52,7.92,3.59,14.35,0.01,0.02,1.58,-0.01,-0.02,0.7,46.0,47.33,714.83,18174.0,False,11
459,Ugarte,MID,21,2,0.25,0.25,17.65,14.12,6.78,4.54,14.12,0.04,0.02,1.37,-0.04,-0.02,0.4,59.5,47.17,808.83,18864.83,False,3
459,Ugarte,MID,22,1,0.21,0.21,16.64,12.71,7.32,6.4,12.8,0.06,0.03,1.11,-0.06,-0.03,0.38,70.33,47.0,994.83,19841.67,True,13
459,Ugarte,MID,24,1,0.22,0.22,16.58,13.18,6.87,6.46,13.56,0.06,0.02,1.06,-0.06,-0.02,0.23,69.67,47.0,909.5,20803.83,True,10
459,Ugarte,MID,25,1,0.25,0.0,18.2,15.61,7.5,7.48,14.46,0.06,0.02,1.14,-0.06,-0.02,0.35,60.17,47.0,707.17,21509.33,True,18
459,Ugarte,MID,29,1,0.0,0.0,19.38,15.11,6.27,9.2,14.12,0.09,0.03,1.12,-0.09,-0.03,0.85,45.67,47.0,448.0,21883.67,False,15
485,Gordon,MID,7,3,0.89,0.0,5.76,8.16,15.78,42.12,5.32,0.48,0.03,0.81,-0.48,-0.03,0.52,67.67,74.67,6705.33,163752.67,True,16
485,Gordon,MID,8,2,0.99,0.0,7.28,7.35,12.37,33.75,4.63,0.4,0.03,0.66,-0.4,-0.03,0.33,68.0,74.5,39495.5,192822.75,False,6
485,Gordon,MID,9,2,0.79,0.0,7.13,8.5,17.37,28.77,4.49,0.34,0.06,0.73,-0.34,-0.06,0.32,68.2,74.4,46250.6,224586.8,True,10
485,Gordon,MID,10,1,0.65,0.0,8.44,7.7,20.44,25.75,4.54,0.28,0.14,0.93,-0.28,-0.14,0.15,69.33,74.5,45064.0,252967.5,False,19
485,Gordon,MID,13,1,0.49,0.0,9.46,8.59,20.09,21.59,4.61,0.19,0.16,1.06,-0.19,-0.16,0.64,61.83,74.5,44223.0,293923.67,False,9
485,Gordon,MID,14,6,0.55,0.0,13.29,9.8,19.91,12.18,4.43,0.09,0.17,1.2,-0.09,-0.17,-0.09,54.17,74.0,40733.33,287940.67,True,18
485,Gordon,MID,15,10,0.32,0.0,16.86,19.4,22.04,17.17,3.5,0.33,0.23,1.0,-0.02,-0.23,0.9,47.17,73.67,38188.67,297590.0,True,3
485,Gordon,MID,16,1,0.31,0.0,23.83,30.79,30.23,22.89,4.39,0.56,0.38,1.11,0.07,-0.38,0.77,47.83,73.33,23517.17,292459.17,False,17
485,Gordon,MID,17,10,0.33,0.0,25.11,30.33,22.73,21.52,5.54,0.55,0.35,0.98,0.1,-0.35,0.98,46.0,73.0,28308.83,291014.83,True,7
485,Gordon,MID,18,2,0.33,0.0,34.08,40.9,24.25,36.4,6.29,0.88,0.33,0.83,-0.22,0.33,1.49,45.33,72.67,19035.17,277665.17,False,14
485,Gordon,MID,19,5,0.28,0.0,30.95,37.31,33.08,32.08,5.96,0.79,0.36,1.0,-0.22,0.21,0.7,52.83,72.33,48904.83,299950.33,False,3
485,Gordon,MID,20,2,0.23,0.0,27.34,31.17,27.16,27.57,6.15,0.66,0.29,1.01,-0.2,0.39,0.59,65.83,72.67,78217.67,397970.67,True,8
485,Gordon,MID,21,1,0.42,0.21,21.2,21.33,25.61,22.45,6.24,0.43,0.26,0.96,-0.23,0.36,0.07,72.17,73.0,97397.67,497416.0,True,11
485,Gordon,MID,22,3,0.2,0.41,15.14,13.21,23.44,20.86,5.52,0.27,0.25,1.2,-0.27,0.36,0.43,73.33,73.33,93363.17,589756.67,False,20
485,Gordon,MID,23,2,0.4,0.4,16.27,13.54,29.05,20.49,5.02,0.26,0.27,1.19,-0.26,0.34,0.22,74.67,73.83,64839.67,654529.0,True,2
485,Gordon,MID,24,6,0.41,0.41,10.66,8.41,29.95,11.28,3.9,0.18,0.27,1.13,-0.18,-0.07,0.1,73.17,74.0,49699.5,706151.83,False,12
485,Gordon,MID,26,5,0.41,0.62,13.74,13.69,22.26,16.4,3.69,0.19,0.22,1.33,0.02,-0.01,0.51,73.17,74.0,-9932.67,690947.5,False,18
485,Gordon,MID,27,2,0.4,0.6,13.69,15.7,23.9,19.53,3.02,0.27,0.23,1.43,-0.06,-0.03,0.38,74.5,73.67,-52476.83,608433.0,False,13
485,Gordon,MID,28,2,0.19,0.39,14.22,15.7,22.66,25.13,2.53,0.3,0.21,1.46,-0.1,-0.02,0.68,77.0,73.33,-69148.17,527870.5,True,9
485,Gordon,MID,29,7,0.19,0.19,15.42,16.19,21.45,25.82,2.7,0.3,0.13,1.51,-0.1,0.06,0.61,77.83,73.0,-62725.83,454786.67,True,14
485,Gordon,MID,30,11,0.0,0.19,16.89,21.56,19.26,31.73,3.15,0.53,0.13,1.63,-0.16,0.06,0.6,80.83,72.5,-52194.33,392032.33,False,7
485,Gordon,MID,31,10,0.18,0.18,21.93,27.26,12.54,34.21,4.21,0.61,0.06,1.67,-0.08,0.12,0.26,85.5,72.17,-29912.33,351912.67,True,17
485,Gordon,MID,32,3,0.18,0.0,22.54,27.23,13.56,32.05,4.76,0.65,0.06,1.54,-0.12,0.12,-0.13,85.17,72.17,85874.33,525126.17,False,8
486,Elanga,MID,4,1,0.46,0.0,9.23,8.77,20.95,17.08,2.31,0.26,0.06,0.43,-0.26,-0.06,0.95,65.0,70.0,42550.0,896968.0,True,20
486,Elanga,MID,5,1,0.44,0.0,10.54,8.43,20.55,16.24,2.2,0.25,0.06,0.45,-0.25,-0.06,0.86,51.25,70.0,12308.5,918545.0,False,4
486,Elanga,MID,6,1,0.39,0.0,11.2,8.73,18.35,15.06,3.09,0.22,0.05,0.45,-0.22,-0.05,0.71,46.6,70.0,-28292.6,892836.0,True,1
486,Elanga,MID,23,1,0.0,0.0,12.77,11.94,8.62,10.85,3.51,0.11,0.04,1.05,-0.11,0.28,0.55,47.0,65.83,-8315.67,377327.83,True,2
486,Elanga,MID,25,1,0.0,0.0,9.72,6.02,7.09,8.47,3.45,0.11,0.03,1.44,-0.11,-0.03,0.44,47.83,65.5,-5896.83,357137.17,True,5
486,Elanga,MID,28,1,0.0,0.0,11.89,9.0,24.65,11.04,3.96,0.04,0.25,1.53,-0.04,-0.25,0.73,53.0,65.0,-1505.83,336586.33,True,9
486,Elanga,MID,29,2,0.0,0.0,11.57,8.69,21.88,11.83,4.11,0.04,0.23,1.66,-0.04,-0.23,0.91,58.33,65.0,-135.0,336735.0,True,14
486,Elanga,MID,30,1,0.0,0.0,11.75,9.0,24.56,11.53,4.66,0.03,0.26,1.58,-0.03,-0.26,0.63,67.67,65.0,-223.17,336740.17,False,7
486,Elanga,MID,31,2,0.0,0.0,11.71,9.36,26.4,13.53,4.68,0.04,0.3,1.43,-0.04,-0.3,0.4,57.67,65.0,59.67,337067.17,True,17
486,Elanga,MID,32,1,0.0,0.0,10.85,6.81,16.25,12.33,4.68,0.05,0.14,1.51,-0.05,-0.14,0.21,60.83,65.0,1299.83,340523.33,False,8
486,Elanga,MID,33,2,0.0,0.0,12.02,5.18,11.62,11.71,4.32,0.06,0.1,1.45,-0.06,-0.1,0.39,48.67,65.0,1950.33,342784.17,True,4
486,Elanga,MID,34,1,0.0,0.0,13.04,6.85,12.78,11.41,4.57,0.06,0.11,1.96,-0.06,-0.11,-0.33,46.0,65.0,1820.5,344743.17,False,1
487,Barnes,MID,4,3,0.48,0.0,13.06,9.77,35.61,15.0,3.39,0.13,0.34,0.29,-0.13,-0.34,0.68,62.0,65.0,21778.33,90087.33,True,20
487,Barnes,MID,5,1,0.68,0.0,10.53,6.86,26.39,15.28,3.74,0.13,0.27,0.34,-0.13,-0.27,0.34,66.25,65.0,14207.25,101168.75,False,4
487,Barnes,MID,6,1,0.61,0.0,9.83,6.2,24.11,15.05,3.99,0.11,0.25,0.35,-0.11,-0.25,0.26,58.6,65.0,6902.8,101667.6,True,1
487,Barnes,MID,7,1,0.61,0.0,10.41,6.18,24.03,15.0,3.98,0.11,0.24,0.43,-0.11,-0.24,0.49,49.0,65.0,82.33,96279.33,True,16
487,Barnes,MID,14,3,0.0,0.0,25.16,38.9,17.44,43.82,4.14,0.62,0.13,1.68,0.27,-0.13,-0.2,50.67,63.33,21051.5,76741.0,True,18
487,Barnes,MID,16,1,0.26,0.0,23.47,34.35,18.31,41.26,4.64,0.59,0.14,1.52,0.18,-0.14,-0.49,58.17,63.33,36101.83,114626.17,False,17
487,Barnes,MID,17,1,0.26,0.0,22.56,33.49,16.82,40.0,4.62,0.59,0.13,1.48,0.18,-0.13,-0.45,58.5,63.33,14409.67,140981.0,True,7
487,Barnes,MID,18,1,0.26,0.0,23.28,34.27,16.85,40.81,5.23,0.64,0.13,1.21,0.14,-0.13,-0.42,57.33,63.17,7203.17,161112.67,False,14
487,Barnes,MID,19,2,0.31,0.0,20.48,30.41,19.68,42.83,5.28,0.67,0.18,1.36,-0.05,-0.18,-0.74,48.33,63.0,4292.17,178381.0,False,3
487,Barnes,MID,20,1,0.32,0.0,10.07,11.24,18.97,35.42,6.17,0.33,0.11,0.97,-0.33,-0.11,-0.32,46.17,62.67,2815.17,194746.83,True,8
487,Barnes,MID,23,2,0.28,0.0,26.6,31.64,21.71,48.68,6.51,0.37,0.12,1.13,0.2,-0.12,0.0,53.0,61.33,-2274.83,156793.17,True,2
487,Barnes,MID,24,2,0.23,0.0,22.38,25.98,21.0,42.46,5.77,0.39,0.1,1.15,0.07,-0.1,0.24,65.0,61.17,7226.17,165276.17,False,12
487,Barnes,MID,25,2,0.2,0.0,19.84,22.62,16.57,38.25,5.52,0.35,0.08,1.31,0.06,-0.08,0.53,73.33,61.0,7080.67,173220.5,True,5
487,Barnes,MID,26,2,0.2,0.0,16.47,19.1,14.08,31.76,5.49,0.34,0.08,1.42,0.05,-0.08,0.74,76.5,61.0,9209.5,183359.83,False,18
487,Barnes,MID,27,0,0.17,0.0,15.17,15.59,10.5,26.03,5.17,0.26,0.04,1.55,0.08,-0.04,0.52,87.0,61.0,7241.67,190642.5,False,13
487,Barnes,MID,28,1,0.19,0.19,6.04,3.55,10.69,19.09,4.48,0.24,0.04,1.49,-0.24,-0.04,0.26,77.0,61.0,3699.5,194611.5,True,9
487,Barnes,MID,29,1,0.0,0.22,3.99,3.01,9.86,23.28,4.66,0.29,0.05,1.87,-0.29,-0.05,0.35,67.67,61.0,-8509.17,185770.33,True,14
487,Barnes,MID,30,3,0.0,0.25,5.24,3.69,7.83,32.41,4.49,0.25,0.05,2.0,-0.25,-0.05,0.24,60.17,61.0,-12443.33,173627.0,False,7
487,Barnes,MID,31,2,0.24,0.24,6.17,4.46,10.09,30.16,4.51,0.23,0.06,1.76,-0.23,-0.06,-0.33,63.17,61.0,-9149.17,165239.0,True,17
487,Barnes,MID,32,1,0.25,0.25,8.41,5.88,12.76,29.92,4.2,0.17,0.05,1.72,-0.17,-0.05,-0.73,60.67,61.0,-7869.33,159589.83,False,8
487,Barnes,MID,33,2,0.31,0.31,7.37,4.98,13.67,26.72,3.69,0.13,0.06,1.92,-0.13,-0.06,-0.38,48.83,61.0,-5026.5,155362.0,True,4
487,Barnes,MID,34,1,0.25,0.0,6.63,3.82,11.83,25.75,4.59,0.15,0.06,2.21,-0.15,-0.06,-0.42,58.83,61.0,-3277.17,151866.5,False,1
487,Barnes,MID,35,6,0.26,0.0,7.35,4.88,12.41,21.25,4.72,0.12,0.06,2.07,-0.12,-0.06,-0.5,57.17,61.0,-3493.0,148414.0,True,6
487,Barnes,MID,36,7,0.28,0.0,12.66,13.84,13.22,15.47,5.06,0.13,0.06,2.16,0.15,-0.06,-0.75,53.33,61.0,-1690.67,147021.0,False,16
488,Bruno G.,MID,4,2,0.67,0.33,15.67,17.4,13.5,6.33,9.33,0.06,0.06,0.53,0.28,-0.06,0.47,90.0,65.0,14498.67,198856.33,True,20
488,Bruno G.,MID,6,2,0.75,0.5,14.0,14.85,18.2,6.25,9.75,0.06,0.06,0.52,0.19,-0.06,0.23,90.0,65.0,16718.25,225140.75,True,1
488,Bruno G.,MID,7,14,0.6,0.4,13.2,13.76,19.82,5.4,8.6,0.05,0.09,0.83,0.15,-0.09,0.17,90.0,65.0,5423.0,229663.8,True,16
488,Bruno G.,MID,8,2,0.67,0.33,19.67,18.9,19.23,7.33,8.33,0.05,0.09,0.74,0.28,0.07,0.1,90.0,65.0,2987.67,232026.0,False,6
488,Bruno G.,MID,9,10,0.5,0.34,20.36,20.29,18.39,11.78,8.41,0.11,0.11,0.86,0.22,0.05,0.31,89.17,65.0,8148.67,251964.5,True,10
488,Bruno G.,MID,10,4,0.5,0.17,23.21,21.8,24.88,13.12,8.07,0.22,0.13,1.0,0.12,0.04,-0.16,89.17,65.0,13624.67,273939.67,False,19
488,Bruno G.,MID,11,4,0.34,0.34,24.73,25.67,31.59,13.63,8.24,0.23,0.13,1.18,0.11,0.21,0.16,89.17,65.0,25350.33,305623.33,False,5
488,Bruno G.,MID,12,10,0.17,0.17,26.24,27.19,26.81,13.79,8.58,0.22,0.13,1.43,0.12,0.21,0.42,89.17,65.17,24386.83,331731.0,True,13
488,Bruno G.,MID,13,4,0.17,0.17,28.93,29.51,25.55,14.64,9.08,0.29,0.1,1.51,0.04,0.58,0.17,89.17,65.33,27016.17,362552.33,False,9
488,Bruno G.,MID,14,7,0.0,0.17,23.6,25.28,24.52,11.8,10.28,0.28,0.09,1.62,-0.11,0.42,0.23,89.0,65.5,43466.33,412039.17,True,18
488,Bruno G.,MID,15,10,0.0,0.18,27.69,31.45,26.51,11.11,9.84,0.25,0.06,1.66,0.11,0.49,0.35,82.33,65.83,68668.83,485928.33,True,3
488,Bruno G.,MID,16,1,0.0,0.18,28.6,31.74,21.46,11.3,9.47,0.13,0.09,1.67,0.23,0.46,0.33,82.33,66.33,150853.17,650436.17,False,17
488,Bruno G.,MID,17,2,0.0,0.18,28.06,30.9,16.41,13.3,9.66,0.14,0.09,1.41,0.22,0.28,0.23,82.33,67.17,239657.0,891987.17,True,7
488,Bruno G.,MID,18,2,0.0,0.18,27.51,29.73,18.86,12.02,8.93,0.13,0.1,1.27,0.23,0.26,0.19,82.33,67.83,225711.5,1114759.33,False,14
488,Bruno G.,MID,19,10,0.0,0.18,25.51,28.79,20.15,18.58,8.74,0.06,0.13,1.04,0.3,-0.13,0.41,82.33,68.5,214980.33,1322437.33,False,3
488,Bruno G.,MID,20,10,0.0,0.18,30.18,35.82,26.76,26.36,8.0,0.15,0.15,1.07,0.39,-0.15,0.39,82.5,69.17,198692.67,1521428.5,True,8
488,Bruno G.,MID,21,11,0.17,0.17,30.67,34.93,25.57,27.17,9.0,0.17,0.17,1.03,0.33,-0.17,-0.03,90.0,69.67,223096.33,1749904.33,True,11
488,Bruno G.,MID,22,3,0.17,0.17,30.17,39.43,32.5,26.0,8.83,0.28,0.19,1.08,0.22,-0.03,0.26,90.0,70.17,203098.67,1951971.0,False,20
488,Bruno G.,MID,25,11,0.33,0.0,29.67,38.67,37.33,28.17,8.0,0.29,0.25,1.08,0.21,-0.08,0.09,90.0,70.5,182286.0,2141428.5,True,5
488,Bruno G.,MID,26,3,0.33,0.0,33.33,46.57,41.5,31.67,8.17,0.42,0.28,1.17,0.24,0.05,0.16,90.0,70.67,102822.5,2110785.17,False,18
488,Bruno G.,MID,33,1,0.33,0.17,34.33,46.73,45.45,24.83,9.17,0.41,0.32,1.22,0.25,0.01,0.12,90.0,70.67,115723.0,2101999.83,True,4
488,Bruno G.,MID,34,2,0.38,0.19,31.63,43.87,45.58,26.17,9.23,0.41,0.36,1.3,0.16,0.02,0.2,79.67,70.33,114475.0,1906251.67,False,1
488,Bruno G.,MID,35,6,0.19,0.19,27.08,37.79,48.58,20.06,8.38,0.38,0.36,1.28,0.01,0.03,0.47,77.0,70.0,62868.5,1655161.67,True,6
488,Bruno G.,MID,36,6,0.19,0.19,23.77,27.74,40.34,16.75,9.35,0.23,0.32,1.21,-0.04,0.07,0.15,77.0,69.5,5610.0,1343326.17,False,16
488,Bruno G.,MID,37,4,0.0,0.19,25.52,29.84,39.18,22.4,10.91,0.28,0.31,1.37,-0.09,0.08,0.19,77.0,68.83,-79889.5,945136.83,True,19
488,Bruno G.,MID,38,1,0.0,0.19,21.43,22.68,32.75,22.6,11.49,0.15,0.33,1.2,-0.15,-0.13,-0.04,77.0,68.5,35288.0,811498.0,False,10
489,J.Murphy,MID,5,3,1.1,0.0,14.36,17.01,11.54,43.07,2.76,0.5,0.17,0.63,-0.5,0.39,-0.63,54.33,63.67,-18791.33,178795.67,False,4
489,J.Murphy,MID,6,3,1.21,0.0,13.66,14.95,11.13,40.98,2.81,0.39,0.14,0.63,-0.39,0.26,-0.63,56.0,63.5,-13823.5,169177.75,True,1
489,J.Murphy,MID,7,1,1.25,0.0,12.46,12.08,8.72,33.94,3.11,0.33,0.11,0.98,-0.33,0.2,-0.98,57.8,63.4,-13727.8,160676.0,True,16
489,J.Murphy,MID,8,1,1.17,0.0,16.02,14.27,16.28,35.24,3.2,0.37,0.19,0.95,-0.37,0.1,-0.95,51.5,63.17,-11601.5,155226.17,False,6
489,J.Murphy,MID,9,8,1.05,0.0,15.79,14.58,19.66,32.89,2.89,0.37,0.2,0.91,-0.37,0.07,-0.64,57.0,62.67,-13566.0,133750.5,True,10
489,J.Murphy,MID,10,8,0.79,0.0,21.91,23.86,20.09,39.33,3.7,0.48,0.2,1.1,-0.22,0.06,-0.58,56.83,62.5,-8512.67,126426.17,False,19
489,J.Murphy,MID,11,2,0.55,0.0,25.32,28.62,19.87,38.81,3.85,0.34,0.15,1.14,0.21,-0.15,-0.04,54.5,62.17,-3059.5,124704.17,False,5
489,J.Murphy,MID,12,2,0.26,0.0,25.0,27.53,21.74,31.84,3.68,0.31,0.15,1.2,0.21,-0.15,0.12,57.0,61.83,259.67,126062.33,True,13
489,J.Murphy,MID,14,3,0.0,0.0,26.98,29.62,31.68,27.96,3.68,0.27,0.24,1.34,0.22,-0.24,0.13,61.17,61.5,1337.17,128072.0,True,18
489,J.Murphy,MID,16,1,0.22,0.0,23.59,27.31,32.46,27.09,4.15,0.25,0.17,1.25,0.19,-0.17,0.06,68.67,61.33,212.0,128592.0,False,17
489,J.Murphy,MID,17,2,0.23,0.0,23.52,27.81,31.75,26.68,4.3,0.23,0.16,1.26,0.23,-0.16,-0.13,66.33,61.17,-1729.17,126993.33,True,7
489,J.Murphy,MID,18,2,0.22,0.0,20.85,21.51,39.67,13.39,3.95,0.11,0.26,1.15,0.11,-0.26,0.16,68.33,60.83,-1689.33,125531.0,False,14
489,J.Murphy,MID,19,1,0.22,0.0,19.08,15.26,42.42,7.41,4.04,0.07,0.29,1.23,-0.07,-0.29,-0.11,66.83,60.67,-3660.33,121741.0,False,3
489,J.Murphy,MID,20,3,0.26,0.0,18.89,16.16,45.31,8.66,4.46,0.15,0.33,1.25,-0.15,-0.33,-0.2,57.17,60.5,-6165.5,115599.0,True,8
489,J.Murphy,MID,21,1,0.53,0.0,14.82,13.13,37.35,10.85,4.76,0.15,0.25,0.79,-0.15,-0.25,0.0,56.67,60.33,-5412.17,110423.0,True,11
489,J.Murphy,MID,24,1,0.32,0.0,14.58,11.15,30.14,6.65,4.12,0.11,0.28,0.86,-0.11,-0.28,0.09,47.33,60.17,-5416.83,105190.33,False,12
489,J.Murphy,MID,25,0,0.33,0.0,15.0,10.6,27.8,6.33,4.33,0.11,0.29,0.98,-0.11,-0.29,0.36,45.0,59.83,-2065.0,100709.0,True,5
489,J.Murphy,MID,35,8,0.31,0.31,9.28,8.41,6.87,8.04,6.49,0.06,0.02,1.9,-0.06,-0.02,-0.36,48.5,59.0,215.67,81217.83,True,6
489,J.Murphy,MID,36,3,0.26,0.26,13.81,13.81,14.45,6.65,6.65,0.05,0.05,1.75,-0.05,0.2,-0.22,58.67,59.0,160.83,81470.0,False,16
489,J.Murphy,MID,37,1,0.27,0.27,11.55,12.68,15.5,7.52,5.1,0.04,0.06,1.72,-0.04,0.21,-0.11,55.83,59.0,352.67,81923.5,True,19
489,J.Murphy,MID,38,1,0.28,0.28,13.02,15.78,19.72,9.42,6.09,0.04,0.06,1.48,-0.04,0.21,-0.09,54.17,59.0,382.83,82232.5,False,10
490,Joelinton,MID,6,3,0.81,0.41,10.18,5.78,8.63,8.55,7.33,0.01,0.13,0.37,-0.01,-0.13,0.44,73.67,59.67,-4591.0,40583.67,True,1
490,Joelinton,MID,7,3,0.58,0.58,7.52,6.02,9.38,7.23,8.68,0.02,0.1,0.78,-0.02,-0.1,0.09,77.75,59.5,-3588.0,38759.75,True,16
490,Joelinton,MID,8,1,0.67,0.45,8.75,7.32,10.57,19.3,8.53,0.12,0.08,0.67,-0.12,-0.08,0.0,80.2,59.4,-2457.4,38352.0,False,6
490,Joelinton,MID,9,4,0.61,0.4,10.49,8.76,10.27,17.76,9.89,0.11,0.07,0.74,-0.11,-0.07,0.06,74.33,59.33,-2188.5,38073.0,True,10
490,Joelinton,MID,10,2,0.4,0.2,12.49,12.13,14.61,18.44,10.51,0.12,0.07,1.0,-0.12,-0.07,-0.01,75.67,59.17,-2189.33,36698.83,False,19
490,Joelinton,MID,11,1,0.38,0.19,12.67,11.05,14.85,18.04,9.4,0.12,0.08,1.24,-0.12,-0.08,-0.09,78.17,59.0,-1089.33,35235.33,False,5
490,Joelinton,MID,12,3,0.21,0.21,12.2,11.94,13.31,18.08,10.93,0.13,0.02,1.29,-0.13,-0.02,-0.03,71.33,59.0,108.83,36672.67,True,13
490,Joelinton,MID,13,2,0.21,0.21,13.25,12.36,11.48,17.24,10.93,0.12,0.02,1.44,-0.12,-0.02,-0.17,71.33,59.0,-292.67,36973.67,False,9
490,Joelinton,MID,14,4,0.0,0.21,13.67,11.06,9.76,4.84,10.93,0.03,0.02,1.58,-0.03,-0.02,-0.11,71.33,59.0,-541.0,36894.83,True,18
490,Joelinton,MID,15,1,0.0,0.19,12.94,10.08,11.11,7.23,10.47,0.03,0.03,1.44,-0.03,-0.03,0.08,78.83,59.0,-270.0,36986.67,True,3
490,Joelinton,MID,18,1,0.0,0.23,12.63,7.94,9.97,6.09,10.15,0.02,0.03,1.6,-0.02,-0.03,0.2,66.5,59.0,190.0,37527.17,False,14
490,Joelinton,MID,19,8,0.0,0.27,13.87,11.26,11.66,15.77,12.24,0.07,0.03,1.61,-0.07,-0.03,-0.25,55.17,59.0,93.0,36990.67,False,3
490,Joelinton,MID,20,5,0.0,0.45,19.22,20.67,19.54,17.86,11.31,0.07,0.1,1.55,0.16,-0.1,-0.19,66.33,59.0,231.83,36587.5,True,8
490,Joelinton,MID,21,8,0.23,0.23,21.03,23.25,19.85,19.22,12.44,0.08,0.1,1.14,0.14,-0.1,-0.01,66.33,59.0,1420.67,37443.83,True,11
490,Joelinton,MID,22,3,0.23,0.45,25.33,33.11,19.54,27.81,14.25,0.13,0.1,1.35,0.32,-0.1,0.24,66.33,59.0,2061.5,38860.0,False,20
490,Joelinton,MID,23,0,0.45,0.45,25.55,34.55,19.81,30.98,13.34,0.23,0.1,1.24,0.22,-0.1,-0.11,66.33,59.0,2902.83,41176.0,True,2
490,Joelinton,MID,27,0,0.42,0.63,23.71,32.27,18.29,30.0,13.43,0.22,0.1,1.03,0.2,-0.1,0.01,71.5,59.0,2962.83,43492.83,False,13
490,Joelinton,MID,28,5,0.41,0.82,22.04,29.78,20.06,22.65,13.18,0.18,0.09,1.01,0.23,-0.09,0.02,72.83,59.0,2815.17,43361.17,True,9
490,Joelinton,MID,29,1,0.41,0.62,19.15,24.8,17.14,23.89,12.56,0.2,0.05,1.25,0.01,0.16,0.19,72.83,59.0,2957.83,43360.67,True,14
490,Joelinton,MID,30,1,0.21,0.82,17.92,22.24,17.24,24.1,11.33,0.21,0.05,1.41,-0.01,0.15,0.24,72.83,59.0,2364.33,42707.5,False,7
490,Joelinton,MID,31,3,0.24,0.73,13.38,14.35,19.19,18.73,9.97,0.19,0.06,1.34,-0.19,0.18,-0.12,61.67,59.0,1995.67,41733.17,True,17
490,Joelinton,MID,32,1,0.0,0.97,11.19,13.33,15.47,11.68,10.46,0.09,0.05,1.86,-0.09,0.2,-0.16,61.67,59.0,1203.5,40020.0,False,8
490,Joelinton,MID,35,4,0.0,0.89,9.31,11.08,11.82,9.31,9.53,0.08,0.04,1.97,-0.08,0.18,-0.41,67.67,59.0,731.83,37734.33,True,6
490,Joelinton,MID,36,2,0.0,0.58,9.66,10.78,8.42,7.73,10.24,0.09,0.03,1.9,-0.09,0.16,-0.35,77.67,59.0,915.17,38243.17,False,16
491,Tonali,MID,4,3,0.73,0.0,16.16,8.6,24.43,2.94,7.35,0.03,0.09,0.45,-0.03,-0.09,0.29,81.67,54.67,-23033.67,171657.67,True,20
491,Tonali,MID,5,3,0.81,0.0,16.66,10.1,19.21,11.55,6.72,0.06,0.07,0.46,-0.06,-0.07,0.08,83.75,54.5,-16882.5,167298.5,False,4
491,Tonali,MID,6,6,0.85,0.0,17.15,11.6,22.04,10.16,6.99,0.06,0.09,0.48,-0.06,-0.09,-0.06,85.0,54.4,-13723.8,165016.0,True,1
491,Tonali,MID,7,3,0.7,0.0,19.05,16.6,25.76,8.39,7.17,0.05,0.12,0.75,-0.05,0.05,-0.06,85.83,54.33,-12974.83,162269.67,True,16
491,Tonali,MID,8,2,0.7,0.0,18.87,17.51,26.3,11.53,7.51,0.06,0.1,0.77,-0.06,0.07,-0.07,85.83,54.17,-10816.67,158884.17,False,6
491,Tonali,MID,9,1,0.69,0.0,20.29,19.21,30.64,10.4,7.46,0.05,0.15,0.84,-0.05,0.03,-0.32,86.5,54.0,-5966.17,157166.0,True,10
491,Tonali,MID,10,2,0.59,0.0,21.03,21.66,28.0,16.51,7.86,0.07,0.16,0.85,-0.07,0.04,-0.27,76.33,54.0,1268.83,162434.33,False,19
491,Tonali,MID,11,4,0.39,0.0,20.04,21.3,29.0,9.63,8.25,0.04,0.17,1.1,-0.04,0.03,0.08,76.33,54.0,-159.33,164563.33,False,5
491,Tonali,MID,12,4,0.2,0.0,19.26,20.27,23.66,8.92,9.53,0.03,0.14,1.19,-0.03,0.06,0.23,74.0,54.0,-1000.67,165535.5,True,13
491,Tonali,MID,13,1,0.2,0.0,16.22,13.99,18.14,9.73,10.34,0.03,0.12,1.28,-0.03,-0.12,-0.06,74.0,54.0,-779.5,166458.5,False,9
491,Tonali,MID,14,1,0.0,0.0,16.23,12.73,14.55,7.61,10.39,0.03,0.13,1.54,-0.03,-0.13,-0.02,59.17,54.0,-3249.0,164307.83,True,18
491,Tonali,MID,15,1,0.0,0.0,14.95,13.43,12.7,7.61,10.88,0.02,0.08,1.54,-0.02,-0.08,-0.18,55.17,54.0,-5091.17,160036.83,True,3
491,Tonali,MID,16,0,0.0,0.0,15.15,12.12,13.34,1.19,11.29,0.0,0.08,1.69,0.0,-0.08,-0.21,50.5,54.0,-6678.17,154031.17,False,17
491,Tonali,MID,17,4,0.0,0.33,14.28,12.62,11.99,1.33,12.29,0.0,0.08,1.39,0.0,-0.08,-0.4,45.17,53.83,-7220.17,147411.67,True,7
491,Tonali,MID,18,1,0.0,0.32,14.21,13.64,12.95,1.26,12.0,0.0,0.09,1.45,0.0,-0.09,-0.19,47.5,53.67,-6527.83,141485.67,False,14
491,Tonali,MID,19,2,0.0,0.66,14.94,14.08,15.58,0.0,10.96,0.0,0.06,1.09,0.0,-0.06,0.24,45.17,53.5,-4515.5,137762.83,False,3
491,Tonali,MID,20,3,0.0,0.5,13.5,12.5,13.35,1.0,10.5,0.01,0.05,1.08,-0.01,-0.05,0.17,60.0,53.33,-3943.17,134479.17,True,8
491,Tonali,MID,21,1,0.24,0.48,14.08,12.18,9.14,2.15,11.22,0.05,0.04,1.09,-0.05,-0.04,0.11,62.83,53.17,-3394.33,131587.83,True,11
491,Tonali,MID,22,2,0.21,0.43,14.11,11.33,8.79,2.78,10.48,0.04,0.04,1.23,-0.04,-0.04,0.27,70.17,53.0,-1144.5,131043.33,False,20
491,Tonali,MID,23,4,0.42,0.42,15.1,10.87,9.63,3.57,10.49,0.05,0.04,1.21,-0.05,-0.04,0.05,71.5,53.0,77.67,131657.33,True,2
491,Tonali,MID,24,2,0.43,0.43,17.49,13.82,9.36,9.6,11.3,0.18,0.04,1.12,-0.18,-0.04,-0.06,70.33,53.0,226.83,132328.17,False,12
491,Tonali,MID,25,2,0.41,0.21,16.51,12.14,5.0,9.91,10.73,0.18,0.03,1.31,-0.18,-0.03,0.34,72.67,53.0,-608.0,131965.33,True,5
491,Tonali,MID,26,1,0.42,0.21,17.08,12.04,6.44,11.04,10.62,0.21,0.02,1.44,-0.21,-0.02,0.64,72.0,53.0,-760.83,131483.33,False,18
491,Tonali,MID,27,2,0.23,0.23,17.3,11.69,6.9,11.22,10.75,0.2,0.03,1.57,-0.2,-0.03,0.77,64.17,53.0,-935.83,130880.33,False,13
491,Tonali,MID,28,6,0.21,0.21,16.53,12.14,11.09,9.63,10.47,0.18,0.06,1.39,-0.18,-0.06,0.71,71.67,53.0,-652.67,130609.17,True,9
491,Tonali,MID,29,2,0.0,0.0,18.83,17.44,18.18,10.11,9.52,0.17,0.07,1.69,-0.17,0.13,0.89,75.67,53.0,743.83,131766.83,True,14
491,Tonali,MID,32,2,0.0,0.0,17.18,14.41,24.95,4.69,7.81,0.05,0.15,1.81,-0.05,0.04,0.73,76.83,53.0,1346.33,133476.83,False,8
491,Tonali,MID,33,2,0.0,0.0,17.57,15.46,27.47,4.1,8.2,0.04,0.16,1.85,-0.04,0.03,0.29,76.83,53.0,1202.17,135559.67,True,4
491,Tonali,MID,34,2,0.0,0.0,17.61,15.5,27.2,3.91,7.43,0.03,0.17,2.12,-0.03,0.02,-0.16,76.67,53.0,989.0,137304.83,False,1
491,Tonali,MID,35,1,0.0,0.0,17.16,15.11,25.82,5.55,7.07,0.03,0.17,1.84,-0.03,-0.01,0.01,89.17,53.0,929.0,139050.17,True,6
491,Tonali,MID,36,2,0.0,0.17,17.66,16.12,25.4,5.21,7.57,0.03,0.16,1.87,-0.03,0.01,-0.19,89.17,53.0,969.17,140822.83,False,16
491,Tonali,MID,37,1,0.0,0.17,15.48,11.47,21.4,5.05,8.41,0.04,0.17,1.7,-0.04,-0.17,-0.35,89.17,53.0,-299.0,141216.67,True,19
493,Longstaff,MID,5,2,0.42,0.0,15.21,9.04,6.42,2.11,9.3,0.02,0.01,0.99,-0.02,-0.01,-0.14,53.25,49.5,-681.0,17950.75,False,20
493,Longstaff,MID,6,15,0.31,0.0,15.86,13.0,5.8,3.66,10.07,0.03,0.01,1.17,-0.03,-0.01,-0.26,59.0,49.4,-175.8,18706.8,True,4
493,Longstaff,MID,7,2,0.23,0.0,27.12,30.11,27.65,7.71,10.75,0.05,0.07,1.09,0.18,0.17,0.08,64.17,49.33,-121.5,19263.17,True,18
493,Longstaff,MID,8,2,0.19,0.0,25.44,27.04,35.92,7.22,10.44,0.08,0.09,0.99,0.11,0.1,0.34,79.0,49.17,6080.67,26754.33,False,3
493,Longstaff,MID,9,6,0.17,0.0,25.88,27.07,43.41,6.77,9.64,0.07,0.11,0.78,0.1,0.06,0.57,88.67,49.0,12625.83,40893.5,True,19
493,Longstaff,MID,10,1,0.0,0.0,26.9,30.18,44.0,6.77,9.14,0.07,0.14,0.81,0.1,0.2,0.71,88.67,49.0,16470.17,59045.67,False,6
493,Longstaff,MID,11,1,0.0,0.0,27.84,32.8,49.8,8.08,9.7,0.11,0.16,1.01,0.06,0.2,0.6,83.5,49.0,19204.83,79877.83,False,16
493,Longstaff,MID,12,2,0.0,0.18,27.62,31.65,50.71,6.95,9.33,0.1,0.16,1.07,0.08,0.2,0.76,82.0,49.0,17199.0,98490.33,True,2
493,Longstaff,MID,23,1,0.0,0.18,19.21,18.18,38.18,3.84,8.78,0.1,0.18,1.21,-0.1,0.0,0.62,82.0,49.0,15045.5,114769.67,False,9
493,Longstaff,MID,24,1,0.0,0.22,19.24,18.93,33.52,4.42,8.62,0.08,0.18,1.34,-0.08,0.04,0.42,67.83,48.83,8795.33,109370.0,True,1
493,Longstaff,MID,25,1,0.0,0.25,17.4,18.8,21.28,6.22,10.19,0.1,0.16,1.9,-0.1,0.08,0.09,60.33,48.67,2572.67,97360.33,True,16
493,Longstaff,MID,26,0,0.0,0.32,14.14,13.89,22.47,8.04,9.96,0.13,0.15,2.34,-0.13,-0.15,0.23,46.67,48.5,-910.17,81607.17,False,7
494,Willock,MID,28,0,0.0,0.33,7.64,6.18,11.13,21.59,9.3,0.2,0.08,2.05,-0.2,-0.08,0.94,45.17,50.0,186.33,10345.67,True,9
494,Willock,MID,29,1,0.0,0.57,6.88,6.42,14.73,17.77,8.89,0.06,0.07,2.09,-0.06,-0.07,0.77,52.33,50.0,205.33,10679.33,True,14
494,Willock,MID,30,6,0.0,0.51,6.88,6.37,13.41,15.81,9.43,0.05,0.07,1.94,-0.05,-0.07,0.36,58.83,50.0,162.5,10922.0,False,7
494,Willock,MID,31,1,0.25,0.5,10.84,12.1,18.96,18.4,9.58,0.05,0.12,1.67,-0.05,0.14,-0.16,59.5,50.0,93.33,11097.17,True,17
494,Willock,MID,34,2,0.27,0.53,10.95,13.67,25.45,20.03,9.61,0.06,0.13,1.77,-0.06,0.14,-0.44,56.17,50.0,124.83,11334.33,False,1
494,Willock,MID,35,2,0.27,0.54,13.16,13.33,21.57,17.19,8.6,0.04,0.09,1.49,-0.04,0.18,-0.15,55.83,50.0,76.67,11475.83,True,6
494,Willock,MID,37,4,0.26,0.26,14.69,13.49,20.7,21.78,7.87,0.08,0.08,1.52,-0.08,0.18,-0.47,57.17,50.0,29.0,11560.83,True,19
494,Willock,MID,38,2,0.27,0.0,20.15,18.75,26.06,24.45,7.25,0.08,0.18,1.42,-0.08,0.36,-0.34,55.83,50.0,2.0,11614.83,False,10
497,L.Miley,MID,14,2,0.31,0.0,32.61,32.11,23.77,7.84,9.41,0.04,0.26,1.18,0.27,0.37,-0.24,47.83,44.0,-5050.33,246591.5,True,18
497,L.Miley,MID,15,1,0.0,0.0,32.93,33.74,25.09,18.5,7.84,0.12,0.26,1.2,0.19,0.37,0.06,47.83,44.0,95.67,253640.67,True,3
497,L.Miley,MID,16,2,0.0,0.0,30.48,32.15,26.34,17.54,6.9,0.11,0.24,1.4,0.18,0.33,0.03,52.17,44.0,2115.83,256213.17,False,17
497,L.Miley,MID,17,4,0.0,0.0,24.39,25.39,18.15,18.35,6.54,0.13,0.15,1.25,0.13,0.11,0.01,59.67,44.0,4707.83,262016.67,True,7
497,L.Miley,MID,18,2,0.0,0.0,23.89,26.07,16.65,16.93,8.81,0.12,0.13,1.12,0.11,0.1,0.27,64.67,44.0,10456.17,273557.33,False,14
497,L.Miley,MID,19,4,0.0,0.0,21.7,23.28,16.96,15.28,8.49,0.13,0.12,1.03,0.06,0.07,0.29,79.5,44.0,24298.67,303256.67,False,3
497,L.Miley,MID,20,7,0.0,0.0,14.53,13.51,10.34,11.7,9.62,0.1,0.02,1.05,-0.1,-0.02,0.27,79.5,44.17,30550.0,336708.33,True,8
497,L.Miley,MID,21,4,0.19,0.0,17.92,17.7,9.77,5.66,10.75,0.05,0.16,1.06,-0.05,0.03,0.07,79.5,44.33,30628.0,367153.0,True,11
497,L.Miley,MID,22,1,0.17,0.0,19.0,19.7,9.5,7.67,12.33,0.13,0.18,1.08,-0.13,-0.01,0.26,90.0,44.5,30076.17,397467.83,False,20
497,L.Miley,MID,23,2,0.19,0.0,20.17,20.74,10.5,6.09,13.51,0.12,0.2,1.18,-0.12,-0.01,0.15,78.83,44.67,30383.83,427624.5,True,2
497,L.Miley,MID,32,6,0.19,0.0,20.74,22.38,17.16,9.32,11.23,0.16,0.21,1.17,-0.16,-0.02,0.16,78.83,44.83,22717.67,449899.17,False,8
497,L.Miley,MID,33,4,0.19,0.0,22.64,24.47,17.09,7.8,10.66,0.13,0.2,1.41,-0.13,0.18,0.11,78.83,44.83,7399.0,417599.5,True,4
497,L.Miley,MID,34,2,0.19,0.0,21.69,25.12,17.49,8.18,9.51,0.13,0.21,1.78,-0.13,0.17,-0.06,78.83,44.67,2759.33,384158.33,False,1
497,L.Miley,MID,35,2,0.0,0.0,18.27,19.52,16.57,7.8,9.13,0.13,0.07,1.74,-0.13,0.12,0.17,78.83,44.5,-59.17,352660.17,True,6
515,Gibbs-White,MID,4,2,0.0,0.0,15.24,12.9,29.59,17.72,3.9,0.23,0.16,1.78,-0.23,0.19,-0.01,84.67,75.0,33574.67,601859.67,False,1
515,Gibbs-White,MID,5,2,0.0,0.0,12.98,10.05,24.93,15.46,4.14,0.19,0.13,1.87,-0.19,0.15,0.06,81.5,75.0,483.0,602881.0,False,3
515,Gibbs-White,MID,6,1,0.0,0.0,13.63,11.12,25.75,17.52,4.54,0.16,0.11,1.65,-0.16,0.1,0.08,83.2,75.0,-339.4,608093.6,True,17
515,Gibbs-White,MID,7,4,0.0,0.0,13.86,11.01,26.57,18.74,4.49,0.17,0.11,1.63,-0.17,0.08,-0.07,76.83,75.0,-12531.33,598880.17,False,15
515,Gibbs-White,MID,8,2,0.0,0.0,12.88,8.04,17.73,19.62,6.15,0.12,0.07,1.95,-0.12,-0.07,-0.22,78.0,74.83,-28584.83,591690.67,True,7
515,Gibbs-White,MID,9,2,0.0,0.0,12.64,7.89,16.11,21.7,6.98,0.19,0.09,2.02,-0.19,-0.09,0.05,79.5,74.67,-36437.0,566519.5,False,4
515,Gibbs-White,MID,10,8,0.0,0.0,11.94,7.28,17.47,18.19,6.63,0.18,0.08,1.68,-0.18,-0.08,0.21,79.17,74.33,-60847.33,503092.33,True,14
515,Gibbs-White,MID,11,10,0.0,0.0,16.25,14.31,19.84,20.81,6.39,0.22,0.09,1.51,-0.03,-0.09,0.32,82.17,74.0,-49245.67,459856.67,True,11
515,Gibbs-White,MID,12,8,0.0,0.0,19.65,18.92,15.3,26.45,5.51,0.32,0.08,1.46,0.05,-0.08,0.38,81.67,73.67,-41555.33,423167.5,False,12
515,Gibbs-White,MID,13,2,0.17,0.0,21.7,23.25,12.58,25.23,5.55,0.31,0.07,1.53,0.19,-0.07,0.15,89.17,73.33,-29913.67,396313.0,True,6
515,Gibbs-White,MID,14,3,0.17,0.0,19.74,21.47,15.77,25.18,3.74,0.35,0.07,1.24,0.17,-0.07,0.29,88.17,73.17,-200.5,405370.17,False,20
515,Gibbs-White,MID,15,2,0.34,0.0,21.27,24.74,21.45,22.97,3.4,0.26,0.06,1.11,0.25,-0.06,-0.09,88.17,73.0,8483.17,416229.5,False,9
515,Gibbs-White,MID,16,3,0.34,0.0,20.85,24.88,18.83,21.19,3.73,0.24,0.05,1.19,0.27,-0.05,-0.01,88.5,73.0,9425.33,427112.83,True,18
515,Gibbs-White,MID,17,2,0.51,0.0,16.61,18.71,16.34,20.17,3.39,0.32,0.05,1.06,0.02,-0.05,-0.21,88.5,73.0,4631.0,433191.17,False,10
515,Gibbs-White,MID,18,2,0.52,0.0,12.91,13.4,20.72,12.73,4.01,0.24,0.05,1.21,-0.07,-0.05,-0.33,86.0,73.0,-4350.33,427634.33,True,13
515,Gibbs-White,MID,19,2,0.35,0.0,9.42,8.09,21.87,9.42,4.36,0.2,0.06,1.12,-0.2,-0.06,0.1,86.0,73.0,-6877.67,421449.83,True,9
515,Gibbs-White,MID,20,8,0.34,0.0,9.14,8.17,20.91,15.17,5.0,0.24,0.1,1.08,-0.24,-0.1,0.3,87.0,73.0,-19768.33,397734.67,False,2
515,Gibbs-White,MID,21,9,0.17,0.0,11.9,12.55,16.4,20.0,5.69,0.33,0.08,1.2,-0.15,-0.08,0.7,87.0,73.0,-19576.17,379165.0,False,19
515,Gibbs-White,MID,22,3,0.17,0.0,16.21,18.48,16.84,23.62,5.86,0.46,0.08,1.17,-0.12,-0.08,0.38,87.0,73.0,-11969.17,370031.17,True,1
515,Gibbs-White,MID,23,6,0.17,0.0,16.38,19.07,16.26,20.86,6.21,0.36,0.08,1.47,-0.01,-0.08,0.08,87.0,73.0,-3027.83,368461.83,False,5
515,Gibbs-White,MID,24,8,0.33,0.0,18.33,21.97,15.2,19.67,6.33,0.32,0.08,1.53,0.01,0.09,-0.19,90.0,73.0,-45.0,369590.17,True,8
515,Gibbs-White,MID,25,2,0.33,0.0,21.33,27.1,18.55,24.5,5.67,0.36,0.09,1.6,0.14,0.08,-0.44,90.0,73.0,9087.0,380926.5,False,11
515,Gibbs-White,MID,26,3,0.35,0.0,23.55,29.76,21.38,18.66,5.23,0.29,0.05,1.89,0.23,0.13,-0.5,86.0,73.0,20412.67,403392.5,True,20
515,Gibbs-White,MID,27,2,0.52,0.0,20.58,24.7,28.52,17.97,5.23,0.28,0.06,1.69,0.07,0.11,-0.82,86.0,73.0,21420.83,426935.33,True,12
515,Gibbs-White,MID,28,9,0.7,0.17,16.05,19.64,35.51,16.74,5.06,0.18,0.06,1.71,-0.01,0.11,-1.02,86.0,73.0,10264.5,437050.83,False,6
515,Gibbs-White,MID,29,8,0.52,0.17,21.45,26.79,41.32,21.45,4.88,0.19,0.07,1.57,0.16,0.1,-0.53,86.0,73.0,9166.17,447549.67,False,13
515,Gibbs-White,MID,30,3,0.35,0.17,22.54,29.36,40.12,30.06,4.89,0.32,0.06,1.5,0.21,-0.06,-0.1,85.83,73.0,7959.0,456621.67,True,10
515,Gibbs-White,MID,31,8,0.54,0.18,20.78,23.93,36.51,27.47,5.42,0.3,0.05,1.39,0.06,-0.05,-0.12,83.0,73.0,24564.67,482721.33,False,18
515,Gibbs-White,MID,32,2,0.69,0.17,22.24,27.45,29.5,26.9,5.69,0.38,0.04,1.09,0.13,-0.04,-0.4,87.0,73.17,21879.67,524094.33,True,2
515,Gibbs-White,MID,33,20,0.52,0.17,20.45,25.51,19.59,27.61,4.89,0.37,0.03,1.16,0.15,-0.03,-0.28,85.83,73.33,29559.5,554382.33,True,3
515,Gibbs-White,MID,34,13,0.35,0.0,31.93,41.54,14.37,37.89,4.56,0.46,0.02,1.03,0.59,-0.02,0.02,85.5,73.5,40584.67,597071.67,False,17
515,Gibbs-White,MID,35,4,0.53,0.0,32.98,43.44,11.04,36.49,5.61,0.44,0.03,0.92,0.61,0.14,-0.22,85.5,73.83,132586.67,806924.0,False,7
515,Gibbs-White,MID,37,7,0.61,0.0,34.66,45.36,11.84,31.82,5.47,0.37,0.15,0.81,0.64,0.26,-0.4,74.0,74.33,199359.33,1007443.17,False,14
515,Gibbs-White,MID,38,9,0.39,0.0,36.7,52.79,13.92,41.78,5.86,0.52,0.15,1.47,0.65,0.24,-0.49,76.83,74.67,128371.67,1061998.5,True,4
516,Hudson-Odoi,MID,4,1,0.0,0.0,22.41,21.18,28.16,20.96,2.17,0.13,0.13,1.47,0.23,-0.13,-0.02,83.0,60.0,13034.0,142312.33,False,1
516,Hudson-Odoi,MID,5,1,0.0,0.0,18.41,17.24,23.96,17.53,2.34,0.11,0.11,1.7,0.18,-0.11,0.06,77.0,60.0,7422.75,150381.0,False,3
516,Hudson-Odoi,MID,6,1,0.0,0.0,17.26,16.67,28.01,16.46,2.12,0.1,0.1,1.63,0.16,-0.1,-0.04,67.8,60.0,8080.6,158721.2,True,17
516,Hudson-Odoi,MID,7,1,0.0,0.0,17.07,16.73,31.41,17.07,1.95,0.09,0.11,1.61,0.15,-0.11,-0.15,61.5,60.0,2401.0,159700.33,False,15
516,Hudson-Odoi,MID,8,1,0.0,0.0,16.82,18.89,28.89,23.02,2.95,0.13,0.06,2.17,0.17,-0.06,-0.4,50.83,60.0,-2364.67,162703.0,True,7
516,Hudson-Odoi,MID,9,1,0.0,0.0,13.28,14.48,40.55,18.6,3.65,0.04,0.22,2.3,-0.04,-0.22,-0.31,45.17,59.83,-4224.83,162461.67,False,4
516,Hudson-Odoi,MID,17,2,0.3,0.0,25.45,35.52,26.3,25.76,8.48,0.35,0.09,0.82,0.26,0.21,0.39,49.5,57.17,-4327.83,78923.5,False,10
516,Hudson-Odoi,MID,18,2,0.3,0.0,25.15,33.7,20.97,21.52,7.58,0.31,0.06,0.97,0.3,0.24,-0.06,49.5,57.0,4247.33,82808.67,True,13
516,Hudson-Odoi,MID,19,2,0.23,0.0,19.74,26.18,14.31,16.68,7.28,0.24,0.04,1.04,0.23,0.2,0.13,63.83,57.0,6354.33,89348.83,True,9
516,Hudson-Odoi,MID,21,2,0.22,0.0,20.53,23.24,15.29,17.91,5.9,0.25,0.05,1.03,0.18,0.17,0.07,68.67,57.0,8650.67,99111.67,False,19
516,Hudson-Odoi,MID,22,3,0.19,0.0,18.23,19.24,19.8,16.16,4.32,0.23,0.05,1.04,0.15,0.13,0.09,79.83,57.0,5487.83,103846.83,True,1
516,Hudson-Odoi,MID,23,3,0.34,0.0,19.41,19.1,23.12,15.97,4.29,0.21,0.07,1.2,0.14,0.1,-0.34,87.33,57.0,4479.33,107747.33,False,5
516,Hudson-Odoi,MID,24,1,0.35,0.0,11.25,6.09,21.46,5.54,5.19,0.04,0.06,1.44,-0.04,-0.06,-0.58,86.67,57.0,4850.17,112066.67,True,8
516,Hudson-Odoi,MID,25,2,0.38,0.0,10.99,5.49,19.16,5.68,5.31,0.04,0.06,1.62,-0.04,-0.06,-0.67,79.17,57.0,-2195.17,108558.83,False,11
516,Hudson-Odoi,MID,26,3,0.4,0.0,11.57,6.71,21.97,8.98,4.59,0.07,0.08,1.91,-0.07,-0.08,-0.71,75.17,57.0,-3343.0,104716.67,True,20
516,Hudson-Odoi,MID,27,3,0.61,0.0,14.29,10.61,32.37,15.51,5.31,0.09,0.12,1.86,-0.09,-0.12,-0.84,73.5,57.0,-5559.83,97705.5,True,12
516,Hudson-Odoi,MID,28,2,0.87,0.0,16.66,13.2,33.88,20.12,6.27,0.18,0.14,1.88,-0.18,-0.14,-1.02,69.33,57.0,-3186.5,94818.17,False,6
516,Hudson-Odoi,MID,29,4,0.68,0.0,16.69,13.8,34.6,21.2,6.54,0.19,0.16,1.78,-0.19,-0.16,-0.43,66.5,57.0,-1873.0,93164.5,False,13
516,Hudson-Odoi,MID,30,1,0.53,0.0,19.59,17.89,38.99,24.88,5.56,0.22,0.19,1.93,-0.22,0.07,-0.34,56.67,57.0,-1976.67,91321.5,True,10
516,Hudson-Odoi,MID,31,6,0.53,0.0,19.85,18.21,39.02,24.88,5.56,0.22,0.19,1.72,-0.22,0.07,-0.39,56.67,57.0,-1680.0,89806.67,False,18
516,Hudson-Odoi,MID,32,7,0.79,0.0,23.88,21.67,41.98,21.78,5.77,0.19,0.27,1.21,-0.19,0.25,-0.69,57.17,57.0,-776.67,89189.0,True,2
517,Anderson,MID,4,4,0.0,0.0,20.33,26.2,30.7,10.0,11.0,0.14,0.15,1.67,-0.14,0.19,-0.01,90.0,55.0,-6736.67,677241.0,False,1
517,Anderson,MID,5,4,0.0,0.0,19.5,23.5,25.0,7.5,12.0,0.1,0.12,1.72,-0.1,0.13,0.28,90.0,55.0,-23367.75,659392.75,False,3
517,Anderson,MID,6,3,0.0,0.0,20.4,24.4,27.3,7.8,12.6,0.09,0.14,1.54,-0.09,0.06,0.26,90.0,55.0,-19612.2,651779.2,True,17
517,Anderson,MID,7,1,0.0,0.17,19.33,22.97,26.55,10.17,13.17,0.11,0.12,1.48,-0.11,0.04,0.18,90.0,55.0,-27544.5,635339.83,False,15
517,Anderson,MID,8,4,0.0,0.33,17.67,19.1,24.78,6.83,13.0,0.04,0.08,1.78,-0.04,-0.08,0.05,90.0,54.83,-37609.0,606792.5,True,7
517,Anderson,MID,9,2,0.0,0.33,18.33,18.3,27.4,7.83,13.17,0.04,0.12,1.88,-0.04,-0.12,0.29,90.0,54.67,-48665.67,562348.17,False,4
517,Anderson,MID,10,4,0.0,0.33,16.83,15.5,23.65,6.17,13.17,0.04,0.12,1.57,-0.04,-0.12,0.43,90.0,54.33,-50388.5,516906.5,True,14
517,Anderson,MID,11,9,0.0,0.33,17.0,15.13,29.08,7.83,13.33,0.06,0.13,1.45,-0.06,-0.13,0.38,90.0,54.0,-44090.67,476894.33,True,11
517,Anderson,MID,12,9,0.0,0.33,17.17,19.0,24.22,9.17,13.0,0.19,0.1,1.42,-0.02,-0.1,0.41,90.0,53.67,-43711.5,434627.5,False,12
517,Anderson,MID,13,6,0.17,0.17,21.83,22.13,27.1,7.67,13.0,0.18,0.11,1.55,-0.01,0.06,0.12,90.0,53.33,-33551.33,402246.5,True,6
517,Anderson,MID,14,2,0.17,0.0,25.5,27.43,40.7,9.5,14.33,0.18,0.13,1.25,-0.01,0.04,0.41,90.0,53.17,-11750.5,395499.17,False,20
517,Anderson,MID,15,4,0.33,0.17,24.33,26.2,36.45,9.33,13.17,0.19,0.11,1.13,-0.02,0.06,0.04,90.0,53.17,46568.83,447676.17,False,9
517,Anderson,MID,16,3,0.33,0.17,26.33,27.73,34.92,12.17,14.5,0.19,0.09,1.22,-0.03,0.08,0.12,90.0,53.33,54685.17,501874.0,True,18
517,Anderson,MID,17,4,0.5,0.17,24.67,26.83,30.4,10.5,13.17,0.17,0.07,1.08,-0.0,0.1,-0.08,90.0,53.5,46999.5,547812.67,False,10
517,Anderson,MID,18,3,0.5,0.17,22.33,20.43,33.9,8.33,13.17,0.04,0.07,1.22,-0.04,0.1,-0.22,90.0,53.67,40358.33,588253.17,True,13
517,Anderson,MID,19,4,0.33,0.33,19.33,19.13,30.0,6.17,13.83,0.02,0.06,1.14,-0.02,-0.06,0.19,90.0,53.67,37051.67,623300.0,True,9
517,Anderson,MID,20,4,0.33,0.33,16.83,17.37,18.57,4.67,12.83,0.02,0.05,1.1,-0.01,-0.05,0.24,90.0,53.67,25827.83,645197.0,False,2
517,Anderson,MID,21,7,0.17,0.17,17.0,18.87,16.7,3.83,14.17,0.01,0.04,1.21,-0.01,-0.04,0.62,90.0,53.5,-21970.0,620482.0,False,19
517,Anderson,MID,22,5,0.17,0.17,15.5,21.23,16.7,1.0,14.67,0.0,0.04,1.18,-0.0,0.12,0.32,90.0,53.33,-27771.0,596049.0,True,1
517,Anderson,MID,23,5,0.17,0.17,17.33,23.47,17.17,1.0,15.83,0.0,0.05,1.48,-0.0,0.12,0.03,90.0,53.17,-17465.83,582660.33,False,5
517,Anderson,MID,24,7,0.33,0.17,18.5,23.53,13.75,1.0,16.0,0.0,0.06,1.53,-0.0,0.11,-0.19,90.0,53.0,-7254.17,578113.0,True,8
517,Anderson,MID,25,4,0.33,0.0,19.5,23.2,15.98,2.5,15.5,0.02,0.06,1.6,-0.02,0.1,-0.43,90.0,53.0,4424.83,588069.67,False,11
517,Anderson,MID,26,5,0.33,0.0,18.67,23.33,20.0,3.17,15.67,0.02,0.08,1.81,-0.02,0.08,-0.47,90.0,53.0,18208.0,610397.0,True,20
517,Anderson,MID,27,5,0.5,0.0,20.83,26.47,25.05,9.83,16.17,0.06,0.17,1.61,-0.06,-0.0,-0.78,90.0,53.17,26827.5,639165.0,True,12
517,Anderson,MID,28,1,0.68,0.0,22.24,23.82,28.75,11.63,16.08,0.08,0.17,1.58,-0.08,-0.17,-0.9,87.67,53.33,30598.83,670774.83,False,6
517,Anderson,MID,29,12,0.51,0.17,21.22,21.49,29.87,11.81,15.23,0.09,0.18,1.45,-0.09,-0.18,-0.42,87.67,53.5,43783.67,716238.17,False,13
517,Anderson,MID,30,2,0.34,0.17,26.01,28.95,31.67,14.03,15.4,0.11,0.19,1.5,0.06,-0.19,-0.13,87.67,53.67,35527.67,752184.17,True,10
517,Anderson,MID,31,5,0.52,0.34,23.23,26.36,34.42,13.59,13.94,0.11,0.21,1.36,0.07,-0.21,-0.16,87.17,54.0,70338.33,824652.17,False,18
517,Anderson,MID,32,4,0.69,0.34,23.4,25.92,32.61,12.91,14.46,0.11,0.2,1.13,0.07,-0.2,-0.44,87.17,54.33,61083.83,881432.17,True,2
517,Anderson,MID,33,2,0.52,0.34,22.2,22.51,29.7,8.26,14.28,0.07,0.13,1.23,0.1,-0.13,-0.37,87.17,54.5,48596.67,930675.33,True,3
517,Anderson,MID,34,9,0.34,0.34,19.94,20.95,25.24,6.54,12.57,0.05,0.13,1.17,0.12,-0.13,-0.16,89.5,54.83,33857.17,951096.0,False,17
517,Anderson,MID,35,1,0.5,0.34,22.46,28.12,23.5,9.89,13.07,0.08,0.1,1.07,0.26,-0.1,-0.4,89.5,55.17,21490.17,966810.5,False,7
517,Anderson,MID,36,12,0.55,0.37,17.56,22.83,22.61,7.68,12.44,0.06,0.1,0.96,0.12,-0.1,-0.42,82.0,55.5,22833.0,991784.17,True,15
517,Anderson,MID,37,12,0.36,0.18,20.55,27.75,15.16,12.91,13.09,0.07,0.06,1.04,0.29,-0.06,-0.31,82.5,55.67,-25240.67,966182.5,False,14
517,Anderson,MID,38,2,0.18,0.36,26.36,36.47,17.53,12.55,13.82,0.07,0.16,1.66,0.29,0.2,-0.39,82.5,55.83,-21650.5,950957.17,True,4
519,Dominguez,MID,22,3,0.0,0.26,17.33,23.43,14.09,15.78,10.09,0.16,0.04,1.27,0.1,-0.04,0.79,58.0,50.0,-5.0,2020.83,True,1
519,Dominguez,MID,23,3,0.22,0.22,15.44,22.06,12.86,15.88,9.26,0.12,0.04,1.44,0.1,-0.04,0.11,68.0,50.0,64.33,2161.33,False,5
519,Dominguez,MID,24,1,0.4,0.0,15.37,20.75,11.73,14.97,9.58,0.11,0.03,1.51,0.09,-0.03,-0.11,75.17,50.0,148.67,2393.17,True,8
519,Dominguez,MID,25,1,0.44,0.0,16.24,22.83,12.89,16.24,9.88,0.12,0.03,1.71,0.1,-0.03,-0.39,68.33,50.0,327.67,2815.33,False,11
519,Dominguez,MID,27,1,0.43,0.0,16.79,23.47,8.85,22.61,9.69,0.16,0.02,2.06,0.06,-0.02,-0.33,69.67,50.0,387.0,3285.0,True,12
519,Dominguez,MID,29,2,0.52,0.0,19.34,26.56,7.71,26.56,9.28,0.19,0.02,2.36,0.07,-0.02,-0.81,58.17,50.0,323.0,3686.67,False,13
519,Dominguez,MID,30,1,0.56,0.0,14.81,17.11,6.18,15.37,10.62,0.11,0.02,2.59,-0.11,-0.02,-0.63,53.67,50.0,265.67,4009.5,True,10
519,Dominguez,MID,31,1,0.32,0.0,18.06,17.16,6.48,15.16,11.61,0.08,0.02,2.63,-0.08,-0.02,-0.37,46.5,50.0,187.83,4251.5,False,18
521,Sangaré,MID,4,2,0.0,0.0,11.89,6.25,4.35,0.68,10.87,0.01,0.02,1.38,-0.01,-0.02,-0.02,88.33,50.0,-179.33,6038.0,False,1
521,Sangaré,MID,5,1,0.0,0.0,13.62,7.0,4.62,0.53,10.42,0.01,0.02,1.55,-0.01,-0.02,0.05,84.25,50.0,-130.25,6405.5,False,3
521,Sangaré,MID,8,1,0.0,0.0,13.59,8.51,4.87,0.51,10.51,0.01,0.02,1.53,-0.01,-0.02,0.01,70.2,50.0,-36.4,6770.2,True,7
521,Sangaré,MID,10,1,0.0,0.2,13.47,12.16,7.14,7.35,10.2,0.06,0.02,1.56,-0.06,-0.02,0.28,73.5,49.83,-119.83,6898.0,True,14
521,Sangaré,MID,11,5,0.0,0.26,14.83,14.88,7.88,8.95,10.23,0.07,0.03,1.6,-0.07,-0.03,0.45,58.67,49.67,-173.67,7273.0,True,11
521,Sangaré,MID,12,3,0.0,0.56,18.11,24.41,11.06,14.77,10.59,0.17,0.03,1.46,0.11,-0.03,0.77,53.83,49.5,-153.0,7405.5,False,12
521,Sangaré,MID,13,4,0.28,0.55,16.62,26.31,10.27,15.23,9.14,0.17,0.02,1.58,0.11,-0.02,0.08,54.17,49.33,-119.67,7467.67,True,6
521,Sangaré,MID,14,3,0.28,0.55,17.12,30.31,9.91,16.56,11.32,0.17,0.03,1.49,0.1,-0.03,-0.11,54.33,49.17,-112.17,7447.67,False,20
521,Sangaré,MID,15,1,0.48,0.48,16.9,26.86,8.52,14.76,10.71,0.15,0.03,1.43,0.09,-0.03,-0.24,63.0,49.0,-83.83,7416.17,False,9
521,Sangaré,MID,16,18,0.54,0.27,18.38,25.08,5.89,7.57,11.89,0.1,0.02,1.3,0.17,-0.02,-0.22,55.5,49.0,-2.0,7488.17,True,18
521,Sangaré,MID,22,3,0.64,0.21,25.38,36.98,9.3,8.74,11.94,0.11,0.2,1.08,0.32,0.22,-0.22,70.33,49.0,-21.5,7559.17,True,1
521,Sangaré,MID,23,5,0.79,0.0,22.0,29.3,6.52,4.36,11.3,0.03,0.2,1.4,0.17,0.2,-0.81,75.67,49.0,3.5,7461.83,False,5
521,Sangaré,MID,24,2,0.79,0.0,23.39,30.61,6.5,4.76,12.89,0.05,0.19,1.38,0.14,0.2,-0.78,75.67,49.0,56.5,7404.67,True,8
521,Sangaré,MID,25,1,0.76,0.0,21.02,26.75,5.98,3.63,10.89,0.05,0.18,1.42,0.14,0.2,-0.84,78.5,49.0,151.33,7435.17,False,11
521,Sangaré,MID,26,3,0.55,0.18,19.82,25.53,7.84,7.45,11.09,0.07,0.19,1.66,0.11,0.18,-0.57,82.5,49.0,153.83,7456.0,True,20
521,Sangaré,MID,27,4,0.67,0.17,18.67,23.83,9.22,7.17,10.17,0.06,0.19,1.51,0.1,0.15,-0.84,90.0,49.0,206.83,7555.83,True,12
521,Sangaré,MID,28,2,0.5,0.17,12.83,12.5,8.25,5.33,10.83,0.05,0.06,1.74,-0.05,-0.07,-0.91,90.0,49.0,243.5,7671.17,False,6
521,Sangaré,MID,29,1,0.33,0.17,13.33,11.67,8.27,6.5,10.83,0.06,0.06,1.61,-0.06,-0.06,-0.44,90.0,49.0,275.5,8005.17,False,13
521,Sangaré,MID,30,3,0.17,0.33,12.0,10.4,9.93,5.83,9.67,0.04,0.06,1.66,-0.04,-0.06,-0.16,90.0,49.0,207.33,8262.0,True,10
521,Sangaré,MID,31,4,0.33,0.33,12.67,10.63,12.48,6.17,10.0,0.04,0.09,1.52,-0.04,-0.09,-0.19,90.0,49.0,114.0,8431.0,False,18
521,Sangaré,MID,32,4,0.5,0.33,12.67,13.77,10.75,2.17,11.17,0.02,0.08,1.29,-0.02,-0.08,-0.46,90.0,49.0,48.0,8516.17,True,2
521,Sangaré,MID,33,4,0.33,0.33,13.67,14.87,12.27,2.83,11.83,0.02,0.06,1.39,-0.02,-0.06,-0.39,90.0,49.0,-16.5,8541.33,True,3
521,Sangaré,MID,34,1,0.33,0.33,12.5,14.9,12.03,2.83,11.17,0.01,0.05,1.16,-0.01,-0.05,-0.16,90.0,49.0,37.33,8629.5,False,17
521,Sangaré,MID,37,1,0.36,0.36,12.0,16.62,13.13,1.82,12.0,0.0,0.05,1.09,0.0,-0.05,-0.37,82.5,49.0,145.33,8951.17,False,14
521,Sangaré,MID,38,4,0.42,0.21,14.82,17.92,12.9,2.12,13.34,0.0,0.06,1.2,0.0,-0.06,-0.56,70.83,49.0,117.83,8919.67,True,4
543,Adingra,MID,4,3,0.56,0.56,10.56,6.78,24.72,3.33,5.56,0.08,0.06,0.51,-0.08,0.49,0.61,54.0,55.0,893.67,179404.67,False,8
543,Adingra,MID,6,1,0.78,0.39,11.74,7.98,23.36,2.35,5.48,0.05,0.08,0.68,-0.05,0.31,0.1,57.5,55.0,-9526.5,169375.0,False,16
543,Adingra,MID,7,1,0.77,0.38,12.26,7.81,22.86,3.06,5.36,0.05,0.08,0.7,-0.05,0.31,0.07,47.0,54.6,-12544.6,155367.0,False,14
543,Adingra,MID,11,1,0.66,0.33,11.96,9.43,25.84,2.66,5.31,0.05,0.08,1.01,-0.05,0.25,0.32,45.17,54.33,-12427.67,144233.17,True,1
543,Adingra,MID,21,1,0.6,0.3,12.56,14.77,8.04,19.44,6.88,0.06,0.1,1.89,0.24,-0.1,-1.29,50.17,49.5,-343.17,54426.17,False,5
544,Diarra,MID,4,3,0.35,0.35,7.76,3.74,8.79,13.41,3.88,0.17,0.02,0.74,-0.17,0.33,-0.04,85.0,55.0,-206.0,11980.0,False,8
544,Diarra,MID,17,1,0.52,0.26,6.0,2.77,8.09,11.74,3.91,0.13,0.02,1.01,-0.13,0.24,-0.49,86.25,55.0,-292.5,12107.75,False,6
544,Diarra,MID,23,0,0.49,0.24,6.79,3.88,7.64,10.92,4.85,0.12,0.02,1.08,-0.12,0.22,-0.6,74.2,54.6,-221.4,10652.6,False,19
544,Diarra,MID,24,14,0.43,0.43,5.62,4.24,7.55,10.17,5.62,0.12,0.02,1.01,-0.12,0.2,-0.58,69.33,54.33,-134.17,9703.33,True,3
544,Diarra,MID,25,1,0.44,0.44,14.22,10.76,10.16,12.0,5.56,0.15,0.05,0.93,0.08,0.4,-0.49,67.5,54.0,-93.67,8898.67,False,1
544,Diarra,MID,26,2,0.43,0.65,15.14,11.21,7.83,14.93,5.62,0.15,0.04,1.16,0.06,0.39,-0.29,69.33,53.67,39.5,7834.83,True,12
544,Diarra,MID,27,2,0.43,0.43,14.36,12.39,8.21,13.07,6.21,0.1,0.07,1.4,0.12,0.14,-0.55,70.0,53.33,347.5,7029.33,True,10
544,Diarra,MID,28,5,0.22,0.45,16.42,13.0,7.51,12.38,6.52,0.1,0.07,1.4,0.12,0.15,-0.05,66.67,53.0,626.33,6406.67,False,4
544,Diarra,MID,29,7,0.19,0.39,16.68,11.44,6.63,18.04,5.62,0.14,0.06,1.42,0.05,0.32,-0.07,77.33,53.0,702.83,7146.17,False,11
544,Diarra,MID,30,2,0.35,0.35,19.63,16.02,5.75,19.1,5.13,0.26,0.06,1.46,0.09,0.3,-0.22,84.83,53.0,905.67,8141.33,True,6
544,Diarra,MID,31,5,0.17,0.35,11.77,9.48,4.21,15.92,4.33,0.2,0.05,1.71,-0.03,0.13,-0.33,86.67,53.0,1570.17,9855.33,False,15
544,Diarra,MID,32,6,0.18,0.18,13.66,9.84,3.34,14.71,4.55,0.24,0.05,1.68,-0.06,0.3,-0.63,85.67,53.0,962.0,10842.33,True,18
544,Diarra,MID,33,2,0.35,0.18,15.06,11.66,6.71,15.58,4.03,0.25,0.03,1.41,-0.07,0.5,-0.53,85.67,53.0,1000.5,12000.33,False,2
544,Diarra,MID,34,1,0.34,0.17,15.67,12.67,9.2,18.03,4.38,0.34,0.04,1.59,-0.17,0.47,-0.41,89.0,53.0,788.33,12840.5,True,16
544,Diarra,MID,35,1,0.35,0.35,14.35,12.4,9.89,12.58,4.78,0.31,0.04,1.53,-0.13,0.31,0.24,84.67,53.0,1500.83,14923.33,False,20
544,Diarra,MID,37,4,0.21,0.21,11.77,7.18,11.79,13.83,4.54,0.23,0.05,1.64,-0.23,0.36,0.42,72.67,53.0,1459.83,16506.67,False,9
544,Diarra,MID,38,0,0.25,0.25,18.8,14.04,17.6,14.04,5.26,0.27,0.08,1.7,-0.27,0.67,0.55,59.83,53.0,507.0,16381.83,True,7
547,E.Le Fée,MID,6,3,0.0,0.0,23.46,33.78,17.66,8.96,13.22,0.35,0.03,1.09,0.07,-0.03,0.19,52.75,49.5,-4793.75,37501.0,False,16
547,E.Le Fée,MID,7,2,0.32,0.0,20.21,27.35,16.8,7.89,11.05,0.26,0.07,1.15,0.05,-0.07,-0.2,57.0,49.4,-3656.6,40274.8,False,14
547,E.Le Fée,MID,8,5,0.24,0.0,16.8,21.36,14.93,6.96,10.32,0.2,0.06,1.32,0.04,-0.06,-0.12,62.5,49.33,-3222.5,41986.83,True,20
547,E.Le Fée,MID,9,1,0.4,0.0,15.76,22.43,14.91,5.79,10.58,0.17,0.05,1.21,0.03,-0.05,-0.22,75.17,49.17,-3625.0,43756.17,False,7
547,E.Le Fée,MID,10,6,0.36,0.18,12.83,20.49,13.68,5.06,9.76,0.15,0.04,1.12,0.03,-0.04,-0.22,83.0,49.0,-2772.17,46119.0,True,9
547,E.Le Fée,MID,11,2,0.36,0.18,11.57,15.36,16.46,3.8,8.86,0.01,0.06,1.06,-0.01,0.12,-0.16,83.0,49.0,-2201.0,49072.33,True,1
547,E.Le Fée,MID,12,2,0.37,0.19,11.79,15.12,19.93,5.24,9.54,0.03,0.07,1.24,-0.03,0.12,-0.3,80.17,49.0,-1012.83,48435.17,False,10
547,E.Le Fée,MID,13,13,0.18,0.18,10.34,14.73,22.45,6.9,9.8,0.03,0.08,1.38,-0.03,0.1,-0.29,82.67,49.0,-1045.33,47681.33,True,4
547,E.Le Fée,MID,14,5,0.18,0.18,16.5,24.45,28.54,10.26,10.08,0.18,0.12,1.36,-0.0,0.25,-0.26,81.83,49.0,-1128.5,46888.83,False,12
547,E.Le Fée,MID,15,2,0.19,0.38,16.69,22.95,32.21,11.06,8.25,0.19,0.12,1.4,-0.01,0.44,-0.28,80.0,49.0,334.67,47582.33,False,13
547,E.Le Fée,MID,16,2,0.18,0.18,17.78,22.14,27.76,10.34,8.17,0.18,0.11,1.66,-0.0,0.43,-0.21,82.67,49.0,2052.17,50004.17,True,15
547,E.Le Fée,MID,17,2,0.36,0.36,15.06,17.42,23.43,8.89,7.44,0.19,0.09,1.54,-0.01,0.27,-0.27,82.67,49.0,3927.5,54325.83,False,6
547,E.Le Fée,MID,18,2,0.52,0.52,15.83,19.31,31.25,8.95,6.54,0.21,0.19,1.45,-0.04,0.15,-0.41,87.17,49.0,6784.67,61507.67,True,11
547,E.Le Fée,MID,19,5,0.52,0.52,17.18,20.37,33.23,7.56,6.18,0.21,0.17,1.47,-0.03,0.18,-0.43,87.33,49.0,13323.5,77809.17,True,13
547,E.Le Fée,MID,20,4,0.68,0.51,13.95,14.73,31.07,4.08,6.64,0.07,0.19,1.55,-0.07,-0.02,-0.87,88.17,49.0,12196.17,88910.17,False,18
547,E.Le Fée,MID,21,0,0.5,0.5,15.5,16.37,28.12,5.0,7.83,0.08,0.19,1.57,-0.08,-0.02,-0.73,90.0,49.0,11190.83,100175.33,False,5
547,E.Le Fée,MID,22,8,0.5,0.5,15.0,16.8,32.42,8.17,7.5,0.22,0.22,1.7,-0.22,-0.06,-0.87,90.0,49.0,10552.5,110847.67,True,8
547,E.Le Fée,MID,23,2,0.33,0.33,18.67,23.13,33.9,12.0,7.83,0.29,0.24,1.76,-0.12,-0.07,-0.76,90.0,49.0,8746.67,119669.17,False,19
547,E.Le Fée,MID,24,5,0.17,0.17,19.33,22.0,25.68,10.67,8.83,0.25,0.14,1.83,-0.08,0.02,-0.33,90.0,49.0,14731.67,134945.0,True,3
547,E.Le Fée,MID,25,2,0.33,0.17,21.5,24.27,19.68,10.83,11.33,0.26,0.13,1.48,-0.09,0.03,-0.14,90.0,49.0,8744.33,141473.67,False,1
547,E.Le Fée,MID,26,2,0.17,0.17,19.83,22.27,15.28,10.5,10.67,0.26,0.09,1.35,-0.09,0.08,0.48,90.0,49.0,8216.33,151023.67,True,12
547,E.Le Fée,MID,27,10,0.17,0.0,18.33,20.93,14.43,9.0,10.5,0.23,0.12,1.58,-0.07,-0.12,0.26,90.0,49.0,5897.5,156959.67,True,10
547,E.Le Fée,MID,28,2,0.17,0.0,21.0,25.87,12.35,9.17,11.17,0.22,0.09,1.35,0.11,-0.09,0.49,90.0,49.0,4799.0,162189.0,False,4
547,E.Le Fée,MID,29,5,0.17,0.0,18.17,21.2,14.42,6.0,11.67,0.14,0.09,1.53,0.02,-0.09,0.3,90.0,49.0,7769.33,170542.83,False,11
547,E.Le Fée,MID,31,1,0.33,0.0,17.33,21.5,13.82,5.67,12.17,0.14,0.08,1.47,0.02,-0.08,-0.14,90.0,49.17,-744.67,169790.33,False,15
547,E.Le Fée,MID,32,3,0.2,0.0,17.41,21.68,17.47,5.74,11.47,0.16,0.19,1.75,0.04,-0.19,-0.16,75.83,49.33,-6201.83,160846.83,True,18
547,E.Le Fée,MID,33,9,0.4,0.0,19.98,22.55,22.21,6.13,11.27,0.16,0.27,1.62,0.04,-0.27,-0.63,75.83,49.33,-6068.0,156884.67,False,2
547,E.Le Fée,MID,34,2,0.4,0.0,24.53,25.99,28.01,11.67,11.67,0.17,0.28,1.68,0.03,-0.09,-0.1,75.83,49.33,-5922.83,151676.83,True,16
547,E.Le Fée,MID,35,4,0.4,0.0,21.56,20.81,30.22,11.27,10.88,0.04,0.35,1.53,-0.04,-0.15,0.45,75.83,49.17,5325.67,167479.0,False,20
547,E.Le Fée,MID,36,3,0.4,0.0,21.36,22.11,27.69,10.48,11.47,0.04,0.35,1.53,-0.04,-0.15,0.45,75.83,49.0,5255.17,174362.17,True,14
547,E.Le Fée,MID,37,13,0.4,0.0,22.55,22.04,34.91,13.05,10.48,0.09,0.41,1.42,-0.09,-0.21,0.56,75.83,48.67,1421.5,177243.0,False,9
547,E.Le Fée,MID,38,5,0.33,0.0,26.0,26.13,30.65,13.83,9.5,0.09,0.31,1.36,0.07,0.02,0.47,90.0,48.33,5249.5,186878.83,True,7
551,Rigg,MID,20,1,0.57,0.0,10.89,5.22,12.18,4.87,6.88,0.09,0.07,1.03,-0.09,-0.07,-0.75,52.33,47.83,36.33,5755.83,False,18
551,Rigg,MID,21,1,0.63,0.0,11.64,5.92,10.83,4.09,7.24,0.08,0.08,1.09,-0.08,-0.08,-0.78,47.67,47.5,101.83,5940.5,False,5
551,Rigg,MID,29,1,0.65,0.0,11.61,4.9,11.03,5.16,6.77,0.06,0.1,1.38,-0.06,-0.1,-0.74,46.5,47.33,84.0,6084.0,False,11
551,Rigg,MID,31,3,0.32,0.0,11.57,5.66,11.67,7.07,7.39,0.1,0.1,1.86,-0.1,-0.1,-0.9,46.67,47.0,80.5,6064.33,False,15
551,Rigg,MID,32,2,0.0,0.0,15.54,12.84,23.22,12.31,8.21,0.08,0.19,1.92,-0.08,-0.19,-0.74,51.17,47.0,48.67,6106.5,True,18
551,Rigg,MID,33,7,0.28,0.28,12.9,10.09,22.12,12.34,7.29,0.09,0.17,1.52,-0.09,-0.17,-0.68,53.5,47.0,26.5,6099.5,False,2
551,Rigg,MID,34,1,0.24,0.24,16.08,16.75,19.92,15.6,7.2,0.1,0.14,1.72,0.14,-0.14,-0.28,62.5,47.0,32.33,6113.0,True,16
551,Rigg,MID,37,4,0.24,0.24,17.8,18.49,20.24,19.51,7.07,0.13,0.14,1.66,0.11,-0.14,0.53,61.5,47.0,487.83,7104.17,False,9
551,Rigg,MID,38,1,0.24,0.24,19.37,22.25,22.28,19.37,6.85,0.13,0.14,1.67,0.11,0.1,0.46,63.5,47.0,435.33,7534.17,True,7
552,Sadiki,MID,4,3,0.33,0.0,10.33,9.4,14.0,1.33,5.67,0.0,0.09,0.92,0.0,-0.09,0.08,90.0,50.0,-43.0,4848.33,False,8
552,Sadiki,MID,5,1,0.51,0.0,10.71,9.33,12.42,2.04,6.12,0.01,0.07,1.06,-0.01,-0.07,-0.29,88.25,50.0,-99.25,5052.0,True,2
552,Sadiki,MID,6,2,0.41,0.2,9.95,9.3,12.39,2.03,5.89,0.0,0.06,0.97,-0.0,-0.06,-0.15,88.6,50.0,-96.8,5215.0,False,16
552,Sadiki,MID,7,1,0.51,0.34,10.98,8.58,11.33,2.03,5.91,0.01,0.05,1.09,-0.01,-0.05,-0.41,88.83,50.0,-91.5,5341.67,False,14
552,Sadiki,MID,8,3,0.34,0.51,11.65,8.41,11.68,2.03,6.08,0.01,0.05,1.3,-0.01,-0.05,-0.29,88.83,50.0,-65.67,5797.83,True,20
552,Sadiki,MID,9,2,0.51,0.51,11.99,7.8,10.35,2.2,6.75,0.01,0.04,1.26,-0.01,-0.04,-0.58,88.83,50.0,-198.17,5902.83,False,7
552,Sadiki,MID,10,3,0.51,0.51,12.83,9.12,7.41,2.2,7.94,0.01,0.01,1.21,-0.01,-0.01,-0.53,88.83,50.0,-143.0,5996.67,True,9
552,Sadiki,MID,11,4,0.33,0.67,13.17,9.27,9.35,2.5,8.67,0.02,0.04,1.1,-0.02,-0.04,-0.27,90.0,50.0,-4.67,6208.0,True,1
552,Sadiki,MID,12,2,0.33,0.5,14.33,11.5,11.37,2.17,10.0,0.02,0.06,1.32,-0.02,-0.06,-0.32,90.0,50.0,-4.67,6384.5,False,10
552,Sadiki,MID,13,2,0.17,0.33,14.5,12.9,11.5,2.83,9.83,0.01,0.06,1.4,-0.01,-0.06,-0.23,90.0,50.0,183.5,6794.67,True,4
552,Sadiki,MID,14,2,0.17,0.17,13.83,11.67,10.85,3.17,8.67,0.01,0.06,1.38,-0.01,-0.06,-0.21,90.0,50.0,150.83,7143.67,False,12
552,Sadiki,MID,15,2,0.0,0.17,12.83,12.43,12.57,3.17,8.5,0.02,0.06,1.5,-0.02,-0.06,-0.16,90.0,50.0,175.83,7487.17,False,13
552,Sadiki,MID,16,3,0.0,0.17,11.92,11.85,11.16,3.45,8.12,0.03,0.07,1.72,-0.03,-0.07,0.01,86.83,50.0,175.17,7831.67,True,15
552,Sadiki,MID,22,5,0.17,0.0,11.92,11.61,8.78,2.42,7.26,0.02,0.03,1.61,-0.02,-0.03,-0.06,86.83,50.0,11.17,7988.67,True,8
552,Sadiki,MID,23,3,0.17,0.0,14.17,9.85,5.99,2.76,6.74,0.02,0.02,1.39,-0.02,0.15,-0.0,86.83,49.83,40.33,7834.83,False,19
552,Sadiki,MID,24,3,0.17,0.17,13.82,10.99,5.32,2.94,8.29,0.03,0.02,1.27,-0.03,0.16,0.45,86.83,49.67,-31.33,7545.0,True,3
552,Sadiki,MID,25,2,0.35,0.17,14.51,10.74,5.51,2.76,8.81,0.03,0.02,0.99,-0.03,0.15,0.39,86.83,49.5,-2.33,7286.33,False,1
552,Sadiki,MID,26,2,0.36,0.18,15.81,10.92,5.77,2.34,8.98,0.03,0.02,0.91,-0.03,0.16,0.7,83.5,49.33,65.67,7090.83,True,12
552,Sadiki,MID,27,2,0.35,0.17,16.27,12.67,7.91,2.08,8.83,0.01,0.03,1.0,-0.01,0.15,0.22,86.67,49.17,91.67,6911.33,True,10
552,Sadiki,MID,28,1,0.17,0.17,17.31,13.33,7.44,3.29,9.35,0.02,0.03,1.28,-0.02,0.15,0.45,86.67,49.0,176.5,6796.83,False,4
552,Sadiki,MID,29,3,0.17,0.35,13.33,13.05,6.23,4.5,8.65,0.02,0.03,1.47,-0.02,-0.03,0.26,86.67,49.0,176.83,7011.83,False,11
552,Sadiki,MID,30,2,0.35,0.17,11.6,11.08,6.06,3.29,7.62,0.01,0.03,1.41,-0.01,-0.03,-0.19,86.67,49.0,71.33,7113.33,True,6
552,Sadiki,MID,31,1,0.17,0.17,12.98,12.01,6.51,5.54,7.79,0.02,0.02,1.69,-0.02,-0.02,-0.3,86.67,49.0,74.0,7220.5,False,15
552,Sadiki,MID,32,3,0.17,0.33,11.33,11.93,4.7,8.5,7.17,0.05,0.03,1.7,-0.05,-0.03,-0.54,90.0,49.0,39.0,7287.5,True,18
552,Sadiki,MID,33,4,0.33,0.33,11.33,10.8,6.48,10.67,7.67,0.08,0.03,1.42,-0.08,-0.03,-0.42,90.0,49.0,25.5,7346.17,False,2
552,Sadiki,MID,34,2,0.33,0.5,10.67,13.6,10.63,11.0,7.33,0.09,0.03,1.58,-0.09,0.14,-0.42,90.0,49.0,4.0,7379.5,True,16
552,Sadiki,MID,35,2,0.33,0.33,11.67,11.8,12.83,10.33,6.83,0.1,0.07,1.48,-0.1,0.1,0.35,90.0,49.0,108.17,7622.17,False,20
552,Sadiki,MID,36,5,0.17,0.35,13.99,12.37,16.98,11.57,6.74,0.11,0.08,1.56,-0.11,0.09,0.52,86.83,49.0,176.5,7839.0,True,14
552,Sadiki,MID,37,2,0.35,0.35,13.47,13.37,17.07,14.34,7.6,0.17,0.08,1.37,-0.17,0.09,0.53,86.83,49.0,98.17,7964.67,False,9
552,Sadiki,MID,38,1,0.36,0.18,13.49,11.75,17.73,11.01,7.99,0.14,0.07,1.28,-0.14,0.1,0.67,84.5,49.0,157.33,8161.33,True,7
553,Talbi,MID,4,3,0.83,0.0,11.25,11.83,17.92,5.0,4.17,0.13,0.02,0.76,-0.13,0.4,-0.35,72.0,50.0,4813.67,31347.33,False,8
553,Talbi,MID,5,2,0.88,0.0,10.29,10.47,17.47,7.94,4.12,0.15,0.06,1.06,-0.15,0.24,-0.76,76.5,50.0,2429.75,32404.0,True,2
553,Talbi,MID,6,3,0.7,0.0,10.05,8.84,17.35,7.71,5.14,0.14,0.06,0.95,-0.14,0.18,-0.48,77.0,50.0,1350.8,32593.8,False,16
553,Talbi,MID,7,1,0.77,0.0,9.79,7.91,14.6,7.48,5.57,0.12,0.05,1.09,-0.12,0.14,-0.7,78.17,50.0,584.83,32224.17,False,14
553,Talbi,MID,8,4,0.66,0.0,8.1,5.87,15.44,12.92,6.13,0.2,0.06,1.22,-0.2,-0.06,-0.79,68.5,50.0,352.33,35017.5,True,20
553,Talbi,MID,9,8,0.72,0.0,11.25,6.27,13.0,13.16,6.46,0.16,0.06,1.4,-0.16,0.17,-1.16,62.67,50.0,-3063.83,32457.17,False,7
553,Talbi,MID,10,1,0.53,0.0,17.63,14.37,12.36,17.63,5.88,0.19,0.07,1.36,0.08,0.2,-1.1,56.17,50.0,-2745.5,30282.33,True,9
553,Talbi,MID,23,1,0.28,0.0,14.62,12.94,10.43,12.66,5.62,0.05,0.06,1.85,0.23,-0.06,-0.17,53.33,50.0,-1284.0,30013.33,False,19
553,Talbi,MID,24,8,0.27,0.0,13.27,13.17,14.31,12.21,5.84,0.05,0.06,1.62,0.22,-0.06,-0.3,56.5,49.83,-928.67,27564.5,True,3
553,Talbi,MID,25,2,0.46,0.0,18.37,20.34,17.36,14.46,5.74,0.06,0.06,1.1,0.39,-0.06,-0.18,65.33,49.67,-716.17,25265.33,False,1
553,Talbi,MID,26,1,0.46,0.0,18.78,21.25,17.38,14.43,6.18,0.04,0.05,0.85,0.42,-0.05,-0.17,65.5,49.5,-179.0,23542.0,True,12
553,Talbi,MID,28,2,0.58,0.0,16.39,16.45,21.36,12.36,5.18,0.04,0.06,0.74,0.24,-0.06,-0.16,52.17,49.33,158.33,22126.5,False,4
553,Talbi,MID,30,2,0.52,0.0,13.75,13.33,13.38,11.15,5.45,0.04,0.05,0.58,0.22,-0.05,-0.06,57.83,49.17,-64.33,20467.0,True,6
553,Talbi,MID,31,8,0.26,0.0,13.93,16.25,14.6,12.12,5.42,0.07,0.11,0.95,0.19,-0.11,-0.18,58.17,49.0,219.17,19086.5,False,15
553,Talbi,MID,32,1,0.23,0.0,17.36,20.97,11.56,20.79,5.03,0.18,0.1,1.08,0.28,-0.1,-0.16,65.67,49.0,147.0,19328.17,True,18
553,Talbi,MID,33,1,0.0,0.0,13.93,15.55,7.86,20.62,5.57,0.19,0.11,1.31,0.09,-0.11,-0.2,53.83,49.0,409.33,19887.67,False,2
553,Talbi,MID,35,2,0.0,0.0,14.43,16.18,8.56,17.87,5.33,0.2,0.13,1.63,0.11,-0.13,-0.38,47.83,49.0,155.83,20129.17,False,20
553,Talbi,MID,36,3,0.0,0.0,13.49,14.81,8.66,19.13,5.15,0.18,0.14,1.66,0.06,-0.14,-0.44,61.17,49.0,61.5,20341.83,True,14
553,Talbi,MID,37,1,0.24,0.0,12.41,14.37,8.76,20.29,4.54,0.19,0.14,1.44,0.05,-0.14,-0.48,62.83,49.0,10.17,20463.33,False,9
580,Johnson,MID,4,1,0.86,0.43,26.7,36.95,18.82,18.95,5.6,0.39,0.04,1.55,0.47,-0.04,-1.12,69.67,70.33,242798.67,616703.33,False,19
580,Johnson,MID,5,1,0.82,0.41,26.71,35.67,18.21,19.73,6.16,0.37,0.06,1.48,0.45,-0.06,-1.06,54.75,70.5,178894.5,754546.25,False,6
580,Johnson,MID,6,1,0.76,0.38,25.44,33.04,17.01,18.99,5.7,0.34,0.06,1.49,0.42,-0.06,-1.11,47.4,70.6,93253.6,787673.4,True,20
580,Johnson,MID,16,1,0.31,0.31,11.21,13.08,12.39,5.61,7.16,0.02,0.04,1.6,-0.02,-0.04,-0.67,48.17,67.0,-43156.33,399630.67,False,16
580,Johnson,MID,17,1,0.31,0.31,11.29,12.81,12.2,4.27,6.71,0.0,0.04,1.59,0.0,-0.04,-0.68,49.17,66.5,-25577.67,371999.0,True,12
580,Johnson,MID,22,2,0.32,0.63,6.34,8.43,17.3,28.2,5.39,0.18,0.05,1.41,-0.18,-0.05,-0.46,47.33,65.17,-2395.0,321947.33,False,17
580,Johnson,MID,23,2,0.3,0.6,5.74,5.62,12.08,26.88,5.44,0.18,0.04,1.49,-0.18,-0.04,-0.28,49.67,65.0,-823.83,319647.67,True,7
580,Johnson,MID,24,2,0.25,0.5,6.2,5.55,10.46,23.31,5.95,0.15,0.03,1.72,-0.15,-0.03,0.02,60.5,65.0,392.83,319910.5,False,16
580,Johnson,MID,25,1,0.21,0.43,5.56,4.66,11.27,22.87,5.56,0.14,0.07,1.52,-0.14,-0.07,-0.03,70.17,65.0,845.33,320616.33,False,6
580,Johnson,MID,26,1,0.22,0.43,5.81,4.69,11.35,21.75,5.6,0.14,0.07,1.52,-0.14,-0.07,-0.02,69.67,65.0,1228.67,321685.67,True,3
580,Johnson,MID,27,1,0.24,0.24,5.7,3.7,9.28,17.57,4.99,0.15,0.08,1.5,-0.15,-0.08,-0.07,63.17,65.0,-627.17,321135.5,True,20
580,Johnson,MID,28,4,0.0,0.0,10.13,6.32,16.27,10.73,5.66,0.07,0.12,1.39,-0.07,-0.12,0.4,50.33,65.0,-2789.33,318459.83,False,14
580,Johnson,MID,34,1,0.58,0.58,11.25,10.04,22.96,4.9,7.21,0.14,0.08,1.27,-0.14,0.21,-0.7,52.0,65.0,-1630.5,306088.67,False,12
580,Johnson,MID,35,2,0.5,0.5,9.08,8.22,22.56,6.3,7.56,0.15,0.06,1.36,-0.15,0.19,-0.35,59.5,65.0,-1016.5,304787.0,False,4
580,Johnson,MID,36,2,0.46,0.46,6.0,4.71,17.79,8.08,7.62,0.16,0.07,1.44,-0.16,-0.07,-0.06,65.0,65.0,-375.5,304100.83,True,9
580,Johnson,MID,36,2,0.4,0.4,6.26,5.85,20.87,7.47,7.47,0.14,0.09,1.45,-0.14,-0.09,0.16,74.33,65.0,2251.67,306285.17,False,13
580,Johnson,MID,37,1,0.2,0.2,6.94,6.16,17.14,6.73,6.73,0.12,0.08,1.44,-0.12,-0.08,0.6,73.5,65.0,4911.5,308578.83,False,5
582,Kudus,MID,4,3,0.69,0.0,19.11,24.88,39.37,7.3,6.6,0.02,0.26,1.42,-0.02,0.43,-1.07,86.33,65.33,279349.33,3071507.67,False,19
582,Kudus,MID,5,7,0.77,0.0,15.21,21.09,37.42,14.7,5.67,0.14,0.22,1.21,-0.14,0.29,-0.95,87.25,65.5,204348.5,3252287.75,False,6
582,Kudus,MID,6,2,0.62,0.21,16.4,21.9,36.68,15.79,5.95,0.13,0.21,1.23,-0.13,0.61,-0.62,87.8,65.6,133643.2,3336272.2,True,20
582,Kudus,MID,7,12,0.51,0.17,14.8,21.95,34.42,21.95,6.47,0.17,0.19,1.22,-0.17,0.49,-0.54,88.17,65.83,140888.83,3429678.0,False,11
582,Kudus,MID,8,2,0.34,0.34,14.83,23.87,23.78,23.93,6.74,0.21,0.09,1.29,-0.04,0.41,-0.44,89.0,66.17,122513.17,3659870.5,True,2
582,Kudus,MID,9,3,0.17,0.33,13.36,23.61,27.1,24.71,6.68,0.21,0.09,1.07,-0.04,0.41,0.1,89.83,66.67,160448.83,3879277.67,False,9
582,Kudus,MID,10,1,0.34,0.34,13.17,21.97,25.24,24.3,6.84,0.23,0.09,1.05,-0.05,0.42,-0.02,87.67,67.0,49181.67,3948178.17,True,7
582,Kudus,MID,12,2,0.17,0.51,13.69,21.32,20.36,23.1,7.7,0.16,0.08,1.58,0.01,0.43,-0.38,87.67,67.17,-9790.0,3954175.67,False,1
582,Kudus,MID,13,8,0.18,0.35,11.4,19.02,15.23,20.18,8.42,0.15,0.06,1.68,0.03,0.12,-0.11,85.5,67.0,-117047.67,3700733.5,True,10
582,Kudus,MID,14,7,0.18,0.35,15.09,22.49,17.11,15.09,8.07,0.08,0.06,1.56,0.27,0.12,0.19,85.5,66.67,-167529.17,3398630.33,False,15
582,Kudus,MID,15,3,0.18,0.18,13.94,17.44,21.32,13.06,8.65,0.05,0.12,1.68,0.13,0.05,0.26,85.0,66.33,-155360.0,3110683.83,True,5
582,Kudus,MID,16,2,0.36,0.18,17.68,19.12,20.96,14.25,8.84,0.06,0.15,1.67,0.12,0.03,-0.05,83.17,65.83,-229462.5,2739360.83,False,16
582,Kudus,MID,17,1,0.18,0.18,19.04,20.51,23.5,16.53,9.16,0.05,0.19,1.81,0.13,-0.01,0.35,83.5,65.33,-229345.5,2369966.0,True,12
582,Kudus,MID,18,3,0.19,0.0,19.42,21.46,25.62,12.88,9.23,0.04,0.2,1.3,0.15,-0.01,1.01,78.0,64.83,-189313.5,2043608.5,False,8
582,Kudus,MID,19,3,0.38,0.0,20.08,21.22,27.25,13.07,8.91,0.04,0.2,1.2,0.15,-0.01,0.32,79.17,64.67,-68464.5,1986117.5,False,5
582,Kudus,MID,20,1,0.57,0.0,15.54,14.44,21.58,16.11,9.28,0.08,0.19,1.27,-0.08,0.0,-0.13,79.17,64.5,-53047.5,1935415.83,True,17
584,Tel,MID,23,1,0.0,0.0,25.24,21.19,31.12,22.58,8.3,0.11,0.16,1.43,0.23,0.18,0.56,45.17,62.17,1658.83,16057.5,False,3
584,Tel,MID,24,1,0.0,0.0,21.33,22.13,31.27,33.0,9.0,0.21,0.08,1.18,0.12,-0.08,0.49,45.0,62.0,2291.5,18445.17,True,13
584,Tel,MID,25,1,0.0,0.0,20.11,20.94,28.76,32.23,8.94,0.2,0.07,1.39,0.12,-0.07,0.21,47.0,62.0,1098.83,19589.17,False,14
584,Tel,MID,26,1,0.0,0.0,19.79,20.68,28.69,33.83,9.26,0.21,0.07,1.61,0.11,-0.07,0.31,47.0,62.0,828.83,20519.67,True,15
584,Tel,MID,32,1,0.0,0.0,13.02,16.78,48.05,22.43,7.48,0.27,0.21,1.56,-0.27,-0.21,0.93,54.17,62.0,-276.33,17706.33,False,17
584,Tel,MID,33,1,0.0,0.0,14.45,19.08,48.88,18.96,6.62,0.13,0.23,1.46,-0.13,-0.23,0.65,49.83,62.0,-142.17,17669.67,True,6
584,Tel,MID,34,1,0.0,0.0,13.61,18.78,45.36,18.06,6.39,0.12,0.18,1.42,-0.12,-0.18,0.52,54.0,62.0,9.0,17742.5,False,20
584,Tel,MID,35,5,0.0,0.0,11.48,17.95,39.95,16.82,7.21,0.13,0.16,1.32,-0.13,-0.16,0.55,56.17,62.0,134.5,18002.0,False,2
584,Tel,MID,36,9,0.27,0.27,14.42,21.04,36.13,10.68,9.08,0.09,0.25,0.91,-0.09,0.01,0.16,56.17,62.0,258.67,18304.67,True,11
584,Tel,MID,37,2,0.26,0.26,17.12,24.07,31.31,13.49,7.52,0.1,0.23,0.92,0.16,0.03,0.11,57.83,62.0,1143.0,19565.5,False,7
584,Tel,MID,38,3,0.24,0.24,13.1,20.91,27.05,11.16,6.79,0.07,0.21,0.78,0.17,0.03,0.19,61.83,62.0,2174.5,21502.83,True,9
585,Bentancur,MID,5,2,0.45,0.0,16.73,10.94,8.14,0.9,10.85,0.0,0.01,1.44,0.0,-0.01,-0.99,66.33,55.0,-1147.33,16229.67,False,6
585,Bentancur,MID,6,2,0.35,0.0,18.07,11.88,15.74,3.47,10.77,0.0,0.11,1.42,0.0,-0.11,-0.38,64.75,54.75,-1302.0,16431.75,True,20
585,Bentancur,MID,7,4,0.28,0.0,17.44,13.22,13.72,5.34,11.81,0.02,0.1,1.43,-0.02,-0.1,-0.3,64.0,54.6,-1189.2,16508.4,False,11
585,Bentancur,MID,8,12,0.22,0.0,16.46,13.0,11.09,4.39,11.85,0.02,0.08,1.48,-0.02,-0.08,-0.39,68.33,54.5,-1057.0,16556.83,True,2
585,Bentancur,MID,9,8,0.19,0.0,20.04,20.72,11.78,7.37,11.91,0.04,0.07,1.31,0.15,-0.07,0.02,79.33,54.17,-1055.0,16893.67,False,9
585,Bentancur,MID,10,0,0.19,0.0,22.5,22.5,11.57,10.02,12.1,0.06,0.07,1.3,0.12,0.12,0.02,79.33,53.83,373.5,18215.0,True,7
585,Bentancur,MID,11,1,0.2,0.2,21.44,23.14,12.09,11.12,12.74,0.07,0.08,1.53,0.13,0.13,-0.11,74.17,53.5,4204.33,23712.67,True,14
585,Bentancur,MID,12,1,0.23,0.23,22.05,25.09,7.52,10.68,13.41,0.08,0.02,1.54,0.15,0.21,-0.17,66.0,53.33,4458.67,29076.33,False,1
585,Bentancur,MID,13,1,0.22,0.45,19.58,22.36,7.06,8.55,11.92,0.06,0.01,1.55,0.16,0.22,0.25,66.67,53.17,3580.33,33465.17,True,10
585,Bentancur,MID,14,3,0.26,0.53,20.12,24.35,14.8,10.85,11.38,0.07,0.04,1.41,0.2,0.22,0.44,56.67,53.0,2924.67,37173.83,False,15
585,Bentancur,MID,15,5,0.26,0.78,12.78,11.27,12.47,5.74,12.26,0.04,0.05,1.87,-0.04,0.21,-0.05,57.5,53.0,2406.83,40347.0,True,5
585,Bentancur,MID,16,1,0.28,0.85,10.72,9.87,11.99,2.26,14.11,0.01,0.06,1.61,-0.01,-0.06,0.36,53.17,53.0,1082.33,42081.5,False,16
585,Bentancur,MID,17,3,0.28,0.57,12.45,16.08,15.06,1.7,14.72,0.01,0.06,1.55,-0.01,-0.06,0.72,53.0,53.0,-3194.17,38866.67,True,12
585,Bentancur,MID,18,5,0.23,0.68,11.79,14.74,14.94,1.59,14.28,0.02,0.05,1.37,-0.02,-0.05,0.67,66.17,53.0,-3415.5,35649.83,False,8
585,Bentancur,MID,19,5,0.43,0.43,14.08,17.53,14.05,5.12,15.14,0.02,0.05,1.33,-0.02,-0.05,-0.05,70.33,53.0,-2490.17,33414.0,False,5
585,Bentancur,MID,20,3,0.56,0.37,15.5,16.8,8.22,4.48,15.87,0.02,0.02,1.29,-0.02,-0.02,-0.17,80.33,53.0,-1786.17,31874.17,True,17
585,Bentancur,MID,21,2,0.56,0.37,16.43,18.3,8.53,4.48,15.68,0.02,0.02,1.0,-0.02,-0.02,-0.07,80.33,53.0,-1135.67,30959.17,False,4
585,Bentancur,MID,33,4,0.36,0.36,16.64,17.61,7.69,3.94,14.14,0.01,0.02,1.14,-0.01,-0.02,0.11,83.83,53.0,-532.33,30622.33,True,6
585,Bentancur,MID,34,4,0.35,0.35,18.14,14.83,5.2,4.4,14.09,0.02,0.01,0.85,-0.02,-0.01,0.2,85.17,52.83,-29.17,28804.0,False,20
585,Bentancur,MID,35,2,0.53,0.35,17.61,16.03,3.59,7.93,14.27,0.02,0.03,0.86,-0.02,-0.03,-0.16,85.17,52.67,427.5,27491.33,False,2
585,Bentancur,MID,36,5,0.55,0.55,18.67,15.67,4.62,5.17,14.05,0.01,0.03,0.67,-0.01,-0.03,0.07,81.17,52.5,479.17,26124.67,True,11
585,Bentancur,MID,37,2,0.38,0.57,18.68,16.83,6.3,6.98,13.96,0.05,0.03,0.73,-0.05,-0.03,0.22,79.5,52.33,559.17,24817.17,False,7
585,Bentancur,MID,38,5,0.38,0.38,19.25,15.32,7.28,7.36,12.64,0.05,0.03,0.75,-0.05,-0.03,0.38,79.5,52.17,460.17,23370.17,True,9
586,Bergvall,MID,5,4,0.91,0.0,27.27,35.82,13.36,35.0,6.36,0.14,0.06,0.84,0.32,0.4,-0.84,49.5,54.75,-1151.25,15725.25,False,6
586,Bergvall,MID,6,1,0.63,0.0,21.71,27.19,10.76,25.49,8.5,0.09,0.04,0.99,0.22,0.27,-0.37,57.2,54.6,6270.0,24021.6,True,20
586,Bergvall,MID,8,1,0.5,0.25,17.85,21.47,9.92,23.06,8.43,0.15,0.06,1.07,0.1,0.19,-0.32,60.5,54.5,9615.0,34180.17,True,2
586,Bergvall,MID,9,1,0.31,0.31,18.92,24.53,11.62,18.31,10.07,0.14,0.07,1.06,0.16,0.24,-0.15,49.17,54.33,6548.0,42909.33,False,9
586,Bergvall,MID,10,1,0.28,0.28,17.16,20.76,7.82,16.31,9.28,0.13,0.05,1.11,0.15,0.23,-0.26,53.33,54.17,4899.83,49496.83,True,7
586,Bergvall,MID,13,5,0.31,0.31,18.62,21.29,8.07,12.1,9.62,0.13,0.05,1.13,0.18,0.26,-0.2,48.33,54.0,3559.83,54585.5,True,10
586,Bergvall,MID,14,2,0.0,0.31,14.43,12.17,8.62,7.21,10.66,0.1,0.04,1.08,-0.1,0.27,0.49,47.83,54.0,3586.17,57050.17,False,15
586,Bergvall,MID,16,0,0.0,0.33,14.73,10.87,8.41,11.13,8.18,0.2,0.05,1.1,-0.2,0.28,0.21,45.83,54.0,-2442.83,52591.33,False,16
586,Bergvall,MID,18,3,0.0,0.31,14.06,9.62,10.03,6.88,6.25,0.1,0.02,0.94,-0.1,0.29,0.93,48.0,53.67,-4340.67,36589.67,False,8
586,Bergvall,MID,20,1,0.28,0.28,14.02,10.65,9.64,6.17,6.45,0.09,0.02,0.95,-0.09,0.26,0.73,53.5,53.5,-2464.0,31852.67,True,17
586,Bergvall,MID,21,1,0.27,0.27,14.32,11.14,9.46,5.95,6.76,0.09,0.02,0.98,-0.09,0.25,0.91,55.5,53.33,-927.83,28465.33,False,4
586,Bergvall,MID,22,1,0.29,0.29,7.76,4.54,5.89,7.76,5.75,0.09,0.01,1.16,-0.09,-0.01,0.86,52.17,53.17,-753.33,27757.0,True,19
587,Bissouma,MID,25,1,0.0,0.48,20.95,16.29,5.1,10.0,13.33,0.13,0.03,1.79,-0.13,-0.03,0.6,63.0,52.0,153.0,5234.0,False,14
587,Bissouma,MID,26,1,0.0,0.45,21.26,17.01,4.88,9.5,13.57,0.13,0.03,2.01,-0.13,-0.03,0.71,49.75,52.0,164.5,5365.0,True,15
587,Bissouma,MID,27,3,0.0,0.37,18.81,16.45,4.91,7.75,12.17,0.1,0.03,2.31,-0.1,-0.03,0.28,48.8,52.0,162.8,5488.2,True,1
587,Bissouma,MID,28,2,0.0,0.54,18.86,18.16,3.8,5.66,14.55,0.08,0.02,2.24,-0.08,-0.02,0.72,55.67,52.0,151.83,5594.83,False,10
587,Bissouma,MID,29,0,0.0,0.49,15.9,14.97,3.79,0.73,12.96,0.03,0.02,2.22,-0.03,-0.02,0.72,61.33,52.0,175.17,5833.17,True,8
587,Bissouma,MID,33,0,0.0,0.8,12.78,13.21,2.66,0.53,11.72,0.02,0.0,2.27,-0.02,-0.0,0.92,56.33,52.0,143.17,6032.83,True,6
587,Bissouma,MID,34,3,0.0,0.83,11.28,13.65,2.72,0.55,11.83,0.02,0.0,2.18,-0.02,-0.0,0.85,54.5,52.0,110.83,6121.0,False,20
587,Bissouma,MID,35,1,0.24,0.71,11.67,12.05,3.0,0.48,10.24,0.02,0.01,1.78,-0.02,-0.01,0.6,63.0,52.0,90.17,6186.83,False,2
588,Odobert,MID,10,1,0.0,0.0,9.55,7.71,14.33,20.03,5.24,0.13,0.13,0.89,-0.13,-0.13,0.65,48.67,53.5,-157.33,3853.0,True,7
588,Odobert,MID,11,7,0.0,0.0,10.55,8.64,14.67,18.79,5.6,0.12,0.13,1.33,-0.12,-0.13,0.32,45.5,53.33,-151.0,3877.83,True,14
588,Odobert,MID,12,2,0.0,0.0,16.12,15.83,23.98,17.3,5.86,0.12,0.17,1.28,-0.12,0.12,0.48,51.17,53.17,-53.0,3974.0,False,1
588,Odobert,MID,13,1,0.0,0.0,17.34,17.34,25.36,14.05,5.68,0.09,0.14,1.35,-0.09,0.16,0.75,50.17,53.0,51.5,4181.5,True,10
588,Odobert,MID,14,1,0.0,0.0,15.52,15.07,24.15,15.8,5.36,0.11,0.14,1.31,-0.11,0.15,0.67,53.17,53.0,63.0,4391.83,False,15
588,Odobert,MID,23,8,0.59,0.0,12.98,10.74,28.03,18.59,7.67,0.18,0.05,1.08,-0.18,-0.05,-0.49,50.83,53.0,156.67,5137.17,False,3
588,Odobert,MID,24,1,0.48,0.0,19.39,19.01,32.96,26.57,8.62,0.18,0.12,1.21,-0.18,0.11,-0.25,62.67,53.0,1082.67,6366.5,True,13
588,Odobert,MID,25,1,0.49,0.0,18.68,18.49,35.13,30.32,8.49,0.26,0.13,1.36,-0.26,0.12,-0.39,61.83,53.0,929.33,7371.17,False,14
588,Odobert,MID,26,1,0.27,0.0,18.75,19.07,38.73,32.41,9.11,0.26,0.14,1.44,-0.26,0.13,-0.36,56.0,53.0,824.83,8254.33,True,15
591,Gray,MID,17,2,0.64,0.64,11.21,6.41,6.66,7.69,9.29,0.02,0.03,1.12,-0.02,-0.03,0.16,46.83,48.5,-156.33,12330.0,True,12
591,Gray,MID,18,10,0.32,0.64,10.89,9.1,9.22,7.69,10.25,0.02,0.01,1.04,-0.02,-0.01,0.88,46.83,48.17,-132.5,12090.17,False,8
591,Gray,MID,19,3,0.49,0.74,14.84,17.6,5.88,15.08,9.89,0.1,0.01,1.12,0.15,-0.01,0.37,60.67,48.0,74.33,11818.0,False,5
591,Gray,MID,20,3,0.68,0.68,13.44,17.73,6.15,15.72,8.43,0.14,0.01,1.14,0.08,-0.01,-0.23,65.83,48.0,411.33,12525.5,True,17
591,Gray,MID,21,1,0.78,0.58,12.63,15.9,5.56,14.19,8.36,0.13,0.01,1.02,0.07,-0.01,-0.24,77.17,48.0,707.0,13369.5,False,4
591,Gray,MID,22,0,0.72,0.48,13.85,17.0,6.16,16.95,8.36,0.16,0.01,1.23,0.08,-0.01,-0.04,62.83,48.0,820.67,14308.17,True,19
591,Gray,MID,23,1,0.74,0.49,16.07,19.29,8.73,13.35,9.64,0.15,0.01,1.12,0.1,-0.01,-0.14,60.67,48.0,748.5,15178.33,False,3
591,Gray,MID,24,2,0.88,0.59,16.47,19.59,7.29,15.29,8.24,0.18,0.01,1.16,0.11,-0.01,-0.57,51.0,48.0,711.0,16003.33,True,13
591,Gray,MID,25,2,0.58,0.29,9.81,8.54,6.4,6.06,7.21,0.08,0.01,1.38,-0.08,-0.01,-0.22,52.0,48.0,537.0,16626.0,False,14
591,Gray,MID,26,10,0.29,0.29,11.25,9.81,5.25,2.88,8.08,0.01,0.01,1.65,-0.01,-0.01,0.08,52.0,48.0,184.5,16703.83,True,15
591,Gray,MID,27,1,0.0,0.27,18.22,20.94,8.76,11.69,7.34,0.15,0.09,2.17,0.12,-0.09,0.01,55.17,48.0,-103.33,16661.17,True,1
591,Gray,MID,28,5,0.0,0.43,14.46,18.35,7.75,9.28,7.34,0.12,0.07,2.13,0.09,-0.07,0.25,69.5,48.0,25.33,16791.0,False,10
591,Gray,MID,29,5,0.0,0.19,15.78,20.06,7.64,9.16,6.43,0.11,0.11,2.06,0.08,0.09,0.28,77.0,48.0,146.83,17026.5,True,8
591,Gray,MID,30,2,0.0,0.17,16.83,22.47,9.05,9.33,6.83,0.1,0.19,2.06,0.06,0.15,0.44,90.0,48.0,276.83,17389.33,False,12
591,Gray,MID,31,2,0.0,0.17,17.0,22.17,10.85,8.33,7.17,0.1,0.19,1.99,0.06,0.15,0.34,90.0,48.0,509.5,17999.33,True,16
591,Gray,MID,32,2,0.0,0.17,16.72,21.28,12.93,9.62,7.26,0.13,0.19,1.88,0.04,0.15,0.48,88.83,48.0,732.83,18973.33,False,17
591,Gray,MID,33,1,0.0,0.18,12.52,14.78,10.93,3.58,7.69,0.04,0.15,1.74,-0.04,0.21,0.58,83.83,48.0,717.33,19781.83,True,6
591,Gray,MID,38,1,0.0,0.0,14.73,16.39,11.62,7.47,7.47,0.05,0.17,1.62,-0.05,0.23,0.39,74.33,48.0,398.0,20181.67,True,9
593,P.M.Sarr,MID,4,8,0.71,0.0,14.47,15.39,7.48,8.12,8.82,0.01,0.08,1.44,-0.01,0.27,-1.09,85.0,50.0,4535.67,292664.33,False,19
593,P.M.Sarr,MID,6,4,0.78,0.0,19.3,21.18,6.65,17.74,8.35,0.08,0.07,1.22,0.18,0.19,-0.96,86.25,50.0,-4465.0,291932.0,True,20
593,P.M.Sarr,MID,7,1,0.76,0.0,21.68,24.91,9.5,17.65,8.82,0.08,0.07,1.18,0.17,0.43,-0.93,71.4,50.0,-19144.6,294122.4,False,11
593,P.M.Sarr,MID,8,1,0.72,0.0,21.9,25.32,9.24,16.84,9.39,0.07,0.07,1.19,0.17,0.41,-0.95,62.33,50.0,-18328.67,294289.83,True,2
593,P.M.Sarr,MID,9,6,0.62,0.0,19.69,22.5,6.16,21.25,9.38,0.1,0.02,1.29,0.22,0.29,-0.98,48.0,50.0,-25803.67,291751.5,False,9
593,P.M.Sarr,MID,15,1,0.0,0.0,19.14,13.2,13.09,2.0,11.71,0.12,0.05,2.12,0.16,-0.05,-0.41,52.5,48.5,-13704.0,196639.17,True,5
593,P.M.Sarr,MID,24,1,0.0,0.0,13.23,14.2,13.31,6.9,11.5,0.09,0.05,2.13,-0.09,-0.05,-0.41,52.17,48.17,-9715.33,187662.5,True,13
593,P.M.Sarr,MID,27,4,0.0,0.27,19.4,24.52,10.02,9.16,14.01,0.09,0.15,2.09,-0.09,0.12,-0.47,55.67,46.33,-2387.0,142116.5,True,1
593,P.M.Sarr,MID,28,1,0.0,0.22,19.05,26.98,8.72,9.42,14.67,0.09,0.13,2.14,-0.09,0.09,0.05,68.5,45.83,1722.0,133540.33,False,10
593,P.M.Sarr,MID,29,1,0.0,0.25,19.92,30.76,5.97,12.61,15.63,0.14,0.13,2.14,-0.14,0.12,-0.13,59.5,45.33,5130.5,128254.83,True,8
593,P.M.Sarr,MID,30,4,0.0,0.41,18.33,25.95,6.28,9.89,14.83,0.08,0.11,2.07,-0.08,0.1,0.19,72.83,45.0,7039.5,124645.83,False,12
593,P.M.Sarr,MID,31,2,0.0,0.37,19.23,21.81,7.15,9.34,14.94,0.07,0.11,1.98,-0.07,0.08,0.27,80.33,45.0,7289.83,132164.17,True,16
593,P.M.Sarr,MID,32,1,0.0,0.37,20.17,22.82,11.24,9.71,14.38,0.08,0.1,1.92,-0.08,0.09,0.51,80.33,45.0,6773.67,138240.67,False,17
593,P.M.Sarr,MID,35,1,0.0,0.21,16.89,17.62,9.9,8.76,12.83,0.09,0.03,1.72,-0.09,-0.03,0.63,70.17,45.0,4610.83,142689.67,False,2
593,P.M.Sarr,MID,37,4,0.0,0.27,16.81,13.01,11.85,8.67,11.66,0.09,0.03,1.64,-0.09,-0.03,0.53,55.33,45.0,773.5,141936.0,False,7
593,P.M.Sarr,MID,38,0,0.0,0.28,20.75,16.65,19.32,8.13,10.65,0.09,0.04,1.52,-0.09,0.24,0.72,53.5,45.0,-1044.0,139372.17,True,9
612,L.Paquetá,MID,4,2,0.33,0.0,24.67,40.8,19.97,19.33,10.67,0.39,0.07,1.38,0.27,-0.07,1.28,90.0,59.33,-3883.67,111178.67,True,18
612,L.Paquetá,MID,5,1,0.27,0.0,20.83,32.69,19.92,16.56,9.08,0.38,0.06,1.32,0.15,-0.06,1.62,84.25,59.25,52263.75,182988.5,True,8
612,L.Paquetá,MID,6,4,0.21,0.21,17.7,28.16,22.97,15.81,8.64,0.31,0.07,1.53,0.11,-0.07,1.21,85.4,59.2,55894.4,241418.4,False,9
612,L.Paquetá,MID,7,1,0.17,0.17,17.58,26.67,27.4,14.1,9.4,0.27,0.09,1.39,0.08,-0.09,1.05,86.17,59.17,32659.17,265688.0,False,1
612,L.Paquetá,MID,8,2,0.17,0.35,18.97,29.42,30.46,14.1,10.27,0.27,0.14,1.75,0.08,-0.14,0.51,86.17,59.0,25900.83,305726.0,True,5
612,L.Paquetá,MID,9,1,0.17,0.35,13.23,21.34,28.43,12.19,9.92,0.27,0.13,1.68,-0.09,-0.13,0.06,86.17,59.0,32777.5,352526.0,False,11
612,L.Paquetá,MID,10,9,0.0,0.52,10.44,11.8,28.17,6.62,8.53,0.09,0.14,1.81,-0.09,-0.14,0.28,86.17,59.0,28754.33,391674.83,True,15
612,L.Paquetá,MID,11,4,0.0,0.67,16.33,20.83,28.18,8.33,9.5,0.06,0.14,1.69,0.11,-0.14,-0.02,90.0,59.0,-19028.5,374754.83,True,3
612,L.Paquetá,MID,13,-1,0.0,0.68,19.29,21.89,23.67,10.15,10.15,0.07,0.16,1.41,0.1,0.01,0.11,88.67,59.0,-21539.83,357518.0,True,12
612,L.Paquetá,MID,15,3,0.0,0.69,16.8,18.82,16.87,9.43,9.43,0.06,0.13,1.46,0.11,0.04,0.25,87.5,59.0,-9851.0,331327.5,False,6
612,L.Paquetá,MID,16,2,0.17,0.52,17.09,18.07,19.41,10.12,8.2,0.06,0.09,1.23,0.12,0.09,0.16,86.0,59.0,-5095.67,304470.33,True,2
612,L.Paquetá,MID,17,2,0.18,0.53,16.81,16.77,21.22,9.98,7.0,0.05,0.1,0.94,0.12,0.07,0.64,85.67,59.0,-9678.33,271804.33,False,13
612,L.Paquetá,MID,18,3,0.18,0.36,19.58,19.8,21.68,10.06,7.72,0.04,0.11,0.98,0.13,0.07,0.82,83.5,59.0,-9266.17,239453.83,True,10
612,L.Paquetá,MID,19,13,0.37,0.18,14.27,12.91,21.55,10.06,8.05,0.05,0.12,1.06,-0.05,0.06,0.58,82.0,59.0,3989.17,221645.0,True,6
612,L.Paquetá,MID,21,2,0.37,0.0,16.1,19.9,25.65,9.33,7.5,0.18,0.14,1.49,0.0,0.05,0.34,82.0,59.0,-4398.5,191646.0,True,16
613,Souček,MID,4,-2,0.51,0.0,13.15,11.83,1.42,20.73,8.09,0.08,0.0,1.64,-0.08,0.0,1.9,59.33,59.33,-12590.33,77535.0,True,18
613,Souček,MID,8,2,0.39,0.0,9.35,14.81,1.44,22.6,10.52,0.07,0.0,1.43,-0.07,0.0,2.47,57.75,59.0,-11308.25,72090.0,True,5
613,Souček,MID,9,2,0.3,0.0,10.47,15.91,4.37,18.84,11.06,0.08,0.0,1.67,-0.08,-0.0,1.62,60.2,58.6,-9262.8,62985.4,False,11
613,Souček,MID,10,6,0.25,0.0,11.1,14.4,4.56,17.26,9.86,0.13,0.0,1.75,-0.13,-0.0,1.46,60.83,58.33,-7746.17,56917.33,True,15
613,Souček,MID,11,12,0.24,0.0,14.88,21.41,4.13,28.08,9.6,0.35,0.0,1.73,-0.11,-0.0,0.91,62.5,57.83,-7887.0,45148.17,True,3
613,Souček,MID,12,1,0.27,0.0,23.98,33.57,4.5,36.38,10.24,0.57,0.01,1.48,-0.03,0.26,0.41,55.67,57.5,-3693.67,37317.33,False,4
613,Souček,MID,13,1,0.0,0.0,25.53,39.45,5.71,43.09,11.49,0.68,0.01,2.63,-0.04,0.31,0.24,47.0,57.17,140.67,33421.33,True,12
613,Souček,MID,24,2,0.0,0.27,18.55,20.56,18.41,12.82,11.45,0.12,0.08,1.24,-0.12,0.19,0.12,55.0,57.0,-117.83,30499.83,False,7
613,Souček,MID,25,3,0.0,0.22,15.25,17.13,14.91,11.55,10.9,0.1,0.07,1.42,-0.1,0.15,0.1,68.83,57.0,-118.17,30463.0,False,3
613,Souček,MID,26,9,0.18,0.18,14.73,16.33,14.62,10.0,10.36,0.08,0.06,1.42,-0.08,0.12,-0.15,82.5,57.0,96.0,30690.5,True,14
613,Souček,MID,27,2,0.17,0.17,16.83,20.77,12.85,14.0,10.17,0.15,0.05,1.35,0.01,0.12,-0.02,90.0,57.0,-73.67,30701.83,True,4
613,Souček,MID,28,7,0.35,0.35,14.86,19.62,11.54,13.47,9.33,0.17,0.04,1.22,0.01,-0.04,-0.18,86.83,57.0,671.33,31532.0,False,12
613,Souček,MID,29,3,0.35,0.17,17.48,20.49,9.66,16.1,7.27,0.28,0.02,1.22,0.07,-0.02,0.51,86.67,57.0,631.67,32285.33,False,10
613,Souček,MID,30,4,0.52,0.17,16.1,20.63,8.08,19.04,7.44,0.29,0.01,1.26,0.05,-0.01,0.3,86.67,57.0,817.5,33250.0,True,13
613,Souček,MID,31,2,0.52,0.17,18.52,25.27,8.38,17.65,9.0,0.29,0.01,1.14,0.05,-0.01,0.07,86.67,57.0,1030.83,34434.33,False,2
613,Souček,MID,32,3,0.35,0.18,17.93,25.63,6.66,18.28,8.96,0.3,0.01,1.21,0.05,-0.01,0.37,85.33,57.0,1071.33,35832.0,True,20
613,Souček,MID,33,3,0.53,0.18,15.47,20.32,7.29,13.71,8.61,0.22,0.01,1.22,-0.05,-0.01,0.19,85.33,57.0,1819.17,37864.67,False,8
613,Souček,MID,34,10,0.51,0.0,16.27,20.81,5.51,11.86,9.49,0.17,0.01,1.24,0.0,-0.01,0.12,88.5,57.0,828.17,38689.5,True,9
613,Souček,MID,35,2,0.51,0.0,18.44,21.55,4.48,12.01,9.81,0.07,0.01,1.24,0.1,-0.01,-0.57,88.67,57.0,1203.33,40184.67,False,5
613,Souček,MID,36,2,0.34,0.0,18.1,21.25,5.87,10.66,9.47,0.08,0.02,1.48,0.09,-0.02,-0.29,88.67,57.0,1846.33,42205.83,True,1
613,Souček,MID,37,1,0.34,0.0,16.58,16.85,5.63,11.0,7.44,0.08,0.02,1.33,0.09,-0.02,-0.15,88.67,57.0,1211.5,43509.0,False,15
613,Souček,MID,38,3,0.35,0.18,17.4,17.68,8.02,11.43,7.91,0.08,0.02,1.27,0.09,-0.02,-0.04,85.33,57.0,1480.17,44924.5,True,11
614,Ward-Prowse,MID,4,2,0.38,0.0,18.08,12.62,45.77,1.54,5.77,0.04,0.17,1.55,-0.04,-0.17,0.75,78.0,59.67,-4164.0,36203.67,True,18
614,Ward-Prowse,MID,5,2,0.28,0.0,18.61,12.89,41.58,1.11,5.0,0.03,0.19,1.38,-0.03,-0.19,1.12,81.0,59.5,-3937.75,35067.0,True,8
614,Ward-Prowse,MID,26,1,0.22,0.0,17.83,12.3,38.33,1.3,4.78,0.03,0.2,1.58,-0.03,-0.2,0.81,82.8,59.4,-3473.6,34230.2,False,8
614,Ward-Prowse,MID,27,4,0.21,0.0,18.6,12.57,38.54,1.28,4.92,0.03,0.2,1.62,-0.03,-0.2,0.73,70.17,58.83,-2939.33,32264.67,False,7
614,Ward-Prowse,MID,28,2,0.23,0.0,21.56,17.44,45.61,0.94,5.39,0.03,0.24,1.73,-0.03,-0.01,0.61,64.0,58.17,-2958.0,29544.33,True,5
614,Ward-Prowse,MID,29,1,0.24,0.0,20.79,17.51,37.08,0.49,5.87,0.0,0.19,1.6,-0.0,0.06,0.36,61.33,57.5,-1592.5,27325.83,False,9
614,Ward-Prowse,MID,30,5,0.0,0.0,22.57,18.83,30.06,0.55,6.06,0.01,0.18,1.74,-0.01,0.09,0.73,54.5,57.0,-772.0,25637.17,True,4
614,Ward-Prowse,MID,31,1,0.28,0.0,23.94,23.78,31.18,0.55,9.08,0.01,0.15,2.19,-0.01,0.13,-0.54,54.5,56.5,-227.0,24247.0,False,10
614,Ward-Prowse,MID,32,4,0.29,0.29,22.93,22.87,25.88,0.0,10.32,0.0,0.09,2.15,0.0,0.2,-0.43,52.33,56.0,108.5,23099.33,True,6
614,Ward-Prowse,MID,33,2,0.23,0.23,21.76,23.3,33.8,0.0,11.34,0.0,0.16,2.07,0.0,0.07,-0.25,66.17,56.0,244.83,23439.5,False,16
614,Ward-Prowse,MID,33,4,0.2,0.2,18.04,18.87,27.91,1.39,11.1,0.01,0.12,1.96,-0.01,-0.12,0.41,75.67,56.0,628.5,24851.5,True,13
614,Ward-Prowse,MID,35,2,0.19,0.19,18.19,19.03,25.64,1.72,13.02,0.01,0.11,2.21,-0.01,-0.11,-0.3,78.33,56.0,886.5,26137.17,False,11
614,Ward-Prowse,MID,36,1,0.18,0.18,18.5,18.61,24.5,2.87,12.22,0.02,0.11,2.21,-0.02,-0.11,-0.06,83.5,56.0,923.33,26585.83,True,2
614,Ward-Prowse,MID,37,1,0.0,0.22,17.61,15.74,22.15,3.48,11.74,0.02,0.11,2.15,-0.02,-0.11,0.46,69.0,56.0,811.5,26909.0,False,1
614,Ward-Prowse,MID,38,1,0.0,0.0,19.6,18.1,25.48,4.13,12.64,0.03,0.13,2.08,-0.03,-0.13,0.5,58.17,56.0,707.17,27089.67,True,20
615,Summerville,MID,6,2,0.0,0.0,23.59,20.73,15.52,6.21,7.45,0.0,0.14,1.77,0.0,1.1,0.71,48.33,55.0,1712.0,4697.0,False,9
615,Summerville,MID,7,1,0.0,0.0,20.77,20.69,18.98,17.92,8.55,0.17,0.14,1.42,-0.17,0.67,0.61,55.25,55.0,1192.0,5419.25,False,1
615,Summerville,MID,8,1,0.0,0.29,16.78,17.25,14.61,14.18,9.26,0.13,0.1,1.81,-0.13,0.47,0.21,62.2,55.0,1249.6,6244.2,True,5
615,Summerville,MID,9,1,0.0,0.45,14.36,13.92,14.32,13.47,8.08,0.11,0.09,1.92,-0.11,0.36,0.1,66.83,55.0,1572.83,7449.67,False,11
615,Summerville,MID,10,2,0.0,0.57,7.83,8.06,10.78,10.7,7.83,0.1,0.07,1.91,-0.1,-0.07,0.19,78.5,55.0,1950.83,9977.0,True,15
615,Summerville,MID,11,5,0.0,0.55,8.28,8.17,12.5,13.8,8.47,0.13,0.07,1.81,-0.13,-0.07,0.03,81.5,55.0,871.5,11218.83,True,3
615,Summerville,MID,15,3,0.0,0.55,9.66,8.09,10.84,16.4,8.56,0.15,0.04,1.49,-0.15,0.14,0.15,82.33,55.0,936.17,12583.33,False,6
615,Summerville,MID,16,2,0.18,0.55,7.36,5.08,7.67,14.91,7.73,0.16,0.02,1.54,-0.16,0.16,-0.07,81.5,55.0,744.5,12878.17,True,2
615,Summerville,MID,17,2,0.19,0.37,7.78,3.48,9.33,17.22,6.48,0.17,0.02,1.15,-0.17,0.16,0.52,81.0,55.0,388.0,12769.17,False,13
615,Summerville,MID,18,1,0.19,0.19,7.97,4.06,7.25,19.56,7.22,0.18,0.01,1.04,-0.18,0.18,0.86,79.0,55.0,-146.33,12030.0,True,10
615,Summerville,MID,19,1,0.2,0.0,8.78,4.43,10.02,23.35,6.39,0.23,0.03,0.9,-0.23,0.17,0.69,75.17,55.0,-185.83,11309.0,True,6
615,Summerville,MID,20,2,0.22,0.0,7.87,3.56,8.73,25.87,5.4,0.25,0.03,1.03,-0.25,0.2,0.54,66.67,55.0,303.0,11009.5,False,20
615,Summerville,MID,21,4,0.22,0.0,7.5,5.16,13.06,22.94,5.29,0.22,0.04,1.31,-0.22,-0.04,0.68,68.0,55.0,45.17,10371.5,True,16
615,Summerville,MID,22,10,0.0,0.0,10.12,8.26,18.02,18.13,6.96,0.12,0.04,1.36,-0.12,-0.04,0.96,71.17,55.0,217.0,10747.0,False,18
615,Summerville,MID,23,8,0.0,0.0,14.65,16.87,22.77,22.6,7.74,0.17,0.1,1.53,0.04,-0.1,0.35,71.67,55.0,299.83,11181.83,True,17
615,Summerville,MID,24,7,0.0,0.0,19.14,24.15,26.65,25.05,7.13,0.18,0.1,1.3,0.23,-0.1,0.12,73.67,55.0,2875.67,14356.67,False,7
615,Summerville,MID,25,11,0.0,0.0,23.02,28.87,23.89,24.53,7.17,0.18,0.09,1.61,0.38,-0.09,0.27,79.5,55.0,5653.83,20178.17,False,3
615,Summerville,MID,26,3,0.17,0.0,25.33,31.9,21.93,26.17,7.83,0.26,0.08,1.57,0.4,-0.08,0.1,90.0,55.0,29040.67,51817.83,True,14
615,Summerville,MID,27,3,0.33,0.0,25.88,33.43,21.32,26.05,8.35,0.27,0.09,1.32,0.4,-0.09,-0.16,89.83,55.17,46089.83,99611.83,True,4
615,Summerville,MID,28,1,0.5,0.0,25.71,33.46,20.94,33.73,7.85,0.38,0.14,1.2,0.29,-0.14,-0.37,89.83,55.33,65204.0,166208.83,False,12
615,Summerville,MID,29,11,0.5,0.17,21.21,28.09,17.4,33.9,8.35,0.37,0.1,1.27,0.13,-0.1,0.23,89.83,55.67,63857.5,230622.67,False,10
615,Summerville,MID,32,3,0.67,0.17,22.88,28.22,16.41,31.06,9.02,0.37,0.16,1.31,0.13,-0.16,0.03,89.83,56.0,56920.67,288077.83,True,20
615,Summerville,MID,33,3,0.86,0.17,17.62,22.41,16.99,30.8,9.07,0.39,0.16,0.95,-0.05,-0.16,-0.1,87.67,56.0,46702.33,310444.17,False,8
615,Summerville,MID,34,2,0.86,0.17,13.0,16.36,16.6,24.81,8.56,0.29,0.16,0.85,-0.11,-0.16,0.01,87.67,56.0,21737.83,304884.5,True,9
615,Summerville,MID,35,1,0.68,0.17,12.81,13.94,17.95,25.28,8.88,0.29,0.27,1.03,-0.12,-0.27,-0.0,87.83,55.83,7867.33,290078.83,False,5
615,Summerville,MID,36,1,0.52,0.34,11.16,12.61,18.22,16.66,8.76,0.2,0.22,1.3,-0.02,-0.22,0.25,87.33,55.67,-11767.83,252972.83,True,1
615,Summerville,MID,37,2,0.52,0.34,11.51,12.33,15.82,11.16,7.9,0.16,0.21,1.18,0.01,-0.21,-0.32,87.33,55.17,-14250.5,214068.0,False,15
615,Summerville,MID,38,6,0.34,0.34,8.59,7.28,16.85,10.48,7.73,0.15,0.18,1.33,-0.15,-0.18,0.05,87.33,54.67,-9650.17,179791.67,True,11
618,G.Rodriguez,MID,16,1,0.59,0.59,11.25,3.08,2.61,1.18,5.92,0.02,0.02,1.05,-0.02,-0.02,0.13,50.67,48.67,-83.33,5367.33,True,2
623,Potts,MID,12,2,0.0,0.0,18.83,19.28,25.05,0.64,12.13,0.0,0.04,0.98,0.0,-0.04,0.62,47.0,44.17,-2909.67,80187.67,False,4
623,Potts,MID,13,2,0.0,0.0,18.72,16.68,21.69,0.0,11.28,0.0,0.04,1.65,0.0,-0.04,-0.27,54.5,44.0,-1256.33,81733.5,True,12
623,Potts,MID,14,2,0.0,0.0,18.09,14.05,19.01,0.0,9.87,0.0,0.04,1.6,0.0,-0.04,-0.19,63.83,44.0,-493.33,82213.5,False,14
623,Potts,MID,15,0,0.0,0.0,17.96,13.83,16.93,1.03,10.53,0.01,0.04,1.45,-0.01,-0.04,-0.21,72.67,44.0,-116.0,82172.17,False,6
623,Potts,MID,16,5,0.0,0.21,16.51,13.58,19.28,1.03,9.91,0.01,0.06,1.67,-0.01,-0.06,-0.22,72.67,44.0,543.67,83109.5,True,2
623,Potts,MID,17,2,0.0,0.21,18.91,14.84,15.57,2.08,8.94,0.01,0.05,1.69,-0.01,0.16,0.18,72.17,44.0,172.0,83537.33,False,13
623,Potts,MID,18,2,0.0,0.2,18.2,12.52,7.08,5.4,7.2,0.04,0.04,1.87,-0.04,0.16,0.33,75.0,44.0,825.5,84653.5,True,10
623,Potts,MID,19,2,0.0,0.2,18.8,14.96,7.74,5.4,8.0,0.04,0.04,1.39,-0.04,0.16,0.61,75.0,44.0,1964.33,87498.0,True,6
623,Potts,MID,20,1,0.0,0.2,17.28,15.89,7.31,5.76,8.15,0.04,0.04,1.78,-0.04,0.16,0.4,75.5,44.0,2320.5,90002.33,False,20
623,Potts,MID,21,1,0.0,0.22,18.17,16.05,8.22,6.06,7.14,0.04,0.05,2.03,-0.04,0.17,0.78,69.33,44.0,3217.5,93421.83,True,16
623,Potts,MID,23,1,0.0,0.0,18.9,16.78,5.58,6.3,7.65,0.04,0.02,2.05,-0.04,0.21,0.87,66.67,44.0,2959.67,96396.0,True,17
623,Potts,MID,25,1,0.0,0.0,16.74,14.49,3.59,6.86,8.51,0.04,0.19,2.37,-0.04,-0.19,0.37,54.67,44.0,3463.33,99363.83,False,3
623,Potts,MID,26,3,0.0,0.0,14.63,14.88,4.17,2.54,9.22,0.0,0.23,2.29,0.0,-0.23,-0.06,47.17,44.0,2056.67,99799.0,True,14
623,Potts,MID,31,1,0.33,0.0,13.9,12.57,3.38,2.65,8.93,0.0,0.23,1.96,0.0,-0.23,0.03,45.33,44.0,102.83,97675.17,False,2
642,Hee Chan,MID,9,1,0.0,0.0,15.05,16.04,5.92,16.04,3.6,0.21,0.04,1.62,0.11,-0.04,-0.31,45.83,59.33,-2285.67,17519.33,True,3
642,Hee Chan,MID,11,2,0.0,0.0,14.33,15.13,6.01,15.26,3.43,0.2,0.03,1.6,0.11,-0.03,-0.05,48.17,59.17,-2765.67,17564.33,False,7
642,Hee Chan,MID,12,1,0.0,0.0,13.53,13.06,5.85,13.27,4.16,0.17,0.03,1.8,0.09,-0.03,0.02,57.67,58.83,-2607.17,17164.83,True,8
642,Hee Chan,MID,14,1,0.0,0.0,7.32,4.58,7.6,11.9,4.58,0.1,0.04,1.67,-0.1,-0.04,-0.14,49.17,58.5,-2296.17,16961.5,True,16
642,Hee Chan,MID,17,1,0.0,0.33,4.57,4.24,12.55,8.8,6.52,0.1,0.08,1.46,-0.1,-0.08,0.49,46.0,57.67,-1203.0,14741.83,True,5
642,Hee Chan,MID,18,2,0.0,0.59,3.53,4.35,14.71,13.82,5.59,0.13,0.05,1.49,-0.13,-0.05,0.86,51.0,57.17,-841.67,13570.0,False,12
642,Hee Chan,MID,19,2,0.0,0.52,3.65,3.18,10.12,13.83,6.0,0.12,0.04,1.54,-0.12,-0.04,0.81,57.5,56.67,-423.83,13009.33,False,14
642,Hee Chan,MID,20,11,0.0,0.5,1.98,2.68,13.12,14.38,6.69,0.15,0.05,1.16,-0.15,-0.05,0.83,60.5,56.33,-211.67,12792.5,True,19
642,Hee Chan,MID,21,1,0.23,0.45,8.57,14.3,14.55,16.24,6.77,0.29,0.14,1.0,-0.06,0.09,0.58,66.5,56.17,93.17,12878.17,False,9
642,Hee Chan,MID,22,3,0.19,0.58,7.53,11.86,12.17,15.45,6.76,0.25,0.11,1.01,-0.06,0.08,0.35,77.67,56.0,517.83,13454.0,True,15
642,Hee Chan,MID,23,2,0.38,0.38,9.36,12.34,14.46,12.42,6.11,0.22,0.12,0.93,-0.03,0.07,0.21,78.5,56.0,473.67,14006.83,False,13
642,Hee Chan,MID,24,2,0.4,0.2,9.76,11.31,11.93,8.36,5.97,0.2,0.12,0.87,0.0,0.08,0.32,75.33,56.0,618.83,14718.17,True,4
642,Hee Chan,MID,25,1,0.39,0.2,11.15,12.91,16.22,8.41,5.48,0.19,0.12,0.71,0.0,0.07,0.27,76.67,56.0,1345.0,16205.33,True,7
642,Hee Chan,MID,32,1,0.43,0.22,13.45,14.79,14.55,7.81,5.2,0.19,0.12,1.24,0.03,0.1,0.28,69.17,56.0,875.5,17181.5,False,19
642,Hee Chan,MID,33,1,0.24,0.24,8.66,3.75,12.97,5.05,5.05,0.03,0.04,1.51,-0.03,-0.04,0.42,62.33,56.0,644.83,17121.17,False,11
642,Hee Chan,MID,34,1,0.3,0.0,10.23,4.82,12.58,3.91,5.12,0.02,0.04,1.9,-0.02,-0.04,0.51,49.83,56.0,263.5,16670.83,True,18
643,André,MID,4,1,0.0,0.0,17.09,11.87,3.37,0.0,14.58,0.0,0.02,2.28,0.0,-0.02,0.73,59.67,55.0,-256.67,8819.33,False,15
643,André,MID,5,1,0.0,0.37,15.12,9.59,2.8,0.0,13.28,0.0,0.01,2.17,0.0,-0.01,0.41,61.0,55.0,-406.5,8933.25,True,11
643,André,MID,6,5,0.0,0.34,17.18,10.51,4.29,0.69,13.4,0.01,0.02,2.02,-0.01,-0.02,0.38,52.4,54.8,-407.8,8979.6,False,18
643,André,MID,7,3,0.0,0.26,17.39,11.86,3.53,1.02,13.81,0.01,0.02,1.73,-0.01,-0.02,0.32,58.67,54.67,-497.5,8870.0,True,6
643,André,MID,8,4,0.0,0.49,14.8,9.8,3.69,0.97,12.86,0.0,0.02,1.38,-0.0,-0.02,0.08,61.83,54.5,-494.5,9214.17,False,17
643,André,MID,9,2,0.0,0.43,14.93,10.9,4.24,1.08,13.41,0.01,0.02,1.25,-0.01,-0.02,0.48,69.33,54.33,-634.17,8954.67,True,3
643,André,MID,10,1,0.0,0.43,15.21,12.69,7.07,1.07,13.07,0.01,0.03,1.09,-0.01,-0.03,0.41,70.0,54.17,-319.83,8908.83,False,10
643,André,MID,11,1,0.0,0.24,17.07,14.49,8.15,1.22,13.66,0.01,0.04,1.07,-0.01,-0.04,0.4,61.5,54.0,-178.83,8932.33,False,7
643,André,MID,12,4,0.0,0.41,13.06,13.27,5.98,1.02,12.45,0.0,0.03,1.57,-0.0,-0.03,0.27,73.5,53.83,-229.17,8873.5,True,8
643,André,MID,13,3,0.0,0.41,13.47,13.71,6.59,0.61,12.86,0.0,0.03,1.65,-0.0,-0.03,0.39,73.5,53.67,-104.67,8947.83,False,2
643,André,MID,14,2,0.0,0.41,15.92,16.49,14.04,0.61,13.67,0.0,0.04,1.62,-0.0,-0.04,0.42,73.5,53.5,-138.5,8965.17,True,16
643,André,MID,15,2,0.0,0.41,15.51,15.59,16.1,0.41,12.45,0.0,0.04,1.64,0.0,-0.04,0.2,73.5,53.33,-45.5,9045.0,True,14
643,André,MID,16,4,0.0,0.39,14.16,14.51,18.12,1.55,12.41,0.01,0.04,2.15,-0.01,-0.04,-0.02,77.33,53.17,-172.17,8974.67,False,1
643,André,MID,17,2,0.0,0.33,13.67,14.33,15.88,1.33,12.5,0.01,0.04,1.92,-0.01,-0.04,0.24,90.0,53.0,-181.33,8900.33,True,5
643,André,MID,18,3,0.0,0.17,15.67,14.8,16.17,1.33,13.0,0.02,0.04,1.59,-0.02,-0.04,0.41,90.0,53.0,-7.0,9014.17,False,12
643,André,MID,20,1,0.0,0.33,15.67,14.8,19.93,1.33,12.33,0.02,0.06,1.63,-0.02,-0.06,0.37,90.0,53.0,-41.67,9065.67,True,19
643,André,MID,21,1,0.0,0.18,14.18,13.85,16.6,1.45,11.09,0.02,0.05,1.64,-0.02,-0.05,0.36,82.5,53.0,60.67,9140.33,False,9
643,André,MID,22,2,0.0,0.2,13.8,13.68,17.68,1.6,11.6,0.03,0.06,1.69,-0.03,-0.06,0.31,75.0,53.0,50.67,9198.0,True,15
643,André,MID,23,1,0.2,0.4,13.8,13.44,11.8,0.4,11.2,0.02,0.05,1.06,-0.02,-0.05,0.14,75.0,53.0,-7.17,9192.17,False,13
643,André,MID,24,3,0.2,0.6,14.8,12.72,11.52,0.4,10.8,0.02,0.05,1.0,-0.02,-0.05,0.2,75.0,53.0,36.83,9222.67,True,4
643,André,MID,26,2,0.21,0.82,14.97,12.96,14.13,0.21,11.69,0.0,0.05,0.87,-0.0,-0.05,0.16,73.17,53.0,-15.17,9175.5,True,1
643,André,MID,27,3,0.21,0.62,12.51,10.29,8.9,0.82,10.87,0.01,0.02,0.93,-0.01,-0.02,0.09,73.17,53.0,70.5,9256.33,False,8
643,André,MID,28,5,0.19,0.74,11.9,8.7,6.43,1.12,11.34,0.02,0.02,1.18,-0.02,-0.02,-0.06,80.67,52.83,-39.17,9226.83,True,2
643,André,MID,29,12,0.34,0.68,12.98,8.57,3.98,1.02,11.78,0.02,0.01,1.18,-0.02,-0.01,-0.16,87.83,52.67,-77.83,9174.0,True,12
643,André,MID,30,2,0.17,0.51,19.3,17.35,6.28,2.22,13.66,0.03,0.02,1.34,0.14,-0.02,-0.14,87.83,52.5,104.0,9298.0,False,5
643,André,MID,32,4,0.17,0.34,18.27,17.56,8.11,3.76,13.32,0.04,0.02,1.63,0.13,-0.02,-0.43,87.83,52.33,708.0,10067.5,False,19
643,André,MID,33,4,0.17,0.17,18.74,18.0,8.48,3.68,12.71,0.04,0.03,1.9,0.12,-0.03,-0.23,89.67,52.17,973.67,10973.83,False,11
643,André,MID,34,1,0.17,0.17,21.08,20.04,8.88,3.18,13.55,0.04,0.03,2.06,0.13,-0.03,-0.22,89.67,52.0,973.5,11798.33,True,18
643,André,MID,35,2,0.17,0.17,21.75,19.67,8.68,2.84,13.22,0.03,0.03,1.88,0.14,-0.03,-0.04,89.67,52.0,1298.5,13318.5,True,17
643,André,MID,36,1,0.0,0.17,21.17,20.97,14.7,3.5,12.67,0.04,0.03,1.86,0.13,-0.03,0.14,90.0,52.0,1130.17,14387.33,False,6
643,André,MID,37,3,0.0,0.33,14.83,13.07,14.75,2.33,11.0,0.03,0.04,1.82,-0.03,-0.04,0.51,90.0,52.0,793.17,15117.67,True,10
643,André,MID,38,4,0.0,0.5,14.17,11.6,13.07,0.83,11.83,0.01,0.04,1.66,-0.01,-0.04,0.51,90.0,52.0,52.33,15061.83,False,3
644,Bellegarde,MID,4,1,0.0,0.0,10.07,8.06,23.73,10.07,5.03,0.05,0.08,1.96,-0.05,-0.08,0.55,47.67,55.0,-638.67,8980.33,False,15
644,Bellegarde,MID,12,1,0.0,0.29,12.9,10.38,9.35,12.9,7.92,0.08,0.09,1.4,-0.08,-0.09,2.12,51.17,52.83,-363.33,6251.5,True,8
644,Bellegarde,MID,13,2,0.0,0.31,15.42,12.15,9.98,14.48,9.13,0.09,0.11,1.49,-0.09,-0.11,1.66,47.67,52.5,-280.83,6012.67,False,2
644,Bellegarde,MID,14,3,0.0,0.27,14.82,10.37,8.7,12.9,7.96,0.07,0.09,1.41,-0.07,-0.09,1.34,54.67,52.33,-203.83,5846.33,True,16
644,Bellegarde,MID,15,6,0.24,0.24,13.26,10.28,7.6,11.61,8.05,0.06,0.08,1.31,-0.06,-0.08,0.82,63.33,52.17,-116.0,5756.83,True,14
644,Bellegarde,MID,24,1,0.26,0.0,18.1,19.26,5.51,13.64,9.71,0.11,0.06,1.66,0.15,-0.06,0.44,57.17,52.0,-72.33,5755.5,True,4
644,Bellegarde,MID,25,1,0.3,0.0,20.47,20.41,8.88,10.23,9.93,0.11,0.05,1.99,0.19,-0.05,0.12,49.83,51.83,-66.0,5575.17,True,7
644,Bellegarde,MID,29,1,0.62,0.93,14.23,11.94,15.4,13.92,6.8,0.09,0.02,1.57,-0.09,-0.02,-0.65,48.5,51.0,329.67,5711.0,True,12
644,Bellegarde,MID,30,5,0.6,0.89,11.32,10.97,15.65,12.81,7.45,0.08,0.02,1.44,-0.08,-0.02,-0.55,50.33,51.0,306.83,5871.5,False,5
644,Bellegarde,MID,32,1,0.49,0.74,14.09,14.54,16.47,11.13,7.66,0.07,0.08,1.65,-0.07,0.16,-0.42,60.67,51.0,286.5,6013.5,False,19
644,Bellegarde,MID,33,2,0.44,0.66,13.76,13.67,14.81,9.61,7.65,0.05,0.08,1.65,-0.05,0.14,-0.34,68.67,51.0,210.67,5973.0,False,11
644,Bellegarde,MID,36,1,0.46,0.46,14.58,14.26,12.85,10.48,7.29,0.05,0.08,1.77,-0.05,0.14,-0.4,65.83,51.0,28.17,5920.33,False,6
644,Bellegarde,MID,37,1,0.27,0.54,14.64,13.83,21.82,3.52,6.51,0.0,0.12,1.92,-0.0,0.15,-0.02,55.33,51.0,36.0,5979.17,True,10
646,J.Gomes,MID,4,3,0.0,0.33,16.0,11.2,11.0,2.33,8.33,0.0,0.03,1.9,-0.0,-0.03,0.77,90.0,55.0,-682.33,11746.67,False,15
646,J.Gomes,MID,5,4,0.0,0.5,15.5,12.95,12.42,2.25,10.75,0.0,0.04,1.81,-0.0,-0.04,0.44,90.0,54.75,-732.75,11682.25,True,11
646,J.Gomes,MID,6,2,0.0,0.4,16.0,14.28,12.52,4.2,11.4,0.05,0.06,1.54,-0.05,-0.06,0.86,90.0,54.6,-540.2,11799.2,False,18
646,J.Gomes,MID,7,4,0.18,0.53,14.39,12.77,11.44,3.68,11.4,0.04,0.05,1.48,-0.04,-0.05,0.62,85.5,54.5,-547.5,11796.5,True,6
646,J.Gomes,MID,8,2,0.18,0.53,13.51,12.46,11.26,3.68,12.11,0.04,0.05,1.25,-0.04,-0.05,0.33,85.5,54.33,-596.67,11925.83,False,17
646,J.Gomes,MID,9,1,0.18,0.36,14.82,13.84,15.16,5.06,12.29,0.06,0.07,1.17,-0.06,-0.07,0.45,83.0,54.17,-435.5,11932.17,True,3
646,J.Gomes,MID,10,1,0.21,0.42,14.44,14.99,14.78,5.86,14.44,0.07,0.07,1.04,-0.07,-0.07,0.43,71.67,54.0,-282.0,11993.83,False,10
646,J.Gomes,MID,11,2,0.23,0.23,13.79,14.96,12.81,6.08,13.32,0.08,0.06,1.05,-0.08,-0.06,0.82,64.17,54.0,-230.17,12036.67,False,7
646,J.Gomes,MID,12,3,0.23,0.23,12.16,11.59,11.52,3.27,11.92,0.03,0.04,1.71,-0.03,-0.04,0.16,64.17,53.83,-413.17,11823.83,True,8
646,J.Gomes,MID,13,4,0.0,0.22,13.33,15.07,11.23,4.59,12.23,0.05,0.04,1.71,-0.05,-0.04,0.47,68.67,53.67,-360.5,11679.0,False,2
646,J.Gomes,MID,14,1,0.0,0.22,13.98,13.85,10.33,7.86,12.45,0.09,0.04,1.68,-0.09,-0.04,0.5,68.67,53.5,-356.33,11503.33,True,16
646,J.Gomes,MID,16,5,0.0,0.43,11.97,11.29,5.81,5.77,12.19,0.06,0.02,1.67,-0.06,-0.02,0.47,70.17,53.33,-318.83,11321.17,False,1
646,J.Gomes,MID,17,1,0.0,0.37,13.07,11.63,6.44,5.52,11.6,0.05,0.02,1.57,-0.05,-0.02,0.45,81.5,53.17,-300.83,10962.0,True,5
646,J.Gomes,MID,18,4,0.0,0.51,13.31,9.81,6.62,5.06,11.12,0.05,0.03,1.47,-0.05,-0.03,0.38,89.0,53.0,-151.17,10752.5,False,12
646,J.Gomes,MID,19,4,0.0,0.51,15.0,11.87,7.67,5.39,12.81,0.05,0.03,1.17,-0.05,-0.03,0.51,89.0,53.0,-79.0,10604.33,False,14
646,J.Gomes,MID,20,1,0.0,0.34,15.67,11.12,7.45,4.21,12.64,0.03,0.03,1.1,-0.03,-0.03,0.42,89.0,53.0,-12.83,10514.5,True,19
646,J.Gomes,MID,21,4,0.0,0.37,16.01,11.6,9.35,1.1,12.7,0.0,0.07,1.02,0.0,-0.07,0.45,81.5,53.0,394.0,10847.83,False,9
646,J.Gomes,MID,22,3,0.0,0.18,18.18,15.53,10.13,7.27,13.82,0.02,0.07,1.04,-0.02,-0.07,0.42,82.5,53.0,86.0,10823.67,True,15
646,J.Gomes,MID,23,3,0.19,0.19,18.57,18.45,16.58,7.58,13.83,0.02,0.1,0.94,-0.02,-0.1,0.2,79.17,53.0,61.5,10974.0,False,13
646,J.Gomes,MID,24,3,0.19,0.19,18.19,20.08,20.2,8.15,14.59,0.03,0.1,0.86,-0.03,-0.1,0.28,79.17,53.0,135.33,11196.17,True,4
646,J.Gomes,MID,25,2,0.19,0.38,17.05,19.63,20.69,10.99,13.64,0.04,0.11,0.83,-0.04,-0.11,0.31,79.17,53.0,377.5,11675.0,True,7
646,J.Gomes,MID,26,5,0.19,0.38,16.48,18.68,21.9,10.99,12.88,0.04,0.13,1.32,-0.04,-0.13,0.2,79.17,53.0,548.5,12315.33,False,16
646,J.Gomes,MID,27,1,0.35,0.35,16.27,18.69,17.57,10.04,13.85,0.03,0.08,1.64,-0.03,-0.08,-0.26,86.67,53.0,5898.83,21437.0,False,8
646,J.Gomes,MID,28,14,0.42,0.42,15.8,17.5,19.6,4.99,13.51,0.02,0.09,1.97,-0.02,-0.09,-0.31,72.17,53.0,4442.5,25906.67,True,2
646,J.Gomes,MID,29,3,0.4,0.4,22.65,20.23,10.95,8.74,13.11,0.08,0.05,2.01,0.12,0.15,-0.42,75.5,53.0,3550.5,29507.67,True,12
646,J.Gomes,MID,30,7,0.4,0.4,24.83,20.86,7.25,8.34,13.71,0.08,0.04,2.2,0.12,0.15,-0.81,75.5,53.0,3940.83,33534.0,False,5
646,J.Gomes,MID,32,2,0.4,0.2,27.81,23.21,6.68,4.97,12.91,0.06,0.13,2.44,0.14,0.27,-1.05,75.5,53.0,4362.83,38012.5,False,19
646,J.Gomes,MID,33,2,0.4,0.2,28.39,22.23,5.76,6.44,12.89,0.07,0.11,2.25,0.13,0.29,-0.64,74.5,53.0,7473.33,45090.17,False,11
646,J.Gomes,MID,34,3,0.2,0.2,26.17,19.21,6.1,6.44,10.87,0.07,0.11,2.31,0.13,0.29,-0.09,74.5,53.0,699.17,41622.17,True,18
646,J.Gomes,MID,35,2,0.17,0.34,24.27,19.72,5.81,7.25,11.29,0.07,0.1,1.94,0.1,0.24,-0.09,89.0,53.0,2332.83,43587.33,True,17
646,J.Gomes,MID,36,4,0.0,0.34,17.53,15.94,11.51,3.88,11.12,0.03,0.12,1.88,-0.03,0.04,0.14,89.0,53.0,2696.0,45817.5,False,6
646,J.Gomes,MID,37,2,0.0,0.17,16.75,15.94,10.83,3.72,11.0,0.02,0.12,1.85,-0.02,0.05,0.52,88.67,53.0,941.5,46194.67,True,10
648,Munetsi,MID,4,0,0.0,0.0,11.0,12.0,11.07,6.0,4.67,0.05,0.03,1.9,-0.05,0.3,0.77,90.0,55.0,-72.33,5385.0,False,15
648,Munetsi,MID,5,1,0.0,0.31,9.8,11.02,10.65,6.12,4.29,0.04,0.03,1.8,-0.04,0.28,0.65,73.5,55.0,-49.0,5563.0,True,11
648,Munetsi,MID,6,4,0.0,0.27,9.56,10.62,9.74,14.07,4.25,0.14,0.02,1.58,-0.14,0.24,0.54,67.8,55.0,-82.6,5694.4,False,18
648,Munetsi,MID,7,5,0.0,0.21,10.07,14.18,8.39,11.96,6.29,0.11,0.03,1.43,-0.11,0.18,0.46,71.5,54.83,-186.5,5676.83,True,6
648,Munetsi,MID,8,4,0.0,0.21,11.96,14.77,7.15,14.06,6.5,0.12,0.03,1.16,-0.12,0.39,0.1,71.5,54.67,-183.0,5983.83,False,17
648,Munetsi,MID,9,8,0.0,0.21,13.43,17.79,10.07,19.51,7.76,0.13,0.07,1.02,-0.13,0.35,0.45,71.5,54.5,-79.83,6203.67,True,3
648,Munetsi,MID,10,4,0.0,0.21,16.0,22.14,5.05,29.86,8.96,0.26,0.05,0.85,-0.05,0.16,0.43,70.33,54.33,308.0,6782.5,False,10
648,Munetsi,MID,11,0,0.0,0.0,17.15,22.17,4.52,27.3,10.14,0.23,0.05,0.96,-0.05,0.13,0.7,81.33,54.17,1203.83,8286.83,False,7
648,Munetsi,MID,12,2,0.0,0.19,17.49,23.21,4.45,22.55,11.27,0.18,0.05,1.26,0.01,0.14,0.68,77.17,54.0,716.0,9210.83,True,8
648,Munetsi,MID,14,1,0.0,0.21,16.44,19.19,4.38,25.07,10.07,0.21,0.05,1.34,-0.01,0.16,0.71,73.0,54.0,671.33,10117.33,True,16
660,Stach,MID,4,1,0.67,0.0,13.0,13.6,45.67,11.0,7.67,0.15,0.13,1.3,-0.15,0.21,0.37,90.0,50.0,4822.0,41913.33,False,10
660,Stach,MID,5,15,0.5,0.25,10.25,11.3,38.25,11.5,7.0,0.13,0.12,1.18,-0.13,0.13,0.32,90.0,50.0,4203.75,45757.0,False,20
660,Stach,MID,6,2,0.4,0.2,19.2,22.32,33.42,11.8,8.6,0.12,0.11,1.3,0.08,0.29,0.1,90.0,50.0,3300.0,48152.2,True,4
660,Stach,MID,7,2,0.33,0.17,17.67,19.77,30.45,9.83,8.33,0.1,0.09,1.22,0.06,0.24,0.28,90.0,50.0,47932.33,97060.33,True,18
660,Stach,MID,8,2,0.17,0.17,16.57,17.72,23.74,7.15,7.85,0.07,0.05,1.27,0.11,0.12,0.65,86.0,50.0,55553.83,156798.83,False,3
660,Stach,MID,10,1,0.18,0.18,17.71,18.4,19.19,9.4,7.95,0.1,0.05,0.88,0.08,0.13,0.57,83.0,50.0,57490.67,217193.83,False,6
660,Stach,MID,11,4,0.0,0.21,19.93,20.71,14.9,12.33,8.42,0.09,0.05,1.19,0.12,0.15,0.87,73.0,50.0,46310.67,260954.67,False,16
660,Stach,MID,12,4,0.0,0.0,22.19,23.42,16.91,11.3,9.86,0.07,0.05,1.54,0.13,0.15,0.93,73.0,49.83,37184.83,295594.5,True,2
660,Stach,MID,14,6,0.0,0.0,15.81,11.87,17.0,11.92,8.27,0.12,0.05,1.41,-0.12,0.19,1.26,61.67,49.67,32923.67,325682.67,True,7
660,Stach,MID,15,12,0.0,0.24,18.24,19.17,26.56,14.35,9.49,0.15,0.1,1.44,-0.15,0.39,0.99,61.67,49.33,-16489.0,297707.17,True,12
660,Stach,MID,16,2,0.0,0.23,24.67,25.9,31.13,16.9,9.14,0.15,0.13,1.68,0.08,0.56,0.83,65.67,49.0,-24850.0,262226.33,False,5
660,Stach,MID,17,8,0.0,0.22,24.47,26.43,32.46,18.79,10.05,0.17,0.13,1.66,0.05,0.52,0.52,68.67,48.67,-23752.33,227902.67,True,8
660,Stach,MID,18,4,0.0,0.19,26.69,31.5,41.76,15.06,10.3,0.15,0.22,1.49,0.23,0.35,0.23,78.67,48.33,-8863.83,213608.0,False,17
660,Stach,MID,19,5,0.0,0.19,28.79,33.79,47.69,16.97,10.49,0.18,0.3,1.14,0.21,0.27,0.2,78.67,48.17,21588.33,235518.67,False,12
660,Stach,MID,20,4,0.17,0.17,24.67,31.47,44.78,15.17,11.0,0.14,0.27,1.3,0.19,0.07,-0.14,90.0,48.17,28790.0,257315.5,True,14
660,Stach,MID,21,2,0.17,0.0,24.5,29.67,43.07,13.67,11.17,0.13,0.26,1.41,0.2,-0.1,-0.24,90.0,48.33,39626.17,298484.33,False,15
660,Stach,MID,23,8,0.17,0.0,20.25,25.45,45.48,12.93,11.06,0.13,0.29,1.31,0.04,-0.29,-0.29,88.17,48.5,40052.83,339502.33,False,9
660,Stach,MID,24,2,0.17,0.17,23.58,31.66,47.77,12.05,12.39,0.1,0.34,1.3,0.07,-0.17,-0.27,87.17,48.67,26510.33,364217.67,True,1
660,Stach,MID,27,11,0.18,0.18,20.7,26.04,38.68,10.88,12.63,0.08,0.26,1.35,-0.08,-0.09,0.06,85.5,48.67,18523.83,381024.5,False,2
660,Stach,MID,28,2,0.36,0.18,22.28,30.05,34.29,10.16,12.48,0.07,0.24,1.44,0.11,-0.06,-0.19,84.17,48.5,-5290.17,353721.83,True,13
660,Stach,MID,29,4,0.18,0.18,24.42,30.76,39.9,9.98,12.12,0.04,0.26,1.44,0.13,-0.08,-0.02,84.17,48.17,-2619.83,336906.83,True,17
660,Stach,MID,30,5,0.18,0.18,24.59,30.44,38.26,12.12,12.12,0.07,0.26,1.32,0.11,-0.08,0.11,84.17,47.83,-537.17,320396.17,False,8
660,Stach,MID,31,3,0.35,0.17,23.55,30.8,34.97,11.16,12.73,0.05,0.23,1.2,0.12,-0.06,-0.15,86.0,47.5,4152.0,308960.17,True,5
660,Stach,MID,35,10,0.52,0.0,20.86,25.83,37.17,9.66,11.38,0.06,0.18,1.16,0.11,-0.18,-0.3,87.0,47.17,15268.5,309264.83,True,3
660,Stach,MID,36,2,0.53,0.0,24.04,30.67,41.44,13.51,10.7,0.11,0.19,0.95,0.24,-0.19,-0.42,85.5,47.17,21949.5,291761.0,False,18
660,Stach,MID,37,3,0.35,0.0,19.87,23.36,38.76,11.57,10.02,0.11,0.13,0.97,0.07,-0.13,-0.28,86.83,47.33,28915.67,295764.5,True,6
663,J.Arias,MID,4,1,0.0,0.0,12.67,15.6,12.4,12.67,11.33,0.11,0.03,1.88,-0.11,-0.03,1.45,45.0,54.67,-7303.67,62040.33,False,15
663,J.Arias,MID,8,2,0.26,0.0,16.41,17.1,27.42,14.82,10.59,0.16,0.06,1.25,-0.16,-0.06,0.07,56.67,53.17,-7985.33,41599.0,False,17
663,J.Arias,MID,9,2,0.25,0.0,18.7,17.15,29.39,14.96,10.47,0.13,0.07,1.14,-0.13,-0.07,0.11,60.17,52.67,-6132.17,36018.33,True,3
663,J.Arias,MID,10,1,0.25,0.0,16.03,13.91,32.84,15.04,9.86,0.25,0.07,0.95,-0.25,-0.07,0.03,60.83,52.33,-4607.17,32037.0,False,10
663,J.Arias,MID,12,1,0.23,0.0,16.32,13.99,31.36,12.59,10.03,0.22,0.07,0.92,-0.22,-0.07,0.24,64.33,52.17,-2860.33,29592.0,True,8
663,J.Arias,MID,13,1,0.23,0.0,15.51,12.5,24.96,12.92,10.34,0.42,0.07,0.95,-0.42,-0.07,0.22,63.83,51.83,-2204.67,27235.0,False,2
663,J.Arias,MID,14,2,0.0,0.24,12.79,7.86,14.9,13.97,9.0,0.43,0.04,1.0,-0.43,-0.04,0.42,63.33,51.5,-1166.67,25911.33,True,16
663,J.Arias,MID,15,2,0.0,0.24,9.49,6.23,10.97,13.38,8.76,0.53,0.04,0.92,-0.53,-0.04,0.54,61.67,51.17,-1174.17,24528.5,True,14
663,J.Arias,MID,16,1,0.0,0.25,7.69,6.89,7.64,12.15,8.93,0.53,0.04,1.55,-0.53,-0.04,0.43,60.5,50.83,-1225.17,23051.5,False,1
663,J.Arias,MID,17,1,0.0,0.29,9.12,7.35,3.65,10.88,9.12,0.47,0.03,1.58,-0.47,-0.03,0.48,51.0,50.5,-1237.5,21566.0,True,5
663,J.Arias,MID,21,1,0.33,0.0,20.92,25.11,9.4,8.97,10.96,0.2,0.06,1.46,0.13,-0.06,0.2,45.17,49.33,-404.17,19038.83,False,9
663,J.Arias,MID,24,1,0.3,0.0,16.2,19.5,11.61,8.7,10.5,0.18,0.05,0.93,0.12,-0.05,0.27,50.0,49.0,78.17,19533.83,True,4
668,Xhaka,MID,4,5,0.33,0.33,17.33,23.2,23.53,1.0,10.0,0.02,0.07,0.92,-0.02,0.27,0.08,90.0,50.0,-4313.0,296057.67,False,8
668,Xhaka,MID,5,4,0.5,0.25,18.0,23.7,21.6,1.25,12.0,0.01,0.08,1.13,-0.01,0.17,-0.38,90.0,50.0,-5037.0,300022.25,True,2
668,Xhaka,MID,6,9,0.4,0.4,18.4,23.92,21.6,2.8,11.2,0.02,0.08,1.05,-0.02,0.32,-0.25,90.0,50.0,-1082.2,307095.6,False,16
668,Xhaka,MID,7,3,0.5,0.33,20.83,27.9,20.72,2.33,12.67,0.02,0.11,1.15,-0.02,0.4,-0.49,90.0,50.0,847.67,314025.33,False,14
668,Xhaka,MID,8,5,0.33,0.5,22.17,28.5,18.8,3.5,13.83,0.02,0.11,1.37,-0.02,0.39,-0.37,90.0,50.0,17242.67,346151.33,True,20
668,Xhaka,MID,9,2,0.5,0.5,22.33,27.93,18.4,3.33,13.67,0.02,0.11,1.34,-0.02,0.39,-0.67,90.0,50.0,29985.33,385014.17,False,7
668,Xhaka,MID,10,10,0.5,0.33,19.83,25.13,17.7,4.5,13.33,0.04,0.1,1.29,-0.04,0.23,-0.62,90.0,50.17,37850.67,429841.5,True,9
668,Xhaka,MID,11,3,0.33,0.33,24.5,30.43,25.77,5.33,12.0,0.05,0.14,1.14,0.12,0.2,-0.3,90.0,50.33,47979.5,484701.5,True,1
668,Xhaka,MID,12,2,0.33,0.33,23.67,30.13,22.77,3.83,12.83,0.04,0.12,1.34,0.13,0.04,-0.34,90.0,50.5,55247.67,545157.83,False,10
668,Xhaka,MID,13,5,0.17,0.33,20.67,26.27,21.22,6.67,11.0,0.04,0.09,1.42,0.12,-0.09,-0.25,90.0,50.83,74807.67,628245.17,True,4
668,Xhaka,MID,14,4,0.17,0.17,20.83,27.8,23.77,5.5,9.83,0.04,0.09,1.39,0.13,0.07,-0.23,90.0,51.17,57144.0,687140.67,False,12
668,Xhaka,MID,15,2,0.0,0.17,21.0,30.27,20.7,5.17,9.83,0.03,0.08,1.5,0.13,0.08,-0.16,90.0,51.5,45199.5,735595.17,False,13
668,Xhaka,MID,16,3,0.0,0.17,20.69,29.03,19.48,5.69,10.17,0.03,0.09,1.71,0.14,0.09,0.01,87.0,51.67,41306.67,780224.5,True,15
668,Xhaka,MID,17,3,0.17,0.17,15.34,21.93,11.74,4.66,9.83,0.03,0.06,1.61,-0.03,0.11,-0.06,87.0,51.83,20957.5,802830.67,False,6
668,Xhaka,MID,18,6,0.34,0.0,16.21,22.07,13.97,5.0,9.48,0.03,0.08,1.47,-0.03,0.09,-0.27,87.0,52.0,13460.17,819725.83,True,11
668,Xhaka,MID,19,5,0.34,0.0,18.1,23.34,19.53,2.41,8.97,0.03,0.1,1.47,-0.03,0.24,-0.27,87.0,52.0,926.33,823296.33,True,13
668,Xhaka,MID,20,4,0.52,0.0,18.45,21.62,18.1,2.41,10.69,0.03,0.11,1.57,-0.03,0.07,-0.71,87.0,52.0,311.17,824927.0,False,18
668,Xhaka,MID,21,2,0.52,0.0,18.97,20.48,20.52,2.41,11.03,0.03,0.12,1.52,-0.03,0.05,-0.66,87.0,52.0,6386.83,834899.67,False,5
668,Xhaka,MID,22,2,0.5,0.0,20.5,21.17,20.68,2.33,10.5,0.02,0.14,1.7,-0.02,0.03,-0.87,90.0,52.0,7252.83,845951.67,True,8
668,Xhaka,MID,27,1,0.33,0.0,19.67,19.43,18.55,2.17,10.0,0.01,0.12,1.76,-0.01,0.05,-0.76,90.0,52.0,15890.33,865836.83,True,10
668,Xhaka,MID,28,2,0.19,0.0,20.53,18.77,18.46,2.11,10.36,0.01,0.13,1.9,-0.01,0.06,-0.55,78.17,51.83,9136.83,806910.0,False,4
668,Xhaka,MID,29,1,0.2,0.0,19.03,14.87,13.52,1.78,11.7,0.01,0.1,1.78,-0.01,-0.1,-0.39,75.67,51.67,-87.5,736237.83,False,11
668,Xhaka,MID,30,1,0.0,0.0,18.05,14.53,11.77,2.93,11.28,0.01,0.09,1.68,-0.01,-0.09,-0.1,66.5,51.5,1211.67,672738.0,True,6
668,Xhaka,MID,31,4,0.0,0.23,16.02,11.1,11.21,3.38,10.15,0.02,0.08,1.8,-0.02,-0.08,-0.22,66.5,51.33,-7366.0,595595.83,False,15
668,Xhaka,MID,32,5,0.0,0.23,14.21,11.32,13.42,2.03,11.05,0.02,0.05,1.35,-0.02,-0.05,-0.22,66.5,51.17,-10451.83,513925.67,True,18
668,Xhaka,MID,33,2,0.23,0.23,16.24,13.62,14.55,3.16,13.53,0.05,0.06,1.4,-0.05,-0.06,-0.5,66.5,51.0,-8480.67,435482.83,False,2
668,Xhaka,MID,34,1,0.19,0.19,14.55,12.03,13.44,2.87,12.64,0.05,0.05,1.65,-0.05,-0.05,-0.31,78.33,51.0,-4928.33,430410.5,True,16
668,Xhaka,MID,35,9,0.19,0.37,14.29,12.95,16.63,3.71,11.32,0.06,0.12,1.57,-0.06,-0.12,0.47,80.83,51.0,-3346.5,427934.0,False,20
668,Xhaka,MID,36,5,0.17,0.5,16.5,16.6,19.48,2.83,11.33,0.06,0.15,1.57,-0.06,0.02,0.43,90.0,51.0,-3004.0,425355.5,True,14
668,Xhaka,MID,37,2,0.33,0.33,19.0,18.87,20.92,2.67,12.67,0.06,0.18,1.4,-0.06,-0.02,0.44,90.0,51.0,-2529.33,423097.5,False,9
668,Xhaka,MID,38,1,0.33,0.33,19.5,18.23,19.55,2.17,11.83,0.05,0.18,1.36,-0.05,-0.01,0.47,90.0,51.0,-1013.83,423969.5,True,7
669,Ndoye,MID,4,2,0.0,0.0,24.15,25.73,14.18,17.12,6.15,0.04,0.16,1.35,0.4,0.28,-0.47,68.33,60.0,102123.67,194783.33,False,1
669,Ndoye,MID,5,2,0.0,0.0,19.83,22.94,16.29,13.12,5.8,0.03,0.12,1.5,0.27,0.19,0.03,73.75,60.25,67626.25,237885.0,False,3
669,Ndoye,MID,6,1,0.0,0.0,18.24,20.58,18.24,13.38,6.08,0.02,0.14,1.36,0.22,0.1,0.1,74.0,60.4,59221.6,272112.8,True,17
669,Ndoye,MID,7,2,0.0,0.0,16.78,18.25,16.38,14.27,5.66,0.03,0.12,1.33,0.18,0.09,0.14,71.5,60.5,39291.83,284025.83,False,15
669,Ndoye,MID,9,2,0.0,0.0,13.45,13.79,22.21,9.33,6.72,0.01,0.14,1.27,-0.01,0.08,0.25,69.17,60.5,26102.33,323683.83,False,4
669,Ndoye,MID,10,1,0.0,0.0,10.54,8.39,15.93,8.01,7.8,0.02,0.06,1.13,-0.02,-0.06,0.56,71.17,60.17,15340.17,337539.67,True,14
669,Ndoye,MID,11,5,0.0,0.2,9.2,8.69,15.07,8.41,7.04,0.02,0.07,1.17,-0.02,-0.07,0.78,76.67,59.67,-34767.17,286932.33,True,11
669,Ndoye,MID,12,3,0.0,0.2,11.35,8.06,13.27,12.33,8.22,0.05,0.15,0.95,-0.05,0.04,0.62,76.67,59.0,-30403.83,250325.33,False,12
669,Ndoye,MID,13,1,0.19,0.19,10.53,7.28,9.46,11.49,8.43,0.07,0.12,1.13,-0.07,0.07,0.21,78.33,58.17,-36350.83,204942.5,True,6
669,Ndoye,MID,14,3,0.2,0.2,9.87,8.41,11.23,10.66,8.88,0.08,0.12,1.24,-0.08,0.08,0.14,76.0,57.33,-26810.83,170118.0,False,20
669,Ndoye,MID,15,1,0.39,0.2,7.66,7.51,9.45,12.58,7.86,0.12,0.11,1.19,-0.12,0.08,-0.01,76.33,56.67,-13617.17,148440.33,False,9
669,Ndoye,MID,16,1,0.43,0.21,8.12,9.71,9.96,13.04,7.05,0.12,0.12,1.27,-0.12,0.09,0.01,70.17,56.33,-9114.5,139742.33,True,18
669,Ndoye,MID,22,1,0.54,0.0,10.3,10.95,11.77,14.1,8.13,0.15,0.14,1.3,-0.15,0.13,-0.22,55.33,56.0,-7277.0,132946.0,True,1
673,J.Palhinha,MID,4,3,0.59,0.0,22.94,33.41,2.65,12.35,8.82,0.08,0.01,1.66,0.51,-0.01,-1.08,51.0,55.0,8800.0,52986.0,False,19
673,J.Palhinha,MID,5,4,0.74,0.0,21.11,26.3,3.22,14.44,8.15,0.13,0.01,1.27,0.24,-0.01,-0.9,60.75,55.0,7641.0,63658.5,False,6
673,J.Palhinha,MID,6,9,0.54,0.0,20.54,25.08,3.73,10.54,9.73,0.1,0.02,1.28,0.17,-0.02,-0.47,66.6,55.0,6302.0,70795.4,True,20
673,J.Palhinha,MID,7,1,0.43,0.21,23.19,29.45,5.28,10.85,10.0,0.09,0.01,1.26,0.33,-0.01,-0.4,70.5,55.0,5453.83,76104.33,False,11
673,J.Palhinha,MID,8,9,0.36,0.36,20.22,26.09,4.83,10.02,9.66,0.1,0.01,1.36,0.26,-0.01,-0.46,83.83,55.0,11142.17,93577.0,True,2
673,J.Palhinha,MID,9,5,0.18,0.36,20.93,25.01,6.82,9.13,10.91,0.08,0.05,1.14,0.09,0.13,0.12,83.83,55.0,11949.17,111051.83,False,9
673,J.Palhinha,MID,10,4,0.33,0.33,22.0,25.67,6.42,8.17,11.5,0.08,0.05,1.1,0.09,0.12,-0.1,90.0,55.0,12913.5,127646.33,True,7
673,J.Palhinha,MID,11,3,0.17,0.33,21.67,25.67,6.07,5.17,13.0,0.04,0.04,1.61,0.12,0.12,-0.45,90.0,55.0,14803.33,145331.67,True,14
673,J.Palhinha,MID,12,8,0.17,0.51,21.99,25.3,6.17,8.86,12.95,0.05,0.05,1.51,0.12,0.12,-0.49,88.0,55.0,17797.33,165936.67,False,1
673,J.Palhinha,MID,13,1,0.17,0.34,21.65,24.2,6.14,6.82,13.47,0.04,0.04,1.65,-0.04,0.3,-0.11,88.0,55.0,15621.83,183868.83,True,10
673,J.Palhinha,MID,15,1,0.18,0.18,23.36,25.68,6.59,6.7,14.12,0.02,0.05,1.5,-0.02,0.31,0.31,82.83,55.0,13713.17,201421.33,True,5
673,J.Palhinha,MID,16,1,0.21,0.21,20.83,22.04,5.31,4.79,13.96,0.01,0.02,1.71,-0.01,0.19,-0.04,72.0,55.0,11059.33,213314.83,False,16
673,J.Palhinha,MID,17,4,0.0,0.24,20.99,23.65,5.43,5.55,15.2,0.01,0.02,1.68,-0.01,0.22,0.49,62.17,55.0,-3824.83,209463.67,True,12
673,J.Palhinha,MID,18,1,0.0,0.3,24.74,25.39,6.17,9.83,14.3,0.04,0.02,0.99,-0.04,0.57,1.39,50.33,55.0,-9980.33,199658.0,False,8
673,J.Palhinha,MID,25,1,0.28,0.56,23.13,28.98,5.85,13.93,12.26,0.12,0.03,1.38,0.16,0.25,0.29,53.83,55.0,-8626.0,129410.17,False,14
673,J.Palhinha,MID,26,1,0.23,0.7,17.39,26.69,5.05,10.34,11.98,0.08,0.03,1.41,0.15,-0.03,0.23,63.83,55.0,-5177.33,124014.83,True,15
673,J.Palhinha,MID,27,4,0.22,0.67,17.28,27.83,7.23,11.22,11.45,0.08,0.03,1.39,0.14,-0.03,0.41,66.83,55.0,-4480.67,119142.0,True,1
673,J.Palhinha,MID,28,2,0.0,0.45,18.76,30.68,3.93,10.27,13.18,0.08,0.02,1.64,0.14,-0.02,0.82,67.17,55.0,-3901.17,114895.67,False,10
673,J.Palhinha,MID,29,4,0.0,0.19,18.57,27.32,3.52,9.09,12.69,0.08,0.02,1.75,0.11,-0.02,0.52,79.17,55.0,-3548.5,110756.17,True,8
673,J.Palhinha,MID,32,1,0.0,0.19,14.21,20.69,5.74,6.06,13.26,0.06,0.02,1.85,-0.06,-0.02,0.43,79.17,55.0,-2842.5,107333.0,False,17
673,J.Palhinha,MID,33,1,0.0,0.22,12.83,18.61,6.41,5.87,12.39,0.05,0.02,1.72,-0.05,-0.02,0.45,69.0,55.0,-1525.5,105141.17,True,6
673,J.Palhinha,MID,34,9,0.0,0.0,15.34,19.61,7.29,10.06,12.32,0.09,0.03,1.8,-0.09,-0.03,0.72,59.67,55.0,-1462.33,102918.0,False,20
673,J.Palhinha,MID,35,2,0.0,0.0,21.64,24.28,4.3,17.68,11.88,0.24,0.01,1.83,0.02,-0.01,0.55,56.83,55.0,-939.5,101411.33,False,2
673,J.Palhinha,MID,36,3,0.0,0.0,20.83,22.63,5.14,19.03,10.29,0.24,0.02,1.36,0.02,-0.02,0.44,58.33,55.0,-243.83,100400.33,True,11
673,J.Palhinha,MID,37,4,0.0,0.26,20.57,23.19,5.37,20.57,10.54,0.24,0.02,1.15,0.02,-0.02,0.39,58.33,55.0,513.33,100178.17,False,7
673,J.Palhinha,MID,38,12,0.0,0.27,21.95,22.61,2.5,20.58,11.25,0.24,0.02,0.87,0.03,-0.02,0.5,54.67,55.0,816.33,100183.67,True,9
676,Ugochukwu,MID,4,-1,0.53,0.0,10.59,8.68,9.9,4.24,7.94,0.04,0.01,2.13,-0.04,-0.01,-0.54,56.67,50.0,-244.0,4508.0,True,12
676,Ugochukwu,MID,6,1,0.36,0.0,7.11,8.47,6.69,2.85,8.54,0.02,0.01,1.95,-0.02,-0.01,-0.52,63.25,50.0,-280.75,4611.25,False,13
676,Ugochukwu,MID,7,7,0.34,0.0,8.18,8.25,6.41,2.73,8.18,0.02,0.01,2.13,-0.02,-0.01,-0.09,52.8,50.0,-269.2,4535.2,False,2
676,Ugochukwu,MID,8,10,0.32,0.0,15.79,19.71,6.54,9.16,8.53,0.09,0.01,2.06,0.22,-0.01,-0.16,47.5,50.0,-239.67,4494.83,True,11
676,Ugochukwu,MID,9,2,0.53,0.0,21.44,27.95,5.98,11.38,8.47,0.17,0.01,2.09,0.36,-0.01,-0.76,56.67,50.0,-155.33,4714.17,False,20
676,Ugochukwu,MID,10,2,0.25,0.0,19.89,28.89,1.94,11.69,9.7,0.18,0.01,2.42,0.32,-0.01,-0.68,60.33,50.0,1472.5,6537.33,True,1
676,Ugochukwu,MID,11,5,0.26,0.0,19.91,28.03,2.35,12.16,8.28,0.19,0.01,2.47,0.33,-0.01,-0.66,58.0,50.0,1934.0,8724.67,False,19
676,Ugochukwu,MID,12,2,0.27,0.0,24.99,28.32,3.39,22.03,6.72,0.23,0.02,2.51,0.3,0.25,-0.63,55.83,50.0,2072.33,11006.5,True,7
676,Ugochukwu,MID,13,1,0.23,0.0,21.19,25.2,3.35,19.59,6.38,0.2,0.02,2.14,0.26,0.21,-0.77,65.83,50.0,1971.33,13274.33,False,5
676,Ugochukwu,MID,14,1,0.22,0.0,16.26,17.38,2.94,14.48,6.46,0.14,0.02,2.42,0.08,0.2,-0.41,67.33,50.0,1743.33,15286.17,True,8
676,Ugochukwu,MID,15,2,0.0,0.0,12.14,9.92,6.15,15.04,6.33,0.08,0.02,2.26,-0.08,0.25,0.12,56.83,50.0,1471.83,17022.0,False,15
676,Ugochukwu,MID,16,9,0.0,0.0,10.82,6.55,11.8,14.25,5.81,0.05,0.02,2.07,-0.05,0.25,0.3,56.83,50.0,-372.67,16721.17,True,10
676,Ugochukwu,MID,17,2,0.0,0.0,17.9,17.95,13.6,23.62,6.22,0.3,0.02,1.94,-0.05,0.23,0.55,60.33,50.0,-1075.67,15770.5,False,4
676,Ugochukwu,MID,18,3,0.0,0.0,15.92,19.11,12.6,14.48,7.72,0.26,0.01,1.83,-0.02,-0.01,0.58,62.17,50.0,-796.0,15160.0,True,9
676,Ugochukwu,MID,19,4,0.23,0.0,16.76,20.11,12.28,14.23,9.18,0.26,0.02,1.75,-0.03,-0.02,0.31,65.33,50.0,-430.17,14932.5,True,15
676,Ugochukwu,MID,20,1,0.2,0.0,17.04,20.0,13.95,14.03,9.62,0.23,0.02,1.64,-0.03,-0.02,-0.03,74.83,50.0,-174.0,14945.33,False,6
676,Ugochukwu,MID,21,4,0.19,0.0,14.88,18.89,10.97,11.34,9.86,0.21,0.01,1.77,-0.02,-0.01,0.09,80.67,50.0,63.33,15180.17,True,14
676,Ugochukwu,MID,22,4,0.19,0.0,15.62,21.87,6.88,10.6,11.34,0.21,0.01,1.91,-0.02,-0.01,-0.05,80.67,50.0,54.83,15395.33,False,12
676,Ugochukwu,MID,23,2,0.19,0.0,10.74,17.74,4.7,2.96,12.41,0.01,0.01,2.08,-0.01,-0.01,-0.59,81.0,50.0,294.33,15855.17,True,18
676,Ugochukwu,MID,24,1,0.18,0.0,11.64,17.13,5.11,2.91,12.36,0.01,0.01,2.22,-0.01,-0.01,-0.58,82.5,50.0,149.33,16120.33,False,17
676,Ugochukwu,MID,25,2,0.0,0.18,11.45,15.64,5.45,2.18,11.64,0.0,0.01,2.33,0.0,-0.01,-0.15,82.5,50.0,-354.83,15863.0,True,19
676,Ugochukwu,MID,26,7,0.0,0.19,10.37,13.85,4.87,2.04,10.37,0.01,0.01,2.14,-0.01,-0.01,0.08,81.0,50.0,-289.17,15707.17,False,8
676,Ugochukwu,MID,27,1,0.0,0.17,13.2,18.17,6.29,2.26,10.77,0.01,0.01,2.03,-0.01,0.16,0.05,86.33,50.0,-513.67,15291.33,False,7
676,Ugochukwu,MID,28,1,0.0,0.19,13.57,15.81,6.68,3.16,8.93,0.01,0.01,2.0,-0.01,0.18,0.05,80.67,50.0,-149.67,15271.83,True,5
676,Ugochukwu,MID,29,2,0.0,0.2,13.15,12.42,7.24,4.45,7.69,0.03,0.01,1.63,-0.03,0.19,0.6,74.17,50.0,-80.17,15297.33,False,9
676,Ugochukwu,MID,30,1,0.0,0.21,12.77,11.66,6.9,4.53,6.8,0.04,0.01,1.5,-0.04,0.2,0.76,72.83,50.0,-383.5,14985.33,True,4
676,Ugochukwu,MID,31,2,0.0,0.0,14.18,13.62,7.27,5.16,6.96,0.04,0.01,1.72,-0.04,0.25,0.34,58.17,50.0,-154.5,14919.5,False,10
676,Ugochukwu,MID,32,2,0.0,0.0,13.12,14.01,4.51,3.94,6.82,0.03,0.01,2.31,-0.03,0.25,0.06,57.17,50.0,-295.33,14673.33,True,6
676,Ugochukwu,MID,33,2,0.0,0.0,9.75,5.46,2.2,4.74,4.46,0.05,0.01,2.54,-0.05,-0.01,-0.31,53.83,50.0,-136.5,14639.33,False,16
676,Ugochukwu,MID,36,5,0.0,0.0,9.21,6.68,2.05,3.42,4.47,0.04,0.01,2.22,-0.04,-0.01,0.14,57.0,50.0,-245.83,14584.33,True,2
676,Ugochukwu,MID,37,2,0.0,0.0,13.68,10.13,4.39,3.6,5.76,0.02,0.02,2.24,-0.02,0.22,0.16,62.5,50.0,-320.83,14214.0,False,1
676,Ugochukwu,MID,38,2,0.0,0.0,13.14,11.95,4.59,4.21,6.69,0.02,0.02,2.31,-0.02,0.23,-0.08,60.5,50.0,-237.0,13935.0,True,20
677,Guessand,MID,7,1,0.35,0.0,6.6,11.68,2.99,15.98,8.69,0.11,0.05,1.5,-0.11,-0.05,-0.81,51.8,64.0,-783.8,5443.4,True,3
677,Guessand,MID,8,2,0.32,0.0,7.02,12.32,3.0,16.6,9.26,0.1,0.1,1.48,-0.1,-0.1,-0.53,47.0,63.83,-610.17,5464.0,False,18
677,Guessand,MID,9,1,0.28,0.0,8.53,12.0,5.7,13.76,9.08,0.09,0.08,1.39,-0.09,-0.08,-0.29,54.5,63.5,-419.0,5264.0,True,13
677,Guessand,MID,10,1,0.3,0.0,11.17,13.17,5.59,9.97,10.27,0.08,0.09,1.17,-0.08,-0.09,-0.26,49.67,63.33,-269.5,5165.5,False,12
677,Guessand,MID,11,1,0.29,0.0,9.84,10.82,5.15,12.73,9.55,0.09,0.09,1.15,-0.09,-0.09,0.29,51.83,63.17,-181.67,5113.5,True,4
677,Guessand,MID,28,1,0.0,0.0,25.81,32.43,12.34,33.09,7.61,0.38,0.1,0.89,-0.05,0.89,1.43,45.33,62.0,189.33,5137.83,False,14
677,Guessand,MID,30,3,0.0,0.0,20.0,25.61,9.84,18.71,9.35,0.18,0.12,1.03,0.15,0.21,0.91,46.5,62.0,335.83,5614.17,True,11
677,Guessand,MID,37,1,0.3,0.0,16.67,19.39,6.3,14.24,7.88,0.11,0.1,1.19,0.19,0.2,0.33,49.5,62.0,420.33,6122.17,False,5
686,Ngumoha,MID,38,2,0.32,0.0,25.99,28.08,29.6,26.62,5.7,0.12,0.21,1.13,0.19,0.1,0.77,47.33,43.0,8797.17,134219.83,True,5
693,Hutchinson,MID,16,5,0.27,0.0,21.0,19.69,35.24,20.45,6.27,0.17,0.32,1.07,-0.17,0.77,0.02,55.0,54.0,432.67,4556.83,True,18
693,Hutchinson,MID,17,2,0.48,0.0,21.6,20.83,28.1,22.8,8.64,0.18,0.28,1.0,-0.18,0.68,-0.04,62.5,54.0,355.83,5020.83,False,10
693,Hutchinson,MID,18,9,0.41,0.0,14.52,14.89,27.21,21.77,7.47,0.15,0.2,1.05,-0.15,0.21,-0.01,72.33,54.0,561.33,5705.83,True,13
693,Hutchinson,MID,19,2,0.36,0.0,16.36,18.84,25.13,16.73,7.45,0.11,0.18,1.04,0.07,-0.0,0.23,82.5,54.0,572.0,6358.0,True,9
693,Hutchinson,MID,20,2,0.33,0.0,16.0,17.2,22.82,16.67,7.33,0.11,0.2,1.1,0.06,-0.04,0.24,90.0,54.0,2464.0,9556.33,False,2
693,Hutchinson,MID,21,1,0.17,0.0,14.5,14.2,16.57,16.5,7.17,0.09,0.14,1.21,0.08,-0.14,0.62,90.0,54.0,2251.83,11885.83,False,19
693,Hutchinson,MID,22,1,0.18,0.0,16.18,16.0,18.2,18.73,8.36,0.1,0.16,1.2,0.08,-0.16,0.44,82.5,54.0,2154.33,14185.83,True,1
693,Hutchinson,MID,23,1,0.0,0.0,17.29,16.54,22.26,17.96,6.87,0.09,0.2,1.41,0.14,-0.2,0.59,67.67,54.0,1516.83,15805.17,False,5
693,Hutchinson,MID,25,4,0.0,0.0,19.04,18.63,19.72,16.17,7.3,0.1,0.2,1.38,0.16,-0.2,0.7,57.5,54.0,1057.17,16967.0,False,11
693,Hutchinson,MID,26,3,0.0,0.0,18.87,18.12,31.33,13.92,6.8,0.02,0.28,1.33,-0.02,0.02,0.53,48.5,54.0,815.5,17626.83,True,20
693,Hutchinson,MID,27,3,0.31,0.0,16.7,19.79,36.03,11.75,6.19,0.04,0.26,1.07,-0.04,0.05,0.17,48.5,54.0,-1218.0,15588.5,True,12
693,Hutchinson,MID,30,1,0.65,0.0,16.96,20.02,37.4,19.24,5.54,0.05,0.19,1.05,-0.05,0.13,-0.39,46.0,54.0,-1415.83,12460.0,True,10
693,Hutchinson,MID,31,3,0.56,0.0,16.31,19.01,35.24,18.28,5.62,0.04,0.16,0.91,-0.04,0.12,-0.35,53.33,54.0,-736.5,11454.17,False,18
693,Hutchinson,MID,32,1,0.73,0.0,16.78,17.17,30.04,20.43,5.84,0.07,0.14,0.89,-0.07,0.11,-0.41,61.67,54.0,-503.83,10615.33,True,2
693,Hutchinson,MID,33,5,0.68,0.23,11.76,10.45,20.87,19.9,6.56,0.06,0.08,0.8,-0.06,-0.08,-0.12,66.33,54.0,-339.17,10265.0,True,3
693,Hutchinson,MID,34,3,0.46,0.23,12.53,10.62,10.32,18.46,6.38,0.04,0.05,0.79,-0.04,0.18,0.12,65.83,54.0,-301.67,9923.83,False,17
693,Hutchinson,MID,35,1,0.45,0.23,13.64,11.36,10.2,17.95,6.36,0.05,0.06,0.75,-0.05,0.17,0.15,66.0,54.0,-88.5,9872.0,False,7
693,Hutchinson,MID,36,1,0.51,0.26,14.87,12.67,11.18,15.9,6.41,0.05,0.06,0.76,-0.05,0.19,0.01,58.5,54.0,-62.5,9771.33,True,15
693,Hutchinson,MID,37,2,0.54,0.27,14.1,12.85,14.67,17.62,6.23,0.08,0.14,0.9,-0.08,0.14,0.18,55.33,54.0,-8.0,9807.5,False,14
693,Hutchinson,MID,38,5,0.28,0.28,13.7,12.91,18.84,13.42,6.43,0.04,0.19,1.47,-0.04,0.09,0.21,53.67,54.0,11.5,9890.33,True,4
697,Adli,MID,25,2,0.66,0.66,21.76,27.1,20.18,24.73,9.56,0.23,0.11,0.96,0.1,0.55,0.03,45.5,54.0,3257.0,8939.17,True,2
697,Adli,MID,26,10,0.51,0.51,18.72,22.87,24.67,20.51,8.72,0.19,0.27,0.79,0.06,0.24,0.24,58.5,54.0,3676.5,12743.0,False,9
697,Adli,MID,27,3,0.44,0.22,24.99,28.92,22.2,26.09,9.07,0.33,0.24,1.03,0.11,0.2,-0.15,67.83,54.0,3622.83,16468.17,False,19
697,Adli,MID,28,1,0.58,0.19,22.84,26.1,22.41,22.64,8.83,0.29,0.21,1.17,0.1,0.17,-0.4,78.17,54.0,12347.83,29378.17,True,17
697,Adli,MID,29,1,0.45,0.22,24.75,30.1,26.5,26.55,9.68,0.34,0.25,1.27,0.11,-0.02,-0.37,66.67,54.0,13825.0,43602.83,True,5
697,Adli,MID,30,1,0.55,0.28,23.47,24.9,31.14,22.09,8.28,0.32,0.28,1.36,-0.04,0.0,-0.81,54.33,54.0,11410.67,55229.67,False,3
697,Adli,MID,31,2,0.31,0.0,23.12,20.44,26.5,20.31,8.12,0.27,0.3,1.37,0.04,-0.3,-0.75,48.0,54.0,5943.17,61223.33,True,14
697,Adli,MID,33,1,0.33,0.0,23.0,21.07,13.8,21.33,9.67,0.27,0.05,1.9,0.06,-0.05,-0.9,45.0,54.0,4150.17,64360.83,True,11
698,Okafor,MID,6,2,0.56,0.56,16.88,26.66,11.48,22.5,11.25,0.19,0.02,1.28,0.38,-0.02,-0.15,53.33,55.0,519.0,2033.33,True,4
698,Okafor,MID,7,8,0.4,0.4,16.33,22.86,14.22,21.9,9.56,0.16,0.12,1.07,0.24,-0.12,0.13,56.5,55.0,1590.0,3736.25,True,18
698,Okafor,MID,9,4,0.3,0.59,20.43,28.78,17.02,26.05,8.29,0.34,0.1,0.94,0.25,-0.1,0.54,60.8,55.0,1548.2,5061.8,True,19
698,Okafor,MID,10,2,0.26,0.52,20.37,25.58,15.06,28.11,7.74,0.35,0.09,0.91,0.17,0.17,0.38,58.17,55.0,77.17,7759.0,False,6
698,Okafor,MID,11,2,0.22,0.45,19.3,23.43,13.31,25.81,6.96,0.31,0.08,1.25,0.14,0.14,0.32,66.83,55.0,523.5,11853.83,False,16
698,Okafor,MID,12,2,0.0,0.21,19.74,22.92,13.22,22.08,5.31,0.25,0.1,1.7,0.17,0.11,0.42,70.67,55.0,81.0,15279.0,True,2
698,Okafor,MID,13,1,0.0,0.21,16.18,16.88,12.3,18.04,6.22,0.21,0.1,1.62,-0.01,0.11,0.66,72.33,55.0,-423.67,18147.33,False,13
698,Okafor,MID,14,4,0.0,0.24,16.76,17.09,10.53,17.71,6.22,0.23,0.05,1.86,0.01,0.19,0.77,62.67,55.0,-1696.0,19626.17,True,7
698,Okafor,MID,15,2,0.0,0.0,16.26,11.16,9.11,21.59,7.01,0.15,0.06,2.11,-0.15,0.5,0.41,53.5,55.0,-2236.5,20621.33,True,12
698,Okafor,MID,16,2,0.0,0.0,13.5,10.01,8.52,16.94,6.62,0.13,0.05,2.23,-0.13,0.21,0.68,56.67,55.0,-1164.83,19695.5,False,5
698,Okafor,MID,17,3,0.0,0.0,12.71,10.02,14.64,25.68,5.59,0.26,0.07,1.56,-0.26,0.18,0.73,59.0,55.0,-1987.67,17818.33,True,8
698,Okafor,MID,18,2,0.26,0.0,13.24,10.01,14.14,25.15,5.03,0.27,0.05,1.03,-0.27,0.21,0.55,56.67,55.0,-1574.83,16418.5,False,17
698,Okafor,MID,19,1,0.27,0.0,12.7,8.32,21.46,27.3,3.24,0.34,0.06,0.92,-0.34,0.21,0.43,55.5,55.0,-1084.5,15542.0,False,12
698,Okafor,MID,20,2,0.26,0.0,12.0,8.56,20.79,26.87,3.91,0.33,0.06,0.82,-0.33,0.2,0.22,57.5,55.0,-738.5,14976.67,True,14
698,Okafor,MID,21,1,0.23,0.0,7.5,6.45,16.05,20.0,3.18,0.23,0.05,1.01,-0.23,-0.05,0.12,66.0,55.0,-403.83,14731.83,False,15
698,Okafor,MID,22,3,0.26,0.0,8.68,8.84,18.5,22.11,4.21,0.24,0.07,1.18,-0.24,-0.07,0.14,57.0,55.0,-340.5,14515.67,True,10
698,Okafor,MID,23,1,0.56,0.0,9.25,7.63,15.45,15.7,5.05,0.12,0.06,1.18,-0.12,-0.06,-0.06,53.5,55.0,-98.83,14556.83,False,9
698,Okafor,MID,26,6,0.63,0.32,15.85,18.63,12.71,22.5,6.97,0.31,0.07,1.99,0.01,-0.07,-0.4,47.33,55.0,-341.67,13905.0,False,7
698,Okafor,MID,33,2,0.56,0.28,40.09,60.34,14.78,35.05,5.89,0.54,0.08,1.91,0.87,0.2,-0.79,53.5,55.0,29278.33,63199.83,False,4
698,Okafor,MID,35,10,0.53,0.27,38.5,57.29,13.99,35.84,7.17,0.56,0.07,1.5,0.77,0.19,-0.7,56.5,55.0,58632.17,113821.17,True,3
699,Douglas Luiz,MID,10,1,0.0,0.52,18.84,10.26,16.95,5.23,7.33,0.01,0.13,1.13,-0.01,0.4,1.49,57.33,50.0,-84.67,6767.0,True,14
699,Douglas Luiz,MID,16,1,0.0,0.49,19.46,11.29,22.62,4.86,7.78,0.01,0.23,1.1,-0.01,0.25,1.33,46.25,50.0,-49.5,6770.75,True,18
699,Douglas Luiz,MID,26,3,0.0,0.31,19.53,19.1,36.76,11.9,12.51,0.06,0.15,1.28,-0.06,-0.15,-0.06,49.17,49.0,689.5,6532.67,True,6
699,Douglas Luiz,MID,27,2,0.24,0.24,19.3,16.5,36.17,9.41,11.82,0.05,0.14,1.13,-0.05,-0.14,-0.16,62.17,49.0,777.0,7519.5,True,11
699,Douglas Luiz,MID,28,1,0.23,0.23,21.16,19.4,38.53,8.37,11.16,0.04,0.17,1.12,-0.04,-0.17,-0.19,64.5,49.0,1020.67,8742.0,False,20
699,Douglas Luiz,MID,29,7,0.22,0.0,19.75,18.45,40.78,9.2,10.55,0.05,0.16,0.92,-0.05,-0.16,-0.24,66.83,49.0,1032.67,9894.33,True,7
699,Douglas Luiz,MID,30,1,0.2,0.0,22.7,22.89,36.47,11.45,9.87,0.07,0.14,1.25,0.13,-0.14,-0.07,76.0,49.0,875.17,10875.5,False,14
699,Douglas Luiz,MID,31,1,0.24,0.0,22.14,23.92,31.36,9.14,10.11,0.06,0.13,1.5,0.18,-0.13,-0.3,62.33,49.0,849.5,11821.33,True,19
699,Douglas Luiz,MID,32,1,0.28,0.0,22.15,23.55,30.48,10.65,9.25,0.08,0.11,1.39,0.2,-0.11,-0.27,53.5,49.0,459.0,12310.83,False,16
708,M.Fernandes,MID,6,2,0.41,0.0,14.86,10.73,24.56,3.3,7.84,0.0,0.11,1.45,0.0,-0.11,0.2,72.67,55.0,577.33,1842.33,False,9
708,M.Fernandes,MID,7,4,0.29,0.0,12.86,8.71,18.67,3.21,6.72,0.03,0.08,1.24,-0.03,-0.08,0.22,77.0,55.0,368.5,2101.0,False,1
708,M.Fernandes,MID,8,1,0.23,0.0,13.12,10.67,14.92,2.49,7.91,0.02,0.06,1.59,-0.02,-0.06,-0.0,79.6,55.0,288.0,2289.2,True,5
708,M.Fernandes,MID,9,6,0.2,0.0,12.8,11.42,13.88,2.64,8.13,0.03,0.06,1.72,-0.03,-0.06,-0.1,73.83,55.0,251.33,2483.5,False,11
708,M.Fernandes,MID,10,7,0.0,0.0,16.28,19.35,13.65,6.51,6.98,0.06,0.05,1.81,0.17,-0.05,0.05,64.5,55.0,255.0,3078.67,True,15
708,M.Fernandes,MID,11,1,0.0,0.0,18.83,23.56,15.57,6.35,7.66,0.11,0.03,1.66,0.11,0.19,-0.13,68.5,55.0,61.0,3382.0,True,3
708,M.Fernandes,MID,12,4,0.0,0.21,19.74,26.19,23.01,6.58,8.7,0.1,0.08,1.37,0.11,0.13,0.11,70.67,55.0,586.5,4281.17,False,4
708,M.Fernandes,MID,13,2,0.0,0.22,21.45,30.6,23.15,6.19,11.28,0.08,0.09,1.65,0.14,0.13,-0.1,67.83,55.0,619.67,5156.0,True,12
708,M.Fernandes,MID,14,4,0.0,0.22,22.33,30.12,32.51,6.63,9.95,0.09,0.12,1.31,0.13,0.1,0.24,67.83,55.0,447.17,5841.83,False,14
708,M.Fernandes,MID,15,5,0.0,0.2,22.9,28.63,33.61,6.37,10.35,0.09,0.12,1.2,0.11,0.08,0.19,75.33,55.0,372.67,6414.5,False,6
708,M.Fernandes,MID,16,9,0.18,0.18,21.79,25.94,29.91,2.3,13.11,0.07,0.11,1.3,-0.07,0.07,-0.06,84.67,55.0,324.0,6933.17,True,2
708,M.Fernandes,MID,17,2,0.18,0.18,21.36,25.49,24.06,4.55,13.83,0.05,0.1,1.33,0.12,-0.1,0.25,85.67,55.0,370.17,7493.83,False,13
708,M.Fernandes,MID,18,2,0.18,0.0,21.87,22.91,17.64,4.48,13.63,0.08,0.05,1.46,0.1,-0.05,0.34,83.67,55.0,381.17,8011.33,True,10
708,M.Fernandes,MID,19,3,0.17,0.0,22.54,22.79,20.2,4.68,12.66,0.08,0.06,1.39,0.1,-0.06,0.35,86.5,55.0,1727.17,10197.17,True,6
708,M.Fernandes,MID,20,2,0.17,0.17,23.06,22.54,15.12,4.34,14.57,0.07,0.03,1.68,0.1,-0.03,0.05,86.5,55.0,2263.83,12572.17,False,20
708,M.Fernandes,MID,21,2,0.17,0.17,22.54,22.27,20.31,3.99,13.53,0.05,0.08,1.74,0.12,-0.08,0.34,86.5,55.0,3175.67,16045.83,True,16
708,M.Fernandes,MID,22,9,0.0,0.17,20.37,16.82,18.57,4.18,11.49,0.06,0.08,1.62,0.11,-0.08,0.65,86.17,55.0,2578.67,18834.83,False,18
708,M.Fernandes,MID,23,8,0.0,0.17,21.24,18.7,20.82,1.04,12.36,0.03,0.08,1.74,-0.03,0.1,0.17,86.17,55.0,1540.0,20533.5,True,17
708,M.Fernandes,MID,24,4,0.0,0.34,23.48,24.33,20.55,2.38,12.25,0.02,0.08,1.55,0.15,0.09,-0.02,88.17,55.0,1818.33,22574.5,False,7
708,M.Fernandes,MID,25,8,0.0,0.34,23.65,23.55,22.47,4.08,12.76,0.03,0.1,1.73,0.14,0.07,0.14,88.17,55.0,1503.67,24013.67,False,3
708,M.Fernandes,MID,26,3,0.17,0.17,25.86,27.12,22.68,4.25,12.76,0.04,0.14,1.46,0.13,0.2,0.07,88.17,55.0,3146.0,27754.67,True,14
708,M.Fernandes,MID,27,5,0.17,0.34,25.86,26.78,14.04,3.91,14.29,0.04,0.09,1.24,0.13,0.25,-0.05,88.17,55.0,3535.83,31645.83,True,4
708,M.Fernandes,MID,28,2,0.33,0.33,26.67,27.77,17.22,4.33,14.67,0.03,0.09,1.22,0.13,0.24,-0.22,90.0,55.0,5430.0,37566.83,False,12
708,M.Fernandes,MID,29,2,0.33,0.33,24.67,22.8,14.48,5.5,13.0,0.04,0.1,1.3,0.13,0.07,0.37,90.0,55.0,6204.5,44248.33,False,10
708,M.Fernandes,MID,30,1,0.5,0.33,19.83,16.13,13.93,4.5,12.33,0.03,0.1,1.33,-0.03,0.07,0.17,90.0,55.0,4650.5,49293.17,True,13
708,M.Fernandes,MID,31,2,0.5,0.5,17.83,13.67,9.13,2.5,11.33,0.02,0.07,1.22,-0.02,0.1,-0.05,90.0,55.0,2902.17,52626.67,False,2
708,M.Fernandes,MID,32,2,0.33,0.5,14.5,9.87,9.43,3.5,9.33,0.02,0.06,1.28,-0.02,-0.06,0.22,90.0,55.0,797.83,53321.5,True,20
708,M.Fernandes,MID,33,5,0.51,0.51,13.99,8.83,15.67,3.54,7.58,0.02,0.1,1.27,-0.02,-0.1,0.08,89.0,55.0,799.83,54478.5,False,8
708,M.Fernandes,MID,34,2,0.51,0.51,13.48,7.25,11.98,3.2,7.25,0.01,0.1,1.29,-0.01,-0.1,0.06,89.0,55.0,-1636.17,52673.5,True,9
708,M.Fernandes,MID,35,4,0.51,0.51,12.64,8.33,12.0,2.7,7.75,0.02,0.09,1.22,-0.02,-0.09,-0.55,89.0,55.0,-511.17,52951.67,False,5
708,M.Fernandes,MID,36,2,0.34,0.34,14.66,10.69,12.88,2.19,9.1,0.01,0.1,1.45,-0.01,-0.1,-0.27,89.0,55.0,-193.83,53043.33,True,1
708,M.Fernandes,MID,37,4,0.34,0.17,15.34,13.31,16.67,8.09,9.27,0.1,0.12,1.31,-0.1,-0.12,-0.13,89.0,55.0,-478.0,52776.5,False,15
708,M.Fernandes,MID,38,9,0.34,0.17,16.18,15.03,17.8,10.79,10.45,0.12,0.09,1.32,-0.12,-0.09,0.03,89.0,55.0,-1.83,53290.33,True,11
712,Yeremy,MID,6,3,0.61,0.0,9.18,5.39,25.1,14.08,6.73,0.52,0.19,0.53,-0.52,-0.19,-0.53,49.0,60.0,8601.0,15525.33,True,12
712,Yeremy,MID,7,1,0.82,0.0,10.23,7.69,21.76,17.18,6.95,0.45,0.18,0.97,-0.45,-0.18,-0.97,55.0,60.0,3315.75,15165.5,False,9
712,Yeremy,MID,8,1,0.59,0.29,11.43,10.61,23.39,15.54,7.33,0.34,0.19,1.07,-0.34,-0.19,-0.78,61.4,59.8,2732.2,15256.2,True,4
712,Yeremy,MID,9,1,0.49,0.49,11.43,9.24,23.3,14.59,6.81,0.28,0.2,1.22,-0.28,-0.2,-0.49,61.67,59.67,2457.5,15587.17,False,1
712,Yeremy,MID,10,3,0.44,0.44,8.58,8.14,21.78,13.2,6.16,0.25,0.18,1.23,-0.25,-0.18,-0.35,68.17,59.5,1915.0,17910.17,True,5
712,Yeremy,MID,11,1,0.45,0.45,10.5,9.65,19.52,12.51,6.7,0.11,0.18,1.29,-0.11,-0.18,-0.39,67.17,59.17,-161.33,17802.33,True,6
712,Yeremy,MID,12,8,0.47,0.47,11.07,10.23,21.98,16.73,6.83,0.13,0.17,1.32,-0.13,-0.17,-0.38,63.67,58.83,-1831.33,16099.5,False,20
712,Yeremy,MID,13,2,0.46,0.69,16.43,18.6,31.67,18.97,7.4,0.1,0.25,1.37,0.13,-0.25,-0.44,64.83,58.5,301.5,16830.33,True,14
712,Yeremy,MID,14,3,0.47,0.47,14.49,16.34,36.21,18.52,7.12,0.13,0.28,1.36,0.11,-0.28,-0.17,63.17,58.33,791.0,17942.5,False,3
712,Yeremy,MID,15,5,0.71,0.24,14.72,16.67,33.58,18.28,7.6,0.13,0.29,1.11,0.11,-0.29,-0.4,63.17,58.17,2594.17,20966.83,False,10
712,Yeremy,MID,16,2,0.66,0.22,19.49,20.45,36.96,18.61,7.23,0.17,0.35,0.99,0.05,-0.13,-0.33,68.5,58.0,2787.17,23988.5,True,13
712,Yeremy,MID,17,2,0.42,0.21,20.38,22.54,40.61,25.9,7.43,0.31,0.38,1.1,-0.1,-0.17,0.18,70.67,58.0,1569.83,25715.0,False,11
712,Yeremy,MID,18,4,0.37,0.19,17.81,20.23,34.39,19.3,7.42,0.27,0.32,1.43,-0.08,-0.13,0.24,80.83,58.0,4110.33,30387.33,True,18
712,Yeremy,MID,19,2,0.19,0.0,13.66,13.66,27.56,15.34,8.23,0.26,0.24,1.21,-0.26,-0.05,0.66,80.17,58.0,3982.0,34561.5,True,10
712,Yeremy,MID,20,2,0.19,0.0,12.8,12.47,22.19,18.0,7.24,0.25,0.19,1.22,-0.25,-0.01,0.45,80.83,58.0,3073.67,37743.17,False,15
712,Yeremy,MID,21,3,0.0,0.0,13.11,13.46,27.39,17.19,7.62,0.24,0.22,1.36,-0.24,-0.05,0.59,84.67,58.0,288.67,38044.83,True,2
712,Yeremy,MID,22,9,0.18,0.0,9.57,11.06,22.31,22.68,7.44,0.27,0.17,1.55,-0.27,-0.17,0.22,84.67,58.0,25.67,38315.33,False,17
712,Yeremy,MID,23,1,0.18,0.0,12.93,15.27,23.76,19.31,7.44,0.15,0.26,1.64,0.03,-0.26,-0.05,84.67,58.0,-53.33,38528.67,True,7
712,Yeremy,MID,24,1,0.2,0.0,15.27,17.28,31.88,20.69,7.63,0.15,0.36,1.34,0.05,-0.36,-0.13,74.67,58.0,-2395.83,36046.0,False,16
712,Yeremy,MID,25,1,0.19,0.19,13.83,16.75,35.2,18.9,6.23,0.13,0.37,1.29,0.06,-0.37,-0.12,77.0,58.0,-2467.0,33812.0,False,6
712,Yeremy,MID,26,1,0.21,0.21,15.28,18.12,35.34,15.89,6.81,0.12,0.38,1.24,0.09,-0.38,-0.21,72.67,58.0,-2221.83,31834.17,True,3
712,Yeremy,MID,27,3,0.24,0.24,16.14,20.01,40.16,17.36,6.11,0.14,0.35,1.15,0.11,-0.35,-0.42,61.33,58.0,-1428.17,30595.33,True,20
712,Yeremy,MID,28,1,0.25,0.25,17.54,18.81,41.8,10.93,6.36,0.13,0.34,1.14,0.13,-0.34,-0.38,59.0,58.0,-1102.83,29648.67,False,14
712,Yeremy,MID,37,1,0.0,0.0,11.65,8.29,30.3,10.04,8.09,0.1,0.31,1.37,-0.1,-0.31,0.57,46.33,58.0,449.83,22761.5,False,5
712,Yeremy,MID,38,4,0.0,0.0,12.08,9.2,31.05,8.91,8.63,0.08,0.3,1.34,-0.08,-0.3,0.67,52.17,58.0,347.17,22954.5,True,1
717,Xavi,MID,7,2,0.51,0.51,18.41,17.39,29.56,13.81,7.16,0.14,0.19,1.11,-0.14,0.32,-0.6,58.67,70.33,143116.67,353409.33,False,11
717,Xavi,MID,8,2,0.36,0.36,15.18,14.1,30.04,10.48,6.14,0.1,0.2,1.29,-0.1,0.16,-0.57,62.25,70.5,95420.5,371298.25,True,2
717,Xavi,MID,9,3,0.28,0.28,14.31,13.98,26.81,7.98,7.43,0.08,0.16,1.04,-0.08,0.12,0.06,65.4,70.4,56484.6,363622.0,False,9
717,Xavi,MID,10,3,0.47,0.23,13.72,12.88,23.19,7.67,7.67,0.07,0.14,1.13,-0.07,0.09,-0.2,64.5,70.17,34700.17,346653.5,True,7
717,Xavi,MID,11,2,0.24,0.47,10.37,11.31,20.1,8.01,10.13,0.06,0.12,1.53,-0.06,-0.12,-0.36,63.67,69.83,4476.33,356679.5,True,14
717,Xavi,MID,12,1,0.21,0.42,11.48,11.19,16.5,2.92,10.65,0.01,0.11,1.38,-0.01,-0.11,-0.13,71.83,69.33,-47286.17,310888.83,False,1
717,Xavi,MID,13,1,0.23,0.23,10.6,9.56,12.47,5.41,9.47,0.02,0.07,1.48,-0.02,-0.07,0.1,66.5,68.67,-55078.33,258730.67,True,10
717,Xavi,MID,14,1,0.25,0.25,10.87,9.91,8.01,7.84,9.86,0.05,0.03,1.33,-0.05,-0.03,0.19,59.33,67.83,-48728.83,212891.0,False,15
717,Xavi,MID,15,14,0.31,0.31,11.13,8.66,5.78,11.75,8.97,0.08,0.04,1.82,-0.08,-0.04,-0.28,48.5,67.17,-33701.17,180929.83,True,5
717,Xavi,MID,16,4,0.28,0.28,21.31,22.09,9.17,17.38,8.97,0.15,0.2,1.43,0.13,0.08,-0.03,53.5,66.5,-22711.0,159524.0,False,16
717,Xavi,MID,17,-2,0.26,0.0,23.15,22.47,11.05,16.13,8.06,0.14,0.2,1.34,0.12,0.06,0.48,57.67,66.0,-5853.5,155499.5,True,12
717,Xavi,MID,21,5,0.3,0.0,21.3,23.76,14.79,17.4,7.8,0.15,0.23,1.43,0.15,0.07,0.97,50.0,65.67,-1745.5,154427.33,False,4
717,Xavi,MID,22,2,0.26,0.0,22.43,25.25,17.79,13.3,7.04,0.14,0.25,1.29,0.12,0.28,1.06,57.5,65.33,1419.83,148284.33,True,19
717,Xavi,MID,23,4,0.22,0.0,21.33,23.91,24.4,15.56,6.89,0.14,0.23,1.67,0.08,0.21,0.78,67.5,65.17,6625.0,147522.67,False,3
717,Xavi,MID,24,6,0.19,0.0,19.79,21.17,27.62,14.38,8.03,0.2,0.3,1.52,-0.01,0.08,0.72,80.33,65.0,10044.33,150109.5,True,13
717,Xavi,MID,25,2,0.0,0.19,18.3,18.52,34.99,14.56,8.03,0.18,0.29,1.85,-0.18,0.09,0.76,80.33,65.0,9021.83,151336.83,False,14
717,Xavi,MID,26,1,0.0,0.19,18.11,18.19,36.8,15.68,7.1,0.2,0.3,1.75,-0.2,0.07,0.68,80.33,65.0,3764.5,146972.67,True,15
717,Xavi,MID,27,2,0.0,0.33,19.83,19.13,43.08,16.0,7.17,0.21,0.31,1.96,-0.21,0.02,0.21,90.0,65.0,4952.17,144384.67,True,1
717,Xavi,MID,28,1,0.0,0.33,16.5,16.03,41.73,16.33,7.5,0.2,0.28,2.09,-0.2,-0.11,0.24,90.0,65.0,3882.5,148848.67,False,10
717,Xavi,MID,29,1,0.0,0.36,16.15,15.12,39.64,12.43,7.99,0.18,0.29,1.99,-0.18,-0.11,0.49,84.5,65.0,373.17,149548.33,True,8
717,Xavi,MID,30,1,0.0,0.42,18.08,18.12,41.3,12.06,7.69,0.13,0.25,2.09,-0.13,-0.04,0.4,72.17,65.0,-2011.83,147923.67,False,12
717,Xavi,MID,31,1,0.0,0.24,13.13,13.03,37.41,10.5,7.16,0.12,0.16,2.17,-0.12,-0.16,0.21,62.83,65.0,-783.0,147809.17,True,16
717,Xavi,MID,32,1,0.0,0.29,13.06,12.54,39.45,10.45,7.55,0.12,0.15,2.27,-0.12,-0.15,0.34,51.67,65.0,-140.0,151777.83,False,17
718,S.Magassa,MID,15,1,0.0,0.59,18.0,22.6,5.96,6.2,12.69,0.08,0.01,1.62,0.21,-0.01,-0.14,50.83,50.0,-6.83,1212.67,False,6
718,S.Magassa,MID,17,2,0.0,0.33,24.22,25.53,9.49,9.16,14.73,0.09,0.01,1.35,0.23,-0.01,0.94,45.83,50.0,54.0,1698.83,False,13
718,S.Magassa,MID,18,5,0.0,0.25,21.1,20.69,7.75,7.12,13.22,0.07,0.01,1.58,0.18,-0.01,0.96,59.0,50.0,72.0,1906.5,True,10
718,S.Magassa,MID,19,2,0.22,0.22,23.74,21.67,9.19,7.77,13.6,0.06,0.05,1.4,0.15,-0.05,0.54,69.5,50.0,125.0,2163.83,True,6
718,S.Magassa,MID,20,1,0.21,0.0,24.85,21.88,9.65,7.52,13.57,0.06,0.05,1.77,0.15,-0.05,0.31,71.83,50.0,306.67,2616.67,False,20
718,S.Magassa,MID,26,1,0.23,0.0,20.52,14.78,10.38,3.73,12.59,0.01,0.06,1.99,-0.01,-0.06,0.81,64.33,50.0,453.17,3190.5,True,14
718,S.Magassa,MID,27,3,0.23,0.0,20.82,16.38,12.7,3.7,12.96,0.01,0.06,1.91,-0.01,-0.06,0.87,64.83,50.0,360.17,3399.5,True,4
718,S.Magassa,MID,28,1,0.46,0.0,17.45,13.04,10.03,3.67,10.79,0.03,0.06,1.91,-0.03,-0.06,0.15,65.33,50.0,354.83,3609.5,False,12
718,S.Magassa,MID,29,1,0.48,0.24,15.28,11.7,10.69,3.82,10.03,0.04,0.06,1.78,-0.04,-0.06,0.61,62.83,50.0,326.17,3777.17,False,10
718,S.Magassa,MID,30,0,0.28,0.28,11.35,10.58,9.03,2.22,9.42,0.04,0.02,1.94,-0.04,-0.02,0.83,54.17,50.0,269.0,3863.17,True,13
718,S.Magassa,MID,31,1,0.33,0.67,8.0,10.8,5.87,2.67,10.0,0.05,0.02,1.86,-0.05,-0.02,0.81,45.0,50.0,83.0,3720.33,False,2
722,Florentino,MID,7,4,0.0,0.43,15.65,24.17,11.04,0.0,16.09,0.0,0.01,1.9,0.0,-0.01,1.14,69.0,50.0,103.33,612.67,False,2
722,Florentino,MID,8,8,0.0,0.3,16.67,22.97,11.52,0.0,14.85,0.0,0.01,1.74,0.0,-0.01,0.99,74.25,50.0,110.5,754.0,True,11
722,Florentino,MID,9,2,0.23,0.23,17.67,26.42,12.02,0.23,15.12,0.0,0.01,1.95,-0.0,0.22,0.15,77.4,50.0,202.2,1023.4,False,20
722,Florentino,MID,10,2,0.19,0.19,15.85,22.26,12.15,0.94,13.02,0.01,0.02,2.05,-0.01,0.17,0.03,79.5,50.0,907.5,2024.17,True,1
722,Florentino,MID,11,4,0.17,0.17,15.17,19.53,11.75,2.0,11.67,0.06,0.02,2.0,-0.06,0.15,-0.0,90.0,50.0,900.33,3141.5,False,19
722,Florentino,MID,12,2,0.17,0.0,16.5,20.17,8.52,5.17,11.67,0.08,0.02,2.32,-0.08,0.15,0.01,90.0,50.0,846.0,4210.0,True,7
722,Florentino,MID,13,5,0.17,0.0,17.05,19.45,8.93,5.23,11.65,0.08,0.02,2.18,-0.08,0.15,-0.49,88.83,50.0,774.17,5199.67,False,5
722,Florentino,MID,14,2,0.35,0.0,17.41,20.05,7.76,5.4,12.53,0.08,0.01,2.27,-0.08,0.16,-0.88,86.17,50.0,659.83,6022.0,True,8
722,Florentino,MID,15,2,0.18,0.0,17.2,16.88,8.89,5.43,11.77,0.08,0.03,1.99,-0.08,-0.03,-0.36,82.83,50.0,561.33,6763.17,False,15
722,Florentino,MID,16,2,0.19,0.0,17.77,17.04,8.87,4.97,12.99,0.08,0.02,1.92,-0.08,-0.02,-0.2,78.5,50.0,-280.17,6584.67,True,10
722,Florentino,MID,18,1,0.2,0.0,18.94,16.05,8.98,3.87,13.24,0.02,0.02,1.97,-0.02,-0.02,0.07,73.67,50.0,-408.0,6319.0,True,9
722,Florentino,MID,19,3,0.23,0.0,16.66,14.02,11.89,0.46,12.96,0.01,0.04,1.67,-0.01,-0.04,-0.05,64.83,50.0,-410.0,5940.83,True,15
722,Florentino,MID,20,3,0.23,0.23,16.49,15.34,14.13,0.46,13.05,0.01,0.04,1.94,-0.01,-0.04,-0.11,65.5,50.0,-373.33,5588.0,False,6
722,Florentino,MID,21,2,0.0,0.44,14.74,15.54,13.36,1.76,13.86,0.01,0.04,1.85,-0.01,-0.04,0.35,68.17,50.0,-296.17,5358.17,True,14
722,Florentino,MID,22,7,0.0,0.42,12.17,12.13,9.46,1.68,13.01,0.01,0.03,2.18,-0.01,-0.03,0.13,71.5,50.0,-327.0,5028.0,False,12
722,Florentino,MID,23,4,0.0,0.4,13.88,17.76,9.42,1.78,13.88,0.01,0.03,2.38,-0.01,0.17,-0.4,75.67,50.0,-239.33,4797.83,True,18
722,Florentino,MID,24,2,0.0,0.39,12.89,18.35,8.9,2.15,15.23,0.01,0.03,2.2,-0.01,0.17,-0.64,76.83,50.0,21.0,4830.33,False,17
722,Florentino,MID,25,0,0.0,0.37,13.52,16.26,7.54,2.04,14.07,0.01,0.02,2.11,-0.01,0.17,-0.26,81.0,50.0,14.0,4935.67,True,19
722,Florentino,MID,26,1,0.0,0.41,11.55,14.96,5.94,2.23,13.99,0.01,0.02,2.04,-0.01,0.18,-0.01,74.0,50.0,93.0,5125.17,False,8
722,Florentino,MID,28,1,0.0,0.25,12.35,14.92,6.58,1.26,13.36,0.01,0.02,2.25,-0.01,0.23,-0.23,59.5,50.0,55.0,5261.67,True,5
722,Florentino,MID,29,1,0.0,0.32,15.0,21.83,7.56,1.6,15.32,0.01,0.02,2.14,-0.01,0.3,0.09,47.0,50.0,61.83,5409.17,False,9
722,Florentino,MID,33,1,0.0,0.96,10.21,14.3,8.97,0.32,12.45,0.01,0.03,1.65,-0.01,-0.03,0.91,47.0,50.0,-83.67,5431.83,True,13
722,Florentino,MID,37,4,0.0,0.53,13.05,12.51,13.39,1.07,11.72,0.01,0.03,1.71,-0.01,-0.03,0.15,56.33,50.0,-90.67,5169.17,False,1
722,Florentino,MID,38,4,0.0,0.5,13.29,12.33,11.73,1.25,12.28,0.02,0.03,1.73,-0.02,-0.03,0.03,59.83,50.0,-72.0,5106.17,True,20
727,Chukwueze,MID,16,5,0.0,0.0,32.0,41.47,32.83,36.0,7.0,0.28,0.46,0.97,0.39,0.2,0.7,45.0,53.0,7141.5,10570.83,False,3
727,Chukwueze,MID,23,6,0.0,0.0,32.16,38.75,29.8,22.56,7.78,0.11,0.45,1.37,0.41,0.33,0.44,57.83,53.0,11398.33,22521.67,True,6
727,Chukwueze,MID,24,2,0.0,0.0,38.39,47.83,32.39,28.01,7.78,0.17,0.43,1.3,0.61,0.35,0.25,57.83,53.0,11547.33,23859.83,False,14
727,Chukwueze,MID,25,3,0.0,0.0,29.1,37.31,19.74,23.46,8.12,0.16,0.26,1.5,0.52,0.19,0.3,66.5,53.0,11796.33,25426.83,True,9
727,Chukwueze,MID,26,1,0.23,0.0,28.4,34.76,19.63,24.05,8.24,0.19,0.16,1.75,0.5,0.06,-0.15,65.5,53.0,11965.17,27181.5,False,13
727,Chukwueze,MID,28,1,0.22,0.0,19.02,18.97,21.56,15.04,7.74,0.13,0.18,1.85,0.1,0.04,-0.08,67.83,53.0,11705.0,28626.0,True,18
727,Chukwueze,MID,29,2,0.26,0.0,21.09,23.45,29.98,17.74,7.97,0.15,0.25,1.96,0.11,0.01,-0.16,58.33,53.0,4540.33,22231.17,True,19
727,Chukwueze,MID,30,1,0.26,0.0,16.97,19.8,29.13,20.06,6.94,0.16,0.19,1.61,0.1,-0.19,-0.07,58.33,53.0,397.0,11807.0,False,16
727,Chukwueze,MID,31,1,0.26,0.0,11.93,12.24,26.9,14.78,8.3,0.1,0.19,1.7,-0.1,-0.19,-0.14,57.83,53.0,243.83,11980.33,True,3
727,Chukwueze,MID,32,1,0.3,0.0,10.87,10.99,26.15,18.12,8.15,0.18,0.25,1.6,-0.18,-0.25,-0.39,49.67,53.0,6.0,11891.67,False,12
727,Chukwueze,MID,35,2,0.32,0.0,9.35,10.13,22.32,14.84,7.1,0.15,0.18,1.27,-0.15,-0.18,-0.95,46.5,53.0,-108.17,11015.17,False,1
727,Chukwueze,MID,37,1,0.32,0.0,7.89,5.94,23.65,12.32,4.42,0.15,0.14,1.77,-0.15,-0.14,-0.51,47.5,53.0,-224.0,10704.83,False,20
728,Röhl,MID,38,2,0.26,0.0,15.64,14.82,10.92,9.23,7.18,0.08,0.05,1.88,0.18,0.21,0.17,58.5,50.0,46.83,2019.83,False,18
731,Kevin,MID,12,3,0.32,0.0,10.72,14.49,16.12,13.0,7.15,0.02,0.05,1.28,-0.02,-0.05,0.67,46.17,60.0,-1601.83,8925.5,True,17
731,Kevin,MID,13,1,0.57,0.0,12.0,15.66,20.86,20.0,7.43,0.1,0.09,1.17,-0.1,-0.09,0.54,52.5,59.83,-919.17,8296.33,False,18
731,Kevin,MID,14,1,0.6,0.0,12.56,16.45,20.18,20.93,8.07,0.1,0.09,1.1,-0.1,-0.09,-0.21,50.17,59.67,-748.17,7765.0,True,13
731,Kevin,MID,15,1,0.64,0.0,12.77,15.64,23.36,24.26,7.02,0.11,0.19,0.94,-0.11,-0.19,0.01,47.0,59.33,-419.83,7520.5,True,8
731,Kevin,MID,21,1,0.65,0.0,19.31,20.55,27.82,24.22,6.87,0.12,0.23,1.3,-0.12,0.42,-0.32,45.83,58.0,58.33,7831.17,True,7
731,Kevin,MID,22,1,0.58,0.0,17.02,20.37,20.68,25.38,7.5,0.14,0.14,1.57,-0.14,0.44,-0.42,52.0,58.0,82.5,8013.33,False,11
731,Kevin,MID,23,1,0.57,0.0,17.14,20.17,20.17,22.86,6.86,0.13,0.13,1.56,-0.13,0.44,-0.42,52.5,58.0,77.33,8187.17,True,6
731,Kevin,MID,24,6,0.3,0.0,12.77,17.57,19.79,18.55,5.78,0.12,0.16,1.87,-0.12,0.15,-0.35,49.33,58.0,46.67,8320.0,False,14
734,Bakwa,MID,7,1,0.0,0.0,13.02,15.62,34.25,25.47,7.36,0.07,0.14,0.78,-0.07,-0.14,0.92,53.0,60.0,373.67,1328.0,False,15
734,Bakwa,MID,36,3,0.32,0.32,15.86,14.63,25.25,8.09,5.83,0.11,0.2,1.42,-0.11,0.45,-0.13,46.33,59.0,46.33,2520.83,True,15
734,Bakwa,MID,37,1,0.66,0.0,15.16,12.66,26.57,7.91,4.62,0.05,0.15,1.37,-0.05,0.18,-0.71,45.5,59.0,101.33,2767.33,False,14
735,Traoré,MID,9,5,0.6,0.6,13.2,10.2,16.92,24.0,6.0,0.13,0.02,1.72,-0.13,-0.02,-0.52,50.0,55.0,359.0,2132.0,False,7
735,Traoré,MID,10,2,0.42,0.42,18.93,12.7,18.46,23.55,5.89,0.14,0.05,1.48,-0.14,0.37,-0.22,53.5,55.0,284.25,2388.25,True,9
735,Traoré,MID,11,2,0.31,0.31,16.47,12.39,17.48,22.88,5.8,0.12,0.04,1.33,-0.12,0.26,-0.11,59.0,55.0,570.2,2982.8,True,1
735,Traoré,MID,12,3,0.25,0.25,15.08,10.56,14.91,19.36,5.53,0.1,0.04,1.41,-0.1,0.22,-0.15,59.67,55.0,473.0,3372.83,False,10
735,Traoré,MID,13,8,0.46,0.23,14.08,10.43,11.61,19.62,5.08,0.08,0.03,1.18,-0.08,0.2,-0.03,65.0,55.0,703.5,4351.83,True,4
735,Traoré,MID,15,1,0.46,0.0,19.82,19.82,12.78,21.65,6.61,0.06,0.04,1.2,0.17,0.18,-0.06,65.83,55.0,645.33,5245.5,False,13
735,Traoré,MID,16,3,0.23,0.0,20.18,22.27,15.33,22.04,6.49,0.06,0.04,1.39,0.17,0.19,0.23,64.67,55.0,570.33,6240.0,True,15
735,Traoré,MID,28,1,0.46,0.0,15.8,19.56,14.7,18.09,5.95,0.03,0.03,1.25,0.19,-0.03,0.12,65.5,55.0,465.0,7140.83,False,4
735,Traoré,MID,29,1,0.54,0.0,16.49,20.27,13.76,16.22,5.68,0.02,0.03,1.42,0.25,-0.03,-0.07,55.5,55.0,188.17,6884.33,False,11
783,Groß,MID,23,2,0.0,0.45,13.57,14.38,21.57,14.47,8.14,0.1,0.16,1.77,-0.1,-0.16,-0.87,66.33,55.0,949.33,1377.0,False,10
783,Groß,MID,24,12,0.0,0.31,16.05,15.73,45.03,11.64,7.24,0.08,0.24,1.55,-0.08,-0.24,-0.61,71.5,55.0,1135.0,2247.75,True,9
783,Groß,MID,25,2,0.24,0.48,20.35,23.12,35.04,14.6,9.1,0.12,0.19,1.32,0.12,-0.19,-0.6,75.2,55.0,1029.2,2895.2,True,8
783,Groß,MID,26,2,0.19,0.39,20.09,22.06,34.49,11.78,9.27,0.09,0.22,1.29,0.1,-0.22,-0.52,77.67,55.0,1848.33,4432.0,False,2
783,Groß,MID,27,3,0.17,0.34,20.28,23.09,38.13,11.73,9.22,0.09,0.23,1.23,0.07,-0.23,-0.39,89.5,55.0,1761.17,6260.33,False,5
783,Groß,MID,28,5,0.34,0.17,20.45,23.3,42.6,9.72,8.04,0.1,0.24,1.07,0.07,-0.24,-0.4,89.5,55.0,1707.67,8068.83,True,16
783,Groß,MID,29,2,0.34,0.17,22.46,25.71,43.73,11.4,8.21,0.08,0.27,1.01,0.08,-0.11,-0.34,89.5,55.0,1367.33,9551.83,True,1
783,Groß,MID,30,8,0.33,0.17,21.33,24.53,28.87,10.83,8.33,0.08,0.22,0.91,0.09,-0.05,-0.24,90.0,55.0,985.33,10604.83,False,17
783,Groß,MID,31,2,0.33,0.0,20.67,20.77,32.37,8.33,8.83,0.05,0.22,0.96,-0.05,0.11,-0.3,90.0,55.0,1030.17,11733.0,True,12
783,Groß,MID,32,6,0.33,0.0,19.17,20.7,32.23,8.33,8.17,0.05,0.21,0.94,-0.05,0.12,-0.27,90.0,55.0,330.17,12063.67,False,3
783,Groß,MID,33,8,0.5,0.0,21.5,23.13,32.25,6.17,8.5,0.03,0.21,0.97,-0.03,0.29,-0.47,90.0,55.0,28974.0,41352.5,False,18
783,Groß,MID,33,8,0.33,0.0,25.33,27.53,37.77,5.33,9.33,0.01,0.25,0.88,-0.01,0.42,-0.05,90.0,55.0,41184.83,107558.5,True,7
783,Groß,MID,35,2,0.5,0.0,25.5,24.97,40.93,3.5,8.83,0.02,0.19,0.79,-0.02,0.48,-0.12,90.0,55.0,53538.17,173758.83,False,15
783,Groß,MID,36,6,0.5,0.0,24.83,24.7,43.57,5.33,9.0,0.05,0.18,1.24,-0.05,0.49,-0.24,90.0,55.0,69452.33,227983.67,True,20
783,Groß,MID,37,3,0.5,0.0,23.83,24.03,43.75,10.0,7.0,0.08,0.2,1.17,-0.08,0.47,-0.17,90.0,55.17,82963.67,296688.17,False,11
783,Groß,MID,38,2,0.5,0.0,26.5,25.17,48.38,13.33,6.83,0.08,0.24,1.06,-0.08,0.43,-0.06,90.0,55.33,83389.5,364712.83,True,14
796,Gallagher,MID,25,2,0.0,0.0,20.11,18.2,18.07,20.8,10.91,0.14,0.12,2.11,-0.14,0.22,-0.06,88.0,55.0,5510.67,16835.67,False,14
796,Gallagher,MID,26,2,0.0,0.0,18.1,18.0,18.71,20.99,10.5,0.15,0.11,1.91,-0.15,0.15,-0.07,85.75,54.75,4984.75,17779.5,True,15
796,Gallagher,MID,27,2,0.0,0.0,17.26,16.65,22.52,17.91,9.61,0.12,0.1,2.13,-0.12,0.12,-0.16,82.4,54.6,4084.2,18441.8,True,1
796,Gallagher,MID,28,1,0.0,0.0,17.32,15.45,19.73,15.6,9.7,0.11,0.09,2.2,-0.11,0.1,0.09,78.83,54.5,3060.17,18570.0,False,10
796,Gallagher,MID,29,1,0.0,0.0,16.16,15.34,19.1,12.89,10.02,0.09,0.07,2.09,-0.09,0.14,0.36,73.33,54.33,736.0,19394.67,True,8
796,Gallagher,MID,31,1,0.0,0.0,14.29,13.53,17.0,6.25,9.16,0.06,0.05,2.16,-0.06,0.17,0.52,67.17,54.0,-705.33,18776.5,True,16
796,Gallagher,MID,32,2,0.0,0.0,11.0,9.14,15.29,7.05,7.62,0.05,0.03,2.29,-0.05,-0.03,0.82,53.17,53.33,-370.67,17940.33,False,17
796,Gallagher,MID,33,2,0.0,0.0,11.67,8.17,14.39,1.67,7.22,0.0,0.02,2.27,0.0,-0.02,0.79,54.0,52.83,-1078.5,16451.5,True,6
796,Gallagher,MID,34,4,0.0,0.0,12.82,8.45,8.62,7.09,7.91,0.01,0.03,1.69,-0.01,-0.03,1.03,55.0,52.17,-1240.33,14793.33,False,20
796,Gallagher,MID,35,9,0.25,0.25,13.29,9.93,13.81,7.02,8.77,0.01,0.03,1.26,-0.01,-0.03,0.49,59.83,51.5,-771.17,13725.0,False,2
796,Gallagher,MID,36,2,0.23,0.46,19.06,18.92,13.2,7.12,9.41,0.02,0.03,0.92,0.21,-0.03,0.46,65.33,50.83,-659.83,12636.5,True,11
796,Gallagher,MID,37,2,0.21,0.41,19.24,18.12,13.66,8.07,9.93,0.03,0.04,0.92,0.17,-0.04,0.11,72.5,50.33,1956.33,14353.83,False,7
796,Gallagher,MID,38,3,0.17,0.35,17.34,17.03,14.5,10.06,9.88,0.08,0.03,0.8,0.09,-0.03,0.24,86.5,50.17,2406.83,16984.5,True,9
807,Rayan,MID,27,3,0.0,0.45,30.0,41.0,28.5,31.82,4.09,0.23,0.33,1.9,0.68,0.13,-0.99,66.0,55.0,13898.67,18134.67,False,19
807,Rayan,MID,28,2,0.31,0.31,23.12,31.69,24.59,26.56,4.38,0.25,0.25,2.33,0.38,0.06,-1.7,72.0,55.0,48777.75,63300.75,True,17
807,Rayan,MID,29,3,0.24,0.24,20.71,27.24,26.9,23.1,4.52,0.21,0.24,2.11,0.27,0.0,-1.4,75.6,55.2,68096.0,119899.0,True,5
807,Rayan,MID,30,3,0.4,0.2,18.96,24.47,23.57,20.55,5.39,0.17,0.21,1.8,0.23,-0.01,-1.21,75.17,55.33,57068.5,157114.0,False,3
807,Rayan,MID,31,2,0.52,0.17,15.38,17.65,17.65,19.05,5.42,0.16,0.08,1.68,0.19,-0.08,-1.16,85.83,55.5,55485.33,212961.17,True,14
807,Rayan,MID,32,2,0.52,0.17,13.28,13.25,18.77,16.6,6.12,0.2,0.1,1.91,-0.02,-0.1,-1.21,85.83,55.67,48758.5,253061.33,False,1
807,Rayan,MID,33,5,0.55,0.0,11.48,9.07,17.8,10.93,6.19,0.15,0.1,1.81,-0.15,-0.1,-1.08,82.33,55.67,33835.33,286845.17,False,15
807,Rayan,MID,33,6,0.37,0.0,14.03,10.7,17.72,9.36,6.74,0.1,0.14,1.39,-0.1,0.05,-0.45,80.17,55.67,8174.83,293674.0,True,11
807,Rayan,MID,35,8,0.43,0.0,17.83,17.43,13.48,16.09,6.96,0.17,0.12,1.42,0.05,0.1,-0.12,69.0,55.5,-16144.67,275920.67,True,8
807,Rayan,MID,36,9,0.42,0.0,20.92,22.52,13.2,24.3,6.97,0.28,0.16,1.42,0.14,0.05,-0.15,71.0,55.17,-18365.83,248976.0,False,10
807,Rayan,MID,37,3,0.43,0.0,25.41,30.06,14.88,28.21,7.54,0.29,0.16,1.36,0.35,0.06,-0.07,69.67,54.83,-15899.33,224319.83,True,13
807,Rayan,MID,38,2,0.65,0.0,23.86,29.32,11.36,27.98,8.02,0.28,0.13,1.24,0.37,0.09,-0.38,69.17,54.5,-4774.17,219968.83,False,16
813,Angulo,MID,28,1,0.0,0.0,6.47,9.76,16.18,34.12,3.53,0.29,0.03,2.64,-0.29,-0.03,-0.28,51.0,50.0,153.0,364.0,False,4
813,Angulo,MID,36,1,0.35,0.0,9.57,12.83,10.03,21.97,8.15,0.17,0.03,2.0,-0.17,-0.03,-0.58,50.8,50.0,98.8,513.8,True,14
813,Angulo,MID,38,1,0.27,0.0,8.3,10.34,7.66,17.68,6.7,0.13,0.02,1.55,-0.13,-0.02,-0.48,56.0,50.0,62.5,583.5,True,7
816,Angel,MID,27,1,0.51,0.0,21.48,16.57,19.28,5.11,7.67,0.03,0.04,3.27,-0.03,-0.04,-1.23,58.67,50.0,2291.0,3777.67,False,8
